# File produced by Open Asset Import Library (http://www.assimp.sf.net)
# (assimp v5.0.1588609223)

mtllib result.mtl

# 2840 vertex positions
v  0.13717611 -0.66042805 -16.612783
v  0.13717611 -0.66042805 -14.422173
v  0.079952359 -0.89290601 -14.422485
v  0.079952359 -0.89290601 -16.613096
v  0.43656617 0.2913554 -16.61149
v  0.43656617 0.2913554 -14.420881
v  0.2638981 -0.44251904 -14.420991
v  0.2638981 -0.44251904 -16.611601
v  0 -0.98613781 -14.42088
v  0 -0.98613781 -16.61149
v  0.19764957 -0.59654307 -16.612255
v  0.19764954 -0.59654307 -14.421644
v  0 1.0438626 -16.61149
v  0 1.0438626 -15.182214
v  0.30885011 0.96294725 -15.182214
v  0.37323278 0.94607967 -16.61149
v  0.30480132 0.90631855 -15.182242
v  0.30480132 0.90631855 -14.421044
v  0.30820671 0.96294725 -14.421016
v  0 0.90631855 -15.182214
v  0.37323278 0.94607967 -14.421016
v  0.37323278 0.39710233 -14.42088
v  0.37323278 0.39710233 -16.61149
v  0.23673916 -0.52150506 -16.611797
v  0.23673914 -0.52150506 -14.421187
v  0.43379229 0.3025898 -14.42088
v  0.43637207 0.29726711 -14.42088
v  0.43637207 0.29726711 -16.61149
v  0.43379229 0.3025898 -16.61149
v  0.38959807 0.35334536 -16.61149
v  0.37802607 0.3739562 -16.61149
v  0.37802607 0.3739562 -14.42088
v  0.38959807 0.35334536 -14.42088
v  0 -0.89381993 -14.421015
v  0.086696535 -0.5675416 -14.421764
v  0.10455934 -0.4959054 -14.421308
v  0.3121103 0.29392007 -14.421003
v  0.30675721 0.34653851 -14.421007
v  -0.13717611 -0.66042805 -16.612783
v  -0.079952359 -0.89290601 -16.613096
v  -0.079952359 -0.89290601 -14.422485
v  -0.13717611 -0.66042805 -14.422173
v  -0.43656617 0.2913554 -16.61149
v  -0.2638981 -0.44251904 -16.611601
v  -0.2638981 -0.44251904 -14.420991
v  -0.43656617 0.2913554 -14.420881
v  -0.19764957 -0.59654307 -16.612255
v  -0.19764954 -0.59654307 -14.421644
v  -0.37323278 0.94607967 -16.61149
v  -0.30885011 0.96294725 -15.182214
v  -0.30820671 0.96294725 -14.421016
v  -0.30480132 0.90631855 -14.421044
v  -0.30480132 0.90631855 -15.182242
v  -0.37323278 0.94607967 -14.421016
v  -0.37323278 0.39710233 -16.61149
v  -0.37323278 0.39710233 -14.42088
v  -0.23673914 -0.52150506 -14.421187
v  -0.23673916 -0.52150506 -16.611797
v  -0.43379229 0.3025898 -14.42088
v  -0.43379229 0.3025898 -16.61149
v  -0.43637207 0.29726711 -16.61149
v  -0.43637207 0.29726711 -14.42088
v  -0.38959807 0.35334536 -16.61149
v  -0.38959807 0.35334536 -14.42088
v  -0.37802607 0.3739562 -14.42088
v  -0.37802607 0.3739562 -16.61149
v  -0.086696535 -0.5675416 -14.421764
v  -0.10455934 -0.4959054 -14.421308
v  -0.3121103 0.29392007 -14.421003
v  -0.30675721 0.34653851 -14.421007
v  -0.60396922 2.4076307 -16.723551
v  3.1244909e-09 2.4871447 -16.723551
v  8.6792085e-10 2.493042 -16.959625
v  -0.60549563 2.4133272 -16.959625
v  -1.1667802 2.1745067 -16.723551
v  -1.1697291 2.1796141 -16.959625
v  -1.6500764 1.8036609 -16.723551
v  -1.6542466 1.8078309 -16.959625
v  -2.2540455 0.75755465 -16.723551
v  -2.0209224 1.3203648 -16.723551
v  -2.0260296 1.3233136 -16.959625
v  -2.2597423 0.75908113 -16.959625
v  -2.3335598 0.15358502 -16.723551
v  -2.3394573 0.15358491 -16.959625
v  -2.2540457 -0.45038477 -16.723551
v  -2.2597425 -0.45191106 -16.959625
v  -2.0209224 -1.0131946 -16.723551
v  -2.0260296 -1.0161432 -16.959625
v  -1.6500758 -1.4964912 -16.723551
v  -1.654246 -1.5006615 -16.959625
v  -1.1667798 -1.8673376 -16.723551
v  -1.1697285 -1.8724447 -16.959625
v  -0.60396975 -2.1004608 -16.723551
v  -0.60549617 -2.1061578 -16.959625
v  -2.0088183e-07 -2.1799748 -16.723551
v  -2.0365397e-07 -2.1858726 -16.959625
v  0.60396993 -2.1004608 -16.723551
v  0.60549635 -2.1061578 -16.959625
v  1.1667801 -1.8673376 -16.723551
v  1.1697289 -1.8724447 -16.959625
v  1.650076 -1.4964912 -16.723551
v  1.6542462 -1.5006615 -16.959625
v  2.0209222 -1.0131949 -16.723551
v  2.0260293 -1.0161437 -16.959625
v  2.2540455 -0.45038489 -16.723551
v  2.2597423 -0.45191118 -16.959625
v  2.3335598 0.1535849 -16.723551
v  2.3394573 0.15358479 -16.959625
v  2.2540455 0.75755489 -16.723551
v  2.2597423 0.75908124 -16.959625
v  2.0209224 1.320365 -16.723551
v  2.0260296 1.3233136 -16.959625
v  1.650076 1.8036609 -16.723551
v  1.6542462 1.8078309 -16.959625
v  1.16678 2.1745067 -16.723551
v  1.1697288 2.1796141 -16.959625
v  0.60396975 2.4076307 -16.723551
v  0.60549617 2.4133272 -16.959625
v  -1.5985993 1.5431621 -16.724384
v  -1.4861659 1.6724846 -16.724384
v  -1.585526 1.7546545 -16.724384
v  6.1419101e-09 2.4178393 -16.724384
v  -0.20866492 2.3133721 -16.724384
v  -0.00090889825 2.3000293 -16.724384
v  -0.6218257 0.60769099 -16.724384
v  -0.47010508 0.72796571 -16.724384
v  -1.1123961 1.6338912 -16.724384
v  -1.3320735 1.5445875 -16.724384
v  -0.62570769 0.46595222 -16.724384
v  -1.9418646 1.2857122 -16.724384
v  -2.1658683 0.73961723 -16.724384
v  -0.55115825 0.11851187 -16.724384
v  -1.0917493 0.14547826 -16.724384
v  -0.96228999 0.087990798 -16.724384
v  -2.2422719 0.153585 -16.724384
v  -1.6230569 0.020597652 -16.724384
v  -1.4712477 0.11973375 -16.724384
v  -0.39241946 -0.28858569 -16.724384
v  -0.76512814 -0.11451817 -16.724384
v  -0.70697099 -0.24551126 -16.724384
v  -1.9418646 -0.97854185 -16.724384
v  -1.7786274 -0.63016963 -16.724384
v  -1.8020513 -0.37153807 -16.724384
v  -2.1658685 -0.43244711 -16.724384
v  -0.69118857 -0.38842097 -16.724384
v  -0.71293074 -0.53054595 -16.724384
v  -1.5855254 -1.4474849 -16.724384
v  -1.569326 -1.0890913 -16.724384
v  -1.6895431 -0.87582362 -16.724384
v  1.9164208 0.56872702 -16.724384
v  1.9164208 0.56872702 -17.194866
v  1.9414136 0.58773661 -17.194866
v  1.9414136 0.58773661 -16.724384
v  -1.1211358 -1.8073171 -16.724384
v  -1.2225506 -1.4883251 -16.724384
v  -1.4012028 -1.3127944 -16.724384
v  -0.41286731 -0.66327226 -16.724384
v  -0.90951359 -1.2351832 -16.724384
v  -0.80174041 -1.4243262 -16.724384
v  -0.58034265 -2.0335171 -16.724384
v  -0.76198679 -1.7681487 -16.724384
v  -0.99122328 -1.6399111 -16.724384
v  -0.24822988 -0.83569038 -16.724384
v  -0.65504164 -1.5930308 -16.724384
v  -0.48782316 -1.7653229 -16.724384
v  -1.9653885e-07 -2.1106699 -16.724384
v  -0.47201648 -1.8343438 -16.724384
v  -0.4997257 -1.8496984 -16.724384
v  0.25919536 -0.88901448 -16.724384
v  -0.0074872649 -0.94651031 -16.724384
v  0.58034283 -2.0335171 -16.724384
v  1.5996538 -1.0849786 -16.724384
v  1.3603299 -1.2870976 -16.724384
v  1.5855256 -1.4474849 -16.724384
v  0.31447223 -0.19297081 -16.724384
v  0.58520663 -0.5707705 -16.724384
v  0.64306593 -0.47097114 -16.724384
v  0.5352968 -0.08553195 -16.724384
v  0.90687287 -0.28920069 -16.724384
v  1.084715 -0.25609335 -16.724384
v  2.1658683 -0.43244722 -16.724384
v  1.8926874 -0.67056143 -16.724384
v  1.7612209 -0.90548968 -16.724384
v  1.9418646 -0.97854233 -16.724384
v  2.033551 -0.011296138 -16.724384
v  1.9863098 -0.40155813 -16.724384
v  2.2422719 0.1535849 -16.724384
v  2.0423889 0.29400346 -16.724384
v  0.53709829 0.45421183 -16.724384
v  2.1658683 0.73961735 -16.724384
v  1.9418648 1.2857124 -16.724384
v  1.5855258 1.7546545 -16.724384
v  1.1211361 2.1144867 -16.724384
v  0.22597019 0.75382721 -16.724384
v  0.36633444 1.3238981 -16.724384
v  0.19196585 1.2280475 -16.724384
v  -0.70697099 -0.24551126 -17.194866
v  -0.69118857 -0.38842097 -17.194866
v  -0.013514685 1.1927336 -16.724384
v  -0.013514685 1.1927336 -17.194866
v  -0.16643506 1.2164069 -17.194866
v  -0.16643506 1.2164069 -16.724384
v  0.54629326 1.8375496 -16.724384
v  0.54629326 1.8375496 -17.194866
v  0.55521393 1.6935861 -17.194866
v  0.55521393 1.6935861 -16.724384
v  -0.68120813 1.6737332 -16.724384
v  -0.68120813 1.6737332 -17.194866
v  -0.86733454 1.6767967 -17.194866
v  -0.86733454 1.6767967 -16.724384
v  0.46063182 1.4270675 -16.724384
v  0.46063182 1.4270675 -17.194866
v  0.36633444 1.3238981 -17.194866
v  0.50055987 1.9727069 -16.724384
v  0.50055987 1.9727069 -17.194866
v  -0.29391018 1.2780135 -16.724384
v  -0.29391018 1.2780135 -17.194866
v  -0.39461154 1.3772479 -17.194866
v  -0.39461154 1.3772479 -16.724384
v  0.31469569 2.1897919 -16.724384
v  0.31469569 2.1897919 -17.194866
v  0.42215234 2.0917542 -17.194866
v  0.42215234 2.0917542 -16.724384
v  -1.5702459 1.4369719 -16.724384
v  -1.5702459 1.4369719 -17.194866
v  -1.6022944 1.4470385 -17.194866
v  -1.6022944 1.4470385 -16.724384
v  0.52717513 1.55553 -16.724384
v  0.52717513 1.55553 -17.194866
v  -0.50690144 1.5798913 -17.194866
v  -0.57400995 1.6429162 -17.194866
v  -0.57400995 1.6429162 -16.724384
v  -0.50690144 1.5798913 -16.724384
v  -1.3149523 1.8367906 -16.724384
v  -1.4861659 1.6724846 -17.194866
v  -1.3149523 1.8367906 -17.194866
v  0.19196585 1.2280475 -17.194866
v  -1.0107194 2.0559371 -17.194866
v  -1.0107194 2.0559371 -16.724384
v  0.1886615 2.2595401 -16.724384
v  0.1886615 2.2595401 -17.194866
v  -1.6197388 1.4883217 -16.724384
v  -1.6197388 1.4883217 -17.194866
v  -1.5985993 1.5431621 -17.194866
v  -0.72413653 2.2137878 -16.724384
v  -0.72413653 2.2137878 -17.194866
v  -0.44938889 2.2904065 -17.194866
v  -0.44938889 2.2904065 -16.724384
v  -1.1123961 1.6338912 -17.194866
v  1.3880866 -0.32107779 -16.724384
v  1.4655288 -0.2860201 -16.724384
v  1.5301256 -0.23058966 -16.724384
v  1.3412199 -0.32073072 -16.724384
v  -1.3320735 1.5445875 -17.194866
v  -0.20866492 2.3133721 -17.194866
v  -0.00090889825 2.3000293 -17.194866
v  -0.58034223 2.3406868 -16.724384
v  -1.1211364 2.1144867 -16.724384
v  0.58034271 2.3406868 -16.724384
v  0.9206 -1.3357981 -16.724384
v  0.9206 -1.3357981 -17.194866
v  0.78888983 -1.2781379 -17.194866
v  0.78888983 -1.2781379 -16.724384
v  1.0627459 -1.3574041 -16.724384
v  1.0627459 -1.3574041 -17.194866
v  1.6241136 -0.12189612 -16.724384
v  1.6241136 -0.12189612 -17.194866
v  1.7671502 0.1343898 -17.194866
v  1.7671502 0.1343898 -16.724384
v  1.8402573 0.34567493 -17.194866
v  1.8402573 0.34567493 -16.724384
v  2.033551 -0.011296138 -17.194866
v  1.9863098 -0.40155813 -17.194866
v  1.3603299 -1.2870976 -17.194866
v  1.2075996 -1.3441521 -17.194866
v  1.2075996 -1.3441521 -16.724384
v  1.9738724 0.5903827 -17.194866
v  1.9738724 0.5903827 -16.724384
v  0.58520663 -0.5707705 -17.194866
v  0.64306593 -0.47097114 -17.194866
v  2.0018973 0.57688904 -17.194866
v  2.0018973 0.57688904 -16.724384
v  1.7612209 -0.90548968 -17.194866
v  1.5996538 -1.0849786 -17.194866
v  1.8926874 -0.67056143 -17.194866
v  0.59135693 -1.0725635 -16.724384
v  0.59135693 -1.0725635 -17.194866
v  0.52886182 -0.90707362 -17.194866
v  0.52886182 -0.90707362 -16.724384
v  0.77396458 -0.35456666 -16.724384
v  0.77396458 -0.35456666 -17.194866
v  0.90687287 -0.28920069 -17.194866
v  1.3412199 -0.32073072 -17.194866
v  1.3880866 -0.32107779 -17.194866
v  0.67659128 -1.1883537 -17.194866
v  0.67659128 -1.1883537 -16.724384
v  1.084715 -0.25609335 -17.194866
v  1.2268604 -0.27769935 -17.194866
v  1.2268604 -0.27769935 -16.724384
v  2.0175064 0.53825855 -16.724384
v  2.0175064 0.53825855 -17.194866
v  2.0423889 0.29400346 -17.194866
v  0.53590345 -0.71136653 -16.724384
v  0.53590345 -0.71136653 -17.194866
v  1.1138458 -1.7853614 -16.724384
v  -0.95933712 -0.85721397 -17.194866
v  -0.98356277 -0.91958451 -17.194866
v  -0.98356277 -0.91958451 -16.724384
v  -0.95933712 -0.85721397 -16.724384
v  -0.97161609 -1.0488214 -16.724384
v  -0.97161609 -1.0488214 -17.194866
v  -0.90951359 -1.2351832 -17.194866
v  -1.569326 -1.0890913 -17.194866
v  -1.6895431 -0.87582362 -17.194866
v  -1.7786274 -0.63016963 -17.194866
v  -1.8020513 -0.37153807 -17.194866
v  -0.76512814 -0.11451817 -17.194866
v  -0.47201648 -1.8343438 -17.194866
v  -0.4997257 -1.8496984 -17.194866
v  -1.7740259 -0.2236293 -16.724384
v  -1.7740259 -0.2236293 -17.194866
v  -1.7129487 -0.091614977 -17.194866
v  -1.7129487 -0.091614977 -16.724384
v  -0.71293074 -0.53054595 -17.194866
v  -0.77071744 -0.66220093 -17.194866
v  -0.77071744 -0.66220093 -16.724384
v  -1.4012028 -1.3127944 -17.194866
v  -1.2225506 -1.4883251 -17.194866
v  -0.76198679 -1.7681487 -17.194866
v  -0.99122328 -1.6399111 -17.194866
v  -0.96228999 0.087990798 -17.194866
v  -0.85202807 -0.0022002459 -17.194866
v  -0.85202807 -0.0022002459 -16.724384
v  -0.80174041 -1.4243262 -17.194866
v  -1.6230569 0.020597652 -17.194866
v  -0.48782316 -1.7653229 -17.194866
v  -0.47120261 -1.7944655 -17.194866
v  -0.47120261 -1.7944655 -16.724384
v  -0.88381022 -0.78527355 -17.194866
v  -0.88381022 -0.78527355 -16.724384
v  -0.61884826 -1.8243258 -17.194866
v  -0.61884826 -1.8243258 -16.724384
v  -1.4712477 0.11973375 -17.194866
v  -1.0917493 0.14547826 -17.194866
v  -1.37323 0.1579535 -17.194866
v  -1.37323 0.1579535 -16.724384
v  -0.65504164 -1.5930308 -17.194866
v  -1.2303201 0.17018248 -16.724384
v  -1.2303201 0.17018248 -17.194866
v  1.2548301 -0.2954002 -16.724384
v  1.2548301 -0.2954002 -17.194866
v  -0.27941039 0.72594881 -16.724384
v  -0.082058564 0.71114898 -16.724384
v  1.5301256 -0.23058966 -17.194866
v  1.4655288 -0.2860201 -17.194866
v  -0.60396922 2.4076307 -17.1957
v  3.1244909e-09 2.4871447 -17.1957
v  -1.1667802 2.1745067 -17.1957
v  -1.6500764 1.8036609 -17.1957
v  -2.2540455 0.75755465 -17.1957
v  -2.0209224 1.3203648 -17.1957
v  -2.3335598 0.15358502 -17.1957
v  -2.2540457 -0.45038477 -17.1957
v  -2.0209224 -1.0131946 -17.1957
v  -1.6500758 -1.4964912 -17.1957
v  -1.1667798 -1.8673376 -17.1957
v  -0.60396975 -2.1004608 -17.1957
v  -2.0088183e-07 -2.1799748 -17.1957
v  0.60396993 -2.1004608 -17.1957
v  1.1667801 -1.8673376 -17.1957
v  1.650076 -1.4964912 -17.1957
v  2.0209222 -1.0131949 -17.1957
v  2.2540455 -0.45038489 -17.1957
v  2.3335598 0.1535849 -17.1957
v  2.2540455 0.75755489 -17.1957
v  2.0209224 1.320365 -17.1957
v  1.650076 1.8036609 -17.1957
v  1.16678 2.1745067 -17.1957
v  0.60396975 2.4076307 -17.1957
v  -1.585526 1.7546545 -17.194866
v  6.1419101e-09 2.4178393 -17.194866
v  -0.6218257 0.60769099 -17.194866
v  -0.47010508 0.72796571 -17.194866
v  -0.62570769 0.46595222 -17.194866
v  -2.1658683 0.73961723 -17.194866
v  -1.9418646 1.2857122 -17.194866
v  -0.55115825 0.11851187 -17.194866
v  -2.2422719 0.153585 -17.194866
v  -0.39241946 -0.28858569 -17.194866
v  -1.9418646 -0.97854185 -17.194866
v  -2.1658685 -0.43244711 -17.194866
v  -1.5855254 -1.4474849 -17.194866
v  -1.1211358 -1.8073171 -17.194866
v  -0.41286731 -0.66327226 -17.194866
v  -0.58034265 -2.0335171 -17.194866
v  -0.24822988 -0.83569038 -17.194866
v  -1.9653885e-07 -2.1106699 -17.194866
v  0.25919536 -0.88901448 -17.194866
v  0.58034283 -2.0335171 -17.194866
v  -0.0074872649 -0.94651031 -17.194866
v  1.5855256 -1.4474849 -17.194866
v  0.31447223 -0.19297081 -17.194866
v  0.5352968 -0.08553195 -17.194866
v  2.1658683 -0.43244722 -17.194866
v  1.9418646 -0.97854233 -17.194866
v  2.2422719 0.1535849 -17.194866
v  0.53709829 0.45421183 -17.194866
v  1.9418648 1.2857124 -17.194866
v  2.1658683 0.73961735 -17.194866
v  1.5855258 1.7546545 -17.194866
v  1.1211361 2.1144867 -17.194866
v  0.22597019 0.75382721 -17.194866
v  -0.58034223 2.3406868 -17.194866
v  -1.1211364 2.1144867 -17.194866
v  0.58034271 2.3406868 -17.194866
v  1.1138458 -1.7853614 -17.194866
v  -0.27941039 0.72594881 -17.194866
v  -0.082058564 0.71114898 -17.194866
v  0.0017480329 1.0982944 -33.502319
v  0.0017480329 1.0982944 -18.411898
v  0.17105344 1.0642291 -18.411898
v  0.17105344 1.0642292 -33.502319
v  0.32882094 0.96435505 -18.411898
v  0.32882094 0.96435511 -33.502319
v  0.46429896 0.80547839 -18.411898
v  0.46429896 0.80547845 -33.502319
v  0.56825495 0.59842622 -18.411898
v  0.56825495 0.59842634 -33.502319
v  0.63360435 0.35730898 -18.411898
v  0.63360435 0.3573091 -33.502319
v  0.65589386 0.098558173 -18.411898
v  0.65589386 0.098558262 -33.502319
v  0.63360435 -0.16019253 -18.411898
v  0.63360435 -0.16019242 -33.502319
v  0.56825495 -0.40130991 -18.411898
v  0.56825495 -0.40130985 -33.502319
v  0.46429896 -0.60836202 -18.411898
v  0.46429896 -0.60836196 -33.502319
v  0.32882097 -0.76723868 -18.411898
v  0.32882097 -0.76723862 -33.502319
v  0.1710535 -0.86711276 -18.411898
v  0.1710535 -0.8671127 -33.502319
v  0.0017479757 -0.90117788 -18.411898
v  0.0017479757 -0.90117782 -33.502319
v  -0.16755739 -0.86711276 -18.411898
v  -0.16755739 -0.8671127 -33.502319
v  -0.32532489 -0.76723868 -18.411898
v  -0.32532489 -0.76723862 -33.502319
v  -0.46080288 -0.60836208 -18.411898
v  -0.46080288 -0.60836202 -33.502319
v  -0.5647589 -0.40130979 -18.411898
v  -0.5647589 -0.40130973 -33.502319
v  -0.63010836 -0.16019247 -18.411898
v  -0.63010836 -0.16019236 -33.502319
v  -0.65239781 0.098558232 -18.411898
v  -0.65239781 0.098558314 -33.502319
v  -0.6301083 0.35730892 -18.411898
v  -0.6301083 0.35730904 -33.502319
v  -0.5647589 0.59842616 -18.411898
v  -0.5647589 0.59842628 -33.502319
v  -0.460803 0.80547833 -18.411898
v  -0.460803 0.80547839 -33.502319
v  -0.32532501 0.96435499 -18.411898
v  -0.32532501 0.96435505 -33.502319
v  -0.16755724 1.0642292 -18.411898
v  -0.16755724 1.0642292 -33.502319
v  -0.52389443 -0.68628335 -16.724384
v  -0.52389443 -0.68628335 -16.61097
v  -0.63949722 -0.46147668 -16.61097
v  -0.63949722 -0.46147668 -16.724384
v  0.62045443 -0.4614768 -16.724384
v  0.62045443 -0.4614768 -16.61097
v  0.50485176 -0.68628329 -16.61097
v  0.50485176 -0.68628329 -16.724384
v  -0.19779485 1.1297296 -16.724384
v  -0.19779485 1.1297296 -16.61097
v  -0.0095213652 1.1667157 -16.61097
v  -0.0095213652 1.1667157 -16.724384
v  0.17875224 1.1297295 -16.724384
v  0.17875224 1.1297295 -16.61097
v  0.35419536 1.0212915 -16.61097
v  0.35419536 1.0212915 -16.724384
v  -0.71216816 -0.19968398 -16.61097
v  -0.71216816 -0.19968398 -16.724384
v  0.35419539 -0.8587833 -16.61097
v  0.35419539 -0.8587833 -16.724384
v  0.50485176 0.84879142 -16.61097
v  0.50485176 0.84879142 -16.724384
v  -0.73695481 0.081254117 -16.61097
v  -0.73695481 0.081254125 -16.724384
v  0.17875229 -0.96722138 -16.61097
v  0.17875229 -0.96722138 -16.724384
v  0.62045449 0.62398499 -16.61097
v  0.62045449 0.62398499 -16.724384
v  -0.7121681 0.36219227 -16.61097
v  -0.7121681 0.36219227 -16.724384
v  -0.0095214294 -1.0042075 -16.61097
v  -0.0095214294 -1.0042075 -16.724384
v  0.69312537 0.36219233 -16.61097
v  0.69312537 0.36219233 -16.724384
v  -0.63949722 0.62398487 -16.61097
v  -0.63949722 0.62398487 -16.724384
v  -0.19779502 -0.96722138 -16.61097
v  -0.19779502 -0.96722138 -16.724384
v  0.71791208 0.08125405 -16.61097
v  0.71791208 0.081254058 -16.724384
v  -0.52389455 0.84879136 -16.61097
v  -0.52389455 0.84879136 -16.724384
v  -0.37323809 -0.8587833 -16.61097
v  -0.37323809 -0.8587833 -16.724384
v  0.69312537 -0.19968404 -16.61097
v  0.69312537 -0.19968404 -16.724384
v  -0.37323821 1.0212914 -16.61097
v  -0.37323821 1.0212914 -16.724384
v  -0.0095213708 0.93917841 -16.61097
v  0.3287158 0.8739574 -16.61097
v  0.27926493 -0.27148592 -16.61097
v  0.14308445 -0.62039059 -16.61097
v  -0.0033400464 -0.82303035 -16.61097
v  -0.14976442 -0.60802782 -16.61097
v  -0.32799685 -0.21801825 -16.61097
v  -0.33264333 0.85279608 -16.61097
v  -0.52389443 -0.68628329 -18.066484
v  -0.52389443 -0.68628335 -17.185455
v  -0.63949722 -0.46147668 -17.185455
v  -0.63949722 -0.46147662 -18.066484
v  0.62045443 -0.46147674 -18.066484
v  0.62045443 -0.4614768 -17.185455
v  0.50485176 -0.68628329 -17.185455
v  0.50485176 -0.68628323 -18.066484
v  -0.19779485 1.1297296 -18.066483
v  -0.19779485 1.1297296 -17.185455
v  -0.0095213652 1.1667157 -17.185455
v  -0.0095213652 1.1667157 -18.066483
v  0.17875224 1.1297295 -18.066483
v  0.17875224 1.1297295 -17.185455
v  0.35419536 1.0212915 -17.185455
v  0.35419536 1.0212915 -18.066483
v  -0.71216816 -0.19968398 -17.185455
v  -0.71216816 -0.19968398 -18.066484
v  0.35419539 -0.8587833 -17.185455
v  0.35419539 -0.85878325 -18.066484
v  0.50485176 0.84879142 -17.185455
v  0.50485176 0.84879148 -18.066483
v  -0.73695481 0.081254117 -17.185455
v  -0.73695481 0.081254117 -18.066484
v  0.17875229 -0.96722138 -17.185455
v  0.17875229 -0.96722138 -18.066484
v  0.62045449 0.62398499 -17.185455
v  0.62045449 0.62398499 -18.066484
v  -0.7121681 0.36219227 -17.185455
v  -0.7121681 0.36219227 -18.066484
v  -0.0095214294 -1.0042075 -17.185455
v  -0.0095214294 -1.0042075 -18.066484
v  0.69312537 0.36219233 -17.185455
v  0.69312537 0.36219233 -18.066484
v  -0.63949722 0.62398487 -17.185455
v  -0.63949722 0.62398493 -18.066484
v  -0.19779502 -0.96722138 -17.185455
v  -0.19779502 -0.96722138 -18.066484
v  0.71791208 0.081254058 -17.185455
v  0.71791208 0.081254058 -18.066484
v  -0.52389455 0.84879136 -17.185455
v  -0.52389455 0.84879142 -18.066483
v  -0.37323809 -0.8587833 -17.185455
v  -0.37323809 -0.85878325 -18.066484
v  0.69312537 -0.19968404 -17.185455
v  0.69312537 -0.19968404 -18.066484
v  -0.37323821 1.0212914 -17.185455
v  -0.37323821 1.0212914 -18.066483
v  -0.20194921 1.1521777 -34.872448
v  -0.20194921 1.1521777 -33.988873
v  -0.0095213652 1.1899799 -33.988873
v  -0.0095213652 1.1899799 -34.872448
v  -0.65339798 -0.47413939 -34.872448
v  -0.65339798 -0.47413945 -33.988873
v  -0.7276724 -0.20657013 -33.988873
v  -0.7276724 -0.20657013 -34.872448
v  0.51620167 -0.70390648 -34.872448
v  0.51620167 -0.70390654 -33.988873
v  0.36222097 -0.88021284 -33.988873
v  0.36222097 -0.88021278 -34.872448
v  0.1829066 1.1521776 -34.872448
v  0.1829066 1.1521776 -33.988873
v  0.36222094 1.0413468 -33.988873
v  0.36222094 1.0413468 -34.872448
v  0.51620167 0.86504042 -33.988873
v  0.51620167 0.86504048 -34.872448
v  -0.75300598 0.080567002 -33.988873
v  -0.75300598 0.080567002 -34.872448
v  0.18290664 -0.99104369 -33.988873
v  0.18290664 -0.99104369 -34.872448
v  0.63435525 0.63527352 -33.988873
v  0.63435525 0.63527352 -34.872448
v  -0.72767234 0.36770421 -33.988873
v  -0.72767234 0.36770421 -34.872448
v  -0.0095214304 -1.0288459 -33.988873
v  -0.0095214304 -1.0288459 -34.872448
v  0.70862961 0.36770427 -33.988873
v  0.70862961 0.36770427 -34.872448
v  -0.65339798 0.6352734 -33.988873
v  -0.65339798 0.63527346 -34.872448
v  -0.20194937 -0.99104369 -33.988873
v  -0.20194937 -0.99104369 -34.872448
v  0.73396325 0.080566943 -33.988873
v  0.73396325 0.080566943 -34.872448
v  -0.53524446 0.86504036 -33.988873
v  -0.53524446 0.86504042 -34.872448
v  -0.38126367 -0.88021284 -33.988873
v  -0.38126367 -0.88021278 -34.872448
v  0.70862961 -0.20657019 -33.988873
v  0.70862961 -0.20657019 -34.872448
v  -0.38126379 1.0413467 -33.988873
v  -0.38126379 1.0413467 -34.872448
v  -0.53524435 -0.7039066 -33.988873
v  -0.53524435 -0.70390654 -34.872448
v  0.63435519 -0.47413957 -33.988873
v  0.63435519 -0.47413951 -34.872448
v  -0.0095214015 0.77959663 -35.279591
v  0.11489021 0.75515604 -35.279591
v  0.2302556 0.68385082 -35.279591
v  0.32846063 0.57140708 -35.279591
v  0.40303224 0.4263916 -35.279591
v  0.44947127 0.25909775 -35.279591
v  0.46522272 0.08056698 -35.279591
v  0.44947129 -0.097963631 -35.279591
v  0.40303203 -0.26525807 -35.279591
v  0.32846066 -0.41027308 -35.279591
v  0.23025557 -0.52271688 -35.279591
v  0.11489041 -0.59402186 -35.279591
v  -0.0095214071 -0.61846244 -35.279591
v  -0.13393313 -0.59402192 -35.279591
v  -0.24929836 -0.52271682 -35.279591
v  -0.34750336 -0.41027308 -35.279591
v  -0.42207491 -0.26525772 -35.279591
v  -0.46851414 -0.09796305 -35.279591
v  -0.48426545 0.080566928 -35.279591
v  -0.468514 0.2590977 -35.279591
v  -0.42207497 0.42639166 -35.279591
v  -0.34750336 0.57140714 -35.279591
v  -0.2492985 0.68385077 -35.279591
v  -0.13393287 0.7551561 -35.279591
v  0.77261579 0.081254058 -18.061863
v  0.77261579 0.081254058 -18.169514
v  0.74596512 0.3833192 -18.169514
v  0.74596512 0.3833192 -18.061863
v  -0.562576 0.90651101 -18.061863
v  -0.562576 0.90651101 -18.169514
v  -0.68687207 0.6647988 -18.169514
v  -0.68687207 0.6647988 -18.061863
v  -0.40058994 -0.92947507 -18.061863
v  -0.40058994 -0.92947507 -18.169514
v  -0.2119534 -1.0460678 -18.169514
v  -0.2119534 -1.0460678 -18.061863
v  0.74596512 -0.22081086 -18.061863
v  0.74596512 -0.22081086 -18.169514
v  -0.40059009 1.0919832 -18.061863
v  -0.40059009 1.0919832 -18.169514
v  -0.56257582 -0.74400288 -18.061863
v  -0.56257582 -0.74400288 -18.169514
v  0.66782928 -0.50229073 -18.061863
v  0.66782928 -0.50229073 -18.169514
v  -0.21195322 1.2085761 -18.061863
v  -0.21195322 1.2085761 -18.169514
v  0.19291063 1.2085761 -18.061863
v  0.19291063 1.2085761 -18.169514
v  -0.0095213652 1.2483437 -18.169514
v  -0.0095213652 1.2483437 -18.061863
v  -0.68687207 -0.50229055 -18.061863
v  -0.68687207 -0.50229055 -18.169514
v  0.54353315 -0.74400282 -18.061863
v  0.54353315 -0.74400282 -18.169514
v  0.38154721 1.0919833 -18.061863
v  0.38154721 1.0919833 -18.169514
v  -0.76500791 -0.2208108 -18.061863
v  -0.76500791 -0.2208108 -18.169514
v  0.38154727 -0.92947507 -18.061863
v  0.38154727 -0.92947507 -18.169514
v  0.54353315 0.90651107 -18.061863
v  0.54353315 0.90651107 -18.169514
v  -0.79165852 0.081254117 -18.061863
v  -0.79165852 0.081254125 -18.169514
v  0.19291067 -1.0460678 -18.061863
v  0.19291067 -1.0460678 -18.169514
v  0.66782933 0.66479886 -18.061863
v  0.66782933 0.66479886 -18.169514
v  -0.76500785 0.38331911 -18.061863
v  -0.76500785 0.38331911 -18.169514
v  -0.0095214332 -1.0858352 -18.061863
v  -0.0095214332 -1.0858352 -18.169514
v  0.16556758 1.1160728 -18.061863
v  -0.0095213698 1.1527271 -18.061863
v  0.32860035 1.0086892 -18.061863
v  0.46841142 0.83809656 -18.061863
v  0.57552087 0.61613089 -18.061863
v  0.64275676 0.35801458 -18.061863
v  0.66567045 0.081254058 -18.061863
v  0.64275676 -0.19550627 -18.061863
v  0.57552087 -0.45362276 -18.061863
v  0.46841142 -0.67558831 -18.061863
v  0.32860038 -0.84618098 -18.061863
v  0.16556762 -0.95356452 -18.061863
v  -0.0095214266 -0.99021876 -18.061863
v  -0.18461034 -0.95356452 -18.061863
v  -0.34764308 -0.84618098 -18.061863
v  -0.48745412 -0.67558837 -18.061863
v  -0.5945636 -0.45362258 -18.061863
v  -0.66179955 -0.19550622 -18.061863
v  -0.68471318 0.08125411 -18.061863
v  -0.66179949 0.35801452 -18.061863
v  -0.5945636 0.61613083 -18.061863
v  -0.48745424 0.8380965 -18.061863
v  -0.34764317 1.0086892 -18.061863
v  -0.18461017 1.1160728 -18.061863
v  -0.0095213698 1.1418906 -18.169514
v  0.16912073 1.105589 -18.169514
v  0.33544627 0.99924916 -18.169514
v  0.47805721 0.83034289 -18.169514
v  0.58728993 0.61061513 -18.169514
v  0.65584642 0.35514674 -18.169514
v  0.67920774 0.081254065 -18.169514
v  0.65584642 -0.19263843 -18.169514
v  0.58728987 -0.448107 -18.169514
v  0.47805721 -0.66783464 -18.169514
v  0.3354463 -0.83674091 -18.169514
v  0.16912079 -0.94308078 -18.169514
v  -0.0095214285 -0.97938216 -18.169514
v  -0.18816352 -0.94308078 -18.169514
v  -0.354489 -0.83674091 -18.169514
v  -0.49709991 -0.6678347 -18.169514
v  -0.60633266 -0.44810688 -18.169514
v  -0.67488921 -0.19263834 -18.169514
v  -0.69825047 0.081254117 -18.169514
v  -0.67488915 0.35514668 -18.169514
v  -0.60633266 0.61061513 -18.169514
v  -0.49710003 0.83034277 -18.169514
v  -0.35448912 0.9992491 -18.169514
v  -0.18816333 1.105589 -18.169514
v  0.77261579 0.081254058 -33.781391
v  0.77261579 0.081254058 -34.069977
v  0.74596512 0.3833192 -34.069977
v  0.74596512 0.3833192 -33.781391
v  -0.562576 0.90651101 -33.781391
v  -0.562576 0.90651101 -34.069977
v  -0.68687207 0.6647988 -34.069977
v  -0.68687207 0.6647988 -33.781391
v  -0.40058994 -0.92947507 -33.781391
v  -0.40058994 -0.92947507 -34.069977
v  -0.2119534 -1.0460678 -34.069977
v  -0.2119534 -1.0460678 -33.781391
v  0.74596512 -0.22081086 -33.781391
v  0.74596512 -0.22081086 -34.069977
v  -0.40059009 1.0919832 -33.781391
v  -0.40059009 1.0919832 -34.069977
v  -0.56257582 -0.74400288 -33.781391
v  -0.56257582 -0.74400288 -34.069977
v  0.66782928 -0.50229073 -33.781391
v  0.66782928 -0.50229073 -34.069977
v  -0.21195322 1.2085761 -33.781391
v  -0.21195322 1.2085761 -34.069977
v  0.19291063 1.2085761 -33.781391
v  0.19291063 1.2085761 -34.069977
v  -0.0095213652 1.2483437 -34.069977
v  -0.0095213652 1.2483437 -33.781391
v  -0.68687207 -0.50229055 -33.781391
v  -0.68687207 -0.50229055 -34.069977
v  0.54353315 -0.74400282 -33.781391
v  0.54353315 -0.74400282 -34.069977
v  0.38154721 1.0919833 -33.781391
v  0.38154721 1.0919833 -34.069977
v  -0.76500791 -0.2208108 -33.781391
v  -0.76500791 -0.2208108 -34.069977
v  0.38154727 -0.92947507 -33.781391
v  0.38154727 -0.92947507 -34.069977
v  0.54353315 0.90651107 -33.781391
v  0.54353315 0.90651107 -34.069977
v  -0.79165852 0.081254117 -33.781391
v  -0.79165852 0.081254125 -34.069977
v  0.19291067 -1.0460678 -33.781391
v  0.19291067 -1.0460678 -34.069977
v  0.66782933 0.66479886 -33.781391
v  0.66782933 0.66479886 -34.069977
v  -0.76500785 0.38331911 -33.781391
v  -0.76500785 0.38331911 -34.069977
v  -0.0095214332 -1.0858352 -33.781391
v  -0.0095214332 -1.0858352 -34.069977
v  0.14659597 1.090497 -33.781391
v  -0.0095213568 1.1211661 -33.781391
v  0.299932 0.99572289 -33.781391
v  0.43952081 0.83589506 -33.781391
v  0.55100363 0.61910027 -33.781391
v  0.62266076 0.36095974 -33.781391
v  0.64733869 0.081254058 -33.781391
v  0.62266076 -0.1984514 -33.781391
v  0.55100358 -0.45659214 -33.781391
v  0.43952084 -0.67338687 -33.781391
v  0.29993206 -0.83321464 -33.781391
v  0.14659609 -0.92798877 -33.781391
v  -0.0095214257 -0.95865762 -33.781391
v  -0.1656388 -0.92798877 -33.781391
v  -0.31897473 -0.83321464 -33.781391
v  -0.45856348 -0.67338693 -33.781391
v  -0.57004637 -0.45659196 -33.781391
v  -0.64170355 -0.19845134 -33.781391
v  -0.66638142 0.08125411 -33.781391
v  -0.64170349 0.36095965 -33.781391
v  -0.57004637 0.61910027 -33.781391
v  -0.45856363 0.83589506 -33.781391
v  -0.31897488 0.99572271 -33.781391
v  -0.16563857 1.090497 -33.781391
v  -0.0095213568 1.129243 -34.069977
v  0.14953737 1.0979961 -34.069977
v  0.30511528 1.0018363 -34.069977
v  0.44612652 0.84037983 -34.069977
v  0.55842316 0.62200254 -34.069977
v  0.63049167 0.36237976 -34.069977
v  0.6552949 0.081254065 -34.069977
v  0.63049167 -0.19987142 -34.069977
v  0.5584231 -0.45949441 -34.069977
v  0.44612652 -0.67787158 -34.069977
v  0.30511534 -0.83932805 -34.069977
v  0.14953747 -0.93548787 -34.069977
v  -0.0095214266 -0.96673465 -34.069977
v  -0.1685802 -0.93548787 -34.069977
v  -0.32415801 -0.83932805 -34.069977
v  -0.46516919 -0.67787164 -34.069977
v  -0.57746589 -0.45949423 -34.069977
v  -0.64953446 -0.19987136 -34.069977
v  -0.67433763 0.081254117 -34.069977
v  -0.6495344 0.36237967 -34.069977
v  -0.57746589 0.62200254 -34.069977
v  -0.46516937 0.84037977 -34.069977
v  -0.32415819 1.0018361 -34.069977
v  -0.16857997 1.0979961 -34.069977
v  0.331438 0.92569804 -15.309986
v  -5.4453928e-18 1.0208611 -15.309986
v  1.9227331e-10 1.0465474 -8.932972
v  0.32645303 0.95545113 -8.9303656
v  0.31360304 1.8062043 32.675255
v  0.21421035 2.5037625 33.387951
v  -2.5180418e-12 2.6906123 34.756187
v  4.9338359e-12 0.14748982 26.33532
v  0.0025857512 0.68736827 32.683796
v  -0.31709018 1.7113906 31.394058
v  -0.33100879 1.332979 26.280674
v  -2.2207906e-13 2.0704961 34.482647
v  -5.4974116e-12 1.4664397 33.996418
v  0.00068353908 0.93382418 33.35014
v  0.33100876 1.332979 26.280674
v  9.0224628e-14 -0.37444082 16.017391
v  0.32697809 0.80566454 15.983183
v  0.3357704 0.29952058 -15.309968
v  0.33015135 0.32852644 -8.912571
v  3.9954099e-12 -0.79278195 2.4580638
v  0.32401264 0.38774905 2.4121652
v  2.0982404e-12 -0.91444051 -8.8766193
v  7.2216722e-18 -0.95091331 -15.309972
v  0.33682239 1.9559476 26.252102
v  0.33498734 1.4644227 15.964938
v  0.3363139 1.053337 2.3879721
v  1.8317049e-10 2.5670214 33.385548
v  -0.00064319686 1.5472857 15.96241
v  0.0001168201 2.0520713 26.247231
v  -0.00036427769 1.1414213 2.3845868
v  0.24899222 2.3483615 31.363697
v  3.3126962e-05 2.4209964 31.361324
v  0.0028279063 0.75423741 32.989372
v  0.31709039 1.7113905 31.394058
v  -0.331438 0.92569804 -15.309986
v  -0.32645303 0.95545113 -8.9303656
v  -0.31360275 1.8062046 32.675255
v  -0.21421051 2.5037622 33.387951
v  -0.326978 0.80566525 15.983189
v  -0.3357704 0.29952058 -15.309968
v  -0.33015135 0.3285265 -8.912571
v  -0.32401243 0.38774818 2.4121652
v  -0.33684394 1.9559243 26.251797
v  -0.33498746 1.4644225 15.964938
v  -0.3365725 1.0517807 2.387814
v  -0.24900223 2.3483379 31.363388
v  -0.63797307 -0.43011856 -33.445976
v  -0.52565277 -0.65239322 -33.544922
v  -0.51382685 -0.64505661 -32.761063
v  -0.62481946 -0.42557245 -32.903996
v  -0.19683741 -0.93906051 -33.763351
v  0.0017476901 -0.97842759 -33.739071
v  0.0017476946 -0.96478003 -32.635971
v  -0.19139419 -0.92625254 -32.636417
v  -0.69392967 -0.16688725 -33.04969
v  -0.70771152 -0.17423546 -33.30154
v  -0.36676085 -0.81616479 -32.6684
v  -0.37620962 -0.82638234 -33.675644
v  -0.70599174 -0.17469692 -33.582142
v  -0.63614607 -0.43036258 -33.73262
v  -0.6863451 -0.45159411 -33.73262
v  -0.75945032 -0.18532273 -33.582523
v  -0.6248191 0.62268937 -33.816265
v  -0.63642347 0.62676102 -33.163673
v  -0.5242762 0.84865683 -33.007614
v  -0.51382637 0.8421734 -33.816265
v  -0.45889729 0.80256629 -32.761066
v  -0.32397735 0.96078855 -32.668404
v  -0.40889761 1.0651172 -32.668404
v  -0.56796259 0.88131136 -32.761066
v  -0.70609826 0.37119523 -33.332741
v  -0.72971588 0.098197997 -33.457962
v  -0.78419673 0.098197997 -33.457962
v  -0.76002949 0.3790783 -33.332787
v  -0.57059151 -0.68027443 -33.551121
v  -0.41211498 -0.86521083 -33.675644
v  -0.37506205 1.0223542 -32.961891
v  -0.36676028 1.0132816 -33.816265
v  -0.7166186 0.098558798 -33.816265
v  -0.69392967 -0.17229941 -33.814842
v  -0.1913936 1.1233692 -33.816265
v  -0.19620267 1.1346875 -32.910461
v  0.0017483914 1.1739563 -32.857185
v  0.0017483875 1.1618965 -33.816265
v  -0.62481946 -0.42557192 -33.814842
v  -0.41185492 1.0625662 -32.961891
v  -0.21751626 1.1848516 -32.910461
v  -0.71243638 0.098974168 -33.187908
v  -0.78419566 0.098974541 -33.198418
v  -0.76008272 -0.18159154 -33.301529
v  -0.57058966 0.87739336 -33.007614
v  -0.56242514 0.59636724 -32.900612
v  -0.68634474 0.64871114 -32.914455
v  -0.21752158 -0.98773307 -33.763351
v  -0.68785316 0.64480847 -33.163673
v  -0.75945008 0.37481683 -33.051636
v  0.0017484089 1.2274077 -32.857185
v  -0.21550143 1.1856692 -32.636417
v  0.0017484089 1.2274076 -32.637325
v  -0.68795669 -0.44739521 -33.445976
v  -0.55449009 -0.68419456 -33.83202
v  -0.40889823 -0.86800051 -33.83202
v  -0.21550207 -0.98855239 -33.83202
v  0.0017476731 -1.030291 -33.83202
v  0.0017476731 -1.030291 -33.739071
v  -0.69392955 0.36179349 -33.047752
v  -0.1668597 1.0602511 -32.636417
v  -0.52379304 -0.6522612 -33.83202
v  -0.71243638 -0.013534002 -33.102421
v  -0.70940131 0.16062725 -33.108364
v  -0.6275056 -0.15371406 -33.049946
v  -0.56242549 -0.39925081 -32.903996
v  -0.45889777 -0.60545015 -32.761063
v  -0.32397786 -0.76367241 -32.6684
v  -0.16686027 -0.8631351 -32.636417
v  0.0017477166 -0.89706004 -32.635971
v  -0.62750548 0.34862024 -33.042324
v  -0.64222699 0.16035101 -33.101341
v  0.0017483655 1.0941759 -32.635971
v  -0.69392955 0.36941683 -33.816265
v  -0.71243638 0.073553056 -33.112541
v  -0.64970326 0.07356213 -33.111942
v  -0.64222699 -0.013226725 -33.101341
v  0.64146876 -0.43011892 -33.445976
v  0.62831515 -0.42557281 -32.903996
v  0.51732242 -0.64505696 -32.761063
v  0.52914834 -0.65239358 -33.544922
v  0.20033281 -0.93906075 -33.763351
v  0.19488962 -0.92625278 -32.636417
v  0.71120745 -0.17423594 -33.30154
v  0.6974256 -0.16688773 -33.04969
v  0.37970513 -0.82638258 -33.675644
v  0.37025636 -0.81616503 -32.6684
v  0.70948768 -0.1746974 -33.582142
v  0.76294613 -0.18532321 -33.582523
v  0.68984079 -0.45159459 -33.73262
v  0.63964176 -0.43036294 -33.73262
v  0.62831551 0.62268901 -33.816265
v  0.5173229 0.84217304 -33.816265
v  0.52777272 0.84865648 -33.007614
v  0.63991988 0.62676066 -33.163673
v  0.46239388 0.80256593 -32.761066
v  0.57145911 0.881311 -32.761066
v  0.41239437 1.065117 -32.668404
v  0.327474 0.96078831 -32.668404
v  0.70959443 0.37119475 -33.332741
v  0.76352578 0.37907782 -33.332787
v  0.78769279 0.098197483 -33.457962
v  0.73321193 0.09819752 -33.457962
v  0.41561043 -0.86521107 -33.675644
v  0.57408708 -0.68027478 -33.551121
v  0.37025699 1.0132813 -33.816265
v  0.37855875 1.022354 -32.961891
v  0.72011465 0.098558329 -33.816265
v  0.6974256 -0.17229989 -33.814842
v  0.19489034 1.123369 -33.816265
v  0.19969943 1.1346873 -32.910461
v  0.62831515 -0.42557228 -33.814842
v  0.22101305 1.1848514 -32.910461
v  0.41535169 1.0625659 -32.961891
v  0.76357853 -0.18159202 -33.301529
v  0.78769171 0.098974027 -33.198418
v  0.71593243 0.098973699 -33.187908
v  0.57408619 0.87739301 -33.007614
v  0.56592155 0.59636688 -32.900612
v  0.68984115 0.64871067 -32.914455
v  0.22101694 -0.9877333 -33.763351
v  0.69134957 0.64480799 -33.163673
v  0.76294637 0.37481636 -33.051636
v  0.21899822 1.1856689 -32.636417
v  0.69145238 -0.44739568 -33.445976
v  0.55798566 -0.68419492 -33.83202
v  0.41239369 -0.86800075 -33.83202
v  0.21899743 -0.98855263 -33.83202
v  0.69742572 0.36179301 -33.047752
v  0.17035641 1.060251 -32.636417
v  0.52728862 -0.65226156 -33.83202
v  0.71593243 -0.013534464 -33.102421
v  0.71289736 0.16062677 -33.108364
v  0.63100153 -0.15371448 -33.049946
v  0.56592119 -0.39925116 -32.903996
v  0.4623934 -0.60545051 -32.761063
v  0.32747343 -0.76367265 -32.6684
v  0.17035572 -0.86313522 -32.636417
v  0.63100165 0.34861982 -33.042324
v  0.64572304 0.16035059 -33.101341
v  0.69742572 0.36941636 -33.816265
v  0.71593243 0.073552586 -33.112541
v  0.65319932 0.073561713 -33.111942
v  0.64572304 -0.013227142 -33.101341
v  0.71551186 0.10649137 -18.135818
v  0.69286042 -0.17052266 -18.136909
v  0.70642096 -0.17321807 -18.397303
v  0.73001963 0.098144464 -18.529285
v  0.6372714 0.62376559 -18.787306
v  0.52568823 0.84458178 -18.886251
v  0.51393992 0.83729333 -18.128735
v  0.62420416 0.61924934 -18.128735
v  0.1990307 1.1293682 -19.104679
v  0.0017487382 1.1684769 -19.0804
v  0.0017487294 1.1549189 -18.128735
v  0.19362321 1.1166443 -18.128735
v  0.69286078 0.36763883 -18.143293
v  0.70655221 0.36956167 -18.64287
v  0.3678391 1.0072788 -18.128735
v  0.37722588 1.0174292 -19.016973
v  0.72841203 0.057501681 -18.876181
v  0.70494932 -0.16849515 -18.9391
v  0.62687224 -0.15482545 -18.94788
v  0.6452595 0.057349794 -18.883945
v  0.72841203 0.098915912 -18.813011
v  0.72841203 0.17370185 -18.878881
v  0.7048437 0.36545211 -18.934874
v  0.63573164 -0.42038566 -19.073952
v  0.56221896 -0.3901563 -19.073952
v  0.52432019 -0.64017808 -19.216883
v  0.45937043 -0.59500235 -19.216883
v  0.37655893 -0.81334734 -19.309546
v  0.32533574 -0.7521863 -19.309546
v  0.19865829 -0.92494327 -19.340635
v  0.16924906 -0.85099614 -19.341532
v  0.0017473486 -0.96395439 -19.341082
v  0.0017474003 -0.88469821 -19.341976
v  0.45937133 0.79794616 -19.216883
v  0.32533684 0.95513022 -19.309546
v  0.40969995 1.0587744 -19.309546
v  0.56772095 0.87617445 -19.216883
v  0.70494932 -0.17228988 -18.681515
v  0.78253543 0.10050455 -18.805262
v  0.75852668 -0.18012127 -18.671911
v  0.57033205 0.87228 -18.886251
v  0.41289562 1.056003 -19.016973
v  0.63573164 -0.42035019 -18.518988
v  0.52432019 -0.64078987 -18.378246
v  0.64526194 0.17314628 -18.886612
v  0.6268726 0.34998357 -18.936514
v  0.37608522 -0.81334734 -18.319584
v  0.19839945 -0.92494327 -18.266439
v  0.0017473486 -0.96395439 -18.230946
v  0.41263667 -0.85912395 -18.309935
v  0.21957317 -0.98060685 -18.25679
v  0.7825343 0.096572831 -18.529285
v  0.75857967 0.37686941 -18.64286
v  0.75795144 0.37600815 -18.923685
v  0.57032979 -0.67516631 -18.368597
v  0.63693714 -0.4275189 -18.245325
v  0.51393896 -0.64017683 -18.113277
v  0.54101729 -0.67905861 -18.113277
v  0.68532532 -0.44798476 -18.245325
v  0.21957916 1.1777214 -19.105747
v  0.68682384 -0.44410765 -18.509338
v  0.75795108 -0.18346062 -18.396893
v  0.0017473102 -1.0228835 -18.221296
v  0.21757157 -0.98141903 -18.113277
v  0.0017473102 -1.0228834 -18.113277
v  0.40969872 -0.86165822 -18.113277
v  0.68532604 0.64314264 -19.056055
v  0.68692708 0.64092892 -18.787306
v  0.2175729 1.1785353 -19.339184
v  0.0017487719 1.22 -19.339628
v  0.0017487719 1.22 -19.081469
v  0.16925025 1.0539403 -19.341532
v  0.56221956 0.58983713 -19.079824
v  0.0017486856 1.0876427 -19.341976
v  0.62420344 -0.42213321 -18.137539
v  0.72841203 0.10161114 -18.873238
v  0.64677829 0.10125548 -18.880653
v  -0.71201581 0.1064923 -18.135818
v  -0.72652358 0.09814541 -18.529285
v  -0.70292526 -0.17321718 -18.397303
v  -0.68936473 -0.17052177 -18.136909
v  -0.63377464 0.62376642 -18.787306
v  -0.62070739 0.61925018 -18.128735
v  -0.51044291 0.83729404 -18.128735
v  -0.52219123 0.8445825 -18.886251
v  -0.19553328 1.1293684 -19.104679
v  -0.19012579 1.1166445 -18.128735
v  -0.7030558 0.36956257 -18.64287
v  -0.68936437 0.36763972 -18.137281
v  -0.37372857 1.0174297 -19.016973
v  -0.3643418 1.0072793 -18.128735
v  -0.72491598 0.057502627 -18.876181
v  -0.64176345 0.057350636 -18.883945
v  -0.62337655 -0.15482461 -18.94788
v  -0.70145363 -0.16849425 -18.9391
v  -0.72491598 0.098916858 -18.816349
v  -0.70134729 0.365453 -18.939796
v  -0.72491598 0.17370279 -18.878881
v  -0.55872351 -0.39015558 -19.073952
v  -0.6322363 -0.42038482 -19.073952
v  -0.45587522 -0.59500176 -19.216883
v  -0.52082509 -0.64017737 -19.216883
v  -0.32184076 -0.75218582 -19.309546
v  -0.37306401 -0.81334686 -19.309546
v  -0.16575423 -0.8509959 -19.341532
v  -0.19516355 -0.92494303 -19.340635
v  -0.45587432 0.79794675 -19.216883
v  -0.56422383 0.87617517 -19.216883
v  -0.40620258 1.0587748 -19.309546
v  -0.3218396 0.9551307 -19.309546
v  -0.70145363 -0.17228898 -18.682566
v  -0.75503099 -0.18012026 -18.672962
v  -0.77903938 0.10050557 -18.808599
v  -0.40939826 1.0560035 -19.016973
v  -0.56683505 0.87228072 -18.886251
v  -0.52082509 -0.64078915 -18.379887
v  -0.6322363 -0.42034936 -18.527941
v  -0.62337619 0.34998441 -18.936514
v  -0.64176589 0.17314713 -18.886612
v  -0.3725903 -0.81334686 -18.3209
v  -0.19490471 -0.92494303 -18.26214
v  -0.21607849 -0.98060662 -18.252491
v  -0.40914181 -0.85912347 -18.311251
v  -0.75508326 0.37687042 -18.64286
v  -0.77903825 0.096573845 -18.529285
v  -0.75445503 0.37600917 -18.92861
v  -0.56683469 -0.67516559 -18.370237
v  -0.63344181 -0.42751807 -18.245325
v  -0.68182999 -0.44798392 -18.245325
v  -0.53752232 -0.6790579 -18.113277
v  -0.51044387 -0.64017612 -18.113277
v  -0.21608168 1.1777216 -19.105747
v  -0.68332851 -0.44410682 -18.518291
v  -0.75445539 -0.18345961 -18.396893
v  -0.21407689 -0.98141879 -18.113277
v  -0.40620387 -0.86165774 -18.113277
v  -0.68182927 0.64314348 -19.062065
v  -0.68343031 0.64092976 -18.787306
v  -0.21407542 1.1785356 -19.339184
v  -0.16575292 1.0539405 -19.341532
v  -0.55872291 0.58983785 -19.085836
v  -0.62070811 -0.42213237 -18.137539
v  -0.72491598 0.10161209 -18.873238
v  -0.64328223 0.10125633 -18.880653
v  0.7141822 -0.01452513 -31.744478
v  0.64159369 -0.01397752 -31.735947
v  0.62932038 -0.15295631 -31.687603
v  0.70918059 -0.16880029 -31.693676
v  0.63975972 0.62582272 -32.082348
v  0.52773952 0.84750354 -32.181293
v  0.51594514 0.84018654 -31.397436
v  0.62664133 0.62128878 -31.540367
v  0.001748041 1.1726668 -32.375443
v  0.001748041 1.1590556 -31.297876
v  0.19437392 1.1206311 -31.29743
v  0.19980258 1.133405 -32.399723
v  0.69556695 0.36869296 -31.692827
v  0.70931202 0.37062335 -31.937912
v  0.36927208 1.0108376 -31.304773
v  0.37869564 1.0210278 -32.312016
v  0.16990556 1.0576823 -31.296082
v  0.32660344 0.95848531 -31.304773
v  0.46116292 0.80068588 -31.397436
v  0.56441402 0.59503746 -31.540367
v  0.71392524 0.098557927 -32.094334
v  0.7135728 0.21898586 -32.171852
v  0.70759678 0.3703005 -32.219921
v  0.62932038 0.35555497 -31.693085
v  0.64144284 0.21601555 -31.740061
v  0.70820928 0.21654226 -31.741684
v  0.71394479 0.10072375 -31.824327
v  0.69556695 -0.16922718 -32.222713
v  0.62664133 -0.42417234 -32.368992
v  0.56441402 -0.39792106 -32.368992
v  0.62932038 -0.15608919 -32.222549
v  0.51594514 -0.64306998 -32.511925
v  0.46116292 -0.60356933 -32.511925
v  0.36927211 -0.813721 -32.604588
v  0.32660347 -0.76136881 -32.604588
v  0.19437398 -0.92351443 -32.636574
v  0.16990562 -0.86056578 -32.636574
v  0.001748041 -0.96193892 -32.63702
v  0.001748041 -0.89439994 -32.63702
v  0.46116292 -0.60356873 -31.397436
v  0.32660347 -0.76136827 -31.304773
v  0.41129687 -0.8654182 -31.308256
v  0.56993675 -0.68210334 -31.397436
v  0.46116292 0.80303454 -32.506443
v  0.32660344 0.95926785 -32.600674
v  0.41129684 1.0625347 -32.604588
v  0.56993675 0.87921989 -32.511925
v  0.70770317 -0.17335007 -31.969114
v  0.78559297 0.098557927 -32.094334
v  0.76149035 -0.18121207 -31.969158
v  0.57255816 0.87531024 -32.181293
v  0.41450503 1.0597526 -32.312016
v  0.19917022 -0.93480259 -31.546833
v  0.3775517 -0.82276946 -31.598265
v  0.41424632 -0.86287397 -31.594536
v  0.22042687 -0.9848327 -31.543106
v  0.78559184 0.10072375 -31.829718
v  0.76154321 0.37795979 -31.937902
v  0.76091248 0.381681 -32.209637
v  0.52636707 -0.64953607 -31.643988
v  0.57255679 -0.67819583 -31.643988
v  0.56441402 -0.39792052 -31.540367
v  0.68800253 -0.45012456 -31.540367
v  0.22043148 1.1819475 -32.399723
v  0.68950695 -0.44623232 -31.800045
v  0.76091248 -0.18456447 -31.694908
v  0.001748041 -1.0272751 -31.48983
v  0.21841742 -0.97046131 -31.299564
v  0.001748041 -1.017453 -31.300011
v  0.68800253 0.647241 -32.359734
v  0.68960983 0.64305323 -32.082348
v  0.21841735 1.1827645 -32.635574
v  0.001748041 1.2243916 -32.636021
v  0.001748041 1.2243916 -32.377022
v  0.16990556 1.0576817 -32.636574
v  0.63821465 -0.42823315 -31.800045
v  0.56441402 0.5966031 -32.36586
v  0.001748041 -0.97396654 -31.493557
v  0.001748041 1.0915159 -32.63702
v  0.70823878 -0.020302415 -32.175152
v  0.64124203 -0.020044997 -32.176331
v  0.64124203 0.21872705 -32.177898
v  0.62932038 0.35477135 -32.224117
v  0.71392524 0.098558344 -32.160599
v  0.71394485 0.10066123 -31.757288
v  0.64563572 0.10066736 -31.75631
v  0.6454739 0.098557927 -32.161289
v  0.001748041 1.0925421 -31.296082
v  0.17001805 -0.86056268 -31.304773
v  0.001748041 -0.89386368 -31.304773
v  -0.71068615 -0.01452513 -31.744478
v  -0.70568454 -0.16880029 -31.693676
v  -0.62582433 -0.15295631 -31.687603
v  -0.63809764 -0.01397752 -31.735947
v  -0.63626367 0.62582272 -32.082348
v  -0.62314528 0.62128878 -31.540367
v  -0.51244909 0.84018654 -31.397436
v  -0.52424347 0.84750354 -32.181293
v  -0.1963065 1.133405 -32.399723
v  -0.19087784 1.1206311 -31.29743
v  -0.70581597 0.37062335 -31.937912
v  -0.6920709 0.36869296 -31.692827
v  -0.37519953 1.0210278 -32.312016
v  -0.36577597 1.0108376 -31.304773
v  -0.32310733 0.95848531 -31.304773
v  -0.16640948 1.0576823 -31.296082
v  -0.45766681 0.80068588 -31.397436
v  -0.56091797 0.59503746 -31.540367
v  -0.71042919 0.098557927 -32.094334
v  -0.70410073 0.3703005 -32.219921
v  -0.71007675 0.21898586 -32.171852
v  -0.62582433 0.35555497 -31.693085
v  -0.70471323 0.21654226 -31.741684
v  -0.63794678 0.21601555 -31.740061
v  -0.71044874 0.10072375 -31.824327
v  -0.6920709 -0.16922718 -32.222713
v  -0.62582433 -0.15608919 -32.222549
v  -0.56091797 -0.39792106 -32.368992
v  -0.62314528 -0.42417234 -32.368992
v  -0.45766681 -0.60356933 -32.511925
v  -0.51244909 -0.64306998 -32.511925
v  -0.32310736 -0.76136881 -32.604588
v  -0.365776 -0.813721 -32.604588
v  -0.16640954 -0.86056578 -32.636574
v  -0.1908779 -0.92351443 -32.636574
v  -0.45766681 -0.60356873 -31.397436
v  -0.5664407 -0.68210334 -31.397436
v  -0.40780076 -0.8654182 -31.308256
v  -0.32310736 -0.76136827 -31.304773
v  -0.45766681 0.80303454 -32.506443
v  -0.5664407 0.87921989 -32.511925
v  -0.40780073 1.0625347 -32.604588
v  -0.32310733 0.95926785 -32.600674
v  -0.70420712 -0.17335007 -31.969114
v  -0.75799429 -0.18121207 -31.969158
v  -0.78209692 0.098557927 -32.094334
v  -0.41100892 1.0597526 -32.312016
v  -0.56906211 0.87531024 -32.181293
v  -0.19567414 -0.93480259 -31.546833
v  -0.21693079 -0.9848327 -31.543106
v  -0.41075021 -0.86287397 -31.594536
v  -0.37405559 -0.82276946 -31.598265
v  -0.75804716 0.37795979 -31.937902
v  -0.78209579 0.10072375 -31.829718
v  -0.75741643 0.381681 -32.209637
v  -0.56906074 -0.67819583 -31.643988
v  -0.52287102 -0.64953607 -31.643988
v  -0.56091797 -0.39792052 -31.540367
v  -0.68450648 -0.45012456 -31.540367
v  -0.2169354 1.1819475 -32.399723
v  -0.6860109 -0.44623232 -31.800045
v  -0.75741643 -0.18456447 -31.694908
v  -0.21492134 -0.97046131 -31.299564
v  -0.68450648 0.647241 -32.359734
v  -0.68611377 0.64305323 -32.082348
v  -0.21492127 1.1827645 -32.635574
v  -0.16640948 1.0576817 -32.636574
v  -0.6347186 -0.42823315 -31.800045
v  -0.56091797 0.5966031 -32.36586
v  -0.70474273 -0.020302415 -32.175152
v  -0.63774598 -0.020044997 -32.176331
v  -0.62582433 0.35477135 -32.224117
v  -0.63774598 0.21872705 -32.177898
v  -0.71042919 0.098558344 -32.160599
v  -0.7104488 0.10066123 -31.757288
v  -0.64213967 0.10066736 -31.75631
v  -0.64197785 0.098557927 -32.161289
v  -0.16652197 -0.86056268 -31.304773
v  0.7141822 -0.015308328 -29.098112
v  0.64159369 -0.014760718 -29.087231
v  0.62932038 -0.15373948 -29.036537
v  0.70918059 -0.17428198 -29.048092
v  0.63975972 0.6258226 -29.431282
v  0.52773952 0.84750342 -29.53023
v  0.51594514 0.84018642 -28.74637
v  0.62664133 0.62128866 -28.889301
v  0.001748041 1.1726667 -29.724377
v  0.001748041 1.1590555 -28.646811
v  0.19437392 1.120631 -28.646366
v  0.19980258 1.1334049 -29.748657
v  0.69556695 0.35929585 -29.040197
v  0.70931202 0.37062323 -29.286846
v  0.36927208 1.0108374 -28.653708
v  0.37869564 1.0210277 -29.66095
v  0.7084356 -0.017952815 -27.745844
v  0.64146298 -0.017479248 -27.744282
v  0.62932038 -0.14982462 -27.694469
v  0.69556695 -0.16296262 -27.694307
v  0.16990556 1.0576822 -28.645016
v  0.32660344 0.95848525 -28.657623
v  0.46116292 0.80303502 -28.750286
v  0.56441402 0.59503734 -28.889301
v  0.71392524 0.098557808 -29.44327
v  0.7135728 0.21820265 -29.52523
v  0.70759678 0.36638495 -29.57011
v  0.62932038 0.34615788 -29.040453
v  0.64144284 0.21601543 -29.088995
v  0.70820928 0.21654215 -29.090618
v  0.71394479 0.10072364 -29.173264
v  0.69556695 -0.16983452 -29.578045
v  0.62664133 -0.42417246 -29.717928
v  0.56441402 -0.39792114 -29.717928
v  0.62932038 -0.15669653 -29.577881
v  0.51594514 -0.6430701 -29.860859
v  0.46116292 -0.60356945 -29.860859
v  0.36927211 -0.81372112 -29.953522
v  0.32660347 -0.76136893 -29.953522
v  0.19437398 -0.92351454 -29.985508
v  0.16990562 -0.8605659 -29.985508
v  0.001748041 -0.96193904 -29.985954
v  0.001748041 -0.89440006 -29.985954
v  0.46116292 -0.60356885 -28.74637
v  0.32660347 -0.76136833 -28.653708
v  0.41129687 -0.86541826 -28.657192
v  0.56993675 -0.68210346 -28.74637
v  0.46116292 0.80538368 -29.855377
v  0.32660344 0.95848465 -29.953522
v  0.41129684 1.0625346 -29.953522
v  0.56993675 0.87921977 -29.860859
v  0.70770317 -0.17335019 -29.318048
v  0.78559297 0.098557808 -29.44327
v  0.76149035 -0.18121219 -29.318092
v  0.57255816 0.87531012 -29.53023
v  0.41450503 1.0597525 -29.66095
v  0.19917022 -0.93480271 -28.895767
v  0.3775517 -0.82276958 -28.947199
v  0.41424632 -0.86287409 -28.94347
v  0.22042687 -0.98483282 -28.89204
v  0.78559184 0.10072363 -29.178652
v  0.76154321 0.37795967 -29.286837
v  0.76091248 0.38168088 -29.558571
v  0.52636707 -0.64953619 -28.992922
v  0.57255679 -0.67819595 -28.992922
v  0.56441402 -0.39792064 -28.889301
v  0.68800253 -0.45012468 -28.889301
v  0.22043148 1.1819474 -29.748657
v  0.68950695 -0.44623244 -29.148979
v  0.76091248 -0.18456456 -29.043842
v  0.001748041 -1.0272752 -28.838764
v  0.21841742 -0.97046143 -28.648499
v  0.001748041 -1.0174531 -28.648945
v  0.68800253 0.64724088 -29.70867
v  0.68960983 0.64305311 -29.431282
v  0.21841735 1.1827644 -29.98451
v  0.001748041 1.2243915 -29.984955
v  0.001748041 1.2243915 -29.725956
v  0.16990556 1.0576816 -29.985508
v  0.63821465 -0.42823327 -29.148979
v  0.56441402 0.59503686 -29.717928
v  0.001748041 -0.97396666 -28.842493
v  0.001748041 1.0915158 -29.985954
v  0.70823878 -0.015375055 -29.521946
v  0.64124203 -0.015117638 -29.523125
v  0.71381348 -0.017964557 -28.174982
v  0.71452171 0.098140448 -28.093447
v  0.70918059 -0.1695835 -28.225023
v  0.63975972 0.6258226 -27.835457
v  0.62664133 0.6212886 -28.377436
v  0.51594514 0.84410179 -28.517757
v  0.52773952 0.84750342 -27.736509
v  0.19980258 1.1334049 -27.518082
v  0.19437392 1.120631 -28.645016
v  0.001748041 1.1590555 -28.645462
v  0.001748041 1.1726667 -27.54236
v  0.70931202 0.37062323 -27.979891
v  0.69556695 0.36216715 -28.230196
v  0.37869564 1.0210277 -27.605787
v  0.36927208 1.0108374 -28.613029
v  0.32660344 0.95848519 -28.613029
v  0.46116292 0.80460113 -28.517757
v  0.56441402 0.59503734 -28.377436
v  0.62932038 0.34902915 -28.229939
v  0.64146507 -0.017454773 -28.180279
v  0.62932038 -0.15373951 -28.22785
v  0.70790756 0.21502927 -28.17868
v  0.56441402 -0.39792064 -28.377436
v  0.68800253 -0.45012474 -28.373657
v  0.46116292 -0.60356891 -28.520367
v  0.56993675 -0.68210351 -28.520367
v  0.41129687 -0.86288708 -28.613029
v  0.32660347 -0.76136839 -28.613029
v  0.46116292 0.80068523 -27.40588
v  0.56993675 0.87921983 -27.405878
v  0.41129684 1.0625347 -27.313215
v  0.32660344 0.95848465 -27.313215
v  0.70770317 -0.17335019 -27.948689
v  0.76149035 -0.18121219 -27.948645
v  0.78559297 0.098557808 -27.827658
v  0.71400934 0.098917671 -27.827658
v  0.41450503 1.0597525 -27.605787
v  0.57255816 0.87531012 -27.736509
v  0.52636707 -0.64953625 -28.273815
v  0.63821465 -0.42823327 -28.117758
v  0.62664133 -0.42417246 -27.548809
v  0.51594514 -0.64307004 -27.405878
v  0.71366328 0.21574613 -27.750702
v  0.70759678 0.36977834 -27.699492
v  0.19917022 -0.93480259 -28.37097
v  0.3775517 -0.82276964 -28.319538
v  0.36927211 -0.81372106 -27.313215
v  0.19437398 -0.92351454 -27.281231
v  0.22042687 -0.9848327 -28.374657
v  0.41424632 -0.86287415 -28.323225
v  0.76154321 0.37795967 -27.9799
v  0.78559184 0.098558396 -28.089506
v  0.76091248 0.38037574 -27.714195
v  0.57255679 -0.67819601 -28.273815
v  0.22043148 1.1819474 -27.518082
v  0.68950695 -0.44623244 -28.117758
v  0.76091248 -0.18456459 -28.219294
v  0.001748041 -1.0272751 -28.427933
v  0.001748041 -1.0174531 -28.641937
v  0.21841742 -0.97046143 -28.641493
v  0.68800253 0.64724088 -27.548809
v  0.68960983 0.64305311 -27.835457
v  0.21841735 1.1827644 -27.281231
v  0.001748041 1.2243915 -27.281231
v  0.001748041 1.2243915 -27.541424
v  0.16990556 1.0576816 -27.281231
v  0.56441402 0.5950368 -27.548809
v  0.001748041 -0.97396654 -28.424246
v  0.001748041 1.0915158 -27.280785
v  0.64146507 0.21457158 -28.180279
v  0.001748041 -0.96193904 -27.280785
v  0.62932038 0.35424918 -27.692774
v  0.64146298 0.21524745 -27.741673
v  0.56441402 -0.39792117 -27.548809
v  0.46116292 -0.60356945 -27.405878
v  0.32660347 -0.76136887 -27.313215
v  0.16990562 -0.8605659 -27.281231
v  0.001748041 -0.89440006 -27.280785
v  0.64124203 0.21794385 -29.531273
v  0.62932038 0.3508558 -29.574305
v  0.71392524 0.092847653 -29.508316
v  0.71394485 0.10066111 -29.106222
v  0.71400934 0.098565161 -27.760338
v  0.71452171 0.1005213 -28.163063
v  0.64560336 0.098557808 -27.759398
v  0.64563572 0.10066724 -29.105244
v  0.6454739 0.092847243 -29.509008
v  0.64560461 0.10051612 -28.163826
v  0.001748041 1.0913516 -28.645016
v  0.16944376 -0.86149508 -28.641493
v  0.001748041 -0.89455229 -28.641493
v  0.001748041 1.0925419 -28.645016
v  0.17001805 -0.86056274 -28.653708
v  0.001748041 -0.89386374 -28.653708
v  -0.71068615 -0.015308328 -29.098112
v  -0.70568454 -0.17428198 -29.048092
v  -0.62582433 -0.15373948 -29.036537
v  -0.63809764 -0.014760718 -29.087231
v  -0.63626367 0.6258226 -29.431282
v  -0.62314528 0.62128866 -28.889301
v  -0.51244909 0.84018642 -28.74637
v  -0.52424347 0.84750342 -29.53023
v  -0.1963065 1.1334049 -29.748657
v  -0.19087784 1.120631 -28.646366
v  -0.70581597 0.37062323 -29.286846
v  -0.6920709 0.35929585 -29.040197
v  -0.37519953 1.0210277 -29.66095
v  -0.36577597 1.0108374 -28.653708
v  -0.70493954 -0.017952815 -27.745844
v  -0.6920709 -0.16296262 -27.694307
v  -0.62582433 -0.14982462 -27.694469
v  -0.63796693 -0.017479248 -27.744282
v  -0.32310733 0.95848525 -28.657623
v  -0.16640948 1.0576822 -28.645016
v  -0.45766681 0.80303502 -28.750286
v  -0.56091797 0.59503734 -28.889301
v  -0.71042919 0.098557808 -29.44327
v  -0.70410073 0.36638495 -29.57011
v  -0.71007675 0.21820265 -29.521572
v  -0.62582433 0.34615788 -29.040453
v  -0.70471323 0.21654215 -29.090618
v  -0.63794678 0.21601543 -29.088995
v  -0.71044874 0.10072364 -29.173264
v  -0.6920709 -0.16983452 -29.57876
v  -0.62582433 -0.15669653 -29.575224
v  -0.56091797 -0.39792114 -29.717928
v  -0.62314528 -0.42417246 -29.717928
v  -0.45766681 -0.60356945 -29.860859
v  -0.51244909 -0.6430701 -29.860859
v  -0.32310736 -0.76136893 -29.953522
v  -0.365776 -0.81372112 -29.953522
v  -0.16640954 -0.8605659 -29.985508
v  -0.1908779 -0.92351454 -29.985508
v  -0.45766681 -0.60356885 -28.74637
v  -0.5664407 -0.68210346 -28.74637
v  -0.40780076 -0.86541826 -28.657192
v  -0.32310736 -0.76136833 -28.653708
v  -0.45766681 0.80538368 -29.855377
v  -0.5664407 0.87921977 -29.860859
v  -0.40780073 1.0625346 -29.953522
v  -0.32310733 0.95848465 -29.953522
v  -0.70420712 -0.17335019 -29.318048
v  -0.75799429 -0.18121219 -29.318092
v  -0.78209692 0.098557808 -29.44327
v  -0.41100892 1.0597525 -29.66095
v  -0.56906211 0.87531012 -29.53023
v  -0.19567414 -0.93480271 -28.895767
v  -0.21693079 -0.98483282 -28.89204
v  -0.41075021 -0.86287409 -28.94347
v  -0.37405559 -0.82276958 -28.947199
v  -0.75804716 0.37795967 -29.286837
v  -0.78209579 0.10072363 -29.178652
v  -0.75741643 0.38168088 -29.558571
v  -0.56906074 -0.67819595 -28.992922
v  -0.52287102 -0.64953619 -28.992922
v  -0.56091797 -0.39792064 -28.889301
v  -0.68450648 -0.45012468 -28.889301
v  -0.2169354 1.1819474 -29.748657
v  -0.6860109 -0.44623244 -29.148979
v  -0.75741643 -0.18456456 -29.043842
v  -0.21492134 -0.97046143 -28.648499
v  -0.68450648 0.64724088 -29.70867
v  -0.68611377 0.64305311 -29.431282
v  -0.21492127 1.1827644 -29.98451
v  -0.16640948 1.0576816 -29.985508
v  -0.6347186 -0.42823327 -29.148979
v  -0.56091797 0.59503686 -29.717928
v  -0.70474273 -0.015375055 -29.517365
v  -0.63774598 -0.015117638 -29.518543
v  -0.71031743 -0.017964557 -28.174982
v  -0.70568454 -0.1695835 -28.225023
v  -0.71102566 0.098140448 -28.093447
v  -0.63626367 0.6258226 -27.835457
v  -0.52424347 0.84750342 -27.736509
v  -0.51244909 0.84410179 -28.517757
v  -0.62314528 0.6212886 -28.377436
v  -0.1963065 1.1334049 -27.518082
v  -0.19087784 1.120631 -28.645016
v  -0.6920709 0.36216715 -28.230196
v  -0.70581597 0.37062323 -27.979891
v  -0.36577597 1.0108374 -28.613029
v  -0.37519953 1.0210277 -27.605787
v  -0.32310733 0.95848519 -28.613029
v  -0.45766681 0.80460113 -28.517757
v  -0.56091797 0.59503734 -28.377436
v  -0.62582433 0.34902915 -28.229939
v  -0.63796902 -0.017454773 -28.180279
v  -0.62582433 -0.15373951 -28.22785
v  -0.70441151 0.21502927 -28.17868
v  -0.56091797 -0.39792064 -28.377436
v  -0.68450648 -0.45012474 -28.373657
v  -0.45766681 -0.60356891 -28.520367
v  -0.32310736 -0.76136839 -28.613029
v  -0.40780076 -0.86288708 -28.613029
v  -0.5664407 -0.68210351 -28.520367
v  -0.45766681 0.80068523 -27.40588
v  -0.32310733 0.95848465 -27.313215
v  -0.40780073 1.0625347 -27.313215
v  -0.5664407 0.87921983 -27.405878
v  -0.70420712 -0.17335019 -27.948689
v  -0.71051329 0.098917671 -27.827658
v  -0.78209692 0.098557808 -27.827658
v  -0.75799429 -0.18121219 -27.948645
v  -0.56906211 0.87531012 -27.736509
v  -0.41100892 1.0597525 -27.605787
v  -0.52287102 -0.64953625 -28.273815
v  -0.51244909 -0.64307004 -27.405878
v  -0.62314528 -0.42417246 -27.548809
v  -0.6347186 -0.42823327 -28.117758
v  -0.71016723 0.21574613 -27.750702
v  -0.70410073 0.36977834 -27.699492
v  -0.19567414 -0.93480259 -28.37097
v  -0.1908779 -0.92351454 -27.281231
v  -0.365776 -0.81372106 -27.313215
v  -0.37405559 -0.82276964 -28.319538
v  -0.41075021 -0.86287415 -28.323225
v  -0.21693079 -0.9848327 -28.374657
v  -0.78209579 0.098558396 -28.089506
v  -0.75804716 0.37795967 -27.9799
v  -0.75741643 0.38037574 -27.714195
v  -0.56906074 -0.67819601 -28.273815
v  -0.2169354 1.1819474 -27.518082
v  -0.6860109 -0.44623244 -28.117758
v  -0.75741643 -0.18456459 -28.219294
v  -0.21492134 -0.97046143 -28.641493
v  -0.68450648 0.64724088 -27.548809
v  -0.68611377 0.64305311 -27.835457
v  -0.21492127 1.1827644 -27.281231
v  -0.16640948 1.0576816 -27.281231
v  -0.56091797 0.5950368 -27.548809
v  -0.63796902 0.21457158 -28.180279
v  -0.63796693 0.21524745 -27.741673
v  -0.62582433 0.35424918 -27.692774
v  -0.56091797 -0.39792117 -27.548809
v  -0.45766681 -0.60356945 -27.405878
v  -0.32310736 -0.76136887 -27.313215
v  -0.16640954 -0.8605659 -27.281231
v  -0.62582433 0.3508558 -29.574305
v  -0.63774598 0.21794385 -29.527615
v  -0.71042919 0.092847653 -29.505997
v  -0.7104488 0.10066111 -29.106222
v  -0.71051329 0.098565161 -27.760338
v  -0.71102566 0.1005213 -28.163063
v  -0.64210731 0.098557808 -27.759398
v  -0.64213967 0.10066724 -29.105244
v  -0.64197785 0.092847243 -29.506687
v  -0.64210856 0.10051612 -28.163826
v  -0.16594768 -0.86149508 -28.641493
v  -0.16652197 -0.86056274 -28.653708
v  0.7141822 -0.015308447 -26.445089
v  0.64159369 -0.014760837 -26.436558
v  0.62932038 -0.1564804 -26.384428
v  0.70918059 -0.17297697 -26.392458
v  0.63975972 0.62582248 -26.780216
v  0.52773952 0.8475033 -26.879164
v  0.51594514 0.84410173 -26.097916
v  0.62664133 0.62128854 -26.238235
v  0.001748041 1.1726665 -27.073313
v  0.001748041 1.1590554 -25.995745
v  0.19437392 1.1206309 -25.9953
v  0.19980258 1.1334047 -27.097591
v  0.69556695 0.36477733 -26.386129
v  0.70931202 0.37062311 -26.635782
v  0.36927208 1.0108373 -26.002644
v  0.37869564 1.0210276 -27.009886
v  0.7084356 -0.017013229 -25.092899
v  0.64146298 -0.016539663 -25.091337
v  0.62932038 -0.15374017 -25.044188
v  0.69556695 -0.16687816 -25.044025
v  0.16990556 1.0576822 -25.99395
v  0.32660344 0.95848513 -26.002644
v  0.46116292 0.80460107 -26.097916
v  0.56441402 0.59503722 -26.238235
v  0.71392524 0.098557696 -26.792204
v  0.7135728 0.21929885 -26.86894
v  0.70759678 0.36826426 -26.916225
v  0.62932038 0.35163933 -26.386387
v  0.64144284 0.21275246 -26.435972
v  0.70820928 0.21327917 -26.437595
v  0.71394479 0.10072352 -26.522198
v  0.69556695 -0.16781786 -26.919643
v  0.62664133 -0.42417258 -27.066862
v  0.56441402 -0.39792126 -27.066862
v  0.62932038 -0.15467986 -26.919479
v  0.51594514 -0.64307022 -27.209793
v  0.46116292 -0.60356957 -27.209793
v  0.36927211 -0.81372118 -27.302456
v  0.32660347 -0.76136899 -27.302456
v  0.19437398 -0.92351466 -27.334442
v  0.16990562 -0.86056596 -27.334442
v  0.001748041 -0.96193916 -27.334888
v  0.001748041 -0.89440012 -27.334888
v  0.46116292 -0.60356897 -26.095306
v  0.32660347 -0.76136845 -26.002644
v  0.41129687 -0.86541837 -26.006126
v  0.56993675 -0.68210357 -26.095306
v  0.46116292 0.80068505 -27.209793
v  0.32660344 0.95848459 -27.302456
v  0.41129684 1.0625346 -27.302456
v  0.56993675 0.87921965 -27.209793
v  0.70770317 -0.1733503 -26.666983
v  0.78559297 0.098557696 -26.792204
v  0.76149035 -0.18121231 -26.667028
v  0.57255816 0.87531 -26.879164
v  0.41450503 1.0597523 -27.009886
v  0.19917022 -0.93480283 -26.244703
v  0.3775517 -0.8227697 -26.296133
v  0.41424632 -0.86287421 -26.292404
v  0.22042687 -0.98483294 -26.240974
v  0.78559184 0.10072352 -26.527588
v  0.76154321 0.37795955 -26.635771
v  0.76091248 0.38168076 -26.907505
v  0.52636707 -0.64953631 -26.341856
v  0.57255679 -0.67819607 -26.341856
v  0.56441402 -0.39792076 -26.238235
v  0.68800253 -0.4501248 -26.238235
v  0.22043148 1.1819472 -27.097591
v  0.68950695 -0.44623256 -26.497913
v  0.76091248 -0.18456468 -26.392776
v  0.001748041 -1.0272753 -26.187698
v  0.21841742 -0.97046155 -25.997435
v  0.001748041 -1.0174532 -25.997879
v  0.68800253 0.64724076 -27.057604
v  0.68960983 0.643053 -26.780216
v  0.21841735 1.1827643 -27.333445
v  0.001748041 1.2243913 -27.333891
v  0.001748041 1.2243913 -27.07489
v  0.16990556 1.0576816 -27.334442
v  0.63821465 -0.42823339 -26.497913
v  0.56441402 0.59503675 -27.066862
v  0.001748041 -0.97396678 -26.191427
v  0.001748041 1.0915158 -27.334888
v  0.70823878 -0.018423244 -26.876623
v  0.64124203 -0.018165827 -26.877802
v  0.71381348 -0.017964669 -25.524857
v  0.71452171 0.098140337 -25.442381
v  0.70918059 -0.17428213 -25.577402
v  0.63975972 0.62582248 -25.184391
v  0.62664133 0.62128848 -25.726372
v  0.51594514 0.84018624 -25.869301
v  0.52773952 0.8475033 -25.085443
v  0.19980258 1.1334047 -24.867016
v  0.19437392 1.1206309 -25.99395
v  0.001748041 1.1590554 -25.994396
v  0.001748041 1.1726665 -24.891296
v  0.70931202 0.37062311 -25.328825
v  0.69556695 0.36869273 -25.57391
v  0.37869564 1.0210276 -24.954723
v  0.36927208 1.0108373 -25.961964
v  0.32660344 0.95848513 -25.961964
v  0.46116292 0.80068558 -25.869301
v  0.56441402 0.59503722 -25.726372
v  0.62932038 0.35555473 -25.573654
v  0.64146507 -0.017454885 -25.530153
v  0.62932038 -0.15843815 -25.580231
v  0.70790756 0.21502917 -25.527615
v  0.56441402 -0.39792076 -25.724491
v  0.68800253 -0.45012486 -25.722591
v  0.46116292 -0.60356903 -25.868362
v  0.56993675 -0.68210363 -25.869301
v  0.41129687 -0.86288714 -25.961964
v  0.32660347 -0.76136845 -25.961964
v  0.46116292 0.80068511 -24.754814
v  0.56993675 0.87921971 -24.754814
v  0.41129684 1.0625346 -24.662151
v  0.32660344 0.95848453 -24.662151
v  0.70770317 -0.1733503 -25.297625
v  0.76149035 -0.18121231 -25.297579
v  0.78559297 0.098557696 -25.176592
v  0.71400934 0.098917559 -25.176592
v  0.41450503 1.0597523 -24.954723
v  0.57255816 0.87531 -25.085443
v  0.52636707 -0.64953637 -25.622751
v  0.63821465 -0.42823339 -25.466694
v  0.62664133 -0.42417258 -24.897743
v  0.51594514 -0.64307016 -24.754814
v  0.71366328 0.21509343 -25.102245
v  0.70759678 0.36920395 -25.049026
v  0.19917022 -0.93480271 -25.719904
v  0.3775517 -0.82276976 -25.668474
v  0.36927211 -0.81372118 -24.662151
v  0.19437398 -0.92351466 -24.630165
v  0.22042687 -0.98483282 -25.723591
v  0.41424632 -0.86287427 -25.672161
v  0.76154321 0.37795955 -25.328836
v  0.78559184 0.098558284 -25.43844
v  0.76091248 0.37980136 -25.063728
v  0.57255679 -0.67819613 -25.622751
v  0.22043148 1.1819472 -24.867016
v  0.68950695 -0.44623256 -25.466694
v  0.76091248 -0.18456471 -25.568228
v  0.001748041 -1.0272752 -25.776867
v  0.001748041 -1.0174532 -25.990871
v  0.21841742 -0.97046155 -25.990427
v  0.68800253 0.64724076 -24.897743
v  0.68960983 0.643053 -25.184391
v  0.21841735 1.1827643 -24.630165
v  0.001748041 1.2243913 -24.630167
v  0.001748041 1.2243913 -24.890358
v  0.16990556 1.0576816 -24.630165
v  0.56441402 0.59503669 -24.897743
v  0.001748041 -0.97396666 -25.77318
v  0.001748041 1.0915158 -24.629719
v  0.64146507 0.21457148 -25.529213
v  0.001748041 -0.96193916 -24.629719
v  0.62932038 0.3536748 -25.042309
v  0.64146298 0.21459475 -25.093216
v  0.56441402 -0.39792129 -24.897745
v  0.46116292 -0.60356957 -24.754814
v  0.32660347 -0.76136899 -24.662151
v  0.16990562 -0.86056596 -24.630165
v  0.001748041 -0.89440012 -24.629719
v  0.64124203 0.21904004 -26.874983
v  0.62932038 0.3527351 -26.92042
v  0.71392524 0.10043751 -26.860348
v  0.71394485 0.10066099 -26.453199
v  0.71400934 0.098565049 -25.109272
v  0.71452171 0.096684076 -25.511423
v  0.64560336 0.098557688 -25.108332
v  0.64563572 0.10066713 -26.452221
v  0.6454739 0.1004371 -26.861038
v  0.64560461 0.096678883 -25.512186
v  0.001748041 1.0913515 -25.99395
v  0.16944376 -0.86149514 -25.990427
v  0.001748041 -0.89455235 -25.990427
v  0.001748041 1.0925418 -25.99395
v  0.17001805 -0.86056286 -26.002644
v  0.001748041 -0.89386386 -26.002644
v  -0.71068615 -0.015308447 -26.445089
v  -0.70568454 -0.17297697 -26.392458
v  -0.62582433 -0.1564804 -26.384428
v  -0.63809764 -0.014760837 -26.436558
v  -0.63626367 0.62582248 -26.780216
v  -0.62314528 0.62128854 -26.238235
v  -0.51244909 0.84410173 -26.097916
v  -0.52424347 0.8475033 -26.879164
v  -0.1963065 1.1334047 -27.097591
v  -0.19087784 1.1206309 -25.9953
v  -0.70581597 0.37062311 -26.635782
v  -0.6920709 0.36477733 -26.386129
v  -0.37519953 1.0210276 -27.009886
v  -0.36577597 1.0108373 -26.002644
v  -0.70493954 -0.017013229 -25.092899
v  -0.6920709 -0.16687816 -25.044025
v  -0.62582433 -0.15374017 -25.044188
v  -0.63796693 -0.016539663 -25.091337
v  -0.32310733 0.95848513 -26.002644
v  -0.16640948 1.0576822 -25.99395
v  -0.45766681 0.80460107 -26.097916
v  -0.56091797 0.59503722 -26.238235
v  -0.71042919 0.098557696 -26.792204
v  -0.70410073 0.36826426 -26.916225
v  -0.71007675 0.21929885 -26.86894
v  -0.62582433 0.35163933 -26.386387
v  -0.70471323 0.21327917 -26.437595
v  -0.63794678 0.21275246 -26.435972
v  -0.71044874 0.10072352 -26.522198
v  -0.6920709 -0.16781786 -26.919643
v  -0.62582433 -0.15467986 -26.919479
v  -0.56091797 -0.39792126 -27.066862
v  -0.62314528 -0.42417258 -27.066862
v  -0.45766681 -0.60356957 -27.209793
v  -0.51244909 -0.64307022 -27.209793
v  -0.32310736 -0.76136899 -27.302456
v  -0.365776 -0.81372118 -27.302456
v  -0.16640954 -0.86056596 -27.334442
v  -0.1908779 -0.92351466 -27.334442
v  -0.45766681 -0.60356897 -26.095306
v  -0.5664407 -0.68210357 -26.095306
v  -0.40780076 -0.86541837 -26.006126
v  -0.32310736 -0.76136845 -26.002644
v  -0.45766681 0.80068505 -27.209793
v  -0.5664407 0.87921965 -27.209793
v  -0.40780073 1.0625346 -27.302456
v  -0.32310733 0.95848459 -27.302456
v  -0.70420712 -0.1733503 -26.666983
v  -0.75799429 -0.18121231 -26.667028
v  -0.78209692 0.098557696 -26.792204
v  -0.41100892 1.0597523 -27.009886
v  -0.56906211 0.87531 -26.879164
v  -0.19567414 -0.93480283 -26.244703
v  -0.21693079 -0.98483294 -26.240974
v  -0.41075021 -0.86287421 -26.292404
v  -0.37405559 -0.8227697 -26.296133
v  -0.75804716 0.37795955 -26.635771
v  -0.78209579 0.10072352 -26.527588
v  -0.75741643 0.38168076 -26.907505
v  -0.56906074 -0.67819607 -26.341856
v  -0.52287102 -0.64953631 -26.341856
v  -0.56091797 -0.39792076 -26.238235
v  -0.68450648 -0.4501248 -26.238235
v  -0.2169354 1.1819472 -27.097591
v  -0.6860109 -0.44623256 -26.497913
v  -0.75741643 -0.18456468 -26.392776
v  -0.21492134 -0.97046155 -25.997435
v  -0.68450648 0.64724076 -27.057604
v  -0.68611377 0.643053 -26.780216
v  -0.21492127 1.1827643 -27.333445
v  -0.16640948 1.0576816 -27.334442
v  -0.6347186 -0.42823339 -26.497913
v  -0.56091797 0.59503675 -27.066862
v  -0.70474273 -0.018423244 -26.876623
v  -0.63774598 -0.018165827 -26.877802
v  -0.71031743 -0.017964669 -25.524857
v  -0.70568454 -0.17428213 -25.577402
v  -0.71102566 0.098140337 -25.442381
v  -0.63626367 0.62582248 -25.184391
v  -0.52424347 0.8475033 -25.085443
v  -0.51244909 0.84018624 -25.869301
v  -0.62314528 0.62128848 -25.726372
v  -0.1963065 1.1334047 -24.867016
v  -0.19087784 1.1206309 -25.99395
v  -0.6920709 0.36869273 -25.57391
v  -0.70581597 0.37062311 -25.328825
v  -0.36577597 1.0108373 -25.961964
v  -0.37519953 1.0210276 -24.954723
v  -0.32310733 0.95848513 -25.961964
v  -0.45766681 0.80068558 -25.869301
v  -0.56091797 0.59503722 -25.726372
v  -0.62582433 0.35555473 -25.573654
v  -0.63796902 -0.017454885 -25.530153
v  -0.62582433 -0.15843815 -25.580231
v  -0.70441151 0.21502917 -25.527615
v  -0.56091797 -0.39792076 -25.724491
v  -0.68450648 -0.45012486 -25.722591
v  -0.45766681 -0.60356903 -25.868362
v  -0.32310736 -0.76136845 -25.961964
v  -0.40780076 -0.86288714 -25.961964
v  -0.5664407 -0.68210363 -25.869301
v  -0.45766681 0.80068511 -24.754814
v  -0.32310733 0.95848453 -24.662151
v  -0.40780073 1.0625346 -24.662151
v  -0.5664407 0.87921971 -24.754814
v  -0.70420712 -0.1733503 -25.297625
v  -0.71051329 0.098917559 -25.176592
v  -0.78209692 0.098557696 -25.176592
v  -0.75799429 -0.18121231 -25.297579
v  -0.56906211 0.87531 -25.085443
v  -0.41100892 1.0597523 -24.954723
v  -0.52287102 -0.64953637 -25.622751
v  -0.51244909 -0.64307016 -24.754814
v  -0.62314528 -0.42417258 -24.897743
v  -0.6347186 -0.42823339 -25.466694
v  -0.71016723 0.21509343 -25.102245
v  -0.70410073 0.36920395 -25.049026
v  -0.19567414 -0.93480271 -25.719904
v  -0.1908779 -0.92351466 -24.630165
v  -0.365776 -0.81372118 -24.662151
v  -0.37405559 -0.82276976 -25.668474
v  -0.41075021 -0.86287427 -25.672161
v  -0.21693079 -0.98483282 -25.723591
v  -0.78209579 0.098558284 -25.43844
v  -0.75804716 0.37795955 -25.328836
v  -0.75741643 0.37980136 -25.063728
v  -0.56906074 -0.67819613 -25.622751
v  -0.2169354 1.1819472 -24.867016
v  -0.6860109 -0.44623256 -25.466694
v  -0.75741643 -0.18456471 -25.568228
v  -0.21492134 -0.97046155 -25.990427
v  -0.68450648 0.64724076 -24.897743
v  -0.68611377 0.643053 -25.184391
v  -0.21492127 1.1827643 -24.630165
v  -0.16640948 1.0576816 -24.630165
v  -0.56091797 0.59503669 -24.897743
v  -0.63796902 0.21457148 -25.529213
v  -0.63796693 0.21459475 -25.093216
v  -0.62582433 0.3536748 -25.042309
v  -0.56091797 -0.39792129 -24.897745
v  -0.45766681 -0.60356957 -24.754814
v  -0.32310736 -0.76136899 -24.662151
v  -0.16640954 -0.86056596 -24.630165
v  -0.62582433 0.3527351 -26.92042
v  -0.63774598 0.21904004 -26.874983
v  -0.71042919 0.10043751 -26.860348
v  -0.7104488 0.10066099 -26.453199
v  -0.71051329 0.098565049 -25.109272
v  -0.71102566 0.096684076 -25.511423
v  -0.64210731 0.098557688 -25.108332
v  -0.64213967 0.10066713 -26.452221
v  -0.64197785 0.1004371 -26.861038
v  -0.64210856 0.096678883 -25.512186
v  -0.16594768 -0.86149514 -25.990427
v  -0.16652197 -0.86056286 -26.002644
v  0.7141822 -0.015308559 -23.792065
v  0.64159369 -0.014760956 -23.783535
v  0.62932038 -0.15452281 -23.731276
v  0.70918059 -0.17036679 -23.737347
v  0.63975972 0.62582237 -24.12915
v  0.52773952 0.84750319 -24.228098
v  0.51594514 0.84018618 -23.444241
v  0.62664133 0.62128842 -23.587172
v  0.001748041 1.1726664 -24.422247
v  0.001748041 1.1590552 -23.344681
v  0.19437392 1.1206307 -23.344234
v  0.19980258 1.1334046 -24.446526
v  0.69556695 0.36151436 -23.73637
v  0.70931202 0.37062299 -23.984716
v  0.36927208 1.0108372 -23.351578
v  0.37869564 1.0210274 -24.35882
v  0.7084356 -0.020302303 -22.440582
v  0.64146298 -0.019828729 -22.439018
v  0.62932038 -0.15217412 -22.393124
v  0.69556695 -0.16531211 -22.39296
v  0.16990556 1.057682 -23.342884
v  0.32660344 0.95848501 -23.351578
v  0.46116292 0.80068552 -23.444241
v  0.56441402 0.59503716 -23.587172
v  0.71392524 0.098557577 -24.14114
v  0.7135728 0.21585315 -24.220224
v  0.70759678 0.36945182 -24.26862
v  0.62932038 0.34837636 -23.736626
v  0.64144284 0.21601519 -23.786865
v  0.70820928 0.21654192 -23.788486
v  0.71394479 0.1007234 -23.871132
v  0.69556695 -0.16819385 -24.271961
v  0.62664133 -0.4241727 -24.415798
v  0.56441402 -0.39792138 -24.415798
v  0.62932038 -0.15505585 -24.271797
v  0.51594514 -0.64307028 -24.558729
v  0.46116292 -0.60356963 -24.558729
v  0.36927211 -0.8137213 -24.651392
v  0.32660347 -0.76136911 -24.651392
v  0.19437398 -0.92351478 -24.683376
v  0.16990562 -0.86056608 -24.683376
v  0.001748041 -0.96193928 -24.683823
v  0.001748041 -0.89440024 -24.683823
v  0.46116292 -0.60356909 -23.444241
v  0.32660347 -0.76136857 -23.351578
v  0.41129687 -0.86541849 -23.355061
v  0.56993675 -0.68210369 -23.444241
v  0.46116292 0.80068499 -24.558729
v  0.32660344 0.95848447 -24.651392
v  0.41129684 1.0625345 -24.651392
v  0.56993675 0.87921959 -24.558729
v  0.70770317 -0.17335042 -24.015919
v  0.78559297 0.098557577 -24.14114
v  0.76149035 -0.18121243 -24.015963
v  0.57255816 0.87530988 -24.228098
v  0.41450503 1.0597522 -24.35882
v  0.19917022 -0.93480295 -23.593637
v  0.3775517 -0.82276982 -23.645069
v  0.41424632 -0.86287433 -23.64134
v  0.22042687 -0.98483306 -23.589909
v  0.78559184 0.1007234 -23.876522
v  0.76154321 0.37795943 -23.984707
v  0.76091248 0.38004923 -24.264597
v  0.52636707 -0.64953643 -23.690792
v  0.57255679 -0.67819619 -23.690792
v  0.56441402 -0.39792085 -23.587172
v  0.68800253 -0.45012492 -23.587172
v  0.22043148 1.1819471 -24.446526
v  0.68950695 -0.44623268 -23.846848
v  0.76091248 -0.1845648 -23.741711
v  0.001748041 -1.0272754 -23.536633
v  0.21841742 -0.97046167 -23.346369
v  0.001748041 -1.0174533 -23.346813
v  0.68800253 0.64724064 -24.40654
v  0.68960983 0.64305288 -24.12915
v  0.21841735 1.1827642 -24.682381
v  0.001748041 1.2243912 -24.682825
v  0.001748041 1.2243912 -24.423824
v  0.16990556 1.0576814 -24.683376
v  0.63821465 -0.4282335 -23.846848
v  0.56441402 0.59503663 -24.415798
v  0.001748041 -0.9739669 -23.540361
v  0.001748041 1.0915157 -24.683823
v  0.70823878 -0.019519679 -24.224306
v  0.64124203 -0.019262262 -24.225485
v  0.71381348 -0.017964788 -22.87285
v  0.71452171 0.098140217 -22.791317
v  0.70918059 -0.17210698 -22.927372
v  0.63975972 0.62582237 -22.533325
v  0.62664133 0.62128836 -23.075306
v  0.51594514 0.84018618 -23.218237
v  0.52773952 0.84750319 -22.43438
v  0.19980258 1.1334046 -22.21595
v  0.19437392 1.1206307 -23.342884
v  0.001748041 1.1590552 -23.34333
v  0.001748041 1.1726664 -22.240231
v  0.70931202 0.37062299 -22.677761
v  0.69556695 0.36869264 -22.922844
v  0.37869564 1.0210274 -22.303658
v  0.36927208 1.0108372 -23.3109
v  0.32660344 0.95848501 -23.3109
v  0.46116292 0.80068552 -23.218237
v  0.56441402 0.5950371 -23.075306
v  0.62932038 0.35555464 -22.922588
v  0.64146507 -0.017455004 -22.878147
v  0.62932038 -0.15626299 -22.930201
v  0.70790756 0.21502905 -22.876549
v  0.56441402 -0.39792088 -23.075306
v  0.68800253 -0.45012498 -23.071526
v  0.46116292 -0.60356909 -23.218235
v  0.56993675 -0.68210369 -23.218235
v  0.41129687 -0.86288726 -23.310898
v  0.32660347 -0.76136857 -23.310898
v  0.46116292 0.80225116 -22.108448
v  0.56993675 0.87921959 -22.111265
v  0.41129684 1.0625345 -22.011086
v  0.32660344 0.95848441 -22.011086
v  0.70770317 -0.17335042 -22.646559
v  0.76149035 -0.18121243 -22.646515
v  0.78559297 0.098557577 -22.525528
v  0.71400934 0.09891744 -22.525528
v  0.41450503 1.0597522 -22.303658
v  0.57255816 0.87530988 -22.43438
v  0.52636707 -0.64953649 -22.971685
v  0.63821465 -0.4282335 -22.815628
v  0.62664133 -0.4241727 -22.246679
v  0.51594514 -0.64307028 -22.103748
v  0.71366328 0.21509333 -22.45118
v  0.70759678 0.37108323 -22.388878
v  0.19917022 -0.93480283 -23.06884
v  0.3775517 -0.82276988 -23.017408
v  0.36927211 -0.8137213 -22.011086
v  0.19437398 -0.92351478 -21.979099
v  0.22042687 -0.98483294 -23.072525
v  0.41424632 -0.86287439 -23.021095
v  0.76154321 0.37795943 -22.677771
v  0.78559184 0.098558165 -22.787376
v  0.76091248 0.38168064 -22.40358
v  0.57255679 -0.67819625 -22.971685
v  0.22043148 1.1819471 -22.21595
v  0.68950695 -0.44623268 -22.815628
v  0.76091248 -0.1845648 -22.917164
v  0.001748041 -1.0272753 -23.125801
v  0.001748041 -1.0174533 -23.339806
v  0.21841742 -0.97046167 -23.339361
v  0.68800253 0.64724064 -22.250439
v  0.68960983 0.64305288 -22.533325
v  0.21841735 1.1827642 -21.979099
v  0.001748041 1.2243912 -21.979101
v  0.001748041 1.2243912 -22.239292
v  0.16990556 1.0576814 -21.979099
v  0.56441402 0.59503663 -22.246679
v  0.001748041 -0.97396678 -23.122116
v  0.001748041 1.0915157 -21.978653
v  0.64146507 0.21457136 -22.878147
v  0.001748041 -0.96193928 -21.978653
v  0.62932038 0.35555407 -22.38216
v  0.64146298 0.21459463 -22.44215
v  0.56441402 -0.39792138 -22.246679
v  0.46116292 -0.60356969 -22.103748
v  0.32660347 -0.76136911 -22.011086
v  0.16990562 -0.86056608 -21.979099
v  0.001748041 -0.89440024 -21.978653
v  0.64124203 0.21559435 -24.226267
v  0.62932038 0.35392267 -24.272812
v  0.71392524 0.097774908 -24.209751
v  0.71394485 0.10066088 -23.804092
v  0.71400934 0.095543772 -22.455563
v  0.71452171 0.098563366 -22.862238
v  0.64560336 0.095536418 -22.454624
v  0.64563572 0.10066701 -23.803112
v  0.6454739 0.097774491 -24.210443
v  0.64560461 0.098558173 -22.862999
v  0.001748041 1.0913514 -23.342884
v  0.16944376 -0.86149526 -23.339361
v  0.001748041 -0.89455247 -23.339361
v  0.001748041 1.0925417 -23.342884
v  0.17001805 -0.86056298 -23.351578
v  0.001748041 -0.89386398 -23.351578
v  -0.71068615 -0.015308559 -23.792065
v  -0.70568454 -0.17036679 -23.737347
v  -0.62582433 -0.15452281 -23.731276
v  -0.63809764 -0.014760956 -23.783535
v  -0.63626367 0.62582237 -24.12915
v  -0.62314528 0.62128842 -23.587172
v  -0.51244909 0.84018618 -23.444241
v  -0.52424347 0.84750319 -24.228098
v  -0.1963065 1.1334046 -24.446526
v  -0.19087784 1.1206307 -23.344234
v  -0.70581597 0.37062299 -23.984716
v  -0.6920709 0.36151436 -23.73637
v  -0.37519953 1.0210274 -24.35882
v  -0.36577597 1.0108372 -23.351578
v  -0.70493954 -0.020302303 -22.440582
v  -0.6920709 -0.16531211 -22.39296
v  -0.62582433 -0.15217412 -22.393124
v  -0.63796693 -0.019828729 -22.439018
v  -0.32310733 0.95848501 -23.351578
v  -0.16640948 1.057682 -23.342884
v  -0.45766681 0.80068552 -23.444241
v  -0.56091797 0.59503716 -23.587172
v  -0.71042919 0.098557577 -24.14114
v  -0.70410073 0.36945182 -24.26862
v  -0.71007675 0.21585315 -24.220224
v  -0.62582433 0.34837636 -23.736626
v  -0.70471323 0.21654192 -23.788486
v  -0.63794678 0.21601519 -23.786865
v  -0.71044874 0.1007234 -23.871132
v  -0.6920709 -0.16819385 -24.271961
v  -0.62582433 -0.15505585 -24.271797
v  -0.56091797 -0.39792138 -24.415798
v  -0.62314528 -0.4241727 -24.415798
v  -0.45766681 -0.60356963 -24.558729
v  -0.51244909 -0.64307028 -24.558729
v  -0.32310736 -0.76136911 -24.651392
v  -0.365776 -0.8137213 -24.651392
v  -0.16640954 -0.86056608 -24.683376
v  -0.1908779 -0.92351478 -24.683376
v  -0.45766681 -0.60356909 -23.444241
v  -0.5664407 -0.68210369 -23.444241
v  -0.40780076 -0.86541849 -23.355061
v  -0.32310736 -0.76136857 -23.351578
v  -0.45766681 0.80068499 -24.558729
v  -0.5664407 0.87921959 -24.558729
v  -0.40780073 1.0625345 -24.651392
v  -0.32310733 0.95848447 -24.651392
v  -0.70420712 -0.17335042 -24.015919
v  -0.75799429 -0.18121243 -24.015963
v  -0.78209692 0.098557577 -24.14114
v  -0.41100892 1.0597522 -24.35882
v  -0.56906211 0.87530988 -24.228098
v  -0.19567414 -0.93480295 -23.593637
v  -0.21693079 -0.98483306 -23.589909
v  -0.41075021 -0.86287433 -23.64134
v  -0.37405559 -0.82276982 -23.645069
v  -0.75804716 0.37795943 -23.984707
v  -0.78209579 0.1007234 -23.876522
v  -0.75741643 0.38004923 -24.264597
v  -0.56906074 -0.67819619 -23.690792
v  -0.52287102 -0.64953643 -23.690792
v  -0.56091797 -0.39792085 -23.587172
v  -0.68450648 -0.45012492 -23.587172
v  -0.2169354 1.1819471 -24.446526
v  -0.6860109 -0.44623268 -23.846848
v  -0.75741643 -0.1845648 -23.741711
v  -0.21492134 -0.97046167 -23.346369
v  -0.68450648 0.64724064 -24.40654
v  -0.68611377 0.64305288 -24.12915
v  -0.21492127 1.1827642 -24.682381
v  -0.16640948 1.0576814 -24.683376
v  -0.6347186 -0.4282335 -23.846848
v  -0.56091797 0.59503663 -24.415798
v  -0.70474273 -0.019519679 -24.224306
v  -0.63774598 -0.019262262 -24.225485
v  -0.71031743 -0.017964788 -22.87285
v  -0.70568454 -0.17428222 -22.91976
v  -0.71102566 0.098140217 -22.791317
v  -0.63626367 0.62582237 -22.533325
v  -0.52424347 0.84750319 -22.43438
v  -0.51244909 0.84018618 -23.218237
v  -0.62314528 0.62128836 -23.075306
v  -0.1963065 1.1334046 -22.21595
v  -0.19087784 1.1206307 -23.342884
v  -0.6920709 0.36869264 -22.922844
v  -0.70581597 0.37062299 -22.677761
v  -0.36577597 1.0108372 -23.3109
v  -0.37519953 1.0210274 -22.303658
v  -0.32310733 0.95848501 -23.3109
v  -0.45766681 0.80068552 -23.218237
v  -0.56091797 0.5950371 -23.075306
v  -0.62582433 0.35555464 -22.922588
v  -0.63796902 -0.017455004 -22.878147
v  -0.62582433 -0.15843824 -22.922588
v  -0.70441151 0.21502905 -22.876549
v  -0.56091797 -0.39792088 -23.075306
v  -0.68450648 -0.45012498 -23.071526
v  -0.45766681 -0.60356909 -23.218235
v  -0.32310736 -0.76136857 -23.310898
v  -0.40780076 -0.86288726 -23.310898
v  -0.5664407 -0.68210369 -23.218235
v  -0.45766681 0.80225116 -22.108448
v  -0.32310733 0.95848441 -22.011086
v  -0.40780073 1.0625345 -22.011086
v  -0.5664407 0.87921959 -22.111265
v  -0.70420712 -0.17335042 -22.646559
v  -0.71051329 0.09891744 -22.525528
v  -0.78209692 0.098557577 -22.525528
v  -0.75799429 -0.18121243 -22.646515
v  -0.56906211 0.87530988 -22.43438
v  -0.41100892 1.0597522 -22.303658
v  -0.52287102 -0.64953649 -22.971685
v  -0.51244909 -0.64307028 -22.103748
v  -0.62314528 -0.4241727 -22.246679
v  -0.6347186 -0.4282335 -22.815628
v  -0.71016723 0.21509333 -22.45118
v  -0.70410073 0.37108323 -22.388878
v  -0.19567414 -0.93480283 -23.06884
v  -0.1908779 -0.92351478 -21.979099
v  -0.365776 -0.8137213 -22.011086
v  -0.37405559 -0.82276988 -23.017408
v  -0.41075021 -0.86287439 -23.021095
v  -0.21693079 -0.98483294 -23.072525
v  -0.78209579 0.098558165 -22.787376
v  -0.75804716 0.37795943 -22.677771
v  -0.75741643 0.38168064 -22.40358
v  -0.56906074 -0.67819625 -22.971685
v  -0.2169354 1.1819471 -22.21595
v  -0.6860109 -0.44623268 -22.815628
v  -0.75741643 -0.1845648 -22.917164
v  -0.21492134 -0.97046167 -23.339361
v  -0.68450648 0.64724064 -22.250439
v  -0.68611377 0.64305288 -22.533325
v  -0.21492127 1.1827642 -21.979099
v  -0.16640948 1.0576814 -21.979099
v  -0.56091797 0.59503663 -22.246679
v  -0.63796902 0.21457136 -22.878147
v  -0.63796693 0.21459463 -22.44215
v  -0.62582433 0.35555407 -22.38216
v  -0.56091797 -0.39792138 -22.246679
v  -0.45766681 -0.60356969 -22.103748
v  -0.32310736 -0.76136911 -22.011086
v  -0.16640954 -0.86056608 -21.979099
v  -0.62582433 0.35392267 -24.272812
v  -0.63774598 0.21559435 -24.226267
v  -0.71042919 0.097774908 -24.209751
v  -0.7104488 0.10066088 -23.804092
v  -0.71051329 0.095543772 -22.455563
v  -0.71102566 0.098563366 -22.862238
v  -0.64210731 0.095536418 -22.454624
v  -0.64213967 0.10066701 -23.803112
v  -0.64197785 0.097774491 -24.210443
v  -0.64210856 0.098558173 -22.862999
v  -0.16594768 -0.86149526 -23.339361
v  -0.16652197 -0.86056298 -23.351578
v  0.7141822 -0.015308678 -21.144917
v  0.64159369 -0.014761068 -21.136383
v  0.62932038 -0.14998102 -21.085064
v  0.70918059 -0.16582504 -21.091137
v  0.63975972 0.62582225 -21.478086
v  0.52773952 0.84750307 -21.577034
v  0.51594514 0.84018606 -20.793175
v  0.62664133 0.6212883 -20.936106
v  0.001748041 1.1726663 -21.771181
v  0.001748041 1.1590551 -20.693615
v  0.19437392 1.1206306 -20.693169
v  0.19980258 1.1334045 -21.79546
v  0.69556695 0.36869252 -21.088566
v  0.70931202 0.37062287 -21.333651
v  0.36927208 1.0108371 -20.700512
v  0.37869564 1.0210273 -21.707754
v  0.7084356 -0.017953165 -19.792648
v  0.64146298 -0.017479599 -19.791086
v  0.62932038 -0.15374041 -19.744408
v  0.69556695 -0.1668784 -19.744244
v  0.16990556 1.0576819 -20.69182
v  0.32660344 0.95848489 -20.700512
v  0.46116292 0.80068541 -20.793175
v  0.56441402 0.59503704 -20.936106
v  0.71392524 0.098557465 -21.490074
v  0.7135728 0.21832557 -21.573486
v  0.70759678 0.36929762 -21.62746
v  0.62932038 0.35555452 -21.088823
v  0.64144284 0.21601507 -21.135799
v  0.70820928 0.2165418 -21.137423
v  0.71394479 0.10072329 -21.220066
v  0.69556695 -0.16593868 -21.620331
v  0.62664133 -0.42417282 -21.764732
v  0.56441402 -0.3979215 -21.764732
v  0.62932038 -0.15280068 -21.620167
v  0.51594514 -0.6430704 -21.907663
v  0.46116292 -0.60552746 -21.905704
v  0.36927211 -0.81372142 -22.000326
v  0.32660347 -0.76136923 -22.000326
v  0.19437398 -0.9235149 -22.032312
v  0.16990562 -0.8605662 -22.032312
v  0.001748041 -0.96193939 -22.032757
v  0.001748041 -0.89440036 -22.032757
v  0.46116292 -0.60356921 -20.793175
v  0.32660347 -0.76136869 -20.700512
v  0.41129687 -0.86541861 -20.703995
v  0.56993675 -0.68210381 -20.793175
v  0.46116292 0.8046003 -21.902182
v  0.32660344 0.95848435 -22.000326
v  0.41129684 1.0625343 -22.000326
v  0.56993675 0.87921947 -21.907663
v  0.70770317 -0.17335054 -21.364853
v  0.78559297 0.098557465 -21.490074
v  0.76149035 -0.18121254 -21.364897
v  0.57255816 0.87530977 -21.577034
v  0.41450503 1.0597521 -21.707754
v  0.19917022 -0.93480307 -20.942572
v  0.3775517 -0.82276994 -20.994003
v  0.41424632 -0.86287445 -20.990274
v  0.22042687 -0.98483318 -20.938843
v  0.78559184 0.10072328 -21.225456
v  0.76154321 0.37795931 -21.333641
v  0.76091248 0.37989503 -21.623436
v  0.52636707 -0.64953655 -21.039726
v  0.57255679 -0.67819631 -21.039726
v  0.56441402 -0.39792097 -20.936106
v  0.68800253 -0.45012504 -20.936106
v  0.22043148 1.181947 -21.79546
v  0.68950695 -0.4462328 -21.195784
v  0.76091248 -0.18456492 -21.090647
v  0.001748041 -1.0272756 -20.885567
v  0.21841742 -0.97046179 -20.695303
v  0.001748041 -1.0174534 -20.695747
v  0.68800253 0.64348173 -21.767691
v  0.68960983 0.64305276 -21.478086
v  0.21841735 1.1827641 -22.031315
v  0.001748041 1.2243911 -22.031761
v  0.001748041 1.2243911 -21.772758
v  0.16990556 1.0576813 -22.032312
v  0.63821465 -0.42823362 -21.195784
v  0.56441402 0.59503651 -21.764732
v  0.001748041 -0.97396702 -20.889297
v  0.001748041 1.0915155 -22.032757
v  0.70823878 -0.020302877 -21.572914
v  0.64124203 -0.020045459 -21.574093
v  0.71381348 -0.0179649 -20.223351
v  0.71452171 0.098140106 -20.140251
v  0.70918059 -0.17167205 -20.273914
v  0.63975972 0.62582225 -19.882259
v  0.62664133 0.62128824 -20.42424
v  0.51594514 0.84018606 -20.567171
v  0.52773952 0.84750307 -19.783314
v  0.19980258 1.1334045 -19.564884
v  0.19437392 1.1206306 -20.69182
v  0.001748041 1.1590551 -20.692265
v  0.001748041 1.1726663 -19.589165
v  0.70931202 0.37062287 -20.026695
v  0.69556695 0.36556017 -20.27726
v  0.37869564 1.0210273 -19.652592
v  0.36927208 1.0108371 -20.659834
v  0.32660344 0.95848489 -20.659834
v  0.46116292 0.80068541 -20.567171
v  0.56441402 0.59503698 -20.42424
v  0.62932038 0.35242218 -20.277004
v  0.64146507 -0.017455116 -20.228649
v  0.62932038 -0.15582806 -20.276743
v  0.70790756 0.21502894 -20.225483
v  0.56441402 -0.397921 -20.42424
v  0.68800253 -0.4501251 -20.42046
v  0.46116292 -0.60356921 -20.567171
v  0.56993675 -0.68210381 -20.567171
v  0.41129687 -0.86288738 -20.659834
v  0.32660347 -0.76136869 -20.659834
v  0.46116292 0.80303413 -19.460514
v  0.56993675 0.87921947 -19.452682
v  0.41129684 1.0625343 -19.36002
v  0.32660344 0.95848429 -19.36002
v  0.70770317 -0.17335054 -19.995493
v  0.76149035 -0.18121254 -19.995449
v  0.78559297 0.098557465 -19.874462
v  0.71400934 0.098917328 -19.874462
v  0.41450503 1.0597521 -19.652592
v  0.57255816 0.87530977 -19.783314
v  0.52636707 -0.64953661 -20.320621
v  0.63821465 -0.42823362 -20.164562
v  0.62664133 -0.42417282 -19.595613
v  0.51594514 -0.6430704 -19.452682
v  0.71366328 0.21509321 -19.800114
v  0.70759678 0.36945167 -19.746405
v  0.19917022 -0.93480295 -20.417774
v  0.3775517 -0.82277 -20.366343
v  0.36927211 -0.81372142 -19.36002
v  0.19437398 -0.9235149 -19.328033
v  0.22042687 -0.98483306 -20.421459
v  0.41424632 -0.86287451 -20.370029
v  0.76154321 0.37795931 -20.026705
v  0.78559184 0.098558046 -20.136311
v  0.76091248 0.38004908 -19.761108
v  0.57255679 -0.67819637 -20.320621
v  0.22043148 1.181947 -19.564884
v  0.68950695 -0.4462328 -20.164562
v  0.76091248 -0.18456492 -20.266098
v  0.001748041 -1.0272754 -20.474735
v  0.001748041 -1.0174534 -20.688742
v  0.21841742 -0.97046179 -20.688297
v  0.68800253 0.64724052 -19.595613
v  0.68960983 0.64305276 -19.882259
v  0.21841735 1.1827641 -19.328033
v  0.001748041 1.2243911 -19.328035
v  0.001748041 1.2243911 -19.588228
v  0.16990556 1.0576813 -19.328033
v  0.56441402 0.59503651 -19.595613
v  0.001748041 -0.9739669 -20.47105
v  0.001748041 1.0915155 -19.327589
v  0.64146507 0.21457124 -20.227081
v  0.001748041 -0.96193939 -19.327589
v  0.62932038 0.35392252 -19.739685
v  0.64146298 0.21459451 -19.791086
v  0.56441402 -0.3979215 -19.595613
v  0.46116292 -0.60356981 -19.452682
v  0.32660347 -0.76136923 -19.36002
v  0.16990562 -0.8605662 -19.328033
v  0.001748041 -0.89440036 -19.327589
v  0.64124203 0.21806675 -21.573006
v  0.62932038 0.35442105 -21.619255
v  0.71392524 0.099011049 -21.555742
v  0.71394485 0.10066076 -21.153027
v  0.71400934 0.098564811 -19.80714
v  0.71452171 0.098563246 -20.211172
v  0.64560336 0.098557457 -19.806202
v  0.64563572 0.1006669 -21.152048
v  0.6454739 0.099010639 -21.556435
v  0.64560461 0.098558053 -20.211935
v  0.001748041 1.0913513 -20.69182
v  0.16944376 -0.86149538 -20.688297
v  0.001748041 -0.89455259 -20.688297
v  0.001748041 1.0925416 -20.69182
v  0.17001805 -0.8605631 -20.700512
v  0.001748041 -0.8938641 -20.700512
v  -0.71068615 -0.015308678 -21.144917
v  -0.70568454 -0.16582504 -21.091137
v  -0.62582433 -0.14998102 -21.085064
v  -0.63809764 -0.014761068 -21.136383
v  -0.63626367 0.62582225 -21.478086
v  -0.62314528 0.6212883 -20.936106
v  -0.51244909 0.84018606 -20.793175
v  -0.52424347 0.84750307 -21.577034
v  -0.1963065 1.1334045 -21.79546
v  -0.19087784 1.1206306 -20.693169
v  -0.70581597 0.37062287 -21.333651
v  -0.6920709 0.36869252 -21.088566
v  -0.37519953 1.0210273 -21.707754
v  -0.36577597 1.0108371 -20.700512
v  -0.70493954 -0.017953165 -19.792648
v  -0.6920709 -0.1668784 -19.744244
v  -0.62582433 -0.15374041 -19.744408
v  -0.63796693 -0.017479599 -19.791086
v  -0.32310733 0.95848489 -20.700512
v  -0.16640948 1.0576819 -20.69182
v  -0.45766681 0.80068541 -20.793175
v  -0.56091797 0.59503704 -20.936106
v  -0.71042919 0.098557465 -21.490074
v  -0.70410073 0.36995021 -21.615061
v  -0.71007675 0.21832557 -21.573486
v  -0.62582433 0.35555452 -21.088823
v  -0.70471323 0.2165418 -21.137423
v  -0.63794678 0.21601507 -21.135799
v  -0.71044874 0.10072329 -21.220066
v  -0.6920709 -0.16593868 -21.620331
v  -0.62582433 -0.15280068 -21.620167
v  -0.56091797 -0.3979215 -21.764732
v  -0.62314528 -0.42417282 -21.764732
v  -0.45766681 -0.60552746 -21.905704
v  -0.51244909 -0.6430704 -21.907663
v  -0.32310736 -0.76136923 -22.000326
v  -0.365776 -0.81372142 -22.000326
v  -0.16640954 -0.8605662 -22.032312
v  -0.1908779 -0.9235149 -22.032312
v  -0.45766681 -0.60356921 -20.793175
v  -0.5664407 -0.68210381 -20.793175
v  -0.40780076 -0.86541861 -20.703995
v  -0.32310736 -0.76136869 -20.700512
v  -0.45766681 0.8046003 -21.902182
v  -0.5664407 0.87921947 -21.907663
v  -0.40780073 1.0625343 -22.000326
v  -0.32310733 0.95848435 -22.000326
v  -0.70420712 -0.17335054 -21.364853
v  -0.75799429 -0.18121254 -21.364897
v  -0.78209692 0.098557465 -21.490074
v  -0.41100892 1.0597521 -21.707754
v  -0.56906211 0.87530977 -21.577034
v  -0.19567414 -0.93480307 -20.942572
v  -0.21693079 -0.98483318 -20.938843
v  -0.41075021 -0.86287445 -20.990274
v  -0.37405559 -0.82276994 -20.994003
v  -0.75804716 0.37795931 -21.333641
v  -0.78209579 0.10072328 -21.225456
v  -0.75741643 0.38054761 -21.611038
v  -0.56906074 -0.67819631 -21.039726
v  -0.52287102 -0.64953655 -21.039726
v  -0.56091797 -0.39792097 -20.936106
v  -0.68450648 -0.45012504 -20.936106
v  -0.2169354 1.181947 -21.79546
v  -0.6860109 -0.4462328 -21.195784
v  -0.75741643 -0.18456492 -21.090647
v  -0.21492134 -0.97046179 -20.695303
v  -0.68450648 0.64348173 -21.767691
v  -0.68611377 0.64305276 -21.478086
v  -0.21492127 1.1827641 -22.031315
v  -0.16640948 1.0576813 -22.032312
v  -0.6347186 -0.42823362 -21.195784
v  -0.56091797 0.59503651 -21.764732
v  -0.70474273 -0.020302877 -21.572914
v  -0.63774598 -0.020045459 -21.574093
v  -0.71031743 -0.0179649 -20.223351
v  -0.70568454 -0.17167205 -20.273914
v  -0.71102566 0.098140106 -20.140251
v  -0.63626367 0.62582225 -19.882259
v  -0.52424347 0.84750307 -19.783314
v  -0.51244909 0.84018606 -20.567171
v  -0.62314528 0.62128824 -20.42424
v  -0.1963065 1.1334045 -19.564884
v  -0.19087784 1.1206306 -20.69182
v  -0.6920709 0.36556017 -20.27726
v  -0.70581597 0.37062287 -20.026695
v  -0.36577597 1.0108371 -20.659834
v  -0.37519953 1.0210273 -19.652592
v  -0.32310733 0.95848489 -20.659834
v  -0.45766681 0.80068541 -20.567171
v  -0.56091797 0.59503698 -20.42424
v  -0.62582433 0.35242218 -20.277004
v  -0.63796902 -0.017455116 -20.228649
v  -0.62582433 -0.15582806 -20.276743
v  -0.70441151 0.21502894 -20.225483
v  -0.56091797 -0.397921 -20.42424
v  -0.68450648 -0.4501251 -20.42046
v  -0.45766681 -0.60356921 -20.567171
v  -0.32310736 -0.76136869 -20.659834
v  -0.40780076 -0.86288738 -20.659834
v  -0.5664407 -0.68210381 -20.567171
v  -0.45766681 0.80303413 -19.460514
v  -0.32310733 0.95848429 -19.36002
v  -0.40780073 1.0625343 -19.36002
v  -0.5664407 0.87921947 -19.452682
v  -0.70420712 -0.17335054 -19.995493
v  -0.71051329 0.098917328 -19.874462
v  -0.78209692 0.098557465 -19.874462
v  -0.75799429 -0.18121254 -19.995449
v  -0.56906211 0.87530977 -19.783314
v  -0.41100892 1.0597521 -19.652592
v  -0.52287102 -0.64953661 -20.320621
v  -0.51244909 -0.6430704 -19.452682
v  -0.62314528 -0.42417282 -19.595613
v  -0.6347186 -0.42823362 -20.164562
v  -0.71016723 0.21509321 -19.800114
v  -0.70410073 0.36945167 -19.746405
v  -0.19567414 -0.93480295 -20.417774
v  -0.1908779 -0.9235149 -19.328033
v  -0.365776 -0.81372142 -19.36002
v  -0.37405559 -0.82277 -20.366343
v  -0.41075021 -0.86287451 -20.370029
v  -0.21693079 -0.98483306 -20.421459
v  -0.78209579 0.098558046 -20.136311
v  -0.75804716 0.37795931 -20.026705
v  -0.75741643 0.38004908 -19.761108
v  -0.56906074 -0.67819637 -20.320621
v  -0.2169354 1.181947 -19.564884
v  -0.6860109 -0.4462328 -20.164562
v  -0.75741643 -0.18456492 -20.266098
v  -0.21492134 -0.97046179 -20.688297
v  -0.68450648 0.64724052 -19.595613
v  -0.68611377 0.64305276 -19.882259
v  -0.21492127 1.1827641 -19.328033
v  -0.16640948 1.0576813 -19.328033
v  -0.56091797 0.59503651 -19.595613
v  -0.63796902 0.21457124 -20.227081
v  -0.63796693 0.21459451 -19.791086
v  -0.62582433 0.35392252 -19.739685
v  -0.56091797 -0.3979215 -19.595613
v  -0.45766681 -0.60356981 -19.452682
v  -0.32310736 -0.76136923 -19.36002
v  -0.16640954 -0.8605662 -19.328033
v  -0.62582433 0.35442105 -21.619255
v  -0.63774598 0.21806675 -21.573006
v  -0.71042919 0.099011049 -21.555742
v  -0.7104488 0.10066076 -21.153027
v  -0.71051329 0.098564811 -19.80714
v  -0.71102566 0.098563246 -20.211172
v  -0.64210731 0.098557457 -19.806202
v  -0.64213967 0.1006669 -21.152048
v  -0.64197785 0.099010639 -21.556435
v  -0.64210856 0.098558053 -20.211935
v  -0.16594768 -0.86149538 -20.688297
v  -0.16652197 -0.8605631 -20.700512
v  0.7084356 -0.017952815 -30.397413
v  0.64146298 -0.017479248 -30.395851
v  0.62932038 -0.14982462 -30.346039
v  0.69556695 -0.16296262 -30.345877
v  0.71381348 -0.017964557 -30.826551
v  0.71452171 0.098140448 -30.745016
v  0.70918059 -0.1695835 -30.876593
v  0.63975972 0.6258226 -30.487026
v  0.62664133 0.6212886 -31.029005
v  0.51594514 0.84410179 -31.169327
v  0.52773952 0.84750342 -30.388079
v  0.19980258 1.1334049 -30.169651
v  0.19437392 1.120631 -31.296585
v  0.001748041 1.1590555 -31.297031
v  0.001748041 1.1726667 -30.19393
v  0.70931202 0.37062323 -30.63146
v  0.69556695 0.36216715 -30.881765
v  0.37869564 1.0210277 -30.257357
v  0.36927208 1.0108374 -31.264599
v  0.16990556 1.0576822 -31.296585
v  0.32660344 0.95848519 -31.264599
v  0.46116292 0.80460113 -31.169327
v  0.56441402 0.59503734 -31.029005
v  0.62932038 0.34902915 -30.881508
v  0.64146507 -0.017454773 -30.831848
v  0.62932038 -0.15373951 -30.879419
v  0.70790756 0.21502927 -30.83025
v  0.56441402 -0.39792064 -31.029005
v  0.68800253 -0.45012474 -31.025227
v  0.46116292 -0.60356891 -31.171936
v  0.56993675 -0.68210351 -31.171936
v  0.41129687 -0.86288708 -31.264599
v  0.32660347 -0.76136839 -31.264599
v  0.46116292 0.80068523 -30.057449
v  0.56993675 0.87921983 -30.057447
v  0.41129684 1.0625347 -29.964785
v  0.32660344 0.95848465 -29.964785
v  0.70770317 -0.17335019 -30.600258
v  0.76149035 -0.18121219 -30.600214
v  0.78559297 0.098557808 -30.479227
v  0.71400934 0.098917671 -30.479227
v  0.41450503 1.0597525 -30.257357
v  0.57255816 0.87531012 -30.388079
v  0.52636707 -0.64953625 -30.925385
v  0.63821465 -0.42823327 -30.769327
v  0.62664133 -0.42417246 -30.200378
v  0.51594514 -0.64307004 -30.057447
v  0.71366328 0.21574613 -30.402271
v  0.70759678 0.36977834 -30.351061
v  0.19917022 -0.93480259 -31.022539
v  0.3775517 -0.82276964 -30.971107
v  0.36927211 -0.81372106 -29.964785
v  0.19437398 -0.92351454 -29.9328
v  0.22042687 -0.9848327 -31.026226
v  0.41424632 -0.86287415 -30.974794
v  0.76154321 0.37795967 -30.63147
v  0.78559184 0.098558396 -30.741076
v  0.76091248 0.38037574 -30.365765
v  0.57255679 -0.67819601 -30.925385
v  0.22043148 1.1819474 -30.169651
v  0.68950695 -0.44623244 -30.769327
v  0.76091248 -0.18456459 -30.870863
v  0.001748041 -1.0272751 -31.079502
v  0.001748041 -1.0174531 -31.293507
v  0.21841742 -0.97046143 -31.293062
v  0.68800253 0.64724088 -30.200378
v  0.68960983 0.64305311 -30.487026
v  0.21841735 1.1827644 -29.9328
v  0.001748041 1.2243915 -29.9328
v  0.001748041 1.2243915 -30.192993
v  0.16990556 1.0576816 -29.9328
v  0.56441402 0.5950368 -30.200378
v  0.001748041 -0.97396654 -31.075815
v  0.001748041 1.0915158 -29.932354
v  0.64146507 0.21457158 -30.831848
v  0.001748041 -0.96193904 -29.932354
v  0.62932038 0.35424918 -30.344343
v  0.64146298 0.21524745 -30.393242
v  0.56441402 -0.39792117 -30.200378
v  0.46116292 -0.60356945 -30.057447
v  0.32660347 -0.76136887 -29.964785
v  0.16990562 -0.8605659 -29.9328
v  0.001748041 -0.89440006 -29.932354
v  0.71400934 0.098565161 -30.411907
v  0.71452171 0.1005213 -30.814632
v  0.64560336 0.098557808 -30.410967
v  0.64560461 0.10051612 -30.815395
v  0.001748041 1.0913516 -31.296585
v  0.16944376 -0.86149508 -31.293062
v  0.001748041 -0.89455229 -31.293062
v  -0.70493954 -0.017952815 -30.397413
v  -0.6920709 -0.16296262 -30.345877
v  -0.62582433 -0.14982462 -30.346039
v  -0.63796693 -0.017479248 -30.395851
v  -0.71031743 -0.017964557 -30.826551
v  -0.70568454 -0.1695835 -30.876593
v  -0.71102566 0.098140448 -30.745016
v  -0.63626367 0.6258226 -30.487026
v  -0.52424347 0.84750342 -30.388079
v  -0.51244909 0.84410179 -31.169327
v  -0.62314528 0.6212886 -31.029005
v  -0.1963065 1.1334049 -30.169651
v  -0.19087784 1.120631 -31.296585
v  -0.6920709 0.36216715 -30.881765
v  -0.70581597 0.37062323 -30.63146
v  -0.36577597 1.0108374 -31.264599
v  -0.37519953 1.0210277 -30.257357
v  -0.16640948 1.0576822 -31.296585
v  -0.32310733 0.95848519 -31.264599
v  -0.45766681 0.80460113 -31.169327
v  -0.56091797 0.59503734 -31.029005
v  -0.62582433 0.34902915 -30.881508
v  -0.63796902 -0.017454773 -30.831848
v  -0.62582433 -0.15373951 -30.879419
v  -0.70441151 0.21502927 -30.83025
v  -0.56091797 -0.39792064 -31.029005
v  -0.68450648 -0.45012474 -31.025227
v  -0.45766681 -0.60356891 -31.171936
v  -0.32310736 -0.76136839 -31.264599
v  -0.40780076 -0.86288708 -31.264599
v  -0.5664407 -0.68210351 -31.171936
v  -0.45766681 0.80068523 -30.057449
v  -0.32310733 0.95848465 -29.964785
v  -0.40780073 1.0625347 -29.964785
v  -0.5664407 0.87921983 -30.057447
v  -0.70420712 -0.17335019 -30.600258
v  -0.71051329 0.098917671 -30.479227
v  -0.78209692 0.098557808 -30.479227
v  -0.75799429 -0.18121219 -30.600214
v  -0.56906211 0.87531012 -30.388079
v  -0.41100892 1.0597525 -30.257357
v  -0.52287102 -0.64953625 -30.925385
v  -0.51244909 -0.64307004 -30.057447
v  -0.62314528 -0.42417246 -30.200378
v  -0.6347186 -0.42823327 -30.769327
v  -0.71016723 0.21574613 -30.402271
v  -0.70410073 0.36977834 -30.351061
v  -0.19567414 -0.93480259 -31.022539
v  -0.1908779 -0.92351454 -29.9328
v  -0.365776 -0.81372106 -29.964785
v  -0.37405559 -0.82276964 -30.971107
v  -0.41075021 -0.86287415 -30.974794
v  -0.21693079 -0.9848327 -31.026226
v  -0.78209579 0.098558396 -30.741076
v  -0.75804716 0.37795967 -30.63147
v  -0.75741643 0.38037574 -30.365765
v  -0.56906074 -0.67819601 -30.925385
v  -0.2169354 1.1819474 -30.169651
v  -0.6860109 -0.44623244 -30.769327
v  -0.75741643 -0.18456459 -30.870863
v  -0.21492134 -0.97046143 -31.293062
v  -0.68450648 0.64724088 -30.200378
v  -0.68611377 0.64305311 -30.487026
v  -0.21492127 1.1827644 -29.9328
v  -0.16640948 1.0576816 -29.9328
v  -0.56091797 0.5950368 -30.200378
v  -0.63796902 0.21457158 -30.831848
v  -0.63796693 0.21524745 -30.393242
v  -0.62582433 0.35424918 -30.344343
v  -0.56091797 -0.39792117 -30.200378
v  -0.45766681 -0.60356945 -30.057447
v  -0.32310736 -0.76136887 -29.964785
v  -0.16640954 -0.8605659 -29.9328
v  -0.71051329 0.098565161 -30.411907
v  -0.71102566 0.1005213 -30.814632
v  -0.64210731 0.098557808 -30.410967
v  -0.64210856 0.10051612 -30.815395
v  -0.16594768 -0.86149508 -31.293062

# 0 UV coordinates

# 3004 vertex normals
vn 0.87804013 -0.478587 4.9871329e-09
vn 0.87745082 -0.47966662 5.0104028e-09
vn 0.8888365 -0.45822451 0
vn 0.88965225 -0.45663851 0
vn 0.99509013 -0.09897311 0
vn 0.99509203 -0.098954052 0
vn 0.96075338 -0.27740383 5.0923497e-09
vn 0.96073139 -0.27748036 5.1004552e-09
vn 0.75909829 -0.65097606 0
vn 0.81409937 -0.58072561 9.952835e-09
vn 0.81468856 -0.57989883 9.9542428e-09
vn 0.25343555 0.96735221 -9.2412664e-09
vn 0.25303563 0.967457 3.619356e-05
vn 0.25341752 0.96735704 1.6234618e-06
vn -0.66557974 0.043688495 0.74504691
vn -0.6897586 0.045283403 0.72262192
vn -0.997841 0.065674424 -0.0004216925
vn 0 -0.00015963483 1
vn 0 -0.00015963482 1
vn 1 0 0
vn 0.99479139 0.10193148 0
vn 0.99479228 0.10192348 0
vn 0.91874707 -0.39484647 1.0142812e-08
vn 0.91889262 -0.39450768 1.0143136e-08
vn 0.83434153 0.55124784 0
vn 0.97084188 0.23972097 0
vn 0.97084445 0.23971039 0
vn 0.81735051 0.57614064 0
vn 0.93663549 0.35030571 0
vn -0.00077357475 -0.00012882255 0.9999997
vn -0.00012904196 -0.00050802372 0.99999988
vn -0.00089492527 -5.7427693e-05 0.99999958
vn -3.2320377e-10 -0.00032072779 0.99999994
vn 0 0.0014535671 0.99999899
vn 0.014473974 -0.001229357 0.99989444
vn 0.0074184858 -0.0036190774 0.99996591
vn 0.001262982 -0.0047957385 0.99998766
vn -0.0023469934 -0.0055399062 0.99998194
vn -0.0016859792 -0.0034518091 0.99999261
vn -0.0018501318 -0.0030875711 0.9999935
vn -0.001487885 -0.00052084302 0.99999887
vn -0.0013754509 -0.00018888888 0.99999905
vn -0.0009816481 -0.00038070662 0.99999946
vn -0.0010430292 -0.00061303191 0.99999934
vn -0.0012601134 -3.9519349e-05 0.99999923
vn -0.001273734 -0.00033488355 0.99999911
vn -0.0012777778 -0.00062301644 0.99999905
vn -0.0015564947 -0.00061686191 0.99999857
vn -0.0013872571 -3.8110928e-05 0.99999905
vn 0.25282669 0.96751165 5.5106393e-05
vn -0.87804019 -0.47858691 4.9871312e-09
vn -0.88965225 -0.45663851 0
vn -0.8888365 -0.45822451 0
vn -0.87745082 -0.47966647 5.0104014e-09
vn -0.99509013 -0.098973095 0
vn -0.96073139 -0.27748033 5.1004543e-09
vn -0.96075338 -0.27740377 5.0923492e-09
vn -0.99509203 -0.098954037 0
vn -0.75909835 -0.65097606 0
vn -0.81409937 -0.58072555 9.9528332e-09
vn -0.81468856 -0.57989877 9.954241e-09
vn -0.25343552 0.96735233 -9.2412646e-09
vn -0.25341749 0.96735704 1.6234623e-06
vn -0.25303566 0.96745694 3.6193571e-05
vn 0.66557968 0.043688506 0.74504691
vn 0.99784094 0.065674439 -0.00042169262
vn 0.6897586 0.045283414 0.72262192
vn -1 0 0
vn -0.99479228 0.10192348 0
vn -0.99479139 0.10193148 0
vn -0.91889262 -0.39450768 1.0143134e-08
vn -0.91874707 -0.39484644 1.0142812e-08
vn -0.83434153 0.55124784 0
vn -0.97084445 0.23971039 0
vn -0.97084188 0.23972097 0
vn -0.81735051 0.57614064 0
vn -0.93663549 0.35030571 0
vn 0.00077357475 -0.00012882255 0.9999997
vn 0.00089492527 -5.74277e-05 0.99999958
vn 0.00012904196 -0.00050802372 0.99999988
vn -0.014473974 -0.001229357 0.99989444
vn -0.001262982 -0.0047957385 0.99998766
vn -0.0074184858 -0.0036190774 0.99996591
vn 0.0018501318 -0.0030875711 0.9999935
vn 0.0016859792 -0.0034518091 0.99999261
vn 0.0023469934 -0.0055399062 0.99998194
vn 0.001487885 -0.00052084302 0.99999887
vn 0.0013754509 -0.00018888888 0.99999905
vn 0.0010430292 -0.00061303191 0.99999934
vn 0.0009816481 -0.00038070662 0.99999946
vn 0.0012601134 -3.9519349e-05 0.99999923
vn 0.001273734 -0.00033488349 0.99999911
vn 0.0015564947 -0.00061686191 0.99999857
vn 0.0012777778 -0.00062301644 0.99999905
vn 0.0013872571 -3.8110938e-05 0.99999905
vn -0.25282678 0.96751159 5.5106411e-05
vn -0.18683143 0.69743586 0.69186509
vn -3.4862722e-08 0.72194785 0.69194752
vn -4.0762039e-08 1 -1.1988835e-09
vn -0.25881907 0.96592575 -5.9944172e-10
vn -0.36105195 0.62549943 0.69165885
vn -0.49999988 0.86602551 4.1960931e-08
vn -0.51080608 0.51090586 0.6914134
vn -0.70710695 0.70710665 -7.7927442e-09
vn -0.69815618 0.18710032 0.69106555
vn -0.62581605 0.3613776 0.69120228
vn -0.86602557 0.49999967 -1.1149617e-07
vn -0.96592587 0.25881889 -1.3607331e-07
vn -0.72283727 1.2946819e-07 0.69101834
vn -1 1.5345711e-07 -8.7518508e-08
vn -0.69815624 -0.18710054 0.69106531
vn -0.96592581 -0.25881889 -4.4958142e-08
vn -0.62581581 -0.36137775 0.69120228
vn -0.86602545 -0.49999997 -7.0134689e-08
vn -0.5108062 -0.5109055 0.69141352
vn -0.70710695 -0.70710665 -5.0952561e-08
vn -0.36105222 -0.62549961 0.69165844
vn -0.50000012 -0.86602539 -6.5938601e-09
vn -0.18683098 -0.69743526 0.69186568
vn -0.25881857 -0.96592587 2.9972094e-09
vn -3.4426915e-08 -0.72194684 0.69194859
vn -5.0353119e-08 -1 -4.1960933e-09
vn 0.18690971 -0.69769716 0.6915803
vn 0.25881848 -0.96592599 -1.4986048e-08
vn 0.36131713 -0.62586802 0.69118679
vn 0.50000006 -0.86602539 -4.4958139e-08
vn 0.51094401 -0.51104242 0.69121039
vn 0.70710695 -0.70710665 -2.517656e-08
vn 0.62581599 -0.36137778 0.69120216
vn 0.86602545 -0.49999994 -5.6347528e-08
vn 0.69815612 -0.18710062 0.69106549
vn 0.96592587 -0.25881901 -3.5367073e-08
vn 0.72283727 -1.6809107e-08 0.69101834
vn 1 -6.7137485e-08 4.0762046e-08
vn 0.69815642 0.18710046 0.69106513
vn 0.96592587 0.25881886 -4.5557584e-08
vn 0.62581605 0.36137801 0.6912021
vn 0.86602545 0.5 -9.6510135e-08
vn 0.5108059 0.51090598 0.69141334
vn 0.70710665 0.70710695 -9.2314039e-08
vn 0.3610523 0.62549949 0.69165868
vn 0.50000006 0.86602539 -6.5339151e-08
vn 0.18683161 0.6974358 0.69186503
vn 0.25881931 0.96592581 -1.4386606e-08
vn 3.4177464e-07 -1.4656717e-07 1
vn 2.8328765e-07 -2.5572618e-07 1
vn 0.003941285 -0.0040407372 0.99998403
vn -2.9026965e-09 -0.0064838547 0.99997902
vn 2.8586717e-08 -6.2960203e-07 1
vn -2.1844198e-08 -3.5930941e-07 0.99999994
vn 2.337688e-07 1.9239005e-08 1
vn 1.9721151e-07 -7.0592492e-08 1
vn 1.4553133e-07 -4.7346823e-08 1
vn 2.332857e-07 -3.2451343e-08 1
vn 1.9784132e-07 -1.0226402e-07 0.99999994
vn 0.0045512165 -0.0026883627 0.99998605
vn 0.0048673046 -0.0013327117 0.99998736
vn 4.0943355e-08 -2.0444226e-07 1
vn 1.4652903e-07 -3.5332187e-07 0.99999994
vn 7.2481704e-08 -1.1773055e-06 0.99999994
vn 0.0049633048 -6.9518215e-08 0.99998778
vn 2.4991826e-07 -1.2420173e-07 1
vn 2.5689349e-07 -1.2352749e-07 1
vn -1.8986808e-07 1.102797e-07 1
vn -2.5871767e-08 -2.6272872e-07 1
vn -1.4128828e-07 -1.8563898e-07 1
vn 0.0045511522 0.0026884894 0.99998599
vn 2.8692014e-07 8.7210587e-08 0.99999994
vn 2.9618235e-07 -1.1130949e-07 1
vn 0.0048672878 0.0013325721 0.9999873
vn -2.3408738e-07 1.9901687e-07 1
vn -5.6712491e-07 5.3417148e-07 0.99999994
vn 0.0039412873 0.0040409132 0.99998409
vn 1.3493863e-07 3.502609e-07 1
vn 2.3281181e-07 1.8982746e-07 1
vn 0.81108284 -0.58493137 0
vn 0.35769433 -0.93383873 0
vn 0.0029596831 0.0052687866 0.99998176
vn 2.1466562e-07 2.1545259e-07 1
vn 1.7538949e-07 2.4785322e-07 1
vn -6.5979663e-08 2.7468025e-07 1
vn 1.5092468e-07 1.030214e-07 1
vn 8.0444877e-08 9.8661332e-08 1
vn 0.0016015881 0.0061569745 0.99997979
vn 1.5514372e-07 2.4234393e-07 1
vn 1.4567038e-07 2.1556927e-07 0.99999994
vn -4.5176036e-09 1.4610093e-07 1
vn 5.9601792e-08 1.7746073e-07 1
vn -3.1304655e-08 2.0428959e-07 0.99999994
vn -1.7644254e-08 0.0064843469 0.99997896
vn 7.176792e-09 2.7257218e-07 1
vn 1.2642985e-07 3.3610493e-07 1
vn 1.831373e-07 2.8360262e-07 1
vn -6.3188928e-08 1.8709217e-07 1
vn -0.0015115341 0.0058080144 0.999982
vn -1.67143e-07 2.6762967e-07 1
vn -1.8584387e-07 3.4878914e-07 1
vn -0.0036966044 0.0038087484 0.99998593
vn 4.9209142e-08 -4.9225861e-08 1
vn 3.1853006e-07 2.2152898e-07 1
vn 7.2274666e-08 1.6670555e-08 1
vn -1.8528311e-07 -2.8118055e-07 1
vn -1.7280433e-07 -3.2014188e-07 1
vn -2.121179e-07 -3.1560216e-07 0.99999994
vn -0.0048673139 0.0013325904 0.9999873
vn -2.5889477e-07 1.2749368e-07 1
vn -2.170927e-07 2.1783684e-07 1
vn -0.004551155 0.002688488 0.99998599
vn -2.8653449e-07 -1.7318454e-08 0.99999994
vn -3.017025e-07 9.9253414e-09 1
vn -0.00496333 -6.2178174e-08 0.99998766
vn -2.4448104e-07 -3.6106744e-08 1
vn -2.2153323e-07 -7.3049854e-08 1
vn -0.0048673241 -0.0013326959 0.99998736
vn -0.004551209 -0.0026883553 0.99998605
vn -0.0039412221 -0.0040406706 0.99998403
vn -0.0029595664 -0.0052687428 0.99998176
vn -2.4320067e-07 4.4059889e-09 1
vn -3.3259971e-07 1.4449525e-07 1
vn -2.0318119e-07 0 1
vn -0.96537745 -0.26085699 0
vn -0.99978143 0.020904345 0
vn -0.0083041908 0.99996555 0
vn 0.29732174 0.95477736 0
vn -0.98122507 -0.19286573 0
vn -0.99760365 0.069187596 0
vn 0.14765146 0.98903942 0
vn -0.078352809 0.99692571 0
vn -0.82009429 0.57222849 0
vn -0.61820358 0.78601807 0
vn -0.89854831 -0.43887475 0
vn 0.57624191 0.81727916 0
vn 0.7964648 0.60468483 0
vn -0.58308804 -0.81240898 0
vn -0.76043886 -0.64940947 0
vn -0.059981126 0.99819946 0
vn 0.67256808 0.74003524 0
vn -0.94303554 0.33269206 0
vn 0.789141 0.61421221 0
vn 0.49425542 0.86931676 0
vn 1.8469389e-07 -1.9242017e-07 0.99999994
vn 0.72427303 -0.68951344 0
vn 0.64002067 -0.76835781 0
vn -0.33009568 0.94394749 0
vn 0.53444278 -0.84520465 0
vn -0.35034391 -0.93662113 0
vn 0.99987292 0.01593782 0
vn 0.85678917 -0.51566678 0
vn 0.37806916 -0.92577732 0
vn 0.18250781 -0.98320442 0
vn -0.27608675 0.96113276 0
vn -2.6309667e-07 -1.179223e-06 0.99999994
vn -2.7331168e-07 2.6923033e-07 1
vn -2.7252906e-07 1.5825516e-07 1
vn -0.39424807 0.91900414 0
vn 0.015488281 -0.99988002 0
vn -0.13684812 -0.990592 0
vn 0.0016014572 -0.0061565116 0.99997979
vn 1.4155974e-08 -5.7527336e-07 0.99999994
vn 0.0029595378 -0.005268753 0.99998176
vn 6.5991649e-08 -3.7008286e-07 0.99999994
vn 6.630821e-08 -3.46299e-07 1
vn -2.6121993e-08 -3.1717752e-07 1
vn -9.7051256e-09 -3.5974284e-07 1
vn -0.0016014869 -0.0061567673 0.99997967
vn 3.5734647e-08 -3.3220118e-07 1
vn 2.5789353e-07 5.187859e-08 1
vn 2.9307247e-07 -1.1535377e-07 1
vn 1.1212185e-07 -3.3326735e-08 1
vn -4.0903814e-08 -6.3643051e-07 1
vn -2.7310688e-07 -1.6173691e-07 1
vn -8.298435e-08 -3.4245858e-07 1
vn -1.4275776e-07 -1.6487638e-07 1
vn -3.3674644e-07 2.2575689e-08 1
vn 0.27803236 0.96057165 0
vn 0.51717407 0.8558802 0
vn 0.029800968 0.99955583 0
vn 0.81906879 -0.5736953 0
vn 0.91264629 -0.40875015 0
vn 0.94569111 -0.32506683 0
vn -0.9972111 0.074632786 0
vn -0.9741897 0.2257309 0
vn -0.50502765 0.86310315 0
vn -0.2224942 0.97493404 0
vn -0.18266074 -0.98317593 0
vn 0.90840733 -0.41808626 0
vn 0.77462739 -0.63241798 0
vn -0.72961628 -0.68385673 0
vn -0.81298143 0.58228958 0
vn -0.69585305 0.71818411 0
vn -0.91204453 0.41009122 0
vn 0.8786273 0.47750819 0
vn 0.98681653 0.16184294 0
vn 0.55799377 -0.82984519 0
vn 0.31510326 -0.94905734 0
vn -0.14579037 -0.98931557 0
vn 0.20732823 -0.97827142 0
vn 0.72106928 0.69286287 0
vn 0.016604042 -0.99986213 0
vn -0.34996817 -0.93676162 0
vn -0.97067785 -0.24038374 0
vn -0.99934155 -0.036282342 0
vn 0.98263711 -0.18553813 0
vn -3.4912404e-07 -1.7591614e-07 1
vn -4.3445712e-07 4.3994015e-07 0.99999994
vn -2.4241743e-07 1.3844904e-07 1
vn -1.3803329e-07 -4.1638452e-07 1
vn -2.5785573e-07 3.1094737e-07 1
vn 1.9002408e-07 3.2856667e-07 1
vn -1.6982756e-07 2.7141721e-07 1
vn -1.6880651e-07 3.2108505e-07 1
vn -0.0025518963 0.0044532032 0.99998689
vn -1.901948e-07 3.0658529e-07 1
vn -2.1892535e-07 2.5763313e-07 1
vn -0.83088702 0.55644119 0
vn -0.99033415 0.13870196 0
vn -0.97866809 -0.20544721 0
vn -0.91317481 -0.40756816 0
vn 0.83706951 0.54709655 0
vn 0.90871853 0.41740951 0
vn 0.97609192 0.21735811 0
vn 0.99882567 -0.048448756 0
vn -0.85865229 -0.51255864 0
vn -0.85637248 0.51635849 0
vn -0.14753832 0.98905629 0
vn 0.95224404 -0.30533785 0
vn 0.85023475 -0.52640373 0
vn -0.96030468 0.27895361 0
vn -0.83734632 0.54667282 0
vn 0.75223374 0.65889627 0
vn 0.62749684 0.77861917 0
vn 0.42776418 0.90389037 0
vn 0.51847106 0.85509521 0
vn -0.52418041 -0.85160726 0
vn -0.71662575 -0.69745791 0
vn -0.81571728 -0.57845068 0
vn 0.67203146 -0.74052256 0
vn -0.79947227 -0.600703 0
vn -0.96917176 -0.24638592 0
vn -0.71341324 0.70074368 0
vn 0.28779784 0.95769113 0
vn 0.45746985 -0.88922513 0
vn -0.2928091 -0.95617098 0
vn 0.22659278 -0.97398949 0
vn -0.73637617 -0.67657244 0
vn -5.7864103e-08 4.1143801e-07 1
vn 5.7141563e-07 4.2662262e-07 1
vn 1.2519166e-07 2.2521075e-07 1
vn -2.2299926e-07 4.217182e-07 1
vn 7.4198944e-08 3.3015073e-08 1
vn 2.3110675e-07 1.9470937e-07 1
vn 1.6676269e-07 -1.0210089e-07 1
vn 2.4688461e-07 -7.5463262e-08 0.99999994
vn 2.3865172e-07 0 0.99999994
vn 2.1869721e-07 2.8352898e-07 1
vn -7.6352912e-08 1.9439449e-07 1
vn -0.045515165 -0.99896365 0
vn -0.4120689 -0.91115272 0
vn 2.3692691e-07 -7.9967171e-09 1
vn 3.1985226e-07 -5.9073177e-08 1
vn 2.566124e-07 -7.205503e-08 0.99999994
vn 1.4481535e-07 -8.0158109e-08 1
vn 3.2174785e-07 4.2976774e-07 1
vn 3.2752104e-07 3.1455124e-07 1
vn -1.4511161e-07 -6.2327992e-08 1
vn -2.0252104e-07 -5.6854776e-07 0.99999994
vn -2.0158907e-07 -9.2159951e-08 1
vn -1.7709382e-07 2.6876904e-08 1
vn -1.8724997e-07 -7.6290166e-07 1
vn 1.5573356e-07 1.0192363e-08 1
vn 4.7514419e-07 1.3993126e-08 1
vn 4.2132218e-08 1.4965993e-08 1
vn 2.8628835e-07 6.121806e-08 1
vn -2.0290578e-08 -2.2609367e-08 0.99999994
vn -1.8431774e-07 -1.6754217e-07 1
vn 0.70576471 -0.70844632 0
vn -1.9050249e-07 -8.7362986e-07 0.99999994
vn 0.5372175 -0.84344381 0
vn -0.18683141 0.69743586 -0.69186497
vn -2.7345438e-08 0.72194791 -0.6919474
vn -0.36105222 0.62549955 -0.69165868
vn -0.5108062 0.5109058 -0.69141316
vn -0.69815618 0.18710032 -0.69106531
vn -0.62581617 0.36137757 -0.69120216
vn -0.72283733 1.3925987e-07 -0.69101828
vn -0.69815636 -0.18710056 -0.69106519
vn -0.62581599 -0.36137775 -0.69120234
vn -0.51080626 -0.51090568 -0.69141334
vn -0.36105242 -0.62549967 -0.69165838
vn -0.18683101 -0.69743532 -0.69186568
vn -3.1376416e-08 -0.72194707 -0.69194835
vn 0.18690972 -0.6976974 -0.69158018
vn 0.36131728 -0.62586796 -0.69118667
vn 0.51094413 -0.51104259 -0.69121021
vn 0.62581605 -0.36137778 -0.69120204
vn 0.69815624 -0.1871006 -0.69106525
vn 0.72283739 -2.4370479e-08 -0.6910181
vn 0.6981566 0.1871005 -0.69106501
vn 0.62581605 0.36137795 -0.69120204
vn 0.51080602 0.5109061 -0.69141316
vn 0.36105245 0.62549961 -0.69165844
vn 0.18683162 0.69743603 -0.69186491
vn 3.4177458e-07 -1.0534515e-07 -1
vn 0.0039410731 -0.0040405449 -0.99998403
vn 2.8328765e-07 -2.5572618e-07 -1
vn -2.8319549e-09 -0.0064835679 -0.99997902
vn -2.1844198e-08 -3.5930941e-07 -0.99999994
vn 2.8586717e-08 -6.2960191e-07 -1
vn 2.3376879e-07 2.790434e-08 -1
vn 2.332857e-07 -2.5961077e-08 -1
vn 1.4553136e-07 -3.7877463e-08 -1
vn 1.9721151e-07 -6.4050113e-08 -1
vn 1.978413e-07 -1.0077454e-07 -0.99999994
vn 0.0048670466 -0.0013326335 -0.99998736
vn 0.0045509734 -0.0026882489 -0.99998599
vn 4.0943352e-08 -2.0444224e-07 -1
vn 7.2481704e-08 -1.1773055e-06 -0.99999994
vn 1.4652902e-07 -3.5332187e-07 -0.99999994
vn 0.0049630422 -6.0922368e-08 -0.99998778
vn 2.5689346e-07 -1.123308e-07 -1
vn 2.4991826e-07 -1.3059665e-07 -1
vn -1.8986805e-07 1.1027971e-07 -1
vn -1.4128828e-07 -1.8563898e-07 -1
vn -2.5871767e-08 -2.6272872e-07 -1
vn 0.0045509068 0.0026883748 -0.99998605
vn 0.0048670275 0.001332522 -0.9999873
vn 2.9618235e-07 -1.0820879e-07 -1
vn 2.8692014e-07 9.2661239e-08 -0.99999994
vn -5.6712491e-07 5.3417148e-07 -0.99999994
vn -2.3408738e-07 1.9901687e-07 -1
vn 0.0039410768 0.0040406878 -0.99998409
vn 2.3281181e-07 1.9931885e-07 -1
vn 1.3493863e-07 3.6485525e-07 -1
vn 0.0029595243 0.0052686809 -0.99998176
vn 1.7538952e-07 2.4785322e-07 -1
vn 2.1466566e-07 2.1545259e-07 -1
vn -6.5979634e-08 2.8092612e-07 -1
vn 8.0444899e-08 1.1194928e-07 -1
vn 1.5092468e-07 1.030214e-07 -1
vn 0.0016015031 0.0061567812 -0.99997979
vn 1.4567038e-07 2.1556927e-07 -0.99999994
vn 1.5514372e-07 2.4234393e-07 -1
vn -4.5175832e-09 1.6382518e-07 -1
vn -3.1304655e-08 2.1663632e-07 -0.99999994
vn 5.960181e-08 1.8530123e-07 -1
vn -1.7602048e-08 0.0064839311 -0.99997896
vn 1.2642994e-07 3.314008e-07 -1
vn 7.1768569e-09 2.7768735e-07 -1
vn 1.831373e-07 2.9369363e-07 -1
vn -0.0015114543 0.0058077537 -0.999982
vn -6.3188921e-08 2.0106012e-07 -1
vn -1.67143e-07 2.9264663e-07 -1
vn -0.0036964056 0.0038085619 -0.99998593
vn -1.8584387e-07 3.4878914e-07 -1
vn 4.9209135e-08 -5.5155141e-08 -1
vn 7.2274666e-08 1.6670555e-08 -1
vn 3.1853e-07 2.4192232e-07 -1
vn -1.8528308e-07 -3.1696246e-07 -1
vn -2.1211793e-07 -3.2339375e-07 -0.99999994
vn -1.7280433e-07 -3.6587636e-07 -1
vn -0.0048670508 0.0013325067 -0.99998736
vn -0.0045509078 0.0026883632 -0.99998605
vn -2.1709273e-07 2.369524e-07 -1
vn -2.588948e-07 1.2749371e-07 -1
vn -2.8653446e-07 -3.2320003e-08 -1
vn -0.0049630627 -6.4404404e-08 -0.99998778
vn -3.0170247e-07 0 -1
vn -2.4448104e-07 -3.6106744e-08 -1
vn -2.215332e-07 -7.8366391e-08 -1
vn -0.0045509646 -0.0026882598 -0.99998605
vn -0.0048670596 -0.0013326383 -0.99998736
vn -0.0039410125 -0.0040404419 -0.99998403
vn -0.0029594074 -0.0052684154 -0.99998176
vn -2.4320067e-07 8.7636671e-09 -1
vn -2.0318119e-07 6.4683476e-09 -1
vn -3.3259971e-07 1.4449525e-07 -1
vn 1.8469389e-07 -1.9242017e-07 -0.99999994
vn -2.6309667e-07 -8.844172e-07 -0.99999994
vn -2.7252932e-07 1.1869157e-07 -1
vn -2.7331194e-07 2.0192299e-07 -1
vn 0.0016013709 -0.00615637 -0.99997979
vn 1.4155975e-08 -5.7527325e-07 -1
vn 0.0029593783 -0.0052685905 -0.99998176
vn 6.5991649e-08 -3.7008286e-07 -0.99999994
vn 6.630821e-08 -3.46299e-07 -1
vn -0.0016014007 -0.006156412 -0.99997979
vn -9.7051247e-09 -3.3937829e-07 -1
vn -2.6121992e-08 -2.8934639e-07 -1
vn 3.5734647e-08 -3.3220118e-07 -1
vn 2.5789353e-07 5.4766684e-08 -1
vn 2.9307242e-07 -8.2910518e-08 -1
vn 1.1212185e-07 -3.3326735e-08 -1
vn -4.0903814e-08 -6.3643051e-07 -1
vn -2.7310688e-07 -1.6474948e-07 -1
vn -8.2984393e-08 -3.7029753e-07 -1
vn -1.4275777e-07 -1.8033356e-07 -1
vn -3.3674647e-07 1.9339099e-08 -1
vn -3.4912404e-07 -1.7591614e-07 -1
vn -4.3445712e-07 4.3994015e-07 -0.99999994
vn -2.4241746e-07 1.2805911e-07 -1
vn -1.3803329e-07 -4.2902829e-07 -1
vn -2.5785573e-07 3.1094737e-07 -1
vn 1.9002411e-07 3.2856673e-07 -1
vn -1.6982756e-07 2.6359109e-07 -1
vn -1.6880652e-07 3.0798557e-07 -1
vn -0.0025517603 0.004453056 -0.99998683
vn -1.9019481e-07 3.0303244e-07 -1
vn -2.1892541e-07 2.5127031e-07 -1
vn -5.7864074e-08 4.1143801e-07 -1
vn 1.2519166e-07 2.2521074e-07 -1
vn 5.7141563e-07 4.2662262e-07 -1
vn -2.2299925e-07 4.217182e-07 -1
vn 7.4198944e-08 3.3015073e-08 -1
vn 2.3110675e-07 1.9874085e-07 -1
vn 1.6676269e-07 -1.0210089e-07 -1
vn 2.4688461e-07 -7.5463262e-08 -0.99999994
vn 2.3865172e-07 -1.7072622e-08 -0.99999994
vn 2.1869721e-07 2.8352898e-07 -1
vn -7.6352912e-08 2.1206671e-07 -1
vn 1.4481533e-07 -8.0158109e-08 -1
vn 2.5661234e-07 -7.205503e-08 -0.99999994
vn 3.1985223e-07 -5.9073177e-08 -1
vn 2.3692687e-07 -1.3780698e-08 -1
vn 3.2174788e-07 4.2976774e-07 -1
vn 3.2752101e-07 3.3695153e-07 -1
vn -1.4511161e-07 -6.2327992e-08 -1
vn -2.0252105e-07 -5.6854776e-07 -0.99999994
vn -2.0158913e-07 -1.1499034e-07 -1
vn -1.7709382e-07 2.6876904e-08 -1
vn -1.8724997e-07 -7.6290166e-07 -1
vn 1.5573356e-07 3.1394225e-09 -1
vn 4.2132221e-08 1.6659682e-08 -1
vn 4.7514419e-07 1.0494845e-08 -1
vn 2.8628835e-07 6.4626079e-08 -1
vn -2.0290571e-08 -1.4318157e-08 -0.99999994
vn -1.8431771e-07 -1.7279709e-07 -1
vn -1.9050258e-07 -8.9952761e-07 -0.99999994
vn -6.7735428e-08 1 3.9342432e-09
vn 0.37227532 0.92812228 3.8063543e-09
vn 0.65527272 0.75539231 2.6648477e-09
vn 0.65527272 0.75539237 2.6648479e-09
vn 0.83333063 0.55277497 1.9762436e-09
vn 0.83333057 0.55277497 1.9762436e-09
vn 0.93412799 0.35693842 1.2485174e-09
vn 0.98467433 0.1744035 1.7220938e-09
vn 0.98467427 0.17440349 1.7220938e-09
vn 1 -1.4282258e-08 1.7174289e-09
vn 0.98467427 -0.17440343 -1.3517192e-09
vn 0.93412805 -0.3569383 -2.8496745e-09
vn 0.93412799 -0.3569383 -2.8496741e-09
vn 0.83333063 -0.55277485 -3.0424063e-09
vn 0.83333063 -0.55277491 -3.0424061e-09
vn 0.6552726 -0.75539249 -3.1860323e-09
vn 0.37227505 -0.92812246 -3.4936347e-09
vn -9.6764893e-08 -1 -3.9342418e-09
vn -0.37227511 -0.92812234 -3.8063557e-09
vn -0.6552726 -0.75539249 -2.6648481e-09
vn -0.83333063 -0.55277485 -1.1196676e-09
vn -0.93412793 -0.35693836 -3.9384471e-10
vn -0.93412799 -0.35693842 -3.9384476e-10
vn -0.98467427 -0.17440346 1.8660461e-10
vn -1 1.1901883e-07 1.9069381e-10
vn -1 1.1901881e-07 1.9069381e-10
vn -0.98467422 0.1744035 8.2384416e-10
vn -0.98467422 0.17440353 8.2384416e-10
vn -0.93412811 0.35693821 2.3212481e-09
vn -0.83333069 0.55277473 3.0424046e-09
vn -0.83333069 0.55277479 3.0424046e-09
vn -0.65527248 0.75539261 3.1860312e-09
vn -0.65527254 0.75539255 3.1860312e-09
vn -0.37227505 0.92812234 3.4936363e-09
vn -0.82734203 -0.56169844 0
vn -0.93128556 -0.36428997 0
vn -0.93128556 -0.36429003 0
vn 0.93128556 -0.36428991 0
vn 0.82734203 -0.56169844 0
vn -0.36514965 0.93094879 0
vn -0.36514962 0.93094879 0
vn 2.8036303e-07 1 0
vn 0.36514971 0.93094879 0
vn 0.64669943 0.76274484 0
vn -0.98395342 -0.1784257 -6.3806617e-08
vn -0.98395342 -0.17842573 -6.380661e-08
vn 0.64669961 -0.7627449 0
vn 0.82734203 0.5616985 0
vn 0.82734203 0.56169844 0
vn -1 9.0470635e-08 -6.3787184e-08
vn -1 9.5232252e-08 -6.3787184e-08
vn 0.36514962 -0.93094879 0
vn 0.93128556 0.36429 0
vn -0.98395336 0.17842573 0
vn -0.98395336 0.17842571 0
vn -2.126892e-07 -1 0
vn 0.98395336 0.17842568 6.380656e-08
vn 0.98395336 0.17842567 6.3806567e-08
vn -0.93128568 0.36428985 0
vn -0.36514992 -0.93094885 0
vn 1 -3.80929e-08 6.3787148e-08
vn 1 -3.3331283e-08 6.3787141e-08
vn -0.82734209 0.56169832 0
vn -0.82734209 0.56169826 0
vn -0.64669961 -0.7627449 0
vn 0.98395336 -0.17842571 0
vn -0.64669967 0.76274484 0
vn -2.9252498e-10 5.5375202e-09 1
vn 5.0588143e-09 -4.4677947e-08 1
vn 3.2254765e-15 0 1
vn 3.2133816e-08 5.049586e-08 1
vn 6.3704107e-08 5.5954594e-08 1
vn 1.4376263e-07 2.3402581e-08 1
vn 1.1330459e-07 -2.7779119e-08 1
vn 1.1881443e-07 -8.344772e-09 1
vn 5.3405628e-08 -5.5066351e-08 1
vn 3.0555345e-08 -7.0867607e-08 1
vn 4.3524647e-08 -5.2219878e-08 1
vn 2.6133682e-08 -6.8586949e-08 1
vn 5.3405196e-09 -5.088912e-08 1
vn 1.1700695e-08 -6.1514278e-08 1
vn 3.436142e-09 -1.4946963e-08 1
vn 8.9765745e-10 -3.5767147e-08 1
vn -1.2837487e-08 1.3206663e-08 0.99999994
vn 5.6908611e-10 -1.9733717e-09 1
vn 1.5051347e-08 -9.2174915e-08 0.99999994
vn -1.7391267e-08 -7.8787622e-08 1
vn -1.7818786e-08 -6.6695208e-08 1
vn -3.4988464e-08 -7.2806294e-08 1
vn -2.6919519e-08 -5.4136255e-08 1
vn -2.6670333e-08 -3.6823153e-08 1
vn -2.4227409e-08 -2.3607058e-08 0.99999994
vn -5.8993713e-08 3.4627412e-08 1
vn -3.8530139e-08 -6.0021669e-08 1
vn -1.1420725e-07 -2.3437709e-08 1
vn -1.0843993e-07 -9.6403255e-08 1
vn -1.2221966e-07 1.367348e-07 1
vn -2.9465509e-08 2.9983653e-08 1
vn -5.0587965e-09 0 0.99999994
vn -0.82734191 -0.56169856 -3.8259557e-08
vn -0.82734191 -0.56169856 -3.8259554e-08
vn -0.93128556 -0.36428997 -1.7483675e-08
vn -0.93128556 -0.36429003 -1.7483677e-08
vn 0.93128556 -0.36428997 -4.6717052e-08
vn 0.93128556 -0.36428994 -4.6717052e-08
vn 0.82734203 -0.56169844 -5.2042395e-08
vn 0.82734203 -0.56169844 -5.2042399e-08
vn -0.36514974 0.93094873 2.0836959e-08
vn 2.996984e-07 1 0
vn 0.36514977 0.93094879 1.3746868e-08
vn 0.64669937 0.7627449 3.4495741e-08
vn -0.98395336 -0.17842567 -2.7379454e-09
vn -0.98395336 -0.17842568 -2.7379454e-09
vn 0.64669961 -0.76274484 -3.5905686e-08
vn 0.64669967 -0.76274484 -3.5905686e-08
vn 0.82734203 0.5616985 2.0737819e-08
vn 0.82734203 0.56169844 2.0737815e-08
vn -1 1.0951707e-07 -2.3887887e-08
vn -1 1.0475546e-07 -2.3887884e-08
vn 0.36514974 -0.93094879 -1.5627744e-08
vn 0.93128568 0.36428991 2.1985068e-08
vn 0.93128568 0.36428991 2.198507e-08
vn -0.98395336 0.17842568 -6.1511112e-09
vn -6.7673838e-08 -1 0
vn 0.98395336 0.17842567 -5.4105596e-09
vn -0.93128568 0.36428991 4.6717037e-08
vn -0.93128556 0.36428988 4.6717041e-08
vn -0.36514989 -0.93094885 -1.3746871e-08
vn 1 -1.9046446e-08 -2.7364452e-08
vn 1 -2.3808058e-08 -2.7364452e-08
vn -0.82734203 0.56169832 5.2042374e-08
vn -0.82734203 0.56169832 5.2042378e-08
vn -0.64669955 -0.7627449 -3.4495745e-08
vn -0.64669961 -0.7627449 -3.4495748e-08
vn 0.98395336 -0.17842573 -1.5006101e-08
vn 0.98395342 -0.17842574 -1.5006103e-08
vn -0.64669979 0.76274467 4.1088825e-08
vn -0.33533177 0.86981982 -0.36189243
vn -0.36514965 0.93094879 1.0164178e-08
vn 2.9158562e-07 0.92954654 -0.36870477
vn -0.88599473 -0.35256359 -0.30118454
vn -0.93128556 -0.36428997 -1.8881146e-08
vn -0.98395336 -0.17842558 0
vn -0.9417823 -0.17373203 -0.28786016
vn 0.77918428 -0.53816962 -0.32131812
vn 0.82734191 -0.5616985 -4.8114384e-08
vn 0.64669961 -0.76274484 -3.8916443e-08
vn 0.60114944 -0.72135669 -0.34389505
vn 0.33533195 0.86981976 -0.36189246
vn 0.36514971 0.93094879 9.6344044e-09
vn 0.64669943 0.76274502 3.1549639e-08
vn 0.60114932 0.72135687 -0.34389493
vn 0.82734203 0.56169844 2.1879204e-08
vn 0.77918422 0.53816974 -0.32131803
vn -1 1.0475547e-07 0
vn -0.95904541 1.8924474e-08 -0.28325248
vn 0.36514965 -0.93094891 -2.0328384e-08
vn 0.33533162 -0.86981982 -0.36189255
vn 0.93128568 0.36428985 0
vn 0.88599479 0.35256362 -0.30118456
vn -0.98395336 0.17842564 1.2944293e-08
vn -0.9417823 0.17373201 -0.28786016
vn -4.833845e-08 -1 0
vn -6.2677273e-08 -0.92954648 -0.368705
vn 0.98395336 0.17842561 0
vn 0.9417823 0.17373203 -0.28786018
vn -0.93128562 0.3642897 4.2389953e-08
vn -0.88599491 0.3525635 -0.30118456
vn -0.36514968 -0.93094879 -9.6344044e-09
vn -0.3353318 -0.8698197 -0.36189261
vn 1 -1.4284837e-08 0
vn 0.95904535 -2.5232634e-08 -0.28325251
vn -0.82734203 0.56169838 4.8114352e-08
vn -0.7791844 0.53816956 -0.32131794
vn -0.64669967 -0.76274484 -3.1549636e-08
vn -0.6011495 -0.72135657 -0.34389502
vn 0.98395336 -0.17842565 1.7549183e-08
vn 0.94178218 -0.17373221 -0.28786013
vn -0.64669961 0.7627449 2.8803091e-08
vn -0.6011495 0.72135681 -0.3438949
vn -0.82734191 -0.56169862 -4.0801449e-08
vn -0.77918422 -0.53816968 -0.32131812
vn 0.93128568 -0.36428991 -1.1864788e-08
vn 0.88599473 -0.35256359 -0.30118451
vn 1.6527495e-07 0.41958615 -0.9077155
vn 0.16340174 0.39501482 -0.90402615
vn 0.29662681 0.33284208 -0.89511377
vn 0.39071921 0.25316733 -0.8850112
vn 0.45067835 0.16860184 -0.87661994
vn 0.48352745 0.083943009 -0.87129492
vn 0.49395016 -3.8819036e-07 -0.86949021
vn 0.48352754 -0.083942764 -0.87129486
vn 0.4506782 -0.1686016 -0.87661999
vn 0.39071923 -0.25316682 -0.88501126
vn 0.29662687 -0.33284214 -0.89511371
vn 0.16340153 -0.39501479 -0.90402621
vn -3.1480941e-08 -0.4195863 -0.90771538
vn -0.16340132 -0.39501879 -0.90402448
vn -0.29662687 -0.33284229 -0.89511359
vn -0.39071926 -0.25316712 -0.88501126
vn -0.45067832 -0.16860223 -0.87661988
vn -0.48352763 -0.083942413 -0.87129486
vn -0.49395016 2.0814883e-07 -0.86949021
vn -0.48352754 0.083942659 -0.87129486
vn -0.45067844 0.16860163 -0.87661994
vn -0.39071932 0.25316733 -0.8850112
vn -0.29662699 0.3328422 -0.89511371
vn -0.1634016 0.39501482 -0.90402621
vn 1 -2.8569673e-08 -5.6590924e-08
vn 0.98395336 0.17842564 0
vn -0.82734209 0.56169838 0
vn -0.93128574 0.36428982 0
vn -0.64669979 -0.76274467 0
vn -0.64669967 -0.76274467 0
vn -0.36514947 -0.93094891 0
vn -0.36514947 -0.93094897 0
vn 0.98395336 -0.17842564 -5.6608158e-08
vn 0.98395336 -0.17842564 -5.6608151e-08
vn -0.64669943 0.7627449 0
vn -0.64669955 0.76274484 0
vn -0.82734203 -0.56169838 0
vn 0.93128568 -0.36428991 0
vn -0.36515009 0.93094867 0
vn 0.36515012 0.93094867 0
vn 0.36515009 0.93094867 0
vn -5.8006155e-08 0.99999994 0
vn -0.93128556 -0.36428994 0
vn 0.82734209 -0.56169832 0
vn 0.82734203 -0.56169832 0
vn 0.64669961 0.76274484 0
vn -0.98395336 -0.1784256 0
vn 0.64669967 -0.76274467 0
vn 0.64669979 -0.76274467 0
vn -1 9.5232238e-08 5.6590967e-08
vn 0.36514938 -0.93094897 0
vn 0.36514935 -0.93094897 0
vn 0.93128556 0.36428994 0
vn -0.98395336 0.17842567 5.6608194e-08
vn -0.98395336 0.17842565 5.6608197e-08
vn -5.800613e-08 -0.99999994 0
vn -8.1454225e-14 -4.3711324e-08 1
vn -8.0461991e-14 -4.3711328e-08 1
vn 1.7225905e-20 -4.3711353e-08 1
vn 3.0503733e-20 -4.3711353e-08 1
vn 2.4531804e-15 -4.3711271e-08 1
vn -1.368145e-14 -4.3711275e-08 1
vn 9.0974246e-14 -4.3711321e-08 1
vn 8.8582353e-14 -4.3711314e-08 1
vn 5.9202277e-14 -4.3711367e-08 1
vn 6.5360484e-14 -4.3711371e-08 1
vn 5.7802693e-15 -4.3711402e-08 1
vn 7.1693775e-15 -4.3711392e-08 0.99999994
vn -3.3876764e-14 -4.3711402e-08 1
vn -3.3876764e-14 -4.3711399e-08 1
vn -4.2493959e-14 -4.3711385e-08 1
vn -4.1139774e-14 -4.3711381e-08 1
vn -2.9529876e-14 -4.3711388e-08 1
vn -3.0165493e-14 -4.3711385e-08 1
vn -5.3624192e-14 -4.3711328e-08 1
vn -5.7988817e-14 -4.3711321e-08 1
vn -3.2600279e-14 -4.3711292e-08 1
vn -2.292545e-14 -4.3711292e-08 1
vn 2.3215979e-14 -4.371142e-08 0.99999994
vn 2.3341309e-14 -4.3711438e-08 1
vn 1.2148722e-14 -4.3711413e-08 1
vn 1.2148722e-14 -4.3711417e-08 0.99999994
vn -1.1806315e-14 -4.37112e-08 1
vn -1.043809e-14 -4.3711207e-08 1
vn -2.0711377e-14 -4.371125e-08 1
vn -2.0984235e-14 -4.3711228e-08 1
vn 2.8612753e-14 -4.3711374e-08 1
vn 1.9920533e-14 -4.3711367e-08 1
vn 4.7717239e-14 -4.3711445e-08 1
vn 5.0629345e-14 -4.3711445e-08 1
vn 4.7224852e-15 -4.3711449e-08 1
vn 6.8165053e-15 -4.3711449e-08 0.99999994
vn -3.8393676e-14 -4.3711381e-08 1
vn -3.8393679e-14 -4.3711385e-08 1
vn -6.4421836e-14 -4.3711349e-08 1
vn -6.5005625e-14 -4.3711353e-08 1
vn -9.3300957e-14 -4.3711275e-08 1
vn -9.6980041e-14 -4.3711267e-08 1
vn -9.157448e-14 -4.3711253e-08 1
vn -8.5557754e-14 -4.3711267e-08 1
vn 3.184651e-15 -4.371125e-08 1
vn 1.636213e-14 -4.3711232e-08 1
vn 7.5551056e-14 -4.3711239e-08 1
vn 7.524294e-14 -4.371125e-08 1
vn -5.515779e-15 7.4695564e-08 -1
vn -3.2254769e-15 7.4695564e-08 -1
vn 9.8085344e-09 1.4773254e-07 -0.99999994
vn 8.9177261e-09 1.525853e-07 -1
vn 1.5392029e-08 1.0250802e-07 -1
vn 1.9489915e-08 7.4473078e-08 -1
vn 2.0149237e-08 3.1138711e-08 -1
vn 1.5800897e-08 4.437905e-08 -0.99999994
vn -1.9518283e-09 5.9048453e-08 -1
vn -4.4216875e-09 5.3266579e-08 -1
vn -1.0002296e-08 3.5396351e-08 -0.99999994
vn -9.6797814e-09 3.5304364e-08 -1
vn -8.9848342e-16 3.4779202e-08 -1
vn -1.0727543e-15 3.4779202e-08 -1
vn 1.0002295e-08 1.5936726e-08 -0.99999994
vn 9.6797805e-09 1.8745236e-08 -1
vn 1.9518487e-09 6.5657048e-08 -1
vn 4.421703e-09 4.9244644e-08 -1
vn -2.0149226e-08 4.6708077e-08 -1
vn -1.5800879e-08 6.6568596e-08 -1
vn -1.5392054e-08 4.4847233e-08 -1
vn -1.948993e-08 3.2581958e-08 -1
vn -9.8084998e-09 6.9177723e-08 -1
vn -8.9177075e-09 7.049772e-08 -0.99999994
vn 4.5156635e-15 8.2912713e-08 -0.99999994
vn 5.5157828e-15 8.2912713e-08 -0.99999994
vn 9.8084865e-09 1.2532404e-07 -1
vn 8.9176906e-09 1.3026676e-07 -1
vn 1.5392022e-08 8.1201058e-08 -1
vn 1.9489908e-08 5.3394622e-08 -1
vn 2.0149233e-08 3.4605709e-08 -1
vn 1.5800889e-08 5.8024821e-08 -0.99999994
vn -1.9518291e-09 8.09341e-08 -1
vn -4.4216817e-09 6.9681441e-08 -1
vn -1.0002297e-08 3.5396358e-08 -0.99999994
vn -9.6797814e-09 3.5304375e-08 -1
vn -7.1878674e-15 3.4779216e-08 -1
vn -7.5092808e-15 3.4779216e-08 -1
vn 1.0002288e-08 5.4855988e-08 -0.99999994
vn 9.6797743e-09 5.1863502e-08 -1
vn 1.9518362e-09 6.3382707e-08 -1
vn 4.4216888e-09 6.5495954e-08 -1
vn -2.0149233e-08 1.1251688e-08 -1
vn -1.5800882e-08 2.4740544e-08 -1
vn -1.5392079e-08 7.4794144e-08 -1
vn -1.9489939e-08 4.8740006e-08 -1
vn -9.8085726e-09 7.6862065e-08 -1
vn -8.9177741e-09 8.8433296e-08 -1
vn 1 -2.3808058e-08 -2.111001e-08
vn -0.82734215 0.56169826 0
vn -0.82734215 0.5616982 0
vn -0.93128574 0.3642897 0
vn -0.93128562 0.3642897 0
vn -0.64669955 -0.76274484 0
vn -0.36514917 -0.93094903 0
vn -0.36514914 -0.93094897 0
vn 0.98395342 -0.17842571 -2.1116442e-08
vn 0.98395342 -0.1784257 -2.111644e-08
vn -0.82734203 -0.56169832 0
vn 0.93128556 -0.36428994 0
vn -0.36514995 0.93094873 0
vn -0.36514997 0.93094873 0
vn 0.36515 0.93094867 0
vn 0.36515 0.93094873 0
vn -6.7673838e-08 1 0
vn 0.64669967 0.76274478 0
vn 0.64669967 0.76274467 0
vn -0.98395336 -0.17842564 0
vn -0.98395342 -0.17842565 0
vn 0.64669955 -0.76274484 0
vn 0.82734209 0.56169832 0
vn -1 9.0470621e-08 2.1110026e-08
vn 0.36514908 -0.93094903 0
vn 0.36514908 -0.93094915 0
vn 0.93128568 0.36428991 0
vn 0.93128556 0.36428991 0
vn -0.98395336 0.17842564 2.1116454e-08
vn -4.8338439e-08 -0.99999994 0
vn -3.8955682e-14 -4.3711442e-08 1
vn -3.8955682e-14 -4.3711445e-08 0.99999994
vn 2.2147593e-20 -4.3711378e-08 1
vn 3.0717856e-20 -4.3711378e-08 1
vn 0 -4.3711342e-08 1
vn 0 -4.3711346e-08 1
vn 1.7255523e-14 -4.3711275e-08 1
vn 1.7255515e-14 -4.3711275e-08 1
vn 1.2489715e-14 -4.3711307e-08 1
vn 1.2489718e-14 -4.3711314e-08 1
vn -1.0859022e-14 -4.3711381e-08 1
vn -1.0859021e-14 -4.3711378e-08 0.99999994
vn -3.0466108e-14 -4.3711402e-08 0.99999994
vn -3.0466112e-14 -4.3711402e-08 1
vn -5.8130638e-14 -4.3711363e-08 1
vn -4.2385522e-14 -4.371141e-08 0.99999994
vn -4.2385512e-14 -4.3711406e-08 1
vn -2.8033385e-14 -4.3711456e-08 1
vn -2.8033387e-14 -4.3711456e-08 1
vn -2.8257449e-14 -4.3711378e-08 0.99999994
vn -2.8257449e-14 -4.3711378e-08 1
vn 2.0364922e-14 -4.3711399e-08 1
vn 2.0364912e-14 -4.3711402e-08 1
vn 1.9477824e-14 -4.3711413e-08 1
vn 1.9477826e-14 -4.371141e-08 0.99999994
vn -9.7389239e-15 -4.3711278e-08 1
vn -9.7389206e-15 -4.3711278e-08 1
vn -7.7622464e-15 -4.3711371e-08 0.99999994
vn -7.7622455e-15 -4.3711371e-08 1
vn -1.121335e-14 -4.3711523e-08 1
vn -1.1213349e-14 -4.3711523e-08 1
vn -8.2169074e-15 -4.3711452e-08 0.99999994
vn -8.2169074e-15 -4.3711449e-08 1
vn -1.390564e-14 -4.371141e-08 1
vn -1.3905639e-14 -4.3711402e-08 0.99999994
vn -3.3512737e-14 -4.3711406e-08 1
vn -3.351274e-14 -4.371141e-08 1
vn -3.2713056e-14 -4.3711374e-08 1
vn -3.2713053e-14 -4.3711378e-08 0.99999994
vn -1.351681e-14 -4.3711317e-08 0.99999994
vn -1.3516812e-14 -4.3711314e-08 1
vn -9.0577815e-15 -4.3711324e-08 1
vn -9.0577815e-15 -4.3711321e-08 1
vn 1.3822505e-14 -4.3711385e-08 0.99999994
vn 1.382251e-14 -4.3711388e-08 1
vn 5.6659338e-14 -4.3711349e-08 1
vn 5.6659335e-14 -4.3711346e-08 1
vn 1.6105005e-14 2.2665603e-07 -1
vn 1.5482288e-14 2.26656e-07 -1
vn -2.5562997e-08 1.4754497e-07 -0.99999994
vn -2.5562999e-08 1.4754497e-07 -1
vn 1.8946402e-09 4.7849742e-09 -1
vn 1.8946404e-09 4.7849853e-09 -0.99999994
vn 0 -3.4601904e-08 -1
vn -1.4471489e-08 0 -1
vn -1.4471492e-08 0 -1
vn -1.447149e-08 0 -1
vn 0 0 -1
vn 1.4471481e-08 5.6763561e-08 -1
vn 1.4471479e-08 5.6763561e-08 -1
vn 1.4471478e-08 2.5956616e-08 -1
vn 1.4471482e-08 2.595664e-08 -1
vn 0 3.7949706e-09 -1
vn 0 3.7949657e-09 -0.99999994
vn -1.8946404e-09 -4.7849817e-09 -1
vn -1.8946407e-09 -4.7849875e-09 -1
vn 2.5563068e-08 8.5172637e-08 -1
vn 2.5563073e-08 8.517268e-08 -1
vn -2.0643033e-14 3.4087577e-07 -0.99999994
vn -2.0131266e-14 3.4087583e-07 -1
vn -2.5563089e-08 1.7692933e-07 -1
vn -2.5563091e-08 1.7692933e-07 -1
vn 1.8946409e-09 -3.9386897e-08 -1
vn 1.8946411e-09 -3.9386901e-08 -0.99999994
vn 0 -6.1613797e-08 -1
vn 0 -6.1613797e-08 -0.99999994
vn -1.4471487e-08 -6.1613804e-08 -1
vn -1.4471492e-08 -6.1613797e-08 -1
vn -1.4471489e-08 0 -0.99999994
vn 0 0 -0.99999994
vn 1.4471454e-08 0 -1
vn 1.4471452e-08 0 -1
vn 1.4471455e-08 0 -1
vn 1.4471453e-08 0 -1
vn 0 -6.9203814e-08 -1
vn 0 -6.92038e-08 -1
vn -1.8946371e-09 -1.0123577e-08 -1
vn -1.8946364e-09 -1.0123603e-08 -0.99999994
vn 2.5563009e-08 1.7757817e-07 -1
vn 2.5563018e-08 1.7757817e-07 -0.99999994
vn 0.79665416 0.60443187 -0.0020413224
vn -9.8522994e-09 0.99999106 -0.004235243
vn -0.00058671378 0.99997926 -0.006412969
vn 0.7960794 0.6051811 -0.0036815312
vn 0.99476331 -0.079338297 0.064430997
vn 0.8102929 0.58507276 0.033394329
vn -3.1747692e-07 0.46240062 0.88667107
vn -0.96310985 -0.26849654 0.018139221
vn -0.9621436 -0.27108544 0.028149467
vn -0.99550194 -0.093597867 0.014681001
vn -0.99183273 -0.1270794 0.010891154
vn 0.97782075 -0.099626377 0.18423112
vn 0.96748483 -0.17203853 0.18540767
vn 0.96187001 -0.22706214 0.15247597
vn 0.99189377 -0.12661473 0.010741657
vn 0.96335644 -0.2676295 0.017855402
vn 0.96376771 -0.26652697 0.010733891
vn 0.98988193 -0.14178081 0.0056304499
vn 0.9918642 -0.12729357 0.0012828235
vn 0.99139678 -0.13088514 0.0011955838
vn 0.96475875 -0.26308352 0.0052431095
vn 0.99026424 -0.13917452 0.0027032886
vn 0.96579957 -0.25928146 0.0020443401
vn 0.96614176 -0.25800595 0.0017397801
vn 0.79380995 0.60723168 -0.033696156
vn 0.79679996 0.60377401 -0.023808442
vn 0.79719734 0.60360432 -0.011756942
vn 8.8857005e-06 0.99672675 -0.080844752
vn -0.00080611452 0.99922937 -0.039243929
vn -5.7148529e-05 0.99819314 -0.060086645
vn -0.0012937282 0.99981225 -0.019333819
vn 0.77274221 0.63350415 -0.039268609
vn 4.629972e-05 0.99742168 -0.071763568
vn 0.96325999 -0.25725251 0.077144809
vn 0.99561918 -0.092391677 0.014367239
vn -0.79665416 0.60443187 -0.0020413196
vn -0.79645288 0.60468954 -0.0036647567
vn -0.99463516 -0.081153832 0.064147353
vn -0.81028742 0.58508056 0.033393264
vn 0.96314502 -0.26757589 0.027474565
vn -0.96741056 -0.17264052 0.18523493
vn -0.97782093 -0.099625081 0.18423097
vn -0.96143651 -0.2314986 0.14848636
vn -0.98987389 -0.14183785 0.005634632
vn -0.96376771 -0.26652694 0.01073388
vn -0.9918642 -0.12729359 0.0012828266
vn -0.99138993 -0.13093774 0.001192907
vn -0.99024963 -0.13927861 0.0027049822
vn -0.96475881 -0.26308352 0.0052431123
vn -0.96579957 -0.25928149 0.0020443401
vn -0.96614176 -0.25800598 0.0017397819
vn -0.79385412 0.60717452 -0.033686001
vn -0.79730159 0.60311192 -0.023793876
vn -0.79806805 0.60245317 -0.01173415
vn -0.77271903 0.63353217 -0.039272558
vn -0.96202374 -0.26283708 0.073668309
vn -0.51689363 -0.53987187 0.6643489
vn -0.41724092 -0.6519168 0.63317806
vn -0.75815082 -0.16179638 0.63168776
vn -0.79746324 0.030004071 0.60262108
vn -0.1304246 -0.62035984 0.77339721
vn -5.6525937e-07 -0.6730808 0.73956895
vn -4.7297786e-07 -0.74159783 0.67084467
vn -0.31065753 -0.65158045 0.69205117
vn -0.77131617 0.13044685 0.62294054
vn -0.63513935 -0.41347623 0.65240753
vn -0.59247881 -0.42477188 0.68449813
vn -0.18361564 -0.71998793 0.66925538
vn -0.70750934 0.22198339 -0.67093509
vn -0.73495334 0.063610964 -0.67512763
vn -0.7701298 -0.015098782 -0.63770854
vn -0.77977955 0.14867437 -0.6081444
vn -0.9309544 0.36462909 -0.019223882
vn -0.48800886 0.61727786 -0.61710238
vn -0.37443829 0.59714615 -0.70937473
vn -0.82951039 0.55826771 -0.015796406
vn -0.27693185 -0.35366932 0.8934353
vn -0.19905357 -0.17952755 0.96340418
vn -0.59194607 0.43288571 0.67986017
vn -0.76341426 0.17017788 0.62308747
vn -0.61994201 0.46720123 -0.63039267
vn -0.67404395 0.30970138 -0.67063379
vn -0.72789931 0.26570314 -0.63211101
vn -0.65088975 0.43240222 -0.62399578
vn -0.47690448 -0.63593262 0.60675514
vn -0.32834783 -0.73743552 0.59023434
vn -0.31067941 0.61513793 -0.7246266
vn -0.65115279 0.75881058 -0.014370015
vn -0.99929833 0.0083619691 -0.036508914
vn -0.98548609 -0.1587082 -0.060239621
vn -0.36789754 0.92976826 -0.013506985
vn -0.06508489 0.68179834 -0.72863913
vn 3.7876842e-07 0.62259167 -0.78254688
vn 4.2476785e-07 0.99991494 -0.013043256
vn -0.94067478 -0.31971022 -0.1136494
vn -0.3844946 0.63904774 -0.66616952
vn -0.14761899 0.7420916 -0.65384156
vn -0.7213105 -0.2853373 0.63110512
vn -0.77213085 -0.2486669 0.58478957
vn -0.67297101 -0.3902196 0.62836182
vn -0.53373957 0.60866469 -0.58706844
vn -0.26217565 -0.42270762 0.86751491
vn -0.82189596 -0.00086208637 0.569637
vn -0.23369263 -0.77499384 0.5871731
vn -0.5702275 0.57628834 -0.58543342
vn -0.78013015 -0.15681952 0.60564381
vn 2.5501649e-07 0.80744493 -0.58994287
vn -0.30750331 0.65975291 0.68568778
vn 1.14748e-07 0.7477482 0.66398245
vn -0.61087638 -0.51947707 0.59747267
vn -0.82693583 -0.38070384 -0.41381356
vn -0.65985322 -0.75130504 -0.011599592
vn -0.36298472 -0.93179303 0.0019720893
vn -5.5072826e-07 -0.99999642 0.0026546323
vn -4.9656092e-07 -0.7145167 0.69961846
vn -0.18893424 -0.39350805 0.89969724
vn -0.066570513 -0.036122803 0.99712759
vn -0.33442321 0.22531165 -0.9150933
vn -0.74662781 0.11032785 0.65602946
vn -0.77655244 -0.064642854 0.62672764
vn -0.089703754 0.39955059 0.91231167
vn -0.19604178 0.45884883 0.8666172
vn -0.261834 0.37039229 0.89120853
vn -0.20695011 0.18650939 0.96040922
vn -0.071235247 0.041011296 0.99661601
vn 3.9477416e-10 0.0004443299 0.99999982
vn -0.1761232 -0.35316271 0.91883445
vn -0.090228021 -0.18951648 0.977723
vn 2.2124211e-09 0.005266971 0.99998611
vn -0.98305291 0.18148501 -0.025884997
vn -0.7400471 0.022723416 0.67217106
vn -0.03587554 0.018469807 0.99918556
vn -0.026407123 0.23136364 0.97250891
vn 0.51689339 -0.53987199 0.6643489
vn 0.79746306 0.030003499 0.60262126
vn 0.75815064 -0.16179694 0.63168776
vn 0.41724056 -0.65191692 0.63317829
vn 0.13042396 -0.62035972 0.77339733
vn 0.31065696 -0.65158093 0.69205105
vn 0.63513887 -0.41347671 0.65240747
vn 0.77131635 0.1304462 0.6229406
vn 0.18361516 -0.71998805 0.66925538
vn 0.59247857 -0.4247722 0.68449813
vn 0.70750934 0.22198291 -0.67093533
vn 0.77977961 0.14867395 -0.60814458
vn 0.77012968 -0.015099304 -0.63770854
vn 0.73495358 0.063610293 -0.67512739
vn 0.93095464 0.36462831 -0.019223921
vn 0.82951075 0.5582673 -0.015796429
vn 0.37443888 0.59714586 -0.70937461
vn 0.48800963 0.61727709 -0.61710238
vn 0.27693194 -0.35366952 0.8934353
vn 0.7634145 0.17017728 0.62308747
vn 0.59194642 0.43288544 0.67986006
vn 0.19905345 -0.17952764 0.96340406
vn 0.61994237 0.46720064 -0.63039273
vn 0.65089011 0.43240172 -0.62399572
vn 0.72789943 0.26570234 -0.63211125
vn 0.67404407 0.30970091 -0.67063391
vn 0.32834703 -0.73743582 0.5902344
vn 0.47690415 -0.63593298 0.60675508
vn 0.65115315 0.75881034 -0.014370062
vn 0.31067967 0.61513776 -0.7246266
vn 0.99929833 0.0083615417 -0.036508925
vn 0.98548591 -0.15870892 -0.060239829
vn 0.36789808 0.92976797 -0.013507
vn 0.065085642 0.68179816 -0.72863919
vn 0.94067466 -0.31971103 -0.11364874
vn 0.14761935 0.74209124 -0.65384167
vn 0.38449523 0.63904744 -0.6661694
vn 0.67297071 -0.39022005 0.62836188
vn 0.77213061 -0.24866736 0.58478951
vn 0.72131044 -0.28533739 0.63110518
vn 0.53374022 0.6086641 -0.58706844
vn 0.26217556 -0.42270783 0.86751491
vn 0.82189584 -0.00086241664 0.56963706
vn 0.23369209 -0.77499408 0.58717304
vn 0.57022804 0.57628781 -0.58543342
vn 0.78013003 -0.15681964 0.60564405
vn 0.30750346 0.65975255 0.68568808
vn 0.6108762 -0.51947731 0.59747279
vn 0.82693541 -0.38070464 -0.41381383
vn 0.65985262 -0.7513054 -0.011599579
vn 0.36298403 -0.93179327 0.001972015
vn 0.18893397 -0.39350811 0.89969742
vn 0.066570468 -0.036123242 0.99712759
vn 0.33442345 0.22531104 -0.9150933
vn 0.74662811 0.11032744 0.65602922
vn 0.77655172 -0.064643428 0.62672848
vn 0.089704022 0.39955044 0.91231167
vn 0.19604188 0.45884848 0.86661726
vn 0.26183423 0.37039179 0.89120865
vn 0.20695049 0.18650889 0.96040928
vn 0.071235366 0.041010901 0.99661613
vn 0.17612299 -0.353163 0.91883433
vn 0.090228043 -0.18951689 0.977723
vn 0.98305303 0.18148433 -0.025884949
vn 0.74004769 0.022723341 0.67217052
vn 0.035875555 0.018469594 0.99918556
vn 0.026407238 0.23136343 0.97250891
vn 0.99924409 0.010336481 0.03747559
vn 0.98563874 -0.15807962 0.059388179
vn 0.71210575 0.23191185 0.66266298
vn 0.67024648 0.30851421 0.67497325
vn 0.50575024 0.54137391 0.67166287
vn 0.39004004 0.65169555 0.65050888
vn 0.82894248 0.55903918 0.01815116
vn 0.93069559 0.36515447 0.021636045
vn 0.13062301 0.62637055 0.76850331
vn 4.0583296e-07 0.68119001 0.73210663
vn 4.7317235e-07 0.99989927 0.014193343
vn 0.36842808 0.92954326 0.01449885
vn 0.9828344 0.18245497 0.027325476
vn 0.62322402 0.43539602 0.64963233
vn 0.6493659 0.76031178 0.015801098
vn 0.1672924 0.72087008 0.6725769
vn 0.7790122 0.057354081 -0.62437993
vn 0.80274659 0.07712505 -0.59131181
vn 0.14904732 0.34973192 -0.92491746
vn 0.10711318 0.17272241 -0.97912902
vn 0.75415891 -0.29191324 -0.58824396
vn 0.82487273 -0.0070978734 -0.56527388
vn 0.2248735 -0.35619497 -0.90694934
vn 0.80820978 0.01493458 -0.58870524
vn 0.21044338 0.43997696 -0.87300271
vn 0.76283324 -0.15876104 -0.62680179
vn 0.25672477 0.37333155 -0.89146847
vn 0.59676546 -0.42634076 -0.67978275
vn 0.20395349 0.18514051 -0.96131474
vn 0.31273696 -0.65852487 -0.68450028
vn 0.071814768 0.032779738 -0.99687928
vn -5.6247058e-07 -0.74878722 -0.6628105
vn -7.3693571e-09 -0.01080644 -0.99994165
vn 0.29418173 -0.34855762 -0.88992405
vn 0.20030193 -0.17559467 -0.96387011
vn 0.59127337 0.43367574 -0.67994201
vn 0.76760298 0.17022866 -0.61790603
vn 0.67903143 -0.45763853 -0.57400638
vn 0.77418321 -0.2496648 -0.58164239
vn 0.70012969 -0.42237073 -0.57569212
vn 0.45066494 0.62631541 0.63610536
vn 0.30527678 0.74188209 0.5970068
vn 0.54625833 -0.5993225 -0.58516192
vn 0.42974466 -0.62549043 -0.65121531
vn 0.087211892 -0.17763025 -0.98022532
vn 0.16720861 -0.33926433 -0.92571115
vn 0.34133041 -0.66577339 -0.66350526
vn 0.12204744 -0.72298056 -0.68000263
vn -0.0079046441 -0.70068562 -0.71342641
vn 0.42994419 -0.67566222 -0.59885609
vn 0.19584399 -0.77919966 -0.59539306
vn 0.73776656 0.25923261 0.62329692
vn 0.66080427 0.40150568 0.63413793
vn 0.81273341 -0.10576518 -0.57295573
vn 0.57210404 -0.61705285 -0.5403173
vn 0.74525189 0.087594993 0.6610043
vn 0.43712005 0.25478116 0.86256164
vn 0.84705573 -0.3538042 0.39663506
vn 0.79244632 -0.0086063379 0.60988098
vn 0.23357894 0.7805686 0.57978737
vn 0.61463618 -0.56469321 -0.55076659
vn 0.78019434 0.15915823 0.60495079
vn -0.0047093746 -0.82542622 -0.5644905
vn 0.364676 -0.93113369 -0.001171382
vn -7.4489349e-06 -0.99999851 -0.0017075068
vn 0.66818333 -0.74362522 0.023505542
vn 0.83096266 0.0097374683 -0.55624312
vn 0.60769987 0.5115853 0.60743833
vn 0.30861306 0.66479582 -0.68029737
vn 3.572577e-07 0.74997115 -0.66147059
vn 4.2044036e-07 0.72136843 0.69255143
vn 0.069806896 -0.025216658 -0.99724174
vn 0.28776363 -0.4112182 -0.86492294
vn 6.3167542e-09 0.017204931 -0.999852
vn 0.93351465 -0.34371895 0.10201707
vn 0.75458133 -0.0034993931 -0.65619725
vn 0.091742449 -0.0046369825 -0.99577194
vn -0.99924541 0.01074804 0.037324287
vn -0.6703276 0.30838233 0.67495286
vn -0.71210545 0.23191293 0.66266298
vn -0.98563898 -0.1580783 0.059388209
vn -0.50573391 0.54142708 0.67163229
vn -0.93092775 0.36456436 0.021591218
vn -0.82894182 0.55904025 0.018151158
vn -0.39003935 0.65169597 0.6505087
vn -0.13062233 0.62637115 0.76850307
vn -0.36842689 0.92954361 0.014498849
vn -0.62326038 0.43543413 0.64957178
vn -0.98284996 0.18239537 0.027163535
vn -0.1672914 0.72087049 0.67257667
vn -0.64936483 0.7603128 0.0158011
vn -0.77906376 0.056910124 -0.62435651
vn -0.10711288 0.1727225 -0.97912914
vn -0.1490469 0.34973216 -0.92491758
vn -0.80276233 0.077157058 -0.59128624
vn -0.75435084 -0.29531884 -0.58629489
vn -0.21162497 -0.36655694 -0.90600812
vn -0.83100069 -0.0023410935 -0.55626649
vn -0.21044293 0.43997714 -0.87300277
vn -0.80820787 0.014938611 -0.58870786
vn -0.25672433 0.37333137 -0.89146864
vn -0.76283294 -0.15876086 -0.62680209
vn -0.20395333 0.18514021 -0.96131486
vn -0.59676641 -0.42633969 -0.67978257
vn -0.071814783 0.032780372 -0.99687928
vn -0.31273854 -0.65852392 -0.68450046
vn -0.29045039 -0.34127006 -0.89396489
vn -0.76583374 0.17622329 -0.6184206
vn -0.59127289 0.4336763 -0.67994213
vn -0.20030206 -0.17559457 -0.96387011
vn -0.67706001 -0.45440868 -0.57888043
vn -0.70458776 -0.41673055 -0.57436198
vn -0.77396035 -0.25300831 -0.58049285
vn -0.3052758 0.74188262 0.59700668
vn -0.45065415 0.62632161 0.63610697
vn -0.42260498 -0.63204217 -0.64955962
vn -0.55130982 -0.59754378 -0.58223605
vn -0.1433087 -0.35301715 -0.92457634
vn -0.072662421 -0.18581593 -0.97989416
vn -0.3362107 -0.6722908 -0.65953583
vn -0.11801077 -0.72072273 -0.68310481
vn -0.19798909 -0.78360361 -0.5888682
vn -0.422066 -0.67887074 -0.60082847
vn -0.66079378 0.40150607 0.6341486
vn -0.73776346 0.25924006 0.62329745
vn -0.8129006 -0.10811169 -0.57227999
vn -0.57092679 -0.62203819 -0.53582764
vn -0.74525172 0.087595508 0.66100454
vn -0.79267716 -0.0085314922 0.60958195
vn -0.8472473 -0.35380241 0.39622706
vn -0.43711957 0.25478092 0.86256206
vn -0.233578 0.78056902 0.57978725
vn -0.60845417 -0.56644285 -0.55581117
vn -0.7801947 0.15915936 0.60495007
vn -0.36462909 -0.93115211 -0.001189204
vn -0.66819292 -0.74362153 0.023349877
vn -0.82629597 0.0078924056 -0.56318074
vn -0.60767287 0.51159889 0.60745394
vn -0.30861232 0.66479605 -0.68029743
vn -0.069806911 -0.025216654 -0.99724174
vn -0.2760357 -0.41089424 -0.86889023
vn -0.93351513 -0.34371799 0.10201692
vn -0.75458133 -0.003499439 -0.65619719
vn -0.091742411 -0.0046369345 -0.99577194
vn 0.79558283 0.11282255 0.59524691
vn 0.097313434 0.23161276 0.96792847
vn 0.15334104 0.39014292 0.90789592
vn 0.16264267 0.41718256 0.89415097
vn 0.50697005 0.53627211 0.67482847
vn 0.39266378 0.64910585 0.6515187
vn 0.75851786 0.16128479 0.63137788
vn 0.79807138 -0.040411219 0.60120624
vn -4.3178446e-08 0.67998976 0.73322159
vn -4.403465e-08 0.74955571 0.66194129
vn 0.28265855 0.68352449 0.67297733
vn 0.12918429 0.62428373 0.77044225
vn 0.77957392 -0.12688959 0.61332166
vn 0.62486905 0.41754821 0.65969092
vn 0.55652118 0.43629318 0.70705909
vn 0.16820125 0.71862036 0.6747542
vn 0.022293411 0.0056588668 0.99973541
vn 0.1598434 -0.15393224 0.97506666
vn 0.2623927 -0.37116602 0.8907221
vn 0.20021896 -0.47168997 0.8587321
vn 0.7119233 -0.29665706 -0.63652164
vn 0.79455662 -0.095219858 -0.59967732
vn 0.18472369 -0.39216655 -0.90115619
vn 0.095092759 -0.40149704 0.91091025
vn 0.031049056 -0.22613871 0.97360009
vn 0.73045772 -0.11189675 0.67372882
vn 0.71255809 0.29586688 0.63617903
vn 0.7773748 0.12231718 -0.61703086
vn 0.79907459 0.031464592 -0.60040796
vn 0.19761425 0.46238163 -0.86437941
vn 0.090927675 0.39235398 -0.91530895
vn 0.75973731 -0.16095963 -0.62999308
vn 0.26239288 0.37116617 -0.89072198
vn 0.59406984 -0.42385849 -0.68368489
vn 0.20744897 0.18694974 -0.96021599
vn 0.31055915 -0.65197504 -0.6917237
vn 0.071422175 0.04111851 -0.9965983
vn 5.6943477e-08 -0.74221128 -0.67016602
vn 0 0.00044600517 -0.99999988
vn 0.2578162 0.35518706 0.89853936
vn 0.14440882 0.14473377 0.97887605
vn 0.54745275 -0.45706159 0.70099223
vn 0.75837636 -0.17211296 0.62868303
vn 0.2428923 -0.37890819 -0.89299041
vn 0.18687253 -0.19988118 -0.96183479
vn 0.59054029 0.42408967 -0.68659312
vn 0.75642473 0.1569002 -0.63498348
vn 0.61576539 -0.4575274 -0.64148396
vn 0.73798734 -0.25835359 -0.62340057
vn 0.65120441 -0.43250102 -0.62359917
vn 0.45026207 0.6260699 0.63663226
vn 0.30573148 0.74037069 0.59864807
vn 0.08141575 -0.70631778 -0.70319748
vn 0.32519573 -0.63095236 -0.70437694
vn 0.39022949 -0.65935498 -0.64262891
vn 0.15461485 -0.77286226 -0.61544955
vn 0.75371641 0.25110435 0.60733694
vn 0.66699219 0.39664921 0.63070649
vn 0.80894357 -0.11974728 -0.57556129
vn 0.38050497 -0.60186279 -0.70212322
vn 0.53455806 -0.61204797 -0.58279067
vn 0.21376149 0.45270944 0.8656559
vn 0.80645102 0.027850594 0.59064472
vn 0.23102963 0.77749163 0.58492041
vn 0.56797886 -0.57835513 -0.58558124
vn 0.79255933 0.15181962 0.59059334
vn 1.3781458e-07 -0.84222704 -0.53912294
vn 0.26568595 -0.65821624 0.70438796
vn 9.3303669e-08 -0.71844548 0.69558322
vn 0.81116873 -0.019388178 -0.58449078
vn 0.6064561 0.51155889 0.6087023
vn 0.30996323 0.65848976 -0.68579453
vn -2.8723974e-08 0.74697143 -0.66485602
vn -3.0004706e-08 0.72122955 0.69269615
vn 0.068638749 -0.041800018 -0.99676549
vn 0.48910263 -0.61471236 -0.61879504
vn 0.21891035 -0.44661939 -0.86753064
vn 1.1076189e-07 -0.65213674 -0.75810134
vn 0 0.0070391097 -0.9999752
vn 0.7326712 0.10565571 -0.67233145
vn 0.026720535 0.22071432 -0.97497237
vn 0.073530704 -0.21496874 -0.97384888
vn 0.14393011 -0.37605426 -0.91535091
vn 0.74752086 -0.014581139 -0.66407824
vn 0.75471646 0.022262199 0.65567333
vn 0.043837752 0.0028987357 0.99903452
vn 0.031034792 0.0045863451 -0.99950778
vn -2.3609419e-09 0.023606203 0.99972123
vn 0.0023295393 0.029200196 0.99957091
vn 4.2190331e-09 0.040674299 0.99917239
vn -0.79558283 0.11282254 0.59524691
vn -0.16264267 0.41718256 0.89415097
vn -0.15334103 0.39014283 0.90789592
vn -0.097313434 0.23161273 0.96792847
vn -0.50697005 0.53627217 0.67482847
vn -0.79807138 -0.04041113 0.60120636
vn -0.75851774 0.1612848 0.63137782
vn -0.39266387 0.64910579 0.65151882
vn -0.12918438 0.62428373 0.77044219
vn -0.28265864 0.68352443 0.67297733
vn -0.62486899 0.41754824 0.65969092
vn -0.77957398 -0.12688954 0.61332178
vn -0.16820137 0.7186203 0.67475426
vn -0.55652118 0.43629313 0.70705909
vn -0.15984339 -0.15393223 0.97506666
vn -0.022293409 0.0056588678 0.99973536
vn -0.26239264 -0.37116596 0.8907221
vn -0.20021887 -0.47168982 0.85873222
vn -0.71192336 -0.29665706 -0.6365217
vn -0.18472369 -0.39216655 -0.90115619
vn -0.79455662 -0.095219836 -0.59967732
vn -0.095092677 -0.40149695 0.91091031
vn -0.73045766 -0.11189678 0.67372894
vn -0.031049037 -0.22613874 0.97360009
vn -0.71255809 0.29586691 0.63617903
vn -0.77737474 0.12231718 -0.61703086
vn -0.09092769 0.39235398 -0.91530895
vn -0.19761421 0.4623816 -0.86437941
vn -0.79907459 0.031464573 -0.6004079
vn -0.26239282 0.37116605 -0.89072198
vn -0.75973737 -0.16095966 -0.62999302
vn -0.20744897 0.18694972 -0.96021599
vn -0.5940699 -0.42385843 -0.68368489
vn -0.071422182 0.041118555 -0.9965983
vn -0.31055909 -0.65197498 -0.69172376
vn -0.25781623 0.35518706 0.89853936
vn -0.75837648 -0.17211299 0.62868303
vn -0.54745281 -0.45706177 0.70099223
vn -0.14440885 0.14473362 0.97887611
vn -0.24289232 -0.37890822 -0.89299041
vn -0.75642461 0.15690017 -0.6349836
vn -0.59054017 0.42408967 -0.68659317
vn -0.18687254 -0.1998812 -0.96183479
vn -0.61576533 -0.45752737 -0.64148402
vn -0.65120435 -0.43250099 -0.62359923
vn -0.73798716 -0.25835353 -0.62340057
vn -0.30573148 0.74037069 0.59864813
vn -0.45026207 0.62606984 0.63663226
vn -0.081415646 -0.70631766 -0.70319766
vn -0.1546147 -0.77286226 -0.61544967
vn -0.3902294 -0.65935504 -0.64262897
vn -0.32519576 -0.6309523 -0.70437688
vn -0.66699225 0.39664927 0.63070649
vn -0.75371635 0.25110441 0.60733694
vn -0.80894357 -0.11974724 -0.57556129
vn -0.53455794 -0.61204809 -0.58279061
vn -0.38050491 -0.60186291 -0.70212328
vn -0.21376154 0.45270941 0.86565602
vn -0.80645096 0.027850529 0.59064466
vn -0.23102963 0.77749163 0.58492047
vn -0.5679788 -0.57835507 -0.58558124
vn -0.79255939 0.15181963 0.59059328
vn -0.26568583 -0.65821642 0.7043879
vn -0.81116879 -0.019388199 -0.58449072
vn -0.60645616 0.51155895 0.6087023
vn -0.30996317 0.6584897 -0.68579447
vn -0.068638749 -0.041799985 -0.99676549
vn -0.4891026 -0.6147123 -0.61879516
vn -0.21891041 -0.44661939 -0.86753064
vn -0.7326712 0.1056557 -0.67233151
vn -0.026720544 0.22071432 -0.97497243
vn -0.14393012 -0.37605426 -0.91535085
vn -0.073530681 -0.21496868 -0.97384888
vn -0.74752086 -0.014581145 -0.6640783
vn -0.75471646 0.022262154 0.65567333
vn -0.043837767 0.0028986651 0.99903446
vn -0.03103479 0.0045863399 -0.99950784
vn -0.0023295355 0.029199893 0.99957091
vn 0.81060749 0.09801399 0.57732904
vn 0.13530739 0.21469511 0.96726304
vn 0.19869642 0.38796735 0.90000057
vn 0.13646665 0.42568582 0.89452136
vn 0.50719637 0.53521812 0.67549479
vn 0.39266381 0.64910668 0.65151799
vn 0.74884409 0.14851744 0.64589095
vn 0.79306674 -0.03722677 0.60799611
vn -2.4673408e-08 0.67998946 0.73322189
vn -2.9098311e-08 0.74955481 0.66194224
vn 0.28245091 0.67875755 0.67787141
vn 0.12918408 0.62428397 0.77044219
vn 0.77271163 -0.13716248 0.61976063
vn 0.62421709 0.41712838 0.66057324
vn 0.55039048 0.42339379 0.71958876
vn 0.16820073 0.71862024 0.67475426
vn 0.73843086 0.11459787 0.6645202
vn 0.032331325 0.23784755 0.97076422
vn 0.092359141 0.40181321 0.91105205
vn 0.77263254 0.13325854 0.62071025
vn 0.018753979 -0.0093662236 0.99978024
vn 0.1338975 -0.1899315 0.972624
vn 0.22343373 -0.39482996 0.89117151
vn 0.18117635 -0.4675355 0.86520851
vn 0.71530324 -0.29623628 -0.63291818
vn 0.78429723 -0.10883577 -0.61076397
vn 0.20732749 -0.38371161 -0.89987814
vn 0.093819566 -0.40694737 0.90862072
vn 0.032581285 -0.24140912 0.96987641
vn 0.73461223 -0.11925904 0.66792387
vn 0.70401525 0.29684234 0.64517212
vn 0.77253664 0.13205078 -0.62108755
vn 0.79870951 0.025083546 -0.60119379
vn 0.19526151 0.45474482 -0.86895347
vn 0.09029974 0.40323746 -0.91062915
vn 0.75973725 -0.16095921 -0.62999314
vn 0.26239276 0.37116668 -0.89072174
vn 0.59406978 -0.4238582 -0.683685
vn 0.20744869 0.18695024 -0.96021599
vn 0.31055927 -0.65197486 -0.69172388
vn 0.071422063 0.041119106 -0.9965983
vn -4.8752618e-08 -0.74221098 -0.67016631
vn 0 0.00044661527 -0.99999988
vn 0.25781634 0.35518664 0.89853948
vn 0.144409 0.14473251 0.97887617
vn 0.54745275 -0.45706213 0.70099193
vn 0.75837624 -0.17211322 0.62868321
vn 0.25255406 -0.37240368 -0.89304644
vn 0.19440615 -0.19021396 -0.96230191
vn 0.5923 0.42755234 -0.68291998
vn 0.7591455 0.15966029 -0.6310361
vn 0.61583781 -0.4574354 -0.64147997
vn 0.74171859 -0.25781462 -0.61918104
vn 0.65120405 -0.43250123 -0.62359929
vn 0.45026207 0.62607062 0.63663143
vn 0.30573124 0.74037075 0.59864825
vn 0.081415512 -0.70631683 -0.70319849
vn 0.32519498 -0.63095409 -0.70437574
vn 0.39022881 -0.65935659 -0.64262778
vn 0.15461475 -0.77286166 -0.61545026
vn 0.74439758 0.25245953 0.61817175
vn 0.66699189 0.39664906 0.63070697
vn 0.81918341 -0.11340681 -0.56220764
vn 0.38050452 -0.6018638 -0.70212263
vn 0.5345574 -0.61204892 -0.58279032
vn 0.23137599 0.45418525 0.86033762
vn 0.80945528 0.030303909 0.58639884
vn 0.23102945 0.77749163 0.58492064
vn 0.56797874 -0.57835519 -0.5855813
vn 0.76300704 0.17046885 0.62350655
vn -1.3781496e-07 -0.84222573 -0.53912508
vn 0.26568595 -0.65821666 0.70438743
vn -1.0765797e-07 -0.71844602 0.69558263
vn 0.81347227 -0.01326788 -0.58145237
vn 0.6064564 0.5115599 0.60870123
vn 0.30859619 0.66163021 -0.68338394
vn -9.3352938e-08 0.74697137 -0.6648562
vn -9.7515333e-08 0.72122937 0.69269639
vn 0.068614028 -0.03313712 -0.99709284
vn 0.4890635 -0.6148414 -0.61869788
vn 0.22861864 -0.43825373 -0.86929125
vn -7.1669653e-08 -0.652134 -0.75810367
vn 0.7369746 0.118525 -0.66544753
vn 0.028712584 0.24267463 -0.96968275
vn 0.77758759 0.11326124 -0.61848968
vn 0.7121489 0.29387319 -0.63755971
vn 0.17490561 0.4124406 -0.89403623
vn 0.50811762 0.53472733 -0.67519122
vn 0.79497892 -0.031363372 -0.60582584
vn 0.76151109 0.16771123 -0.62607825
vn 0.3918488 0.65031093 -0.65080738
vn 0.12970667 0.62270272 -0.77163309
vn 0.31040338 0.65101534 -0.69269675
vn 5.0312611e-08 0.74069637 -0.67184001
vn 4.9489678e-08 0.6772787 -0.73572659
vn 0.62230617 0.41779566 -0.66195303
vn 0.7725693 -0.13341804 -0.62075472
vn 0.16764 0.71923953 -0.67423391
vn 0.59435695 0.41980854 -0.68593055
vn 0.070482932 -0.042637277 -0.9966014
vn 0.21224579 -0.19188535 -0.95819181
vn 0.26375911 -0.37022641 -0.89070958
vn 0.19369444 -0.45563021 -0.8688404
vn 0.092791021 -0.40308687 -0.91044539
vn 0.064909972 0.22231364 -0.97281206
vn 0.1340546 0.39068329 -0.91071177
vn 0.73234129 -0.11887124 -0.67048174
vn 0.22145186 0.45089132 -0.86467105
vn 0.81028253 0.024686672 -0.58551937
vn 0.26143375 0.36172083 -0.89488018
vn 0.76029783 -0.16958456 -0.62704724
vn 0.58071721 -0.43734786 -0.68665451
vn 0.19100142 0.17952214 -0.96503383
vn 0.25524169 -0.36112428 0.89690632
vn 0.75939614 0.16939434 0.62819028
vn 0.59223717 0.4325988 0.6797893
vn 0.19953555 -0.17995763 0.96322423
vn 0.61731893 -0.45264006 0.64345497
vn 0.64979708 -0.42932034 0.62725413
vn 0.74366027 -0.25235021 0.61910331
vn 0.71495157 -0.29151264 0.63550353
vn 0.30573127 0.74037039 -0.59864861
vn 0.45025992 0.62607092 -0.63663274
vn 0.38045144 -0.60180348 0.70220315
vn 0.48927805 -0.61412406 0.61924046
vn 0.79910696 0.027399765 0.60056406
vn 0.75973701 -0.16095987 0.62999326
vn 0.80579621 -0.094864741 0.5845452
vn 0.21456465 -0.40266061 0.88984627
vn 0.081235215 -0.70606005 0.70347703
vn 0.32504627 -0.63078272 0.70459789
vn 0.59406906 -0.42385936 0.68368495
vn 0.31055886 -0.65197563 0.69172323
vn 0.1568734 -0.77175373 0.61626852
vn 0.39106005 -0.65984637 0.64161903
vn 0.66499329 0.39719599 -0.63247079
vn 0.75347418 0.24920195 -0.60842019
vn 0.82556921 -0.11796878 0.55183232
vn 0.53429526 -0.61284763 0.58219093
vn 0.23144946 0.77694875 -0.58547562
vn 0.56798631 -0.57834679 0.58558232
vn 0.80497682 0.13935131 -0.57670927
vn -3.2724724e-08 -0.84034073 0.54205847
vn -7.0775748e-08 -0.73122227 -0.68213934
vn 0.29986531 -0.64055222 -0.70694667
vn 0.80710059 -0.028191898 0.58974034
vn 0.60676789 0.51130396 -0.60860568
vn 0.30832708 0.65936887 0.6856873
vn 4.3005638e-08 0.74574542 0.66623104
vn 5.2756299e-08 0.71873873 -0.69528025
vn 0.067538455 -0.038115166 0.99698842
vn 0.21518381 -0.45154807 0.86591011
vn 6.5181021e-09 -0.65181899 0.75837463
vn -2.6318386e-10 0.00146391 0.99999893
vn 0.031415138 -0.24117698 -0.96997255
vn -5.0267307e-08 -0.74221176 0.67016536
vn 0.15879172 -0.39009932 0.9069773
vn 0.10336361 -0.22014378 0.96997565
vn 0.19593595 0.45726684 0.86747694
vn 0.26239252 0.37116575 0.89072222
vn 0.20744841 0.18694797 0.96021646
vn 0.071422063 0.041117314 0.9965983
vn 0 0.00044417477 0.99999988
vn 0.072718896 -0.22646046 -0.97130197
vn 0.15089281 -0.3662844 -0.91818684
vn 0.7536869 -0.029868601 -0.6565547
vn 0.75296754 0.011826389 0.65795135
vn 0.75117356 -0.014002141 0.65995634
vn 0.75131959 0.014507627 -0.65977901
vn 0.045057394 0.0055157696 0.9989692
vn 0.052104987 -0.012748951 0.99856025
vn 0.031006943 -0.013347229 -0.99943
vn 0.030611791 -0.010105905 -0.99948025
vn 0 -0.0035094274 -0.9999938
vn 0.057587638 0.037398767 -0.99763966
vn 0 0.0020730458 -0.99999785
vn -1.1804711e-09 0.023603752 0.99972141
vn 0.0023297996 0.029198477 0.99957091
vn 1.5821374e-09 0.040672533 0.99917251
vn -0.81060749 0.098013982 0.5773291
vn -0.13646659 0.42568591 0.8945213
vn -0.19869639 0.38796768 0.90000045
vn -0.13530739 0.21469511 0.96726304
vn -0.50719643 0.53521788 0.67549509
vn -0.7930668 -0.037226953 0.60799605
vn -0.74884403 0.14851752 0.64589101
vn -0.39266378 0.64910644 0.65151823
vn -0.12918413 0.62428313 0.77044272
vn -0.28245094 0.67875737 0.67787164
vn -0.62421703 0.41712832 0.66057312
vn -0.77271163 -0.13716225 0.61976063
vn -0.1682007 0.71862012 0.67475456
vn -0.55039036 0.42339364 0.71958888
vn -0.73843086 0.11459723 0.66452032
vn -0.77263242 0.13325813 0.62071031
vn -0.092359155 0.40181258 0.91105235
vn -0.032331344 0.23784654 0.97076452
vn -0.13389751 -0.18993156 0.972624
vn -0.018753985 -0.0093667964 0.99978024
vn -0.22343369 -0.39482984 0.89117157
vn -0.18117625 -0.46753567 0.86520839
vn -0.71540606 -0.2962321 -0.63280374
vn -0.20415683 -0.38892347 -0.89836442
vn -0.79346025 -0.1073757 -0.59907544
vn -0.093819529 -0.40694705 0.90862089
vn -0.73461211 -0.11925876 0.66792399
vn -0.032581288 -0.24140868 0.96987641
vn -0.70401525 0.29684225 0.64517218
vn -0.7639097 0.14557956 -0.62868798
vn -0.068598412 0.41748372 -0.90609139
vn -0.1849352 0.45924079 -0.86884803
vn -0.79656833 0.027800176 -0.60390902
vn -0.26239279 0.3711665 -0.8907218
vn -0.75973725 -0.16095929 -0.62999308
vn -0.20744869 0.18695052 -0.96021599
vn -0.59406996 -0.42385802 -0.68368512
vn -0.071422063 0.041119382 -0.99659818
vn -0.31055939 -0.65197468 -0.69172394
vn -0.25781631 0.35518706 0.89853936
vn -0.75837636 -0.17211293 0.62868315
vn -0.54745287 -0.45706174 0.70099205
vn -0.14440897 0.14473325 0.97887611
vn -0.25255409 -0.3724035 -0.89304656
vn -0.75914544 0.15966055 -0.63103616
vn -0.59229988 0.42755261 -0.68291998
vn -0.19440615 -0.19021371 -0.96230191
vn -0.61581308 -0.45734531 -0.64156801
vn -0.65120399 -0.43250117 -0.62359929
vn -0.74171859 -0.25781468 -0.6191811
vn -0.30573112 0.74037063 0.59864831
vn -0.45026201 0.6260705 0.63663155
vn -0.081415594 -0.70631677 -0.70319843
vn -0.1546149 -0.77286172 -0.61545026
vn -0.39022902 -0.65935594 -0.64262831
vn -0.32519519 -0.63095337 -0.70437622
vn -0.66699195 0.39664915 0.63070697
vn -0.74439764 0.25245944 0.61817181
vn -0.81918335 -0.11340681 -0.56220764
vn -0.5345574 -0.61204875 -0.58279043
vn -0.38050458 -0.6018635 -0.70212281
vn -0.23137598 0.45418543 0.86033756
vn -0.80945534 0.030304067 0.5863989
vn -0.23102957 0.77749121 0.58492112
vn -0.56797874 -0.57835519 -0.5855813
vn -0.76300704 0.17046873 0.62350661
vn -0.26568618 -0.65821648 0.70438761
vn -0.81347227 -0.013267849 -0.58145237
vn -0.6064564 0.51155967 0.60870135
vn -0.30859628 0.66163021 -0.683384
vn -0.068614006 -0.03313712 -0.99709284
vn -0.48906127 -0.61484915 -0.61869192
vn -0.22861864 -0.43825379 -0.86929125
vn -0.73915744 0.11778027 -0.66315466
vn -0.017577639 0.24465775 -0.96945018
vn -0.77758759 0.11326134 -0.61848974
vn -0.17490563 0.41244048 -0.89403635
vn -0.71214896 0.29387316 -0.63755971
vn -0.50811756 0.53472733 -0.67519128
vn -0.39184877 0.65031123 -0.65080708
vn -0.76151079 0.16771208 -0.62607825
vn -0.79497886 -0.031363048 -0.60582596
vn -0.12970655 0.62270224 -0.77163333
vn -0.31040317 0.6510157 -0.69269651
vn -0.77256924 -0.13341826 -0.6207546
vn -0.62230611 0.4177956 -0.66195303
vn -0.59435666 0.41980901 -0.68593049
vn -0.16764002 0.71923929 -0.67423409
vn -0.070482932 -0.042636368 -0.9966014
vn -0.21224588 -0.19188447 -0.95819205
vn -0.26375926 -0.37022522 -0.89071
vn -0.19369441 -0.4556298 -0.86884052
vn -0.092790969 -0.40308729 -0.91044515
vn -0.064909965 0.22231376 -0.97281206
vn -0.13405465 0.39068297 -0.91071194
vn -0.73234129 -0.11887106 -0.67048174
vn -0.22145191 0.45089114 -0.86467105
vn -0.81028241 0.024686512 -0.58551931
vn -0.26143378 0.36172083 -0.89488018
vn -0.19100142 0.17952214 -0.96503383
vn -0.58071715 -0.43734783 -0.68665451
vn -0.76029783 -0.16958466 -0.62704724
vn -0.25524175 -0.36112431 0.89690632
vn -0.19953555 -0.17995736 0.96322423
vn -0.59223717 0.43259874 0.67978925
vn -0.75939626 0.16939418 0.62819028
vn -0.61731887 -0.45263982 0.64345515
vn -0.71495152 -0.29151258 0.63550353
vn -0.74366027 -0.25235015 0.61910331
vn -0.64979696 -0.42932016 0.62725431
vn -0.45025995 0.6260711 -0.6366325
vn -0.30573151 0.74037009 -0.59864879
vn -0.3804515 -0.60180312 0.70220339
vn -0.75973701 -0.16095987 0.62999326
vn -0.79910702 0.027399752 0.60056406
vn -0.48927802 -0.61412388 0.61924058
vn -0.80579627 -0.094864264 0.58454525
vn -0.21456464 -0.4026607 0.88984627
vn -0.081235141 -0.70606071 0.70347649
vn -0.31055894 -0.65197539 0.69172341
vn -0.59406918 -0.42385903 0.683685
vn -0.32504621 -0.63078296 0.70459765
vn -0.39105991 -0.6598466 0.64161873
vn -0.15687333 -0.77175426 0.61626792
vn -0.75347424 0.24920192 -0.60842013
vn -0.66499329 0.39719588 -0.63247085
vn -0.82556927 -0.11796883 0.5518322
vn -0.53429532 -0.61284745 0.58219117
vn -0.23144947 0.77694851 -0.58547598
vn -0.56798619 -0.57834667 0.58558249
vn -0.80497676 0.13935126 -0.57670927
vn -0.29986537 -0.64055222 -0.70694667
vn -0.80710065 -0.028191915 0.58974034
vn -0.60676789 0.5113039 -0.60860574
vn -0.30832708 0.65936893 0.68568736
vn -0.067538455 -0.03811489 0.99698842
vn -0.21518384 -0.45154804 0.86591011
vn -0.031415157 -0.24117684 -0.96997255
vn -0.10336366 -0.22014318 0.96997583
vn -0.15879172 -0.39009941 0.90697718
vn -0.19593595 0.45726684 0.86747694
vn -0.26239252 0.37116581 0.89072216
vn -0.20744841 0.18694854 0.9602164
vn -0.071422063 0.041117884 0.9965983
vn -0.1517058 -0.37713137 -0.91365045
vn -0.073811211 -0.23351711 -0.96954721
vn -0.75005937 -0.033002183 -0.6605466
vn -0.75296754 0.011826367 0.65795135
vn -0.7511735 -0.014001809 0.65995628
vn -0.75131953 0.014508264 -0.65977901
vn -0.045057405 0.0055162497 0.99896914
vn -0.052105006 -0.012748984 0.99856031
vn -0.030967848 -0.018472355 -0.99934959
vn -0.030611793 -0.010104931 -0.99948025
vn -0.057587642 0.03739877 -0.99763972
vn -0.0023297882 0.029199086 0.99957097
vn 0.80442864 0.099363923 0.58568019
vn 0.10495047 0.21732557 0.97044069
vn 0.16565724 0.39601195 0.90317899
vn 0.1498339 0.42326611 0.89352977
vn 0.50805604 0.53501546 0.67500931
vn 0.39184886 0.65031081 0.65080738
vn 0.76151139 0.16771062 0.62607801
vn 0.79498583 -0.033395432 0.60570824
vn -5.5515461e-08 0.67998534 0.73322576
vn -6.4502927e-08 0.74955654 0.6619404
vn 0.28265762 0.68352395 0.67297822
vn 0.12918441 0.62428039 0.77044487
vn 0.77475882 -0.13048968 0.61864471
vn 0.62466395 0.41737169 0.65999675
vn 0.55809867 0.431573 0.70871049
vn 0.16733727 0.71932852 0.67421424
vn 0.73296088 0.11381331 0.67068237
vn 0.030944983 0.23203912 0.97221398
vn 0.092264809 0.39277673 0.91499376
vn 0.7763539 0.12408444 0.61796248
vn 0.022291789 0.005656939 0.99973547
vn 0.16452739 -0.15882678 0.97350132
vn 0.26375926 -0.37022763 0.89070898
vn 0.19452511 -0.4581776 0.86731386
vn 0.71085751 -0.29697487 -0.63756371
vn 0.79807913 -0.086343855 -0.59633398
vn 0.18465619 -0.39322683 -0.9007079
vn 0.093253613 -0.40105125 0.91129667
vn 0.031926788 -0.23672643 0.97105169
vn 0.73227149 -0.11806309 0.67070073
vn 0.7093513 0.29637882 0.63951558
vn 0.77886122 0.11293156 -0.61694539
vn 0.7991429 0.031685852 -0.60030556
vn 0.19765936 0.46259889 -0.86425281
vn 0.089671552 0.37863213 -0.92119312
vn 0.7597369 -0.16096082 -0.62999314
vn 0.262393 0.37116432 -0.89072269
vn 0.59406924 -0.42385909 -0.683685
vn 0.20744869 0.18694833 -0.96021628
vn 0.31055889 -0.65197539 -0.69172347
vn 0.07142204 0.041117873 -0.99659842
vn -4.8023235e-08 -0.74221176 -0.67016554
vn 0 0.00044417439 -0.99999988
vn 0.25781637 0.35518605 0.89853978
vn 0.14440911 0.14473251 0.97887617
vn 0.54745269 -0.45706227 0.70099187
vn 0.75837612 -0.1721137 0.62868315
vn 0.27168113 -0.35936329 -0.89277512
vn 0.19956049 -0.17784554 -0.96361125
vn 0.59164768 0.4332495 -0.67988825
vn 0.76306307 0.16705534 -0.6243614
vn 0.61566013 -0.45746022 -0.6416328
vn 0.73709917 -0.258477 -0.62439924
vn 0.65120387 -0.43250129 -0.62359929
vn 0.45026129 0.62607032 0.63663244
vn 0.30573106 0.74037063 0.59864825
vn 0.081416272 -0.70631981 -0.70319539
vn 0.32519665 -0.63095051 -0.70437807
vn 0.39023051 -0.65935349 -0.64262992
vn 0.15461539 -0.77286375 -0.61544758
vn 0.75038105 0.25162113 0.61124068
vn 0.66699201 0.39664966 0.63070655
vn 0.80764896 -0.12115169 -0.57708365
vn 0.38050568 -0.60186207 -0.70212346
vn 0.5345583 -0.61204743 -0.58279103
vn 0.21916868 0.45403042 0.86360955
vn 0.80733883 0.02923901 0.5893634
vn 0.23102993 0.77749008 0.58492255
vn 0.56797904 -0.57835549 -0.58558071
vn 0.78164816 0.15846239 0.6032545
vn -1.3781366e-07 -0.84223032 -0.53911805
vn 0.26568606 -0.65821677 0.70438725
vn -7.1771936e-08 -0.71844649 0.69558233
vn 0.81771016 -0.015712688 -0.57541549
vn 0.60645562 0.51155901 0.60870266
vn 0.30859616 0.66162997 -0.6833843
vn 1.0771504e-07 0.74697071 -0.66485691
vn 9.7515823e-08 0.7212258 0.69269991
vn 0.068613984 -0.033137746 -0.99709284
vn 0.48914614 -0.6145665 -0.61890548
vn 0.24383986 -0.44155246 -0.86346596
vn -1.2379181e-07 -0.65214419 -0.75809491
vn 0 0.0070367977 -0.99997526
vn 0.72726119 0.10244764 -0.67867196
vn 0.025223734 0.21239696 -0.9768579
vn 0.77563608 0.12182593 -0.61931187
vn 0.71325159 0.29379788 -0.6363607
vn 0.18043227 0.4121069 -0.89309132
vn 0.50696981 0.53627187 -0.67482889
vn 0.79807144 -0.04041056 -0.60120624
vn 0.75851756 0.16128552 -0.63137794
vn 0.39266393 0.64910513 -0.65151948
vn 0.1297068 0.62270588 -0.77163041
vn 0.31040299 0.65101665 -0.69269562
vn 7.1874786e-09 0.74069953 -0.6718365
vn 1.237234e-08 0.67728448 -0.73572117
vn 0.62265897 0.41805276 -0.66145879
vn 0.7805652 -0.12033913 -0.61338109
vn 0.16850382 0.71853215 -0.67477262
vn 0.59278661 0.42445847 -0.68442601
vn 0.070483088 -0.042632427 -0.99660146
vn 0.20744938 -0.18694916 -0.96021593
vn 0.26239261 -0.37116426 -0.89072287
vn 0.20022008 -0.47168875 -0.85873252
vn 0.094160669 -0.39288089 -0.91475588
vn 0.065108411 0.23304768 -0.97028327
vn 0.12978646 0.39169171 -0.9108969
vn 0.72603524 -0.10680968 -0.67931175
vn 0.21311811 0.45205775 -0.86615503
vn 0.80836415 0.02548111 -0.58813107
vn 0.25697115 0.36627451 -0.89432031
vn 0.75961167 -0.16728701 -0.62849438
vn 0.58079672 -0.43656519 -0.68708509
vn 0.19033825 0.18125159 -0.96484154
vn 0.25524276 -0.36112243 0.89690679
vn 0.75939614 0.16939604 0.62818986
vn 0.592237 0.43259916 0.67978919
vn 0.19953595 -0.17995679 0.96322423
vn 0.61757863 -0.45285779 0.6430524
vn 0.6497972 -0.42932022 0.62725425
vn 0.74353635 -0.25205132 0.61937374
vn 0.71505308 -0.29116353 0.63554925
vn 0.3057301 0.74037099 -0.59864843
vn 0.45026019 0.62607056 -0.63663298
vn 0.38045165 -0.60180169 0.70220464
vn 0.48917025 -0.61448741 0.61896503
vn 0.79910111 0.030222114 0.60043651
vn 0.75973642 -0.16096109 0.62999374
vn 0.81292892 -0.087300465 0.57578212
vn 0.21281572 -0.4054783 0.88898647
vn 0.081233844 -0.70606405 0.70347315
vn 0.32504508 -0.63078195 0.70459914
vn 0.59406924 -0.42385888 0.68368506
vn 0.31055772 -0.65197575 0.69172353
vn 0.15687223 -0.77175665 0.61626518
vn 0.39105937 -0.65984553 0.64162016
vn 0.66503805 0.39722735 -0.63240403
vn 0.75495255 0.24897613 -0.60667741
vn 0.82561928 -0.11799546 0.55175173
vn 0.53429592 -0.61284649 0.58219171
vn 0.23144932 0.77695131 -0.5854724
vn 0.56798613 -0.57834744 0.5855819
vn 0.80745047 0.13673809 -0.57386976
vn 1.3089811e-08 -0.84034348 0.54205418
vn -1.4155118e-08 -0.73122334 -0.68213803
vn 0.29986513 -0.64055306 -0.70694607
vn 0.80713499 -0.028530126 0.58967721
vn 0.60691053 0.51118398 -0.60856426
vn 0.30832726 0.65936828 0.68568784
vn -1.0090866e-07 0.74574542 0.66623098
vn -9.7975487e-08 0.71874183 -0.69527709
vn 0.067538425 -0.038117066 0.9969883
vn 0.21529527 -0.45190826 0.86569446
vn 1.9554202e-08 -0.65182501 0.75836945
vn -2.6318389e-10 0.0014639108 0.99999893
vn 0.029098049 -0.21815716 -0.97547984
vn -2.1543064e-08 -0.74221373 0.67016327
vn 0.15923652 -0.39591268 0.90437645
vn 0.10400282 -0.21624945 0.97078294
vn 0.19709057 0.46081096 0.86533737
vn 0.26239163 0.37116387 0.89072329
vn 0.2074482 0.1869496 0.96021616
vn 0.071420692 0.041116588 0.99659848
vn 0 0.00043929339 0.99999988
vn 0.073630236 -0.20526057 -0.97593367
vn 0.15284729 -0.37755087 -0.91328698
vn 0.74667019 -0.0027267737 -0.66518873
vn 0.75078702 0.0079757413 0.66049606
vn 0.75081921 -0.0016028016 0.66050565
vn 0.7525757 0.018264888 -0.65825236
vn 0.045090765 0.024788266 0.99867535
vn 0.043810669 -0.01954437 0.99884874
vn 0.031053944 0.022037841 -0.99927473
vn 0.030641604 -0.0016948843 -0.99952894
vn 0 -0.0035005941 -0.99999386
vn 0.057587635 0.037395179 -0.99763978
vn 0 0.0020704824 -0.99999785
vn -1.1804709e-09 0.023608683 0.99972123
vn 0.002329781 0.029198151 0.99957091
vn -5.2737912e-09 0.040670946 0.99917257
vn -0.80442858 0.09936361 0.58568037
vn -0.14983398 0.42326593 0.89352989
vn -0.16565733 0.3960115 0.90317917
vn -0.1049505 0.21732496 0.97044063
vn -0.5080561 0.53501493 0.67500967
vn -0.79498571 -0.033395067 0.6057083
vn -0.76151127 0.16771103 0.62607807
vn -0.39184895 0.6503101 0.65080822
vn -0.12918447 0.62428093 0.77044445
vn -0.28265765 0.68352389 0.67297822
vn -0.62466395 0.41737154 0.65999687
vn -0.77475876 -0.13048998 0.61864465
vn -0.16733718 0.71932876 0.67421389
vn -0.55809861 0.43157309 0.70871055
vn -0.73296088 0.11381366 0.67068237
vn -0.77635396 0.12408465 0.61796248
vn -0.092264831 0.39277706 0.91499364
vn -0.030944983 0.23203954 0.97221392
vn -0.16452737 -0.15882678 0.97350132
vn -0.022291791 0.0056569385 0.99973547
vn -0.26375926 -0.37022689 0.89070934
vn -0.19452523 -0.458177 0.8673141
vn -0.71085745 -0.29697469 -0.63756371
vn -0.1846562 -0.39322656 -0.90070808
vn -0.79807931 -0.086343393 -0.59633416
vn -0.093253687 -0.4010517 0.91129649
vn -0.73227149 -0.11806283 0.67070085
vn -0.031926803 -0.23672612 0.97105169
vn -0.70935142 0.29637861 0.63951576
vn -0.77886128 0.11293112 -0.61694539
vn -0.08967156 0.37863147 -0.92119336
vn -0.19765936 0.46259892 -0.86425287
vn -0.7991429 0.031685762 -0.6003055
vn -0.26239291 0.37116471 -0.89072257
vn -0.75973696 -0.16096061 -0.62999314
vn -0.20744869 0.186948 -0.9602164
vn -0.5940693 -0.4238593 -0.68368489
vn -0.07142204 0.04111702 -0.9965983
vn -0.31055886 -0.65197569 -0.69172317
vn -0.25781634 0.35518599 0.89853978
vn -0.75837612 -0.17211384 0.62868327
vn -0.54745251 -0.45706275 0.70099181
vn -0.14440912 0.14473192 0.97887629
vn -0.27168107 -0.35936365 -0.892775
vn -0.76306319 0.1670548 -0.62436146
vn -0.59164786 0.43324912 -0.67988825
vn -0.19956046 -0.17784597 -0.96361113
vn -0.61566019 -0.45746022 -0.6416328
vn -0.65120393 -0.43250126 -0.62359935
vn -0.73709917 -0.25847682 -0.62439936
vn -0.30573118 0.74037087 0.59864819
vn -0.45026147 0.62606949 0.6366331
vn -0.081416354 -0.70632029 -0.7031948
vn -0.1546153 -0.77286422 -0.6154471
vn -0.39023042 -0.65935338 -0.6426301
vn -0.32519677 -0.63095027 -0.70437843
vn -0.66699207 0.39664942 0.63070661
vn -0.75038105 0.2516208 0.6112408
vn -0.80764884 -0.12115148 -0.57708371
vn -0.53455812 -0.6120472 -0.58279127
vn -0.38050565 -0.60186177 -0.70212382
vn -0.21916869 0.45403039 0.86360955
vn -0.80733883 0.029238904 0.5893634
vn -0.23102987 0.77749032 0.58492225
vn -0.56797898 -0.57835513 -0.58558106
vn -0.78164816 0.15846239 0.60325444
vn -0.26568592 -0.65821731 0.70438695
vn -0.81771022 -0.01571282 -0.57541555
vn -0.60645586 0.51155847 0.60870302
vn -0.30859613 0.66162997 -0.68338436
vn -0.068613999 -0.033137746 -0.99709284
vn -0.48914614 -0.61456615 -0.61890596
vn -0.24383986 -0.44155255 -0.86346602
vn -0.72726119 0.10244673 -0.67867208
vn -0.025223732 0.21239562 -0.9768582
vn -0.77563608 0.12182558 -0.61931187
vn -0.18043225 0.41210699 -0.89309132
vn -0.71325159 0.29379833 -0.63636053
vn -0.50696981 0.53627187 -0.67482889
vn -0.39266393 0.64910465 -0.65151989
vn -0.75851738 0.16128615 -0.631378
vn -0.79807144 -0.040410515 -0.60120636
vn -0.12970676 0.62270653 -0.77162987
vn -0.31040296 0.65101671 -0.69269562
vn -0.78056532 -0.12033936 -0.61338103
vn -0.62265897 0.41805291 -0.66145873
vn -0.59278643 0.42445895 -0.68442595
vn -0.16850372 0.71853215 -0.67477244
vn -0.070483088 -0.042632427 -0.99660146
vn -0.20744944 -0.18694827 -0.9602161
vn -0.26239273 -0.37116346 -0.89072317
vn -0.20022005 -0.47168872 -0.85873258
vn -0.094160639 -0.39288116 -0.91475582
vn -0.065108411 0.23304719 -0.97028339
vn -0.12978646 0.39169157 -0.9108969
vn -0.7260353 -0.1068099 -0.67931169
vn -0.21311817 0.45205757 -0.86615503
vn -0.80836397 0.025481161 -0.58813113
vn -0.25697118 0.36627451 -0.89432031
vn -0.19033827 0.18125159 -0.96484154
vn -0.58079702 -0.43656492 -0.68708509
vn -0.75961179 -0.16728671 -0.62849438
vn -0.25524285 -0.36112159 0.89690709
vn -0.19953601 -0.1799559 0.96322441
vn -0.59223682 0.43259951 0.67978907
vn -0.75939614 0.16939646 0.62818992
vn -0.61757863 -0.45285782 0.64305246
vn -0.71505308 -0.29116327 0.63554937
vn -0.74353635 -0.25205106 0.61937386
vn -0.64979708 -0.42932013 0.62725431
vn -0.45026022 0.62606996 -0.6366334
vn -0.3057301 0.74037099 -0.59864843
vn -0.38045132 -0.60180241 0.70220411
vn -0.75973648 -0.16096108 0.62999374
vn -0.79910111 0.030222045 0.60043651
vn -0.48917016 -0.61448711 0.61896551
vn -0.81292903 -0.087299481 0.57578218
vn -0.21281578 -0.40547776 0.88898665
vn -0.081233852 -0.70606387 0.70347345
vn -0.31055751 -0.65197617 0.69172323
vn -0.59406894 -0.4238596 0.68368489
vn -0.32504466 -0.63078356 0.70459777
vn -0.39105919 -0.65984672 0.64161897
vn -0.15687245 -0.77175647 0.61626542
vn -0.75495255 0.24897654 -0.60667729
vn -0.66503805 0.39722756 -0.63240403
vn -0.82561922 -0.11799528 0.55175179
vn -0.53429562 -0.61284673 0.58219147
vn -0.23144935 0.77695155 -0.58547199
vn -0.56798607 -0.57834691 0.58558226
vn -0.80745047 0.13673845 -0.57386976
vn -0.29986531 -0.64055294 -0.70694607
vn -0.80713499 -0.028530268 0.58967721
vn -0.60691059 0.51118386 -0.60856432
vn -0.30832735 0.65936822 0.6856879
vn -0.067538425 -0.038117066 0.9969883
vn -0.21529531 -0.45190832 0.86569446
vn -0.029098066 -0.21815751 -0.97547978
vn -0.10400292 -0.21624799 0.97078329
vn -0.15923661 -0.3959119 0.90437675
vn -0.1970906 0.46081096 0.86533719
vn -0.26239166 0.37116387 0.89072329
vn -0.2074482 0.18694852 0.96021646
vn -0.071420662 0.041115459 0.99659848
vn -0.15284729 -0.37755057 -0.91328704
vn -0.073630244 -0.20525992 -0.97593385
vn -0.74667019 -0.0027269621 -0.66518873
vn -0.75078702 0.0079762172 0.66049618
vn -0.75081927 -0.0016023051 0.66050571
vn -0.7525757 0.01826454 -0.65825236
vn -0.045090776 0.024789011 0.99867523
vn -0.043810684 -0.019543637 0.99884868
vn -0.031053942 0.022037536 -0.99927473
vn -0.030641606 -0.0016954129 -0.999529
vn -0.057587635 0.037395179 -0.99763978
vn -0.002329777 0.029196931 0.99957103
vn 0.80199838 0.11321723 0.5864985
vn 0.098275594 0.23926736 0.96596736
vn 0.15307505 0.3973015 0.90483129
vn 0.17374757 0.41852853 0.89142901
vn 0.50713605 0.53549856 0.67531788
vn 0.3926633 0.64910865 0.65151626
vn 0.75851679 0.16128807 0.63137823
vn 0.79795182 -0.03324623 0.60180354
vn -3.7009912e-08 0.67999369 0.73321795
vn -3.4630055e-08 0.74955934 0.66193718
vn 0.2826584 0.68352592 0.67297584
vn 0.12918359 0.62428713 0.77043962
vn 0.7726984 -0.13786487 0.61962116
vn 0.62441856 0.41724643 0.66030824
vn 0.55652112 0.43629512 0.70705783
vn 0.16820036 0.71862215 0.67475241
vn 0.73506451 0.10947135 0.66910106
vn 0.031080304 0.22757448 0.97326452
vn 0.092067488 0.39281005 0.91499931
vn 0.77541685 0.12500826 0.61895204
vn 0.022295017 0.0056641153 0.99973536
vn 0.15984496 -0.15392874 0.97506696
vn 0.26239273 -0.3711611 0.89072418
vn 0.19737412 -0.46289435 0.86415994
vn 0.70221245 -0.30675533 -0.64249414
vn 0.79092729 -0.095600367 -0.60439605
vn 0.15172356 -0.39777389 -0.90485132
vn 0.09388984 -0.40899846 0.90769213
vn 0.032853696 -0.2442228 0.96916246
vn 0.73535287 -0.12118325 0.66676146
vn 0.71502948 0.29572985 0.63346404
vn 0.77571213 0.12130505 -0.61931884
vn 0.79895169 0.028379755 -0.60072529
vn 0.19644248 0.45864722 -0.86663318
vn 0.089806683 0.3890363 -0.91683453
vn 0.75973755 -0.16095808 -0.62999308
vn 0.26239276 0.37116835 -0.89072108
vn 0.59406996 -0.42385748 -0.68368542
vn 0.20744829 0.18695202 -0.96021563
vn 0.31055871 -0.65197635 -0.69172263
vn 0.07142204 0.041115437 -0.99659842
vn -4.8023114e-08 -0.74221313 -0.67016381
vn 0 0.00043929339 -0.99999988
vn 0.25781545 0.35518751 0.89853942
vn 0.14440656 0.1447359 0.97887605
vn 0.54745197 -0.45706025 0.70099378
vn 0.75837648 -0.17211275 0.62868297
vn 0.27168119 -0.35936323 -0.89277518
vn 0.19956052 -0.17784449 -0.96361142
vn 0.59164798 0.43324941 -0.67988789
vn 0.76306367 0.16705421 -0.62436098
vn 0.61574501 -0.45751747 -0.64151061
vn 0.73278463 -0.26607564 -0.62628305
vn 0.65120381 -0.43250111 -0.62359947
vn 0.45026171 0.62607223 0.63663024
vn 0.30573151 0.74037164 0.59864682
vn 0.081415944 -0.70632017 -0.70319504
vn 0.32519487 -0.63095307 -0.70437664
vn 0.39022884 -0.65935504 -0.64262927
vn 0.15461558 -0.77286428 -0.61544687
vn 0.75650716 0.25069222 0.60402846
vn 0.66710931 0.39674571 0.63052207
vn 0.78185886 -0.13899246 -0.60776454
vn 0.3805044 -0.60186487 -0.70212197
vn 0.53455758 -0.6120494 -0.58278972
vn 0.2128868 0.44991925 0.86732447
vn 0.80637908 0.025772657 0.59083718
vn 0.23102888 0.7774933 0.58491874
vn 0.56797898 -0.57835519 -0.585581
vn 0.79999238 0.14619553 0.58192688
vn -9.1875897e-08 -0.84222913 -0.53911972
vn 0.26568562 -0.65821546 0.7043888
vn -1.2201254e-07 -0.71844494 0.69558382
vn 0.81742525 -0.01230565 -0.57590318
vn 0.60685092 0.51123273 0.60858279
vn 0.30859658 0.66162938 -0.68338466
vn 5.7448155e-08 0.74696934 -0.66485846
vn 6.0009093e-08 0.72123301 0.69269252
vn 0.068613969 -0.033138964 -0.99709278
vn 0.48912409 -0.61464018 -0.61884987
vn 0.24280958 -0.43806759 -0.86552882
vn 1.9546126e-08 -0.65214276 -0.75809622
vn 0 0.0070321648 -0.99997526
vn 0.73276633 0.10654189 -0.67208809
vn 0.026774419 0.22206099 -0.97466505
vn 0.78237939 0.11505861 -0.61208165
vn 0.71561784 0.29352972 -0.63382298
vn 0.19225931 0.41196623 -0.8906852
vn 0.50697017 0.53627098 -0.67482942
vn 0.79807127 -0.040411562 -0.60120648
vn 0.75851744 0.16128558 -0.63137794
vn 0.39266405 0.64910305 -0.65152138
vn 0.12970705 0.62270123 -0.7716341
vn 0.3104018 0.6510185 -0.69269449
vn 5.031238e-08 0.74069917 -0.67183691
vn 4.0210452e-08 0.67727697 -0.73572814
vn 0.62265819 0.41805479 -0.66145831
vn 0.78056258 -0.12034259 -0.61338383
vn 0.16850336 0.71853036 -0.67477453
vn 0.59278429 0.42446098 -0.68442649
vn 0.070481367 -0.042630192 -0.99660176
vn 0.20744771 -0.18694438 -0.96021724
vn 0.26239297 -0.37116441 -0.89072269
vn 0.20021702 -0.47169051 -0.85873234
vn 0.09415406 -0.39288357 -0.9147554
vn 0.06598942 0.22920205 -0.97113943
vn 0.1336534 0.3968969 -0.90808022
vn 0.72749346 -0.10161436 -0.67854828
vn 0.22026591 0.44706753 -0.86695653
vn 0.81019968 0.0217833 -0.58574891
vn 0.26143402 0.36171752 -0.89488143
vn 0.7602973 -0.16958587 -0.6270476
vn 0.58071697 -0.43734798 -0.68665457
vn 0.19100136 0.17952238 -0.96503383
vn 0.27096936 -0.35525137 0.8946352
vn 0.76655948 0.17445448 0.6180228
vn 0.59714741 0.42609566 0.67960107
vn 0.21051142 -0.18553074 0.95982456
vn 0.61751777 -0.45289704 0.64308321
vn 0.64979696 -0.42932141 0.62725347
vn 0.7462734 -0.25823987 0.61350477
vn 0.71282518 -0.29985192 0.63401037
vn 0.30573151 0.74036998 -0.59864902
vn 0.45027402 0.62605584 -0.63663763
vn 0.38045225 -0.60180283 0.70220327
vn 0.48921439 -0.61433887 0.61907756
vn 0.79912001 0.029405123 0.60045207
vn 0.75973713 -0.16095893 0.62999338
vn 0.82873815 -0.082716279 0.55348992
vn 0.21117212 -0.40692365 0.88871801
vn 0.081235833 -0.70605743 0.70347983
vn 0.3250477 -0.63078105 0.70459872
vn 0.59407085 -0.42385659 0.68368524
vn 0.31055987 -0.65197355 0.6917246
vn 0.15687363 -0.77175194 0.61627072
vn 0.39106125 -0.65984493 0.64161962
vn 0.66488427 0.39713758 -0.63262212
vn 0.75733912 0.24851169 -0.60388684
vn 0.82042694 -0.12050585 0.55890781
vn 0.53429639 -0.61284631 0.58219141
vn 0.23144922 0.77694833 -0.58547634
vn 0.56798667 -0.57834762 0.585581
vn 0.81441814 0.13208748 -0.565045
vn 1.9634935e-08 -0.8403374 0.54206377
vn -7.0775825e-09 -0.73122162 -0.68213999
vn 0.29986519 -0.64055145 -0.70694751
vn 0.80806994 -0.011075193 0.58898258
vn 0.60644782 0.5115701 -0.60870111
vn 0.30832744 0.6593678 0.68568826
vn -7.3643633e-09 0.74574548 0.66623086
vn -1.5073262e-08 0.71873736 -0.69528168
vn 0.067539416 -0.038118139 0.99698818
vn 0.22465858 -0.42804375 0.87538964
vn -6.5181496e-09 -0.65181381 0.7583791
vn 0.02910134 -0.21173182 -0.97689438
vn -5.0267428e-08 -0.74221027 0.67016697
vn 0.16418362 -0.40372267 0.90002871
vn 0.10616338 -0.23000818 0.96738076
vn 0.19674675 0.45977291 0.86596739
vn 0.26239201 0.37116712 0.89072186
vn 0.20744912 0.18695374 0.96021515
vn 0.071423061 0.041121982 0.99659812
vn 0 0.00044905543 0.99999988
vn 0.073429331 -0.2116603 -0.97458094
vn 0.15163043 -0.37275985 -0.91545528
vn 0.74734712 -0.013009254 -0.66430634
vn 0.7538932 0.019748827 0.65670002
vn 0.7471323 0.0022142695 0.6646716
vn 0.74834007 0.014764504 -0.66315103
vn 0.0450125 0.03091016 0.99850804
vn 0.04383051 -0.00089992909 0.99903864
vn 0.03103492 0.0075443247 -0.99948984
vn 0.030570287 -0.0079316823 -0.99950123
vn 0 -0.0034999847 -0.99999386
vn 0.057588011 0.037401203 -0.9976396
vn 0 0.0020756074 -0.99999785
vn 1.3116344e-09 0.023618504 0.99972099
vn 0.0023274955 0.029202385 0.99957079
vn 5.2737912e-09 0.040675387 0.99917239
vn -0.80199844 0.11321806 0.58649838
vn -0.17374755 0.41852877 0.89142895
vn -0.15307502 0.39730239 0.90483081
vn -0.098275557 0.23926862 0.96596712
vn -0.50713611 0.5354985 0.675318
vn -0.79795182 -0.033246338 0.60180348
vn -0.75851703 0.16128726 0.63137805
vn -0.39266354 0.64910764 0.65151721
vn -0.12918368 0.62428671 0.77043986
vn -0.28265879 0.68352503 0.67297649
vn -0.62441844 0.41724718 0.66030782
vn -0.7726984 -0.13786533 0.61962116
vn -0.16820043 0.71862167 0.67475295
vn -0.55652183 0.43629313 0.70705843
vn -0.73506451 0.10946993 0.66910124
vn -0.77541685 0.12500785 0.61895216
vn -0.092067517 0.39280936 0.9149996
vn -0.031080347 0.22757247 0.97326511
vn -0.15984489 -0.15393192 0.97506648
vn -0.022295017 0.0056618182 0.9997353
vn -0.26239261 -0.37116197 0.89072376
vn -0.19737409 -0.46289438 0.86415982
vn -0.70221257 -0.30675513 -0.6424942
vn -0.15172356 -0.39777365 -0.90485144
vn -0.79092723 -0.095599823 -0.60439616
vn -0.093889803 -0.4089992 0.90769178
vn -0.73535281 -0.12118451 0.66676122
vn -0.032853689 -0.24422464 0.96916193
vn -0.71502948 0.29572982 0.63346404
vn -0.77571207 0.1213052 -0.61931884
vn -0.089806683 0.3890363 -0.91683453
vn -0.19644248 0.45864725 -0.86663318
vn -0.79895163 0.02837982 -0.60072523
vn -0.26239273 0.37116829 -0.89072108
vn -0.75973755 -0.16095807 -0.62999308
vn -0.20744829 0.18695259 -0.96021557
vn -0.59407002 -0.42385706 -0.68368554
vn -0.071422033 0.041115999 -0.99659842
vn -0.31055886 -0.65197611 -0.69172281
vn -0.25781548 0.35518751 0.89853942
vn -0.75837648 -0.17211281 0.62868291
vn -0.54745191 -0.45706037 0.70099378
vn -0.14440659 0.1447359 0.97887599
vn -0.27168119 -0.35936323 -0.89277518
vn -0.76306367 0.1670544 -0.6243611
vn -0.59164745 0.43325037 -0.67988771
vn -0.19956058 -0.17784347 -0.9636116
vn -0.61574513 -0.45751712 -0.64151073
vn -0.65120381 -0.43250084 -0.62359965
vn -0.73278463 -0.26607543 -0.62628317
vn -0.3057313 0.74037147 0.59864718
vn -0.45026174 0.62607133 0.63663095
vn -0.081415936 -0.70631987 -0.70319527
vn -0.15461552 -0.7728641 -0.6154471
vn -0.39022869 -0.65935522 -0.64262927
vn -0.32519475 -0.63095307 -0.7043767
vn -0.66710931 0.39674646 0.6305216
vn -0.75650722 0.25069231 0.6040284
vn -0.7818588 -0.1389925 -0.60776466
vn -0.53455752 -0.6120491 -0.58279002
vn -0.38050431 -0.60186446 -0.70212239
vn -0.21288677 0.4499194 0.86732441
vn -0.80637914 0.025772542 0.59083712
vn -0.2310286 0.77749312 0.58491892
vn -0.5679788 -0.57835495 -0.58558136
vn -0.79999238 0.14619516 0.581927
vn -0.26568559 -0.65821558 0.70438874
vn -0.81742525 -0.012305503 -0.5759033
vn -0.60685098 0.51123267 0.60858279
vn -0.30859616 0.66162986 -0.68338436
vn -0.068613999 -0.03313788 -0.99709278
vn -0.48912421 -0.61463964 -0.61885023
vn -0.24280958 -0.43806744 -0.865529
vn -0.73276639 0.10654097 -0.67208815
vn -0.026774423 0.22205973 -0.9746654
vn -0.7725504 0.10449025 -0.62629694
vn -0.14688599 0.41591111 -0.89746445
vn -0.70631868 0.29439226 -0.64377576
vn -0.50697011 0.53627139 -0.67482907
vn -0.39266387 0.649104 -0.65152061
vn -0.75851744 0.16128558 -0.63137794
vn -0.79807121 -0.040411759 -0.60120636
vn -0.1297067 0.62270474 -0.77163124
vn -0.31040135 0.65101963 -0.69269365
vn -0.78056264 -0.12034313 -0.61338365
vn -0.62265813 0.41805512 -0.66145813
vn -0.59278381 0.42446226 -0.68442613
vn -0.16850328 0.71853185 -0.67477298
vn -0.07048139 -0.04262732 -0.99660188
vn -0.20744778 -0.1869422 -0.96021765
vn -0.26239297 -0.37116441 -0.89072269
vn -0.20021708 -0.47169057 -0.85873234
vn -0.094154134 -0.39288431 -0.91475511
vn -0.063555457 0.20347141 -0.97701591
vn -0.13523123 0.38458535 -0.9131301
vn -0.72749346 -0.10161545 -0.6785481
vn -0.22365619 0.45765775 -0.86053896
vn -0.81048161 0.029856421 -0.58500272
vn -0.26143402 0.36171758 -0.89488143
vn -0.19100136 0.17952238 -0.96503377
vn -0.58071709 -0.43734789 -0.68665451
vn -0.76029724 -0.16958602 -0.6270476
vn -0.27096936 -0.35525137 0.8946352
vn -0.21051148 -0.18552969 0.95982474
vn -0.59714711 0.42609638 0.67960089
vn -0.76655942 0.17445455 0.6180228
vn -0.61751771 -0.45289704 0.64308321
vn -0.71282518 -0.2998518 0.63401026
vn -0.7462734 -0.25823987 0.61350483
vn -0.64979696 -0.42932144 0.62725347
vn -0.45027378 0.62605697 -0.63663679
vn -0.30573115 0.74037105 -0.59864771
vn -0.38045245 -0.60180134 0.70220453
vn -0.75973761 -0.16095686 0.6299932
vn -0.79912007 0.029406134 0.60045177
vn -0.48921451 -0.61433792 0.6190784
vn -0.82873815 -0.082717247 0.55348986
vn -0.21117209 -0.40692362 0.88871789
vn -0.081235833 -0.70605785 0.70347923
vn -0.31055969 -0.6519742 0.69172418
vn -0.59407085 -0.42385668 0.68368506
vn -0.32504782 -0.63078046 0.70459902
vn -0.39106154 -0.65984434 0.64162004
vn -0.1568737 -0.77175224 0.6162703
vn -0.74716502 0.25012043 -0.6157794
vn -0.66488427 0.39713803 -0.63262188
vn -0.82042694 -0.12050575 0.55890787
vn -0.53429645 -0.61284518 0.58219242
vn -0.2314484 0.77695024 -0.58547419
vn -0.56798661 -0.57834691 0.58558166
vn -0.78603476 0.15156709 -0.59931368
vn -0.29986534 -0.64055139 -0.70694751
vn -0.80806988 -0.011074916 0.58898258
vn -0.60644764 0.51157087 -0.60870081
vn -0.30832714 0.65936822 0.6856879
vn -0.067539431 -0.038117055 0.9969883
vn -0.22465859 -0.42804378 0.87538964
vn -0.02910134 -0.21173342 -0.97689402
vn -0.1061634 -0.23000948 0.9673804
vn -0.16418365 -0.4037227 0.90002877
vn -0.19674659 0.45977414 0.8659668
vn -0.26239166 0.37117013 0.89072067
vn -0.20744906 0.18695393 0.96021515
vn -0.071423061 0.041120283 0.99659806
vn -0.15163043 -0.37275937 -0.91545546
vn -0.073429309 -0.21165949 -0.97458112
vn -0.74734712 -0.013009841 -0.66430646
vn -0.75389338 0.019748375 0.65670002
vn -0.7471323 0.0022124399 0.6646716
vn -0.74834007 0.014764366 -0.66315097
vn -0.045012511 0.03090742 0.99850816
vn -0.043830518 -0.00090066355 0.99903858
vn -0.031034922 0.0075434097 -0.9994899
vn -0.030570284 -0.0079319263 -0.99950117
vn -0.057588011 0.037401203 -0.9976396
vn -0.0023274806 0.029202381 0.99957079
vn 0.81103158 0.098112985 0.57671624
vn 0.098691978 0.22596616 0.96912289
vn 0.15415573 0.40217173 0.90249312
vn 0.1572226 0.42262658 0.89256251
vn 0.50697154 0.5362699 0.67482919
vn 0.39266402 0.64910543 0.65151906
vn 0.75851703 0.16128731 0.63137823
vn 0.79807132 -0.040410809 0.60120636
vn -5.5515461e-08 0.67998552 0.73322558
vn -6.4392893e-08 0.74955076 0.66194689
vn 0.28265959 0.68352008 0.67298132
vn 0.12918429 0.62428141 0.77044415
vn 0.77957469 -0.12688723 0.61332124
vn 0.62487161 0.417548 0.65968871
vn 0.55652058 0.43629238 0.70705992
vn 0.16820103 0.71862245 0.67475188
vn 0.73458219 0.1070887 0.67001581
vn 0.030904431 0.2235568 0.97420079
vn 0.093120225 0.3952716 0.91383201
vn 0.777457 0.12515631 0.61635745
vn 0.022292932 0.0056460383 0.99973553
vn 0.15984277 -0.15393303 0.97506666
vn 0.26239258 -0.37116191 0.89072388
vn 0.20021971 -0.47168881 0.85873264
vn 0.69904202 -0.3173953 -0.64078116
vn 0.76687646 -0.11875893 -0.63071138
vn 0.097048044 -0.42359769 -0.90063685
vn 0.095096193 -0.40149391 0.91091132
vn 0.031049559 -0.22613101 0.973602
vn 0.73045814 -0.11189114 0.6737293
vn 0.7122162 0.29600358 0.63649827
vn 0.77462894 0.12350982 -0.62023824
vn 0.796143 0.029756756 -0.60437649
vn 0.18668759 0.46022376 -0.86795264
vn 0.089771561 0.39048651 -0.9162212
vn 0.75654358 -0.15546933 -0.63519365
vn 0.24755324 0.38076413 -0.89091861
vn 0.59331793 -0.42062581 -0.68632925
vn 0.20217483 0.19453423 -0.95983428
vn 0.3105579 -0.6519742 -0.6917249
vn 0.071420513 0.041119948 -0.99659836
vn 1.5876772e-08 -0.7422142 -0.67016262
vn 0.25781581 0.3551901 0.89853835
vn 0.14440897 0.14473239 0.97887623
vn 0.54745233 -0.45706341 0.70099139
vn 0.75837696 -0.17211056 0.62868315
vn 0.22781886 -0.37451267 -0.89879847
vn 0.19462964 -0.18981519 -0.96233541
vn 0.5922755 0.42776436 -0.68280858
vn 0.75386339 0.16332032 -0.63640904
vn 0.61558843 -0.45740351 -0.64174211
vn 0.7363317 -0.27331662 -0.61896175
vn 0.65120453 -0.43249944 -0.62359995
vn 0.45192721 0.62516999 0.63633651
vn 0.30573028 0.74037206 0.59864694
vn 0.081414595 -0.70631379 -0.70320165
vn 0.32519585 -0.63094419 -0.70438415
vn 0.39022982 -0.65934843 -0.64263558
vn 0.15461423 -0.77285939 -0.61545336
vn 0.75336832 0.25120971 0.60772508
vn 0.66719913 0.3970671 0.63022453
vn 0.78182763 -0.15159297 -0.60478514
vn 0.38050407 -0.60186166 -0.70212477
vn 0.5345583 -0.61204678 -0.58279163
vn 0.21378526 0.45286953 0.86556637
vn 0.80644989 0.02796627 0.59064084
vn 0.23103037 0.77749091 0.58492118
vn 0.56797862 -0.57835275 -0.58558381
vn 0.79230815 0.15261322 0.59072578
vn 6.5625677e-08 -0.8422299 -0.53911847
vn 0.26568514 -0.65821755 0.70438707
vn -7.1772215e-09 -0.71844375 0.69558489
vn 0.78841484 -0.033626467 -0.61422431
vn 0.60754079 0.51150876 0.60766172
vn 0.30859601 0.66162938 -0.68338507
vn 7.8991214e-08 0.7469694 -0.66485846
vn 7.5012281e-08 0.72122514 0.6927008
vn 0.06861344 -0.033138957 -0.99709284
vn 0.48919073 -0.61441636 -0.61901927
vn 0.15052664 -0.45760486 -0.87632161
vn 1.0424579e-07 -0.65214217 -0.75809664
vn 0.73142934 0.11488398 -0.67217016
vn 0.026998665 0.23366407 -0.97194248
vn 0.77587426 0.11538671 -0.62024599
vn 0.71327215 0.29371235 -0.63637727
vn 0.18211035 0.41069439 -0.89340138
vn 0.50703305 0.5359925 -0.67500341
vn 0.79779339 -0.033090688 -0.60202217
vn 0.75851703 0.16128746 -0.63137823
vn 0.39266881 0.64910138 -0.65152013
vn 0.12970747 0.62269795 -0.77163666
vn 0.31040478 0.65101165 -0.69269955
vn 5.0313048e-08 0.74069113 -0.67184567
vn 5.2583253e-08 0.67727208 -0.73573267
vn 0.62255609 0.41796079 -0.6616137
vn 0.77437675 -0.13095075 -0.61902559
vn 0.1685053 0.71852988 -0.67477459
vn 0.59278584 0.42446044 -0.68442553
vn 0.070483349 -0.042645875 -0.99660099
vn 0.20744963 -0.18694542 -0.96021664
vn 0.26239252 -0.37116182 -0.89072388
vn 0.19743071 -0.46286711 -0.86416155
vn 0.09315265 -0.40240738 -0.91070896
vn 0.064842351 0.22371194 -0.97249591
vn 0.1336408 0.38898379 -0.91149974
vn 0.73296362 -0.11280524 -0.67084968
vn 0.2211007 0.44970807 -0.86537689
vn 0.81026322 0.0237845 -0.58558321
vn 0.26143339 0.36172321 -0.89487928
vn 0.76029831 -0.16958252 -0.62704724
vn 0.58071762 -0.43734676 -0.68665469
vn 0.19100128 0.17952417 -0.96503341
vn 0.23235001 -0.37778872 0.89626396
vn 0.75460923 0.16098967 0.63611883
vn 0.59304225 0.4256191 0.6834833
vn 0.19338183 -0.19542462 0.96146381
vn 0.6175369 -0.45282578 0.64311498
vn 0.64979953 -0.42932039 0.62725151
vn 0.74366868 -0.25235662 0.61909038
vn 0.71497285 -0.29155037 0.63546216
vn 0.30573156 0.74036902 -0.59865016
vn 0.45026326 0.62606704 -0.63663417
vn 0.38045114 -0.60180545 0.70220166
vn 0.48917967 -0.61446011 0.6189847
vn 0.7992301 0.032633964 0.60013843
vn 0.75973672 -0.16096146 0.6299932
vn 0.81348902 -0.087656014 0.57493657
vn 0.21257102 -0.40582222 0.88888806
vn 0.081233047 -0.70605475 0.70348269
vn 0.32504675 -0.6307835 0.70459688
vn 0.59407049 -0.423857 0.68368512
vn 0.31055892 -0.65197194 0.69172668
vn 0.15687212 -0.77175039 0.61627316
vn 0.39105985 -0.65984619 0.64161927
vn 0.66502023 0.3972151 -0.63243049
vn 0.75479114 0.24899666 -0.60686982
vn 0.82547814 -0.11813591 0.55193281
vn 0.53429562 -0.61284941 0.58218867
vn 0.23145171 0.77694732 -0.5854767
vn 0.56798697 -0.57834691 0.58558142
vn 0.80783153 0.13691227 -0.5732916
vn -3.2725005e-08 -0.8403371 0.54206425
vn -6.3698089e-08 -0.73122305 -0.6821385
vn 0.29986519 -0.64055222 -0.70694667
vn 0.80195516 -0.029390585 0.59666091
vn 0.6068517 0.51123458 -0.60858059
vn 0.30832702 0.65936875 0.6856876
vn -6.4986288e-08 0.74574548 0.66623086
vn -6.029363e-08 0.71873116 -0.69528806
vn 0.067537911 -0.038114898 0.99698848
vn 0.19927776 -0.45274028 0.86908841
vn 2.6072611e-08 -0.65181029 0.75838196
vn 0.031128434 -0.2319451 -0.97223073
vn -1.4362097e-08 -0.74221128 0.67016584
vn 0.15915528 -0.39656919 0.9041031
vn 0.10409467 -0.21749178 0.97049552
vn 0.19798671 0.46370128 0.86358696
vn 0.26239261 0.37116346 0.89072317
vn 0.20744956 0.1869521 0.96021545
vn 0.071420498 0.041125946 0.99659812
vn -0.010176156 -0.24078031 -0.97052634
vn 0.037005737 -0.3999131 -0.9158057
vn 0.74870604 -0.017342722 -0.66267532
vn 0.75019521 0.0086370716 0.66116005
vn 0.74877495 -0.0068134503 0.66278934
vn 0.74982387 0.019184418 -0.66135931
vn 0.045033939 0.016269241 0.99885297
vn 0.043802682 -0.017547425 0.99888605
vn 0.0079216855 0.00078318286 -0.99996835
vn 0.03058926 -0.0012935605 -0.99953121
vn 0 -0.0035274094 -0.99999386
vn 0.057588052 0.03739858 -0.99763972
vn -1.1804709e-09 0.023589035 0.99972171
vn 0.0023293863 0.029196808 0.99957103
vn -3.1642746e-09 0.040679187 0.99917227
vn -0.81103164 0.098112471 0.57671624
vn -0.1572226 0.42262658 0.89256257
vn -0.15415572 0.40217248 0.90249282
vn -0.098692007 0.22596556 0.96912307
vn -0.5069713 0.53627121 0.67482829
vn -0.79807144 -0.040411498 0.60120618
vn -0.75851732 0.16128643 0.63137805
vn -0.39266396 0.64910638 0.65151829
vn -0.12918438 0.62428135 0.7704441
vn -0.28265947 0.68352062 0.6729809
vn -0.62487167 0.41754761 0.65968883
vn -0.77957463 -0.12688673 0.61332136
vn -0.16820097 0.71862298 0.6747514
vn -0.55652034 0.4362931 0.70705968
vn -0.73458219 0.10708869 0.67001563
vn -0.777457 0.12515707 0.61635733
vn -0.093120158 0.39527282 0.91383141
vn -0.030904407 0.22355691 0.97420084
vn -0.15984286 -0.15393196 0.97506678
vn -0.022292934 0.0056471871 0.99973559
vn -0.26239246 -0.37116331 0.89072329
vn -0.20021947 -0.47168997 0.85873204
vn -0.70296764 -0.30382133 -0.64306235
vn -0.13516544 -0.41247046 -0.90088755
vn -0.76238441 -0.11217333 -0.63732815
vn -0.095096178 -0.40149316 0.91091156
vn -0.73045808 -0.11189121 0.67372942
vn -0.031049585 -0.22613101 0.97360194
vn -0.7122162 0.29600269 0.63649863
vn -0.77462894 0.12350993 -0.62023813
vn -0.089771576 0.39048657 -0.9162212
vn -0.1866876 0.46022391 -0.8679527
vn -0.796143 0.029756818 -0.60437649
vn -0.24755311 0.38076496 -0.89091831
vn -0.75654364 -0.15546888 -0.63519365
vn -0.20217477 0.19453458 -0.95983416
vn -0.59331787 -0.42062578 -0.68632919
vn -0.071420528 0.041119389 -0.99659836
vn -0.31055781 -0.6519745 -0.69172484
vn -0.25781581 0.35519004 0.89853835
vn -0.75837678 -0.17211084 0.62868321
vn -0.54745269 -0.45706266 0.70099157
vn -0.14440896 0.14473353 0.97887599
vn -0.22781883 -0.37451348 -0.89879823
vn -0.75386357 0.16331966 -0.63640893
vn -0.5922758 0.42776346 -0.68280876
vn -0.19462955 -0.18981658 -0.96233517
vn -0.61558843 -0.45740381 -0.64174187
vn -0.65120447 -0.43249983 -0.62359971
vn -0.73180658 -0.26407331 -0.62827086
vn -0.30573019 0.7403723 0.59864652
vn -0.45192721 0.62517095 0.63633579
vn -0.081414595 -0.70631176 -0.70320368
vn -0.15461472 -0.77285773 -0.61545527
vn -0.39023006 -0.65934741 -0.64263636
vn -0.325196 -0.63094318 -0.7043851
vn -0.66717172 0.3970136 0.63028729
vn -0.75336146 0.25119478 0.60773981
vn -0.78960639 -0.14498848 -0.59623832
vn -0.53455794 -0.61204779 -0.58279085
vn -0.38050392 -0.60186261 -0.70212406
vn -0.21378523 0.45286971 0.86556625
vn -0.80644977 0.027966201 0.59064078
vn -0.23103048 0.77749085 0.58492124
vn -0.5679785 -0.57835364 -0.58558303
vn -0.79230815 0.1526127 0.59072602
vn -0.26568571 -0.65821654 0.70438778
vn -0.79370356 -0.038766429 -0.60706836
vn -0.60741353 0.5116182 0.60769701
vn -0.30859607 0.66162902 -0.68338519
vn -0.068613455 -0.033139501 -0.99709272
vn -0.48919076 -0.61441725 -0.61901861
vn -0.17933175 -0.4600279 -0.86960596
vn -0.7314294 0.11488315 -0.67217022
vn -0.02699866 0.23366302 -0.97194272
vn -0.7758742 0.11538743 -0.62024587
vn -0.18211037 0.41069445 -0.89340127
vn -0.71327215 0.29371321 -0.6363768
vn -0.50703305 0.5359925 -0.67500341
vn -0.39266869 0.64910245 -0.65151924
vn -0.75851715 0.16128668 -0.63137805
vn -0.79779351 -0.033091459 -0.60202199
vn -0.12970746 0.62269872 -0.77163619
vn -0.31040445 0.65101242 -0.69269907
vn -0.77437669 -0.13095066 -0.61902559
vn -0.62255603 0.41796118 -0.66161352
vn -0.59278595 0.42446005 -0.68442577
vn -0.1685051 0.71853191 -0.67477256
vn -0.070483342 -0.042644575 -0.99660099
vn -0.20744962 -0.18694651 -0.9602164
vn -0.26239234 -0.37116316 -0.89072335
vn -0.19743048 -0.46286824 -0.86416095
vn -0.09315259 -0.40240729 -0.91070896
vn -0.064842366 0.22371289 -0.97249573
vn -0.13364086 0.38898325 -0.91149998
vn -0.73296374 -0.11280444 -0.67084968
vn -0.22110076 0.44970793 -0.86537689
vn -0.81026328 0.023784528 -0.58558321
vn -0.26143339 0.36172324 -0.89487928
vn -0.19100131 0.17952418 -0.96503347
vn -0.58071762 -0.43734676 -0.68665475
vn -0.76029855 -0.16958222 -0.62704706
vn -0.23234998 -0.37778878 0.89626396
vn -0.19338183 -0.19542462 0.96146381
vn -0.59304225 0.42561913 0.6834833
vn -0.75460935 0.16098952 0.63611883
vn -0.6175369 -0.45282546 0.64311522
vn -0.71497297 -0.29154941 0.63546258
vn -0.74366868 -0.25235566 0.6190908
vn -0.64979953 -0.42932004 0.6272518
vn -0.4502632 0.626068 -0.6366334
vn -0.30573133 0.74037063 -0.59864837
vn -0.3804515 -0.60180503 0.70220184
vn -0.75973672 -0.16096139 0.62999332
vn -0.79923016 0.032633971 0.60013849
vn -0.48917961 -0.61446083 0.61898392
vn -0.81348908 -0.087655127 0.57493663
vn -0.21257107 -0.40582189 0.88888824
vn -0.081233002 -0.70605522 0.70348227
vn -0.31055871 -0.65197235 0.69172633
vn -0.5940702 -0.42385772 0.683685
vn -0.32504669 -0.63078362 0.70459676
vn -0.39105985 -0.65984607 0.64161927
vn -0.1568719 -0.77175075 0.61627257
vn -0.75479114 0.24899748 -0.60686946
vn -0.66502011 0.3972154 -0.63243026
vn -0.82547814 -0.1181356 0.55193293
vn -0.53429615 -0.61284894 0.58218879
vn -0.23145162 0.77694774 -0.58547622
vn -0.56798691 -0.57834762 0.58558083
vn -0.80783159 0.13691273 -0.57329142
vn -0.29986507 -0.64055234 -0.70694661
vn -0.80195504 -0.029390709 0.59666091
vn -0.6068517 0.51123446 -0.60858059
vn -0.30832699 0.65936875 0.68568766
vn -0.067537911 -0.038114898 0.99698848
vn -0.19927774 -0.45274034 0.86908841
vn -0.031128444 -0.23194402 -0.97223091
vn -0.10409473 -0.21749058 0.97049582
vn -0.15915534 -0.39656928 0.90410316
vn -0.19798671 0.46370119 0.86358696
vn -0.26239264 0.37116352 0.89072317
vn -0.20744959 0.186951 0.96021563
vn -0.071420498 0.041124813 0.99659818
vn -0.10567956 -0.38473794 -0.91695613
vn -0.028726634 -0.21848857 -0.9754166
vn -0.74870592 -0.017344015 -0.66267526
vn -0.75019515 0.0086357063 0.66115999
vn -0.74877477 -0.0068134801 0.6627894
vn -0.74982387 0.0191861 -0.66135931
vn -0.045033954 0.016269151 0.99885297
vn -0.043802693 -0.017549472 0.99888599
vn -0.007921692 0.00078122504 -0.99996829
vn -0.030589264 -0.0012910196 -0.99953115
vn -0.057588052 0.03739858 -0.99763972
vn -0.0023293886 0.029199246 0.99957091
vn 0.73843086 0.11459578 0.66452056
vn 0.032331347 0.23784466 0.97076494
vn 0.092359126 0.40181303 0.91105223
vn 0.77263242 0.13325848 0.62071019
vn 0.77758759 0.11326154 -0.61848968
vn 0.7121489 0.2938728 -0.63755983
vn 0.17490569 0.41243982 -0.89403659
vn 0.50811762 0.53472739 -0.67519122
vn 0.79497892 -0.031363484 -0.60582578
vn 0.76151115 0.167711 -0.62607819
vn 0.39184889 0.65031052 -0.65080774
vn 0.12970658 0.62270463 -0.77163154
vn 0.31040323 0.65101576 -0.69269633
vn 5.0312565e-08 0.74069685 -0.67183936
vn 3.7117193e-08 0.67728001 -0.73572528
vn 0.62230605 0.41779572 -0.66195303
vn 0.7725693 -0.13341926 -0.62075436
vn 0.16764 0.71923989 -0.67423338
vn 0.070482932 -0.042636063 -0.9966014
vn 0.26375905 -0.37022692 -0.8907094
vn 0.19369437 -0.45563033 -0.86884028
vn 0.092790991 -0.4030889 -0.91044456
vn 0.064909965 0.22231406 -0.97281194
vn 0.13405465 0.39068291 -0.910712
vn 0.73234141 -0.11887207 -0.6704815
vn 0.22145189 0.45089093 -0.86467129
vn 0.81028241 0.024686528 -0.58551937
vn 0.26143375 0.36172056 -0.89488024
vn 0.76029789 -0.16958444 -0.62704718
vn 0.58071691 -0.43734843 -0.68665433
vn 0.19100147 0.17952091 -0.96503407
vn 0.25524184 -0.36112329 0.89690667
vn 0.75939596 0.1693951 0.62819022
vn 0.59223676 0.43259948 0.67978913
vn 0.19953565 -0.17995596 0.96322453
vn 0.61731905 -0.45264 0.64345503
vn 0.64979708 -0.42932037 0.62725419
vn 0.74366015 -0.25234991 0.61910337
vn 0.71495157 -0.29151255 0.63550359
vn 0.30573124 0.74037063 -0.59864825
vn 0.45025992 0.62607056 -0.6366331
vn 0.38045138 -0.6018033 0.70220333
vn 0.48927808 -0.61412358 0.61924082
vn 0.79910707 0.027399642 0.60056412
vn 0.75973713 -0.16095941 0.62999332
vn 0.80579633 -0.094864778 0.58454508
vn 0.21456464 -0.402661 0.88984621
vn 0.081235103 -0.70606107 0.70347607
vn 0.32504609 -0.63078296 0.70459759
vn 0.59406966 -0.42385796 0.68368542
vn 0.31055903 -0.65197515 0.6917237
vn 0.15687321 -0.77175444 0.61626756
vn 0.39105996 -0.65984648 0.64161879
vn 0.66499329 0.39719602 -0.63247079
vn 0.75347424 0.24920164 -0.60842031
vn 0.82556915 -0.11796875 0.55183232
vn 0.53429544 -0.61284733 0.58219117
vn 0.23144902 0.77694988 -0.58547449
vn 0.56798631 -0.57834631 0.58558261
vn 0.80497676 0.13935049 -0.57670957
vn -5.8904423e-08 -0.84034139 0.54205751
vn -9.200852e-08 -0.73122185 -0.68213975
vn 0.29986525 -0.64055234 -0.70694667
vn 0.80710071 -0.028192151 0.58974028
vn 0.60676783 0.51130414 -0.60860562
vn 0.30832714 0.65936875 0.68568754
vn 5.2756207e-08 0.71873987 -0.695279
vn 0.067538455 -0.03811571 0.99698836
vn 0.21518372 -0.45154837 0.86590987
vn 2.6072373e-08 -0.65182042 0.75837332
vn 0.031415112 -0.24117859 -0.96997213
vn -3.5905224e-08 -0.74221182 0.67016542
vn 0.15879168 -0.39010006 0.90697688
vn 0.10336357 -0.22014406 0.96997553
vn 0.19593599 0.45726663 0.867477
vn 0.26239246 0.37116635 0.89072204
vn 0.2074483 0.18695071 0.96021599
vn 0.071422048 0.041118726 0.99659824
vn 0.75117332 -0.014002935 0.6599564
vn 0.75131959 0.01450846 -0.65977901
vn 0.04505739 0.0055147777 0.99896926
vn 0.030611785 -0.010104526 -0.99948037
vn 0 -0.0035078281 -0.99999392
vn 0.057587642 0.037398431 -0.99763966
vn 0 0.0020743271 -0.99999785
vn -0.73843086 0.11459597 0.6645205
vn -0.77263242 0.13325852 0.62071019
vn -0.092359133 0.40181306 0.91105223
vn -0.032331355 0.23784494 0.97076488
vn -0.77758759 0.11326168 -0.61848968
vn -0.17490572 0.41243982 -0.89403659
vn -0.71214896 0.29387277 -0.63755989
vn -0.50811762 0.53472728 -0.67519134
vn -0.39184886 0.65031052 -0.65080774
vn -0.76151115 0.16771096 -0.62607819
vn -0.79497886 -0.031363416 -0.60582584
vn -0.12970652 0.62270421 -0.77163184
vn -0.31040317 0.65101588 -0.69269633
vn -0.77256936 -0.13341928 -0.62075424
vn -0.62230623 0.41779566 -0.66195309
vn -0.59435689 0.4198086 -0.68593055
vn -0.16763994 0.71923989 -0.6742335
vn -0.070482939 -0.042635992 -0.99660146
vn -0.21224579 -0.19188535 -0.95819181
vn -0.26375905 -0.37022692 -0.8907094
vn -0.19369434 -0.4556303 -0.8688404
vn -0.092790961 -0.40308896 -0.91044456
vn -0.064909965 0.22231425 -0.97281194
vn -0.13405466 0.39068291 -0.91071194
vn -0.73234141 -0.11887195 -0.6704815
vn -0.22145191 0.45089087 -0.86467123
vn -0.81028241 0.024686482 -0.58551937
vn -0.26143381 0.36172056 -0.89488029
vn -0.19100147 0.17952091 -0.96503407
vn -0.58071703 -0.4373484 -0.68665433
vn -0.76029795 -0.16958456 -0.62704718
vn -0.2552419 -0.36112332 0.89690667
vn -0.19953565 -0.17995568 0.96322453
vn -0.59223676 0.43259957 0.67978907
vn -0.75939596 0.16939513 0.62819022
vn -0.61731893 -0.45264 0.64345509
vn -0.71495157 -0.2915124 0.63550365
vn -0.74366027 -0.25234982 0.61910343
vn -0.64979702 -0.42932034 0.62725419
vn -0.45025992 0.62607062 -0.6366331
vn -0.30573124 0.74037057 -0.59864837
vn -0.38045147 -0.60180324 0.70220339
vn -0.75973701 -0.16095971 0.62999338
vn -0.79910702 0.027399553 0.60056412
vn -0.48927799 -0.61412358 0.61924082
vn -0.80579633 -0.094864801 0.58454502
vn -0.21456461 -0.40266091 0.88984621
vn -0.081235081 -0.70606095 0.70347619
vn -0.31055906 -0.65197504 0.69172376
vn -0.5940696 -0.42385799 0.6836853
vn -0.32504612 -0.63078296 0.70459765
vn -0.39106008 -0.65984643 0.64161885
vn -0.15687335 -0.77175438 0.6162678
vn -0.75347412 0.24920155 -0.60842025
vn -0.82556921 -0.11796871 0.55183226
vn -0.5342955 -0.61284727 0.58219123
vn -0.2314491 0.77694958 -0.58547479
vn -0.56798631 -0.57834637 0.58558267
vn -0.8049767 0.13935053 -0.57670951
vn -0.29986539 -0.64055228 -0.70694667
vn -0.80710071 -0.028192101 0.58974028
vn -0.60676783 0.51130396 -0.60860568
vn -0.30832705 0.65936881 0.68568742
vn -0.067538455 -0.038115434 0.99698836
vn -0.21518381 -0.4515484 0.86590999
vn -0.031415135 -0.24117847 -0.96997219
vn -0.10336361 -0.22014409 0.96997553
vn -0.15879169 -0.39010003 0.90697688
vn -0.19593601 0.45726654 0.86747706
vn -0.26239249 0.37116593 0.89072216
vn -0.20744833 0.18695053 0.96021605
vn -0.071422055 0.041119009 0.9965983
vn -0.75117338 -0.014002892 0.65995646
vn -0.75131953 0.014508788 -0.65977907
vn -0.045057405 0.0055148429 0.99896926
vn -0.030611793 -0.010104025 -0.99948031
vn -0.057587646 0.037398435 -0.99763966

# Mesh 'Cube.001' with 58 faces
g Cube.001
usemtl DefaultMaterial
f  1//1 2//2 3//3 4//4
f  5//5 6//6 7//7 8//8
f  3//3 9//9 10//9 4//4
f  11//10 12//11 2//2 1//1
f  13//12 14//12 15//13 16//14
f  15//15 17//16 18//17 19//17
f  15//15 14//18 20//19 17//16
f  21//20 22//21 23//22 16//20
f  11//10 24//23 25//24 12//11
f  24//23 8//8 7//7 25//24
f  26//25 27//26 28//27 29//25
f  27//26 6//6 5//5 28//27
f  30//28 31//29 32//29 33//28
f  31//29 23//22 22//21 32//29
f  30//28 33//28 26//25 29//25
f  21//30 19//31 18//32
f  34//33 9//34 3//35
f  34//33 3//35 2//36 35//37
f  35//37 12//38 25//39 36//40
f  36//40 25//39 7//41
f  35//37 2//36 12//38
f  37//42 27//43 26//44
f  37//42 6//45 27//43
f  36//40 7//41 6//45 37//42
f  38//46 33//47 32//48
f  38//46 32//48 22//49
f  37//42 26//44 33//47 38//46
f  38//46 22//49 21//30 18//32
f  16//14 15//13 19//50 21//50
f  39//51 40//52 41//53 42//54
f  43//55 44//56 45//57 46//58
f  41//53 40//52 10//59 9//59
f  47//60 39//51 42//54 48//61
f  13//62 49//63 50//64 14//62
f  50//65 51//66 52//66 53//67
f  50//65 53//67 20//19 14//18
f  54//68 49//68 55//69 56//70
f  47//60 48//61 57//71 58//72
f  58//72 57//71 45//57 44//56
f  59//73 60//73 61//74 62//75
f  62//75 61//74 43//55 46//58
f  63//76 64//76 65//77 66//77
f  66//77 65//77 56//70 55//69
f  63//76 60//73 59//73 64//76
f  54//78 52//79 51//80
f  34//33 41//81 9//34
f  34//33 67//82 42//83 41//81
f  67//82 68//84 57//85 48//86
f  68//84 45//87 57//85
f  67//82 48//86 42//83
f  69//88 59//89 62//90
f  69//88 62//90 46//91
f  68//84 69//88 46//91 45//87
f  70//92 65//93 64//94
f  70//92 56//95 65//93
f  69//88 70//92 64//94 59//89
f  70//92 52//79 54//78 56//95
f  49//63 54//96 51//96 50//64

# Mesh 'Cylinder' with 389 faces
g Cylinder
usemtl DefaultMaterial
f  71//97 72//98 73//99 74//100
f  75//101 71//97 74//100 76//102
f  77//103 75//101 76//102 78//104
f  79//105 80//106 81//107 82//108
f  83//109 79//105 82//108 84//110
f  85//111 83//109 84//110 86//112
f  87//113 85//111 86//112 88//114
f  89//115 87//113 88//114 90//116
f  91//117 89//115 90//116 92//118
f  93//119 91//117 92//118 94//120
f  95//121 93//119 94//120 96//122
f  97//123 95//121 96//122 98//124
f  99//125 97//123 98//124 100//126
f  101//127 99//125 100//126 102//128
f  103//129 101//127 102//128 104//130
f  105//131 103//129 104//130 106//132
f  107//133 105//131 106//132 108//134
f  109//135 107//133 108//134 110//136
f  111//137 109//135 110//136 112//138
f  113//139 111//137 112//138 114//140
f  115//141 113//139 114//140 116//142
f  117//143 115//141 116//142 118//144
f  72//98 117//143 118//144 73//99
f  119//145 120//146 121//147
f  122//148 123//149 124//150
f  125//151 126//152 127//153 128//154
f  129//155 130//156 131//157
f  132//158 133//159 134//160
f  135//161 136//162 137//163
f  138//164 132//158 139//165 140//166
f  141//167 142//168 143//169 144//170
f  138//164 145//171 146//172
f  147//173 148//174 149//175 141//167
f  150//176 151//176 152//177 153//177
f  154//178 155//179 156//180 147//173
f  157//181 158//182 159//183
f  160//184 161//185 162//186 154//178
f  163//187 164//188 165//189
f  166//190 167//191 168//192 160//184
f  169//193 170//194 166//190 171//195
f  172//196 173//197 174//198
f  175//199 176//200 177//201
f  178//202 175//199 179//203 180//204
f  181//205 182//206 183//207 184//208
f  185//209 186//210 181//205 187//211
f  188//212 185//209 187//211
f  189//213 190//214 191//215
f  189//213 191//215 192//216
f  189//213 192//216 193//217
f  194//218 195//219 196//220
f  140//221 197//221 198//222 145//222
f  199//223 200//223 201//224 202//224
f  203//225 204//225 205//226 206//226
f  207//227 208//227 209//228 210//228
f  211//229 212//229 213//230 195//230
f  214//231 215//231 204//225 203//225
f  216//232 217//232 218//233 219//233
f  220//234 221//234 222//235 223//235
f  224//236 225//236 226//237 227//237
f  228//238 229//238 212//229 211//229
f  230//239 231//240 232//240 233//239
f  120//146 234//241 121//147
f  120//242 235//242 236//243 234//243
f  195//230 213//230 237//244 196//244
f  234//243 236//243 238//245 239//245
f  240//246 241//246 221//234 220//234
f  242//247 243//247 244//248 119//248
f  231//240 208//227 207//227 232//240
f  245//249 246//249 247//250 248//250
f  210//228 209//228 249//251 127//251
f  196//244 237//244 200//223 199//223
f  250//252 251//252 252//253 253//254
f  128//255 254//255 225//236 224//236
f  206//226 205//226 229//238 228//238
f  123//256 255//256 256//257 124//257
f  257//258 248//259 123//149 122//148
f  239//245 238//245 246//249 245//249
f  124//257 256//257 241//246 240//246
f  227//237 226//237 243//247 242//247
f  121//147 234//241 258//260
f  234//241 239//261 258//260
f  258//260 239//261 245//262 257//258
f  245//262 248//259 257//258
f  122//148 240//263 220//264 259//265
f  124//150 240//263 122//148
f  220//264 223//266 259//265
f  227//267 242//268 130//156
f  126//152 210//269 127//153
f  206//270 228//271 193//217
f  223//266 214//272 259//265
f  203//273 206//270 193//217
f  259//265 214//272 203//273 193//217
f  194//218 211//274 195//219
f  202//224 201//224 217//232 216//232
f  80//106 77//103 78//104 81//107
f  242//268 119//145 121//147 130//156
f  260//275 261//275 262//276 263//276
f  264//277 265//277 261//275 260//275
f  266//278 267//278 268//279 269//279
f  269//279 268//279 270//280 271//280
f  185//281 272//281 273//282 186//282
f  173//283 274//283 275//284 276//284
f  153//177 152//177 277//285 278//285
f  176//286 279//286 280//287 177//287
f  278//285 277//285 281//288 282//288
f  183//289 283//289 284//290 172//290
f  271//280 270//280 151//176 150//176
f  182//291 285//291 283//289 183//289
f  286//292 287//292 288//293 289//293
f  290//294 291//294 292//295 179//295
f  253//296 293//296 294//297 250//297
f  263//276 262//276 295//298 296//298
f  186//282 273//282 285//291 182//291
f  180//299 297//299 298//300 299//300
f  300//301 301//301 302//302 188//302
f  296//298 295//298 287//292 286//292
f  188//302 302//302 272//281 185//281
f  179//295 292//295 297//299 180//299
f  303//303 304//303 279//286 176//286
f  177//287 280//287 291//294 290//294
f  282//288 281//288 301//301 300//301
f  300//304 188//212 187//211
f  282//305 300//304 187//211 190//214
f  278//306 282//305 190//214
f  189//213 153//307 278//306 190//214
f  296//308 286//309 171//195
f  263//310 296//308 171//195
f  260//311 263//310 171//195 305//312
f  264//313 260//311 305//312
f  174//198 276//314 264//313 305//312
f  173//197 276//314 174//198
f  183//207 172//196 174//198 184//208
f  186//210 182//206 181//205
f  306//315 307//316 308//316 309//315
f  310//317 311//317 312//318 158//318
f  148//319 313//319 314//320 149//320
f  142//321 315//321 316//322 143//322
f  139//323 317//323 197//221 140//221
f  167//324 318//324 319//325 168//325
f  320//326 321//326 322//327 323//327
f  146//328 324//328 325//329 326//329
f  156//330 327//330 313//319 148//319
f  155//331 328//331 327//330 156//330
f  145//222 198//222 324//328 146//328
f  161//332 329//332 330//333 162//333
f  134//334 331//334 332//335 333//335
f  143//322 316//322 321//326 320//326
f  149//320 314//320 315//321 142//321
f  158//318 312//318 334//336 159//336
f  323//327 322//327 335//337 136//337
f  165//338 336//338 337//339 338//339
f  326//329 325//329 339//340 340//340
f  168//325 319//325 341//341 342//341
f  333//335 332//335 317//323 139//323
f  136//337 335//337 343//342 137//342
f  133//343 344//343 331//334 134//334
f  137//342 343//342 345//344 346//344
f  164//345 347//345 336//338 165//338
f  338//339 337//339 318//324 167//324
f  159//336 334//336 347//345 164//345
f  276//284 275//284 265//277 264//277
f  162//333 330//333 328//331 155//331
f  340//346 309//347 308//347 310//348
f  157//181 138//164 326//349 340//346 310//348
f  132//158 333//350 139//165
f  135//161 137//163 346//351 131//157
f  346//351 348//352 131//157
f  143//169 320//353 144//170
f  320//353 323//354 144//170
f  144//170 323//354 136//162 135//161
f  149//175 142//168 141//167
f  156//180 148//174 147//173
f  162//186 155//179 154//178
f  342//355 161//185 160//184
f  170//194 163//187 165//189 338//356 167//191 166//190
f  127//251 249//251 254//255 128//255
f  346//344 345//344 349//357 348//357
f  289//293 288//293 304//303 303//303
f  350//358 351//358 293//296 253//296
f  348//357 349//357 344//343 133//343
f  126//152 352//359 219//360 233//361 232//361 207//362
f  299//300 298//300 351//358 350//358
f  131//157 348//352 133//159 132//158 129//155
f  134//160 333//350 132//158
f  140//166 145//171 138//164
f  146//172 326//349 138//164
f  310//348 158//182 157//181
f  159//183 164//188 163//187 157//181
f  286//309 289//363 169//193 171//195
f  303//364 176//200 175//199 169//193
f  290//365 179//203 175//199
f  177//201 290//365 175//199
f  299//366 266//367 178//202 180//204
f  271//368 150//369 189//213
f  193//217 228//271 211//274 194//218 189//213
f  289//363 303//364 169//193
f  202//370 216//371 352//359 353//372
f  216//371 219//360 352//359
f  128//154 224//373 125//151
f  224//373 227//267 130//156 129//155 125//151
f  196//220 199//374 353//372 194//218
f  266//367 269//375 189//213 178//202
f  207//362 210//269 126//152
f  199//374 202//370 353//372
f  339//340 306//315 309//315 340//340
f  168//192 342//355 160//184
f  252//376 354//376 267//278 266//278
f  269//375 271//368 189//213
f  350//377 266//367 299//366
f  219//233 218//233 230//239 233//239
f  172//290 284//290 274//283 173//283
f  251//378 355//378 354//376 252//376
f  253//254 252//253 266//367 350//377
f  189//213 150//369 153//307
f  250//297 294//297 355//378 251//378
f  223//235 222//235 215//231 214//231
f  248//250 247//250 255//256 123//256
f  308//316 307//316 311//317 310//317
f  342//341 341//341 329//332 161//332
f  259//265 117//143 72//98 122//148
f  193//217 115//141 117//143 259//265
f  192//216 113//139 115//141 193//217
f  191//215 111//137 113//139 192//216
f  190//214 109//135 111//137 191//215
f  187//211 107//133 109//135 190//214
f  181//205 105//131 107//133 187//211
f  184//208 103//129 105//131 181//205
f  174//198 101//127 103//129 184//208
f  305//312 99//125 101//127 174//198
f  171//195 97//123 99//125 305//312
f  166//190 95//121 97//123 171//195
f  160//184 93//119 95//121 166//190
f  154//178 91//117 93//119 160//184
f  147//173 89//115 91//117 154//178
f  141//167 87//113 89//115 147//173
f  144//170 85//111 87//113 141//167
f  135//161 83//109 85//111 144//170
f  131//157 79//105 83//109 135//161
f  130//156 80//106 79//105 131//157
f  121//147 77//103 80//106 130//156
f  258//260 75//101 77//103 121//147
f  257//258 71//97 75//101 258//260
f  257//258 122//148 72//98 71//97
f  356//379 74//100 73//99 357//380
f  358//381 76//102 74//100 356//379
f  359//382 78//104 76//102 358//381
f  360//383 82//108 81//107 361//384
f  362//385 84//110 82//108 360//383
f  363//386 86//112 84//110 362//385
f  364//387 88//114 86//112 363//386
f  365//388 90//116 88//114 364//387
f  366//389 92//118 90//116 365//388
f  367//390 94//120 92//118 366//389
f  368//391 96//122 94//120 367//390
f  369//392 98//124 96//122 368//391
f  370//393 100//126 98//124 369//392
f  371//394 102//128 100//126 370//393
f  372//395 104//130 102//128 371//394
f  373//396 106//132 104//130 372//395
f  374//397 108//134 106//132 373//396
f  375//398 110//136 108//134 374//397
f  376//399 112//138 110//136 375//398
f  377//400 114//140 112//138 376//399
f  378//401 116//142 114//140 377//400
f  379//402 118//144 116//142 378//401
f  357//380 73//99 118//144 379//402
f  244//403 380//404 235//405
f  381//406 256//407 255//408
f  382//409 254//410 249//411 383//412
f  384//413 385//414 386//415
f  387//416 331//417 344//418
f  388//419 343//420 335//421
f  389//422 197//423 317//424 387//416
f  390//425 391//426 316//427 315//428
f  389//422 324//429 198//430
f  392//431 390//425 314//432 313//433
f  393//434 392//431 327//435 328//436
f  394//437 334//438 312//439
f  395//440 393//434 330//441 329//442
f  396//443 336//444 347//445
f  397//446 395//440 319//447 318//448
f  398//449 399//450 397//446 400//451
f  284//452 401//453 274//454
f  402//455 280//456 279//457
f  403//458 297//459 292//460 402//455
f  404//461 405//462 283//463 285//464
f  272//465 406//466 404//461 273//467
f  302//468 406//466 272//465
f  407//469 408//470 409//471
f  407//469 410//472 408//470
f  407//469 411//473 410//472
f  412//474 237//475 213//476
f  235//405 380//404 236//477
f  294//478 293//479 354//480 355//478
f  413//481 381//406 255//408 247//482
f  380//404 414//483 236//477
f  236//477 414//483 238//484
f  414//483 413//481 246//485 238//484
f  246//485 413//481 247//482
f  381//406 415//486 221//487 241//488
f  256//407 381//406 241//488
f  221//487 415//486 222//489
f  226//490 386//415 243//491
f  383//412 249//411 209//492
f  205//493 411//473 229//494
f  222//489 415//486 215//495
f  204//496 411//473 205//493
f  415//486 411//473 204//496 215//495
f  412//474 213//476 212//497
f  361//384 81//107 78//104 359//382
f  243//491 386//415 380//404 244//403
f  301//498 406//466 302//468
f  281//499 409//471 406//466 301//498
f  277//500 409//471 281//499
f  407//469 409//471 277//500 152//501
f  295//502 399//450 287//503
f  262//504 399//450 295//502
f  261//505 416//506 399//450 262//504
f  265//507 416//506 261//505
f  401//453 416//506 265//507 275//508
f  274//454 401//453 275//508
f  283//463 405//462 401//453 284//452
f  273//467 404//461 285//464
f  339//509 311//510 307//511 306//511
f  394//437 311//510 339//509 325//512 389//422
f  387//416 317//424 332//513
f  388//419 385//414 345//514 343//420
f  345//514 385//414 349//515
f  316//427 391//426 321//516
f  321//516 391//426 322//517
f  391//426 388//419 335//421 322//517
f  314//432 390//425 315//428
f  327//435 392//431 313//433
f  330//441 393//434 328//436
f  341//518 395//440 329//442
f  400//451 397//446 318//448 337//519 336//444 396//443
f  383//412 208//520 231//521 230//521 218//522 417//523
f  385//414 384//413 387//416 344//418 349//515
f  331//417 387//416 332//513
f  197//423 389//422 198//430
f  324//429 389//422 325//512
f  311//510 394//437 312//439
f  334//438 394//437 396//443 347//445
f  287//503 399//450 398//449 288//524
f  304//525 398//449 402//455 279//457
f  291//526 402//455 292//460
f  280//456 402//455 291//526
f  298//527 297//459 403//458 267//528
f  270//529 407//469 151//530
f  411//473 407//469 412//474 212//497 229//494
f  288//524 398//449 304//525
f  201//531 418//532 417//523 217//533
f  217//533 417//523 218//522
f  254//410 382//409 225//534
f  225//534 382//409 384//413 386//415 226//490
f  237//475 412//474 418//532 200//535
f  267//528 403//458 407//469 268//536
f  208//520 383//412 209//492
f  200//535 418//532 201//531
f  319//447 395//440 341//518
f  268//536 407//469 270//529
f  351//537 298//527 267//528
f  293//479 351//537 267//528 354//480
f  407//469 152//501 151//530
f  415//486 381//406 357//380 379//402
f  411//473 415//486 379//402 378//401
f  410//472 411//473 378//401 377//400
f  408//470 410//472 377//400 376//399
f  409//471 408//470 376//399 375//398
f  406//466 409//471 375//398 374//397
f  404//461 406//466 374//397 373//396
f  405//462 404//461 373//396 372//395
f  401//453 405//462 372//395 371//394
f  416//506 401//453 371//394 370//393
f  399//450 416//506 370//393 369//392
f  397//446 399//450 369//392 368//391
f  395//440 397//446 368//391 367//390
f  393//434 395//440 367//390 366//389
f  392//431 393//434 366//389 365//388
f  390//425 392//431 365//388 364//387
f  391//426 390//425 364//387 363//386
f  388//419 391//426 363//386 362//385
f  385//414 388//419 362//385 360//383
f  386//415 385//414 360//383 361//384
f  380//404 386//415 361//384 359//382
f  414//483 380//404 359//382 358//381
f  413//481 414//483 358//381 356//379
f  413//481 356//379 357//380 381//406
f  119//248 244//248 235//242 120//242

# Mesh 'Cylinder.001' with 24 faces
g Cylinder.001
usemtl DefaultMaterial
f  419//538 420//538 421//539 422//539
f  422//539 421//539 423//540 424//541
f  424//541 423//540 425//542 426//543
f  426//543 425//542 427//544 428//544
f  428//544 427//544 429//545 430//546
f  430//546 429//545 431//547 432//547
f  432//547 431//547 433//548 434//548
f  434//548 433//548 435//549 436//550
f  436//550 435//549 437//551 438//552
f  438//552 437//551 439//553 440//553
f  440//553 439//553 441//554 442//554
f  442//554 441//554 443//555 444//555
f  444//555 443//555 445//556 446//556
f  446//556 445//556 447//557 448//557
f  448//557 447//557 449//558 450//558
f  450//558 449//558 451//559 452//560
f  452//560 451//559 453//561 454//561
f  454//561 453//561 455//562 456//563
f  456//563 455//562 457//564 458//565
f  458//565 457//564 459//566 460//566
f  460//566 459//566 461//567 462//568
f  462//568 461//567 463//569 464//570
f  464//570 463//569 465//571 466//571
f  466//571 465//571 420//538 419//538

# Mesh 'Cylinder.002' with 48 faces
g Cylinder.002
usemtl DefaultMaterial
f  467//572 468//572 469//573 470//574
f  471//575 472//575 473//576 474//576
f  475//577 476//578 477//579 478//579
f  479//580 480//580 481//581 482//581
f  470//574 469//573 483//582 484//583
f  474//576 473//576 485//584 486//584
f  482//581 481//581 487//585 488//586
f  484//583 483//582 489//587 490//588
f  486//584 485//584 491//589 492//589
f  488//586 487//585 493//590 494//590
f  490//588 489//587 495//591 496//592
f  492//589 491//589 497//593 498//593
f  494//590 493//590 499//594 500//595
f  496//592 495//591 501//596 502//596
f  498//593 497//593 503//597 504//597
f  500//595 499//594 505//598 506//599
f  502//596 501//596 507//600 508//601
f  504//597 503//597 509//602 510//602
f  506//599 505//598 511//603 512//603
f  508//601 507//600 513//604 514//604
f  510//602 509//602 468//572 467//572
f  512//603 511//603 472//575 471//575
f  514//604 513//604 476//578 475//577
f  478//579 477//579 480//580 479//580
f  515//605 480//606 477//607
f  515//605 481//608 480//606
f  516//609 487//610 481//608 515//605
f  516//609 493//611 487//610
f  516//609 499//612 493//611
f  516//609 505//613 499//612
f  517//614 511//615 505//613 516//609
f  517//614 472//616 511//615
f  518//617 473//618 472//616 517//614
f  518//617 485//619 473//618
f  519//620 491//621 485//619 518//617
f  519//620 497//622 491//621
f  519//620 503//623 497//622
f  520//624 509//625 503//623 519//620
f  520//624 468//626 509//625
f  521//627 469//628 468//626 520//624
f  521//627 483//629 469//628
f  522//630 489//631 483//629 521//627
f  522//630 495//632 489//631
f  522//630 501//633 495//632
f  522//630 507//634 501//633
f  515//605 513//635 507//634 522//630
f  515//605 476//636 513//635
f  515//605 477//607 476//636

# Mesh 'Cylinder.013' with 24 faces
g Cylinder.013
usemtl DefaultMaterial
f  523//637 524//638 525//639 526//640
f  527//641 528//642 529//643 530//644
f  531//645 532//645 533//646 534//646
f  535//647 536//647 537//648 538//648
f  526//640 525//639 539//649 540//650
f  530//644 529//643 541//651 542//652
f  538//648 537//648 543//653 544//654
f  540//650 539//649 545//655 546//656
f  542//652 541//651 547//657 548//657
f  544//654 543//653 549//658 550//659
f  546//656 545//655 551//660 552//660
f  548//657 547//657 553//661 554//661
f  550//659 549//658 555//662 556//662
f  552//660 551//660 557//663 558//664
f  554//661 553//661 559//665 560//665
f  556//662 555//662 561//666 562//667
f  558//664 557//663 563//668 564//669
f  560//665 559//665 565//670 566//671
f  562//667 561//666 567//672 568//673
f  564//669 563//668 569//674 570//674
f  566//671 565//670 524//638 523//637
f  568//673 567//672 528//642 527//641
f  570//674 569//674 532//645 531//645
f  534//646 533//646 536//647 535//647

# Mesh 'Cylinder.014' with 70 faces
g Cylinder.014
usemtl DefaultMaterial
f  571//675 572//676 573//579 574//677
f  575//678 576//679 577//680 578//681
f  579//682 580//683 581//684 582//685
f  583//686 584//687 585//688 586//689
f  586//689 585//688 587//690 588//691
f  578//681 577//680 589//692 590//693
f  582//685 581//684 591//694 592//695
f  588//691 587//690 593//696 594//697
f  590//693 589//692 595//698 596//699
f  592//695 591//694 597//700 598//701
f  594//697 593//696 599//702 600//703
f  596//699 595//698 601//704 602//705
f  598//701 597//700 603//706 604//707
f  600//703 599//702 605//708 606//709
f  602//705 601//704 607//710 608//711
f  604//707 603//706 609//712 610//713
f  606//709 605//708 611//714 612//715
f  608//711 607//710 613//716 614//717
f  610//713 609//712 615//718 616//719
f  612//715 611//714 617//720 618//721
f  614//717 613//716 572//676 571//675
f  616//719 615//718 576//679 575//678
f  618//721 617//720 580//683 579//682
f  619//722 574//677 583//686 620//723
f  620//723 583//686 586//689 621//724
f  621//724 586//689 588//691 622//725
f  622//725 588//691 594//697 623//726
f  623//726 594//697 600//703 624//727
f  624//727 600//703 606//709 625//728
f  625//728 606//709 612//715 626//729
f  626//729 612//715 618//721 627//730
f  627//730 618//721 579//682 628//731
f  628//731 579//682 582//685 629//732
f  629//732 582//685 592//695 630//733
f  630//733 592//695 598//701 631//734
f  631//734 598//701 604//707 632//735
f  632//735 604//707 610//713 633//736
f  633//736 610//713 616//719 634//737
f  634//737 616//719 575//678 635//738
f  635//738 575//678 578//681 636//739
f  636//739 578//681 590//693 637//740
f  637//740 590//693 596//699 638//741
f  638//741 596//699 602//705 639//742
f  639//742 602//705 608//711 640//743
f  640//743 608//711 614//717 641//744
f  641//744 614//717 571//675 642//745
f  642//745 571//675 574//677 619//722
f  574//677 573//579 584//687 583//686
f  631//734 619//722 620//723
f  631//734 620//723 621//724
f  631//734 621//724 622//725
f  631//734 622//725 623//726
f  631//734 623//726 624//727
f  631//734 624//727 625//728
f  631//734 625//728 626//729
f  631//734 626//729 627//730
f  631//734 627//730 628//731
f  631//734 628//731 629//732
f  631//734 629//732 630//733
f  631//734 632//735 633//736
f  631//734 633//736 634//737
f  631//734 634//737 635//738
f  631//734 635//738 636//739
f  631//734 636//739 637//740
f  631//734 637//740 638//741
f  631//734 638//741 639//742
f  631//734 639//742 640//743
f  631//734 640//743 641//744
f  631//734 641//744 642//745
f  631//734 642//745 619//722

# Mesh 'Cylinder.017' with 72 faces
g Cylinder.017
usemtl DefaultMaterial
f  643//746 644//746 645//747 646//747
f  647//601 648//748 649//749 650//749
f  651//750 652//751 653//752 654//753
f  655//754 656//755 644//746 643//746
f  657//756 658//757 648//748 647//601
f  659//758 660//572 652//751 651//750
f  661//759 662//759 656//755 655//754
f  663//760 664//760 658//757 657//756
f  665//761 666//762 667//763 668//763
f  669//764 670//764 660//572 659//758
f  671//765 672//766 662//759 661//759
f  668//763 667//763 664//760 663//760
f  673//767 674//767 666//762 665//761
f  675//768 676//768 670//764 669//764
f  677//769 678//770 672//766 671//765
f  679//585 680//585 674//767 673//767
f  681//771 682//771 676//768 675//768
f  683//772 684//773 678//770 677//769
f  685//774 686//774 680//585 679//585
f  687//775 688//776 682//771 681//771
f  689//777 690//777 684//773 683//772
f  646//747 645//747 686//774 685//774
f  650//749 649//749 688//776 687//775
f  654//753 653//752 690//777 689//777
f  691//778 665//779 668//780 692//781
f  693//782 673//783 665//779 691//778
f  694//784 679//785 673//783 693//782
f  695//786 685//787 679//785 694//784
f  696//788 646//789 685//787 695//786
f  697//790 643//791 646//789 696//788
f  698//792 655//793 643//791 697//790
f  699//794 661//795 655//793 698//792
f  700//796 671//797 661//795 699//794
f  701//798 677//799 671//797 700//796
f  702//800 683//801 677//799 701//798
f  703//802 689//803 683//801 702//800
f  704//804 654//805 689//803 703//802
f  705//806 651//807 654//805 704//804
f  706//808 659//809 651//807 705//806
f  707//810 669//811 659//809 706//808
f  708//812 675//813 669//811 707//810
f  709//814 681//815 675//813 708//812
f  710//816 687//817 681//815 709//814
f  711//818 650//819 687//817 710//816
f  712//820 647//821 650//819 711//818
f  713//822 657//823 647//821 712//820
f  714//824 663//825 657//823 713//822
f  692//781 668//780 663//825 714//824
f  715//826 667//827 666//828 716//829
f  716//829 666//828 674//830 717//831
f  717//831 674//830 680//832 718//833
f  718//833 680//832 686//834 719//835
f  719//835 686//834 645//836 720//837
f  720//837 645//836 644//838 721//839
f  721//839 644//838 656//840 722//841
f  722//841 656//840 662//842 723//843
f  723//843 662//842 672//844 724//845
f  724//845 672//844 678//846 725//847
f  725//847 678//846 684//848 726//849
f  726//849 684//848 690//850 727//851
f  727//851 690//850 653//852 728//853
f  728//853 653//852 652//854 729//855
f  729//855 652//854 660//856 730//857
f  730//857 660//856 670//858 731//859
f  731//859 670//858 676//860 732//861
f  732//861 676//860 682//862 733//863
f  733//863 682//862 688//864 734//865
f  734//865 688//864 649//866 735//867
f  735//867 649//866 648//868 736//869
f  736//869 648//868 658//870 737//871
f  737//871 658//870 664//872 738//873
f  738//873 664//872 667//827 715//826

# Mesh 'Cylinder.018' with 72 faces
g Cylinder.018
usemtl DefaultMaterial
f  739//874 740//874 741//747 742//747
f  743//875 744//876 745//877 746//878
f  747//879 748//602 749//880 750//881
f  751//882 752//883 740//874 739//874
f  753//757 754//757 744//876 743//875
f  755//884 756//758 748//602 747//879
f  757//885 758//885 752//883 751//882
f  759//886 760//887 754//757 753//757
f  761//888 762//889 763//890 764//890
f  765//764 766//764 756//758 755//884
f  767//766 768//766 758//885 757//885
f  764//890 763//890 760//887 759//886
f  769//891 770//892 762//889 761//888
f  771//893 772//894 766//764 765//764
f  773//895 774//584 768//766 767//766
f  775//896 776//896 770//892 769//891
f  777//897 778//897 772//894 771//893
f  779//898 780//899 774//584 773//895
f  781//900 782//901 776//896 775//896
f  783//902 784//902 778//897 777//897
f  785//903 786//903 780//899 779//898
f  742//747 741//747 782//901 781//900
f  746//878 745//877 784//902 783//902
f  750//881 749//880 786//903 785//903
f  787//904 761//905 764//906 788//907
f  789//908 769//909 761//905 787//904
f  790//910 775//911 769//909 789//908
f  791//912 781//913 775//911 790//910
f  792//914 742//915 781//913 791//912
f  793//916 739//917 742//915 792//914
f  794//918 751//918 739//917 793//916
f  795//919 757//920 751//918 794//918
f  796//921 767//922 757//920 795//919
f  797//923 773//924 767//922 796//921
f  798//925 779//926 773//924 797//923
f  799//927 785//928 779//926 798//925
f  800//929 750//930 785//928 799//927
f  801//931 747//932 750//930 800//929
f  802//933 755//934 747//932 801//931
f  803//935 765//936 755//934 802//933
f  804//937 771//938 765//936 803//935
f  805//939 777//940 771//938 804//937
f  806//941 783//942 777//940 805//939
f  807//943 746//944 783//942 806//941
f  808//945 743//946 746//944 807//943
f  809//947 753//948 743//946 808//945
f  810//949 759//950 753//948 809//947
f  788//907 764//906 759//950 810//949
f  811//951 763//952 762//953 812//954
f  812//954 762//953 770//955 813//956
f  813//956 770//955 776//957 814//957
f  814//957 776//957 782//958 815//959
f  815//959 782//958 741//959 816//960
f  816//960 741//959 740//961 817//961
f  817//961 740//961 752//962 818//963
f  818//963 752//962 758//964 819//965
f  819//965 758//964 768//966 820//967
f  820//967 768//966 774//968 821//969
f  821//969 774//968 780//970 822//971
f  822//971 780//970 786//972 823//973
f  823//973 786//972 749//974 824//975
f  824//975 749//974 748//976 825//977
f  825//977 748//976 756//978 826//979
f  826//979 756//978 766//980 827//981
f  827//981 766//980 772//982 828//960
f  828//960 772//982 778//961 829//983
f  829//983 778//961 784//984 830//985
f  830//985 784//984 745//986 831//987
f  831//987 745//986 744//988 832//989
f  832//989 744//988 754//990 833//991
f  833//991 754//990 760//992 834//993
f  834//993 760//992 763//952 811//951

# Mesh 'Cube.005' with 48 faces
g Cube.005
usemtl DefaultMaterial
f  835//994 836//995 837//996 838//997
f  839//998 840//999 841//1000
f  842//1001 843//1002 844//1003 845//1004
f  839//998 846//1005 847//1006
f  846//1005 839//998 841//1000
f  848//1007 839//998 847//1006
f  849//1008 842//1009 850//1010 851//1011
f  852//1012 835//994 838//997 853//1013
f  851//1011 850//1010 854//1014 855//1015
f  855//1015 854//1014 856//1016 853//1013
f  857//1017 852//1012 853//1013 856//1016
f  858//1018 849//1008 851//1011 859//1019
f  859//1019 851//1011 855//1015 860//1020
f  861//1021 841//1000 840//999
f  860//1020 855//1015 853//1013 838//997
f  858//1018 859//1019 862//1022 863//1023
f  862//1022 859//1019 860//1020 864//1024
f  864//1024 860//1020 838//997 837//996
f  865//1025 866//1026 861//1021 840//999
f  839//998 848//1007 867//1027
f  868//1028 865//1025 840//999 839//998
f  869//1029 870//1030 837//996 836//995
f  871//1031 841//1000 872//1032
f  868//1028 843//1033 842//1009 849//1008
f  871//1031 847//1034 846//1035
f  846//1035 841//1000 871//1031
f  848//1036 847//1034 871//1031
f  845//1004 873//1037 850//1038 842//1001
f  874//1039 875//1040 870//1030 869//1029
f  873//1037 876//1041 854//1042 850//1038
f  876//1041 875//1040 856//1043 854//1042
f  857//1044 856//1043 875//1040 874//1039
f  877//1045 878//1046 873//1037 845//1004
f  878//1046 879//1047 876//1041 873//1037
f  861//1021 872//1032 841//1000
f  879//1047 870//1030 875//1040 876//1041
f  877//1045 863//1023 862//1022 878//1046
f  862//1022 864//1024 879//1047 878//1046
f  864//1024 837//996 870//1030 879//1047
f  880//1048 872//1032 861//1021 866//1026
f  871//1031 867//1049 848//1036
f  844//1003 871//1031 872//1032 880//1048
f  877//1045 880//1048 866//1026 863//1023
f  845//1004 844//1003 880//1048 877//1045
f  843//1002 867//1049 871//1031 844//1003
f  839//998 867//1027 843//1033 868//1028
f  849//1008 858//1018 865//1025 868//1028
f  858//1018 863//1023 866//1026 865//1025

# Mesh 'Cylinder.037' with 122 faces
g Cylinder.037
usemtl DefaultMaterial
f  881//1050 882//1051 883//1052 884//1053
f  885//1054 886//1055 887//1056 888//1057
f  881//1050 884//1053 889//1058 890//1059
f  885//1054 888//1057 891//1060 892//1061
f  893//1062 894//1063 895//1064 896//1065
f  883//1052 882//1051 892//1061 891//1060
f  897//1066 898//1067 899//1068 900//1069
f  901//1070 902//1071 903//1072 904//1073
f  905//1074 906//1075 907//1076 908//1077
f  892//1061 882//1051 909//1078 910//1079
f  900//1069 899//1068 911//1080 912//1081
f  913//1082 914//1083 893//1062 906//1075
f  915//1084 916//1085 917//1086 918//1087
f  912//1081 911//1080 916//1085 915//1084
f  914//1083 919//1088 894//1063 893//1062
f  916//1085 911//1080 920//1089 921//1090
f  890//1059 922//1091 923//1092 924//1093
f  906//1075 893//1062 896//1065 907//1076
f  911//1080 899//1068 925//1094 920//1089
f  926//1095 901//1070 904//1073 927//1096
f  885//1054 892//1061 910//1079 928//1097
f  929//1098 908//1077 930//1099 927//1096
f  931//1100 921//1090 932//1101 933//1102
f  925//1094 929//1098 927//1096 904//1073
f  920//1089 925//1094 904//1073 903//1072
f  908//1077 907//1076 923//1092 930//1099
f  921//1090 920//1089 903//1072 932//1101
f  896//1065 924//1093 923//1092 907//1076
f  895//1064 934//1103 924//1093 896//1065
f  935//1104 909//1078 934//1103 895//1064
f  936//1105 910//1079 909//1078 935//1104
f  937//1106 928//1097 910//1079 936//1105
f  938//1107 939//1108 928//1097 937//1106
f  881//1050 890//1059 924//1093 934//1103
f  898//1067 905//1074 908//1077 929//1098
f  922//1091 940//1109 930//1099 923//1092
f  902//1071 941//1110 932//1101 903//1072
f  894//1063 942//1111 935//1104 895//1064
f  882//1051 881//1050 934//1103 909//1078
f  917//1086 916//1085 921//1090 931//1100
f  886//1055 885//1054 928//1097 939//1108
f  899//1068 898//1067 929//1098 925//1094
f  889//1058 943//1112 922//1091 890//1059
f  922//1091 944//1113 940//1109
f  945//1114 889//1058 884//1053 946//1115
f  946//1115 884//1053 883//1052 947//1116
f  947//1116 883//1052 891//1060 948//1117
f  948//1117 891//1060 888//1057 949//1118
f  949//1118 888//1057 887//1056 950//1119
f  951//1120 940//1109 944//1113 952//1121
f  941//1110 953//1122 933//1102 932//1101
f  919//1088 942//1111 894//1063
f  913//1082 906//1075 905//1074 954//1123
f  954//1123 905//1074 898//1067 897//1066
f  943//1112 955//1124 922//1091
f  955//1124 944//1113 922//1091
f  952//1121 944//1113 955//1124 956//1125
f  956//1125 955//1124 943//1112 957//1126
f  957//1126 943//1112 889//1058 945//1114
f  930//1099 940//1109 927//1096
f  940//1109 951//1120 926//1095 927//1096
f  958//1127 959//1128 960//1129 961//1130
f  962//1131 963//1132 887//1056 886//1055
f  958//1127 964//1133 965//1134 959//1128
f  962//1131 966//1135 967//1136 963//1132
f  968//1137 969//1138 970//1139 971//1140
f  960//1129 967//1136 966//1135 961//1130
f  972//1141 973//1142 974//1143 975//1144
f  976//1145 977//1146 978//1147 979//1148
f  980//1149 981//1150 982//1151 983//1152
f  966//1135 984//1153 985//1154 961//1130
f  973//1142 986//1155 987//1156 974//1143
f  988//1157 983//1152 968//1137 989//1158
f  990//1159 918//1087 917//1086 991//1160
f  986//1155 990//1159 991//1160 987//1156
f  989//1158 968//1137 971//1140 992//1161
f  991//1160 993//1162 994//1163 987//1156
f  964//1133 995//1164 996//1165 997//1166
f  983//1152 982//1151 969//1138 968//1137
f  987//1156 994//1163 998//1167 974//1143
f  999//1168 1000//1169 977//1146 976//1145
f  962//1131 1001//1170 984//1153 966//1135
f  1002//1171 1000//1169 1003//1172 981//1150
f  931//1100 933//1102 1004//1173 993//1162
f  998//1167 977//1146 1000//1169 1002//1171
f  994//1163 978//1147 977//1146 998//1167
f  981//1150 1003//1172 996//1165 982//1151
f  993//1162 1004//1173 978//1147 994//1163
f  969//1138 982//1151 996//1165 995//1164
f  970//1139 969//1138 995//1164 1005//1174
f  1006//1175 970//1139 1005//1174 985//1154
f  1007//1176 1006//1175 985//1154 984//1153
f  1008//1177 1007//1176 984//1153 1001//1170
f  938//1107 1008//1177 1001//1170 939//1108
f  958//1127 1005//1174 995//1164 964//1133
f  975//1144 1002//1171 981//1150 980//1149
f  997//1166 996//1165 1003//1172 1009//1178
f  979//1148 978//1147 1004//1173 1010//1179
f  971//1140 970//1139 1006//1175 1011//1180
f  961//1130 985//1154 1005//1174 958//1127
f  917//1086 931//1100 993//1162 991//1160
f  886//1055 939//1108 1001//1170 962//1131
f  974//1143 998//1167 1002//1171 975//1144
f  965//1134 964//1133 997//1166 1012//1181
f  997//1166 1009//1178 1013//1182
f  1014//1183 1015//1184 959//1128 965//1134
f  1015//1184 1016//1185 960//1129 959//1128
f  1016//1185 1017//1186 967//1136 960//1129
f  1017//1186 1018//1187 963//1132 967//1136
f  1018//1187 950//1119 887//1056 963//1132
f  1019//1188 1020//1189 1013//1182 1009//1178
f  1010//1179 1004//1173 933//1102 953//1122
f  992//1161 971//1140 1011//1180
f  988//1157 1021//1190 980//1149 983//1152
f  1021//1190 972//1141 975//1144 980//1149
f  1012//1181 997//1166 1022//1191
f  1022//1191 997//1166 1013//1182
f  1020//1189 1023//1192 1022//1191 1013//1182
f  1023//1192 1024//1193 1012//1181 1022//1191
f  1024//1193 1014//1183 965//1134 1012//1181
f  1003//1172 1000//1169 1009//1178
f  1009//1178 1000//1169 999//1168 1019//1188

# Mesh 'Cylinder.038' with 122 faces
g Cylinder.038
usemtl DefaultMaterial
f  1025//1194 1026//1195 1027//1196 1028//1197
f  1029//1198 1030//1199 1031//1200 1032//1201
f  1033//1202 1034//1203 1035//1204 1036//1205
f  1029//1198 1032//1201 1037//1206 1038//1207
f  1033//1202 1036//1205 1039//1208 1040//1209
f  1041//1210 1042//1211 1043//1212 1044//1213
f  1045//1214 1046//1215 1047//1216
f  1042//1211 1048//1217 1049//1218 1043//1212
f  1048//1217 1050//1219 1051//1220 1049//1218
f  1050//1219 1052//1221 1053//1222 1051//1220
f  1052//1221 1054//1223 1055//1224 1053//1222
f  1054//1223 1056//1225 1057//1226 1055//1224
f  1058//1227 1059//1228 1060//1229 1061//1230
f  1062//1231 1045//1214 1063//1232 1064//1233
f  1040//1209 1030//1199 1065//1234 1066//1235
f  1048//1217 1067//1236 1068//1237 1050//1219
f  1047//1216 1046//1215 1069//1238 1070//1239
f  1071//1240 1072//1241 1054//1223 1052//1221
f  1050//1219 1068//1237 1071//1240 1052//1221
f  1054//1223 1072//1241 1073//1242 1056//1225
f  1072//1241 1071//1240 1074//1243 1075//1244
f  1038//1207 1028//1197 1076//1245 1077//1246
f  1045//1214 1047//1216 1078//1247 1063//1232
f  1071//1240 1068//1237 1079//1248 1074//1243
f  1080//1249 1081//1250 1082//1251 1083//1252
f  1033//1202 1040//1209 1066//1235 1084//1253
f  1085//1254 1064//1233 1086//1255 1083//1252
f  1087//1256 1075//1244 1088//1257 1089//1258
f  1079//1248 1085//1254 1083//1252 1082//1251
f  1074//1243 1079//1248 1082//1251 1090//1259
f  1064//1233 1063//1232 1076//1245 1086//1255
f  1075//1244 1074//1243 1090//1259 1088//1257
f  1078//1247 1077//1246 1076//1245 1063//1232
f  1091//1260 1092//1261 1077//1246 1078//1247
f  1061//1230 1065//1234 1092//1261 1091//1260
f  1060//1229 1066//1235 1065//1234 1061//1230
f  1093//1262 1084//1253 1066//1235 1060//1229
f  1094//1263 1095//1264 1084//1253 1093//1262
f  1029//1198 1038//1207 1077//1246 1092//1261
f  1059//1228 1096//1265 1093//1262 1060//1229
f  1067//1236 1062//1231 1064//1233 1085//1254
f  1028//1197 1027//1196 1086//1255 1076//1245
f  1097//1266 1058//1227 1061//1230 1091//1260
f  1030//1199 1029//1198 1092//1261 1065//1234
f  1073//1242 1072//1241 1075//1244 1087//1256
f  1096//1265 1098//1267 1094//1263 1093//1262
f  1034//1203 1033//1202 1084//1253 1095//1264
f  1068//1237 1067//1236 1085//1254 1079//1248
f  1027//1196 1080//1249 1083//1252 1086//1255
f  1028//1197 1038//1207 1037//1206 1025//1194
f  1026//1195 1099//1268 1080//1249 1027//1196
f  1031//1200 1030//1199 1040//1209 1039//1208
f  1099//1268 1081//1250 1080//1249
f  1042//1211 1062//1231 1067//1236 1048//1217
f  1041//1210 1100//1269 1045//1214
f  1100//1269 1046//1215 1045//1214
f  1041//1210 1044//1213 1101//1270 1100//1269
f  1100//1269 1101//1270 1069//1238 1046//1215
f  1041//1210 1045//1214 1062//1231 1042//1211
f  1078//1247 1047//1216 1091//1260
f  1047//1216 1070//1239 1097//1266 1091//1260
f  1102//1271 1103//1272 1104//1273 1105//1274
f  1106//1275 1107//1276 1108//1277 1109//1278
f  1110//1279 1111//1280 1035//1204 1034//1203
f  1106//1275 1112//1281 1113//1282 1107//1276
f  1110//1279 1114//1283 1115//1284 1111//1280
f  1116//1285 1117//1286 1118//1287 1119//1288
f  1120//1289 1121//1290 1122//1291
f  1119//1288 1118//1287 1123//1292 1124//1293
f  1124//1293 1123//1292 1125//1294 1126//1295
f  1126//1295 1125//1294 1127//1296 1128//1297
f  1128//1297 1127//1296 1129//1298 1130//1299
f  1130//1299 1129//1298 1057//1226 1056//1225
f  1131//1300 1132//1301 1133//1302 1134//1303
f  1135//1304 1136//1305 1137//1306 1120//1289
f  1114//1283 1138//1307 1139//1308 1109//1278
f  1124//1293 1126//1295 1140//1309 1141//1310
f  1121//1290 1142//1311 1143//1312 1122//1291
f  1144//1313 1128//1297 1130//1299 1145//1314
f  1126//1295 1128//1297 1144//1313 1140//1309
f  1130//1299 1056//1225 1073//1242 1145//1314
f  1145//1314 1146//1315 1147//1316 1144//1313
f  1112//1281 1148//1317 1149//1318 1103//1272
f  1120//1289 1137//1306 1150//1319 1121//1290
f  1144//1313 1147//1316 1151//1320 1140//1309
f  1152//1321 1153//1322 1154//1323 1155//1324
f  1110//1279 1156//1325 1138//1307 1114//1283
f  1157//1326 1153//1322 1158//1327 1136//1305
f  1087//1256 1089//1258 1159//1328 1146//1315
f  1151//1320 1154//1323 1153//1322 1157//1326
f  1147//1316 1160//1329 1154//1323 1151//1320
f  1136//1305 1158//1327 1149//1318 1137//1306
f  1146//1315 1159//1328 1160//1329 1147//1316
f  1150//1319 1137//1306 1149//1318 1148//1317
f  1161//1330 1150//1319 1148//1317 1162//1331
f  1132//1301 1161//1330 1162//1331 1139//1308
f  1133//1302 1132//1301 1139//1308 1138//1307
f  1163//1332 1133//1302 1138//1307 1156//1325
f  1094//1263 1163//1332 1156//1325 1095//1264
f  1106//1275 1162//1331 1148//1317 1112//1281
f  1134//1303 1133//1302 1163//1332 1164//1333
f  1141//1310 1157//1326 1136//1305 1135//1304
f  1103//1272 1149//1318 1158//1327 1104//1273
f  1165//1334 1161//1330 1132//1301 1131//1300
f  1109//1278 1139//1308 1162//1331 1106//1275
f  1073//1242 1087//1256 1146//1315 1145//1314
f  1164//1333 1163//1332 1094//1263 1098//1267
f  1034//1203 1095//1264 1156//1325 1110//1279
f  1140//1309 1151//1320 1157//1326 1141//1310
f  1104//1273 1158//1327 1153//1322 1152//1321
f  1103//1272 1102//1271 1113//1282 1112//1281
f  1105//1274 1104//1273 1152//1321 1166//1335
f  1108//1277 1115//1284 1114//1283 1109//1278
f  1166//1335 1152//1321 1155//1324
f  1119//1288 1124//1293 1141//1310 1135//1304
f  1116//1285 1120//1289 1167//1336
f  1167//1336 1120//1289 1122//1291
f  1116//1285 1167//1336 1168//1337 1117//1286
f  1167//1336 1122//1291 1143//1312 1168//1337
f  1116//1285 1119//1288 1135//1304 1120//1289
f  1150//1319 1161//1330 1121//1290
f  1121//1290 1161//1330 1165//1334 1142//1311

# Mesh 'Cylinder.039' with 1480 faces
g Cylinder.039
usemtl DefaultMaterial
f  1169//1338 1170//1339 1171//1340 1172//1341
f  1173//1342 1174//1343 1175//1344 1176//1345
f  1177//1346 1178//1347 1179//1348 1180//1349
f  1173//1342 1176//1345 1181//1350 1182//1351
f  1180//1349 1179//1348 1183//1352 1184//1353
f  1179//1348 1185//1354 1186//1355 1183//1352
f  1183//1352 1186//1355 1187//1356 1175//1344
f  1175//1344 1187//1356 1188//1357 1176//1345
f  1189//1358 1190//1359 1191//1360
f  1176//1345 1188//1357 1192//1361 1181//1350
f  1181//1350 1192//1361 1193//1362 1194//1363
f  1181//1350 1194//1363 1195//1364 1182//1351
f  1196//1365 1197//1366 1198//1367 1199//1368
f  1195//1364 1169//1338 1172//1341
f  1197//1366 1200//1369 1201//1370 1198//1367
f  1200//1369 1202//1371 1203//1372 1201//1370
f  1202//1371 1204//1373 1205//1374 1203//1372
f  1204//1373 1206//1375 1207//1376 1205//1374
f  1208//1377 1209//1378 1210//1379 1211//1380
f  1212//1381 1213//1382 1214//1383 1215//1384
f  1216//1385 1189//1358 1217//1386 1218//1387
f  1184//1353 1174//1343 1219//1388 1220//1389
f  1221//1390 1222//1391 1223//1392 1224//1393
f  1182//1351 1195//1364 1225//1394 1226//1395
f  1189//1358 1191//1360 1227//1396 1217//1386
f  1222//1391 1228//1397 1229//1398 1223//1392
f  1230//1399 1208//1377 1211//1380 1231//1400
f  1180//1349 1184//1353 1220//1389 1232//1401
f  1233//1402 1218//1387 1234//1403 1231//1400
f  1235//1404 1224//1393 1236//1405 1237//1406
f  1229//1398 1233//1402 1231//1400 1211//1380
f  1223//1392 1229//1398 1211//1380 1210//1379
f  1218//1387 1217//1386 1225//1394 1234//1403
f  1224//1393 1223//1392 1210//1379 1236//1405
f  1227//1396 1226//1395 1225//1394 1217//1386
f  1238//1407 1239//1408 1226//1395 1227//1396
f  1215//1384 1219//1388 1239//1408 1238//1407
f  1214//1383 1220//1389 1219//1388 1215//1384
f  1240//1409 1232//1401 1220//1389 1214//1383
f  1241//1410 1242//1411 1232//1401 1240//1409
f  1173//1342 1182//1351 1226//1395 1239//1408
f  1213//1382 1243//1412 1240//1409 1214//1383
f  1244//1413 1216//1385 1218//1387 1233//1402
f  1195//1364 1172//1341 1234//1403 1225//1394
f  1245//1414 1212//1381 1215//1384 1238//1407
f  1174//1343 1173//1342 1239//1408 1219//1388
f  1246//1415 1221//1390 1224//1393 1235//1404
f  1243//1412 1247//1416 1241//1410 1240//1409
f  1177//1346 1180//1349 1232//1401 1242//1411
f  1228//1397 1244//1413 1233//1402 1229//1398
f  1175//1344 1174//1343 1184//1353 1183//1352
f  1216//1385 1244//1413 1197//1366 1196//1365
f  1248//1417 1196//1365 1199//1368 1249//1418
f  1234//1403 1172//1341 1231//1400
f  1244//1413 1228//1397 1200//1369 1197//1366
f  1228//1397 1222//1391 1202//1371 1200//1369
f  1222//1391 1221//1390 1204//1373 1202//1371
f  1221//1390 1246//1415 1206//1375 1204//1373
f  1191//1360 1190//1359 1250//1419 1251//1420
f  1230//1399 1231//1400 1172//1341 1171//1340
f  1248//1417 1252//1421 1189//1358
f  1252//1421 1190//1359 1189//1358
f  1194//1363 1253//1422 1195//1364
f  1253//1422 1169//1338 1195//1364
f  1194//1363 1193//1362 1254//1423 1253//1422
f  1253//1422 1254//1423 1170//1339 1169//1338
f  1248//1417 1249//1418 1255//1424 1252//1421
f  1252//1421 1255//1424 1250//1419 1190//1359
f  1196//1365 1248//1417 1189//1358 1216//1385
f  1185//1354 1179//1348 1178//1347 1256//1425
f  1209//1378 1257//1426 1236//1405 1210//1379
f  1258//1427 1237//1406 1236//1405 1257//1426
f  1227//1396 1191//1360 1238//1407
f  1245//1414 1238//1407 1191//1360 1251//1420
f  1259//1428 1260//1429 1261//1430 1262//1431
f  1263//1432 1264//1433 1265//1434 1266//1435
f  1177//1346 1267//1436 1268//1437 1178//1347
f  1263//1432 1269//1438 1270//1439 1264//1433
f  1267//1436 1271//1440 1272//1441 1268//1437
f  1268//1437 1272//1441 1273//1442 1274//1443
f  1272//1441 1265//1434 1275//1444 1273//1442
f  1265//1434 1264//1433 1276//1445 1275//1444
f  1277//1446 1278//1447 1279//1448
f  1264//1433 1270//1439 1280//1449 1276//1445
f  1270//1439 1281//1450 1282//1451 1280//1449
f  1270//1439 1269//1438 1283//1452 1281//1450
f  1284//1453 1285//1454 1286//1455 1287//1456
f  1283//1452 1260//1429 1259//1428
f  1287//1456 1286//1455 1288//1457 1289//1458
f  1289//1458 1288//1457 1290//1459 1291//1460
f  1291//1460 1290//1459 1292//1461 1293//1462
f  1293//1462 1292//1461 1207//1376 1206//1375
f  1294//1463 1295//1464 1296//1465 1297//1466
f  1298//1467 1299//1468 1300//1469 1301//1470
f  1302//1471 1303//1472 1304//1473 1277//1446
f  1271//1440 1305//1474 1306//1475 1266//1435
f  1307//1476 1308//1477 1309//1478 1310//1479
f  1269//1438 1311//1480 1312//1481 1283//1452
f  1277//1446 1304//1473 1313//1482 1278//1447
f  1310//1479 1309//1478 1314//1483 1315//1484
f  1316//1485 1317//1486 1295//1464 1294//1463
f  1267//1436 1318//1487 1305//1474 1271//1440
f  1319//1488 1317//1486 1320//1489 1303//1472
f  1235//1404 1237//1406 1321//1490 1308//1477
f  1314//1483 1295//1464 1317//1486 1319//1488
f  1309//1478 1296//1465 1295//1464 1314//1483
f  1303//1472 1320//1489 1312//1481 1304//1473
f  1308//1477 1321//1490 1296//1465 1309//1478
f  1313//1482 1304//1473 1312//1481 1311//1480
f  1322//1491 1313//1482 1311//1480 1323//1492
f  1299//1468 1322//1491 1323//1492 1306//1475
f  1300//1469 1299//1468 1306//1475 1305//1474
f  1324//1493 1300//1469 1305//1474 1318//1487
f  1241//1410 1324//1493 1318//1487 1242//1411
f  1263//1432 1323//1492 1311//1480 1269//1438
f  1301//1470 1300//1469 1324//1493 1325//1494
f  1326//1495 1319//1488 1303//1472 1302//1471
f  1283//1452 1312//1481 1320//1489 1260//1429
f  1327//1496 1322//1491 1299//1468 1298//1467
f  1266//1435 1306//1475 1323//1492 1263//1432
f  1246//1415 1235//1404 1308//1477 1307//1476
f  1325//1494 1324//1493 1241//1410 1247//1416
f  1177//1346 1242//1411 1318//1487 1267//1436
f  1315//1484 1314//1483 1319//1488 1326//1495
f  1265//1434 1272//1441 1271//1440 1266//1435
f  1302//1471 1284//1453 1287//1456 1326//1495
f  1328//1497 1329//1498 1285//1454 1284//1453
f  1320//1489 1317//1486 1260//1429
f  1326//1495 1287//1456 1289//1458 1315//1484
f  1315//1484 1289//1458 1291//1460 1310//1479
f  1310//1479 1291//1460 1293//1462 1307//1476
f  1307//1476 1293//1462 1206//1375 1246//1415
f  1278//1447 1330//1499 1331//1500 1279//1448
f  1316//1485 1261//1430 1260//1429 1317//1486
f  1328//1497 1277//1446 1332//1501
f  1332//1501 1277//1446 1279//1448
f  1281//1450 1283//1452 1333//1502
f  1333//1502 1283//1452 1259//1428
f  1281//1450 1333//1502 1334//1503 1282//1451
f  1333//1502 1259//1428 1262//1431 1334//1503
f  1328//1497 1332//1501 1335//1504 1329//1498
f  1332//1501 1279//1448 1331//1500 1335//1504
f  1284//1453 1302//1471 1277//1446 1328//1497
f  1274//1443 1256//1425 1178//1347 1268//1437
f  1297//1466 1296//1465 1321//1490 1336//1505
f  1258//1427 1336//1505 1321//1490 1237//1406
f  1313//1482 1322//1491 1278//1447
f  1327//1496 1330//1499 1278//1447 1322//1491
f  1337//1506 1338//1507 1339//1508 1340//1509
f  1341//1510 1342//1511 1343//1512 1344//1513
f  1345//1514 1346//1515 1347//1516 1348//1517
f  1341//1510 1344//1513 1349//1518 1350//1519
f  1348//1517 1347//1516 1351//1520 1352//1521
f  1353//1522 1354//1523 1355//1524 1356//1525
f  1347//1516 1357//1526 1358//1527 1351//1520
f  1351//1520 1358//1527 1359//1528 1343//1512
f  1343//1512 1359//1528 1360//1529 1344//1513
f  1361//1530 1362//1531 1363//1532
f  1344//1513 1360//1529 1364//1533 1349//1518
f  1349//1518 1364//1533 1365//1534 1366//1535
f  1349//1518 1366//1535 1367//1536 1350//1519
f  1368//1537 1369//1538 1370//1539 1371//1540
f  1367//1536 1337//1506 1340//1509
f  1369//1538 1372//1541 1373//1542 1370//1539
f  1372//1541 1374//1543 1375//1544 1373//1542
f  1374//1543 1376//1545 1377//1546 1375//1544
f  1376//1545 1378//1547 1379//1548 1377//1546
f  1380//1549 1381//1550 1382//1551 1383//1552
f  1384//1553 1385//1554 1386//1555 1387//1556
f  1388//1557 1361//1530 1389//1558 1390//1559
f  1352//1521 1342//1511 1391//1560 1392//1561
f  1393//1562 1394//1563 1395//1564 1396//1565
f  1350//1519 1367//1536 1397//1566 1398//1567
f  1361//1530 1363//1532 1399//1568 1389//1558
f  1394//1563 1400//1569 1401//1570 1395//1564
f  1402//1571 1380//1549 1383//1552 1403//1572
f  1348//1517 1352//1521 1392//1561 1404//1573
f  1405//1574 1390//1559 1406//1575 1403//1572
f  1407//1576 1396//1565 1408//1577 1409//1578
f  1401//1570 1405//1574 1403//1572 1383//1552
f  1395//1564 1401//1570 1383//1552 1382//1551
f  1390//1559 1389//1558 1397//1566 1406//1575
f  1396//1565 1395//1564 1382//1551 1408//1577
f  1399//1568 1398//1567 1397//1566 1389//1558
f  1410//1579 1411//1580 1398//1567 1399//1568
f  1387//1556 1391//1560 1411//1580 1410//1579
f  1386//1555 1392//1561 1391//1560 1387//1556
f  1412//1581 1404//1573 1392//1561 1386//1555
f  1413//1582 1414//1583 1404//1573 1412//1581
f  1341//1510 1350//1519 1398//1567 1411//1580
f  1385//1554 1415//1584 1412//1581 1386//1555
f  1416//1585 1388//1557 1390//1559 1405//1574
f  1367//1536 1340//1509 1406//1575 1397//1566
f  1417//1586 1384//1553 1387//1556 1410//1579
f  1342//1511 1341//1510 1411//1580 1391//1560
f  1418//1587 1393//1562 1396//1565 1407//1576
f  1415//1584 1419//1416 1413//1582 1412//1581
f  1345//1514 1348//1517 1404//1573 1414//1583
f  1400//1569 1416//1585 1405//1574 1401//1570
f  1343//1512 1342//1511 1352//1521 1351//1520
f  1388//1557 1416//1585 1369//1538 1368//1537
f  1420//1588 1368//1537 1371//1540 1421//1589
f  1422//1590 1423//1591 1424//1592
f  1425//1593 1426//1594 1427//1595 1428//1596
f  1429//1597 1430//1598 1431//1599 1432//1600
f  1425//1593 1433//1601 1434//1602 1426//1594
f  1429//1597 1435//1603 1436//1604 1430//1598
f  1357//1605 1430//1598 1436//1604 1437//1606
f  1437//1606 1436//1604 1427//1595 1438//1607
f  1438//1607 1427//1595 1426//1594 1439//1608
f  1439//1608 1426//1594 1434//1602 1440//1609
f  1441//1610 1422//1590 1424//1592 1442//1611
f  1423//1591 1443//1612 1434//1602 1433//1601
f  1444//1613 1442//1611 1424//1592 1445//1614
f  1446//1615 1447//1616 1448//1617 1449//1618
f  1450//1619 1451//1620 1452//1621 1453//1622
f  1454//1623 1455//1624 1456//1625 1457//1626
f  1435//1603 1458//1627 1459//1628 1428//1596
f  1460//1629 1461//1630 1462//1631 1463//1632
f  1464//1633 1457//1626 1465//1634
f  1466//1635 1467//1636 1468//1637 1469//1638
f  1467//1636 1460//1629 1463//1632 1468//1637
f  1466//1635 1470//1639 1471//1640 1467//1636
f  1433//1601 1472//1641 1473//1642 1423//1591
f  1457//1626 1456//1625 1474//1643 1465//1634
f  1467//1636 1471//1640 1475//1644 1460//1629
f  1444//1613 1445//1614 1447//1616 1446//1615
f  1429//1597 1476//1645 1458//1627 1435//1603
f  1477//1646 1445//1614 1478//1647 1455//1624
f  1479//1648 1480//1649 1481//1650 1470//1639
f  1475//1644 1447//1616 1445//1614 1477//1646
f  1471//1640 1448//1617 1447//1616 1475//1644
f  1455//1624 1478//1647 1473//1642 1456//1625
f  1470//1639 1481//1650 1448//1617 1471//1640
f  1474//1643 1456//1625 1473//1642 1472//1641
f  1482//1651 1474//1643 1472//1641 1483//1652
f  1451//1620 1482//1651 1483//1652 1459//1628
f  1452//1621 1451//1620 1459//1628 1458//1627
f  1484//1653 1452//1621 1458//1627 1476//1645
f  1485//1654 1484//1653 1476//1645 1486//1655
f  1425//1593 1483//1652 1472//1641 1433//1601
f  1453//1622 1452//1621 1484//1653 1487//1656
f  1461//1630 1477//1646 1455//1624 1454//1623
f  1423//1591 1473//1642 1478//1647 1424//1592
f  1488//1657 1482//1651 1451//1620 1450//1619
f  1428//1596 1459//1628 1483//1652 1425//1593
f  1489//1658 1479//1648 1470//1639 1466//1635
f  1487//1656 1484//1653 1485//1654 1490//1659
f  1432//1600 1486//1655 1476//1645 1429//1597
f  1460//1629 1475//1644 1477//1646 1461//1630
f  1424//1592 1478//1647 1445//1614
f  1406//1575 1340//1509 1403//1572
f  1436//1604 1435//1603 1428//1596 1427//1595
f  1465//1634 1474//1643 1482//1651
f  1440//1609 1434//1602 1443//1612 1491//1660
f  1489//1658 1466//1635 1469//1638 1492//1661
f  1454//1623 1457//1626 1353//1522 1356//1525
f  1465//1634 1493//1662 1494//1663 1464//1633
f  1356//1525 1355//1524 1495//1664 1462//1631
f  1462//1631 1495//1664 1496//1665 1463//1632
f  1463//1632 1496//1665 1497//1666 1468//1637
f  1468//1637 1497//1666 1498//1667 1469//1638
f  1469//1638 1498//1667 1499//1668 1492//1661
f  1416//1585 1400//1569 1372//1541 1369//1538
f  1400//1569 1394//1563 1374//1543 1372//1541
f  1394//1563 1393//1562 1376//1545 1374//1543
f  1393//1562 1418//1587 1378//1547 1376//1545
f  1363//1532 1362//1531 1500//1669 1501//1670
f  1402//1571 1403//1572 1340//1509 1339//1508
f  1356//1525 1462//1631 1461//1630 1454//1623
f  1420//1588 1502//1671 1361//1530
f  1502//1671 1362//1531 1361//1530
f  1366//1535 1503//1672 1367//1536
f  1503//1672 1337//1506 1367//1536
f  1464//1633 1504//1673 1457//1626
f  1504//1673 1353//1522 1457//1626
f  1422//1590 1505//1674 1423//1591
f  1505//1674 1443//1612 1423//1591
f  1464//1633 1494//1663 1506//1675 1504//1673
f  1504//1673 1506//1675 1354//1523 1353//1522
f  1366//1535 1365//1534 1507//1676 1503//1672
f  1503//1672 1507//1676 1338//1507 1337//1506
f  1420//1588 1421//1589 1508//1677 1502//1671
f  1502//1671 1508//1677 1500//1669 1362//1531
f  1422//1590 1441//1610 1509//1678 1505//1674
f  1505//1674 1509//1678 1491//1660 1443//1612
f  1368//1537 1420//1588 1361//1530 1388//1557
f  1431//1599 1430//1598 1357//1605 1510//1679
f  1481//1650 1511//1680 1449//1618 1448//1617
f  1511//1680 1481//1650 1480//1649 1512//1681
f  1357//1526 1347//1516 1346//1515 1513//1682
f  1381//1550 1514//1683 1408//1577 1382//1551
f  1515//1684 1409//1578 1408//1577 1514//1683
f  1399//1568 1363//1532 1410//1579
f  1417//1586 1410//1579 1363//1532 1501//1670
f  1465//1634 1482//1651 1488//1657 1493//1662
f  1516//1685 1517//1686 1518//1687 1519//1688
f  1520//1689 1521//1690 1522//1691 1523//1692
f  1345//1514 1524//1693 1525//1694 1346//1515
f  1520//1689 1526//1695 1527//1696 1521//1690
f  1524//1693 1528//1697 1529//1698 1525//1694
f  1530//1699 1531//1700 1532//1701 1533//1702
f  1525//1694 1529//1698 1534//1703 1535//1704
f  1529//1698 1522//1691 1536//1705 1534//1703
f  1522//1691 1521//1690 1537//1706 1536//1705
f  1538//1707 1539//1708 1540//1709
f  1521//1690 1527//1696 1541//1710 1537//1706
f  1527//1696 1542//1711 1543//1712 1541//1710
f  1527//1696 1526//1695 1544//1713 1542//1711
f  1545//1714 1546//1715 1547//1716 1548//1717
f  1544//1713 1517//1686 1516//1685
f  1548//1717 1547//1716 1549//1718 1550//1719
f  1550//1719 1549//1718 1551//1720 1552//1721
f  1552//1721 1551//1720 1553//1722 1554//1723
f  1554//1723 1553//1722 1379//1548 1378//1547
f  1555//1724 1556//1725 1557//1726 1558//1727
f  1559//1728 1560//1729 1561//1730 1562//1731
f  1563//1732 1564//1733 1565//1734 1538//1707
f  1528//1697 1566//1735 1567//1736 1523//1692
f  1568//1737 1569//1738 1570//1739 1571//1740
f  1526//1695 1572//1741 1573//1742 1544//1713
f  1538//1707 1565//1734 1574//1743 1539//1708
f  1571//1740 1570//1739 1575//1744 1576//1745
f  1577//1746 1578//1747 1556//1725 1555//1724
f  1524//1693 1579//1748 1566//1735 1528//1697
f  1580//1749 1578//1747 1581//1750 1564//1733
f  1407//1576 1409//1578 1582//1751 1569//1738
f  1575//1744 1556//1725 1578//1747 1580//1749
f  1570//1739 1557//1726 1556//1725 1575//1744
f  1564//1733 1581//1750 1573//1742 1565//1734
f  1569//1738 1582//1751 1557//1726 1570//1739
f  1574//1743 1565//1734 1573//1742 1572//1741
f  1583//1752 1574//1743 1572//1741 1584//1753
f  1560//1729 1583//1752 1584//1753 1567//1736
f  1561//1730 1560//1729 1567//1736 1566//1735
f  1585//1754 1561//1730 1566//1735 1579//1748
f  1413//1582 1585//1754 1579//1748 1414//1583
f  1520//1689 1584//1753 1572//1741 1526//1695
f  1562//1731 1561//1730 1585//1754 1586//1755
f  1587//1756 1580//1749 1564//1733 1563//1732
f  1544//1713 1573//1742 1581//1750 1517//1686
f  1588//1757 1583//1752 1560//1729 1559//1728
f  1523//1692 1567//1736 1584//1753 1520//1689
f  1418//1587 1407//1576 1569//1738 1568//1737
f  1586//1755 1585//1754 1413//1582 1419//1416
f  1345//1514 1414//1583 1579//1748 1524//1693
f  1576//1745 1575//1744 1580//1749 1587//1756
f  1522//1691 1529//1698 1528//1697 1523//1692
f  1563//1732 1545//1714 1548//1717 1587//1756
f  1589//1758 1590//1759 1546//1715 1545//1714
f  1591//1760 1592//1761 1593//1762
f  1594//1763 1595//1764 1596//1765 1597//1766
f  1598//1767 1432//1600 1431//1599 1599//1768
f  1594//1763 1597//1766 1600//1769 1601//1770
f  1598//1767 1599//1768 1602//1771 1603//1772
f  1535//1773 1604//1774 1602//1771 1599//1768
f  1604//1774 1605//1775 1596//1765 1602//1771
f  1605//1775 1606//1776 1597//1766 1596//1765
f  1606//1776 1607//1777 1600//1769 1597//1766
f  1608//1778 1609//1779 1592//1761 1591//1760
f  1593//1762 1601//1770 1600//1769 1610//1780
f  1611//1781 1612//1782 1592//1761 1609//1779
f  1613//1783 1614//1784 1615//1785 1616//1786
f  1617//1787 1618//1788 1619//1789 1620//1790
f  1621//1791 1622//1792 1623//1793 1624//1794
f  1603//1772 1595//1764 1625//1795 1626//1796
f  1627//1797 1628//1798 1629//1799 1630//1800
f  1631//1801 1632//1802 1622//1792
f  1633//1803 1634//1804 1635//1805 1636//1806
f  1636//1806 1635//1805 1628//1798 1627//1797
f  1633//1803 1636//1806 1637//1807 1638//1808
f  1601//1770 1593//1762 1639//1809 1640//1810
f  1622//1792 1632//1802 1641//1811 1623//1793
f  1636//1806 1627//1797 1642//1812 1637//1807
f  1611//1781 1613//1783 1616//1786 1612//1782
f  1598//1767 1603//1772 1626//1796 1643//1813
f  1644//1814 1624//1794 1645//1815 1612//1782
f  1479//1648 1638//1808 1646//1816 1480//1649
f  1642//1812 1644//1814 1612//1782 1616//1786
f  1637//1807 1642//1812 1616//1786 1615//1785
f  1624//1794 1623//1793 1639//1809 1645//1815
f  1638//1808 1637//1807 1615//1785 1646//1816
f  1641//1811 1640//1810 1639//1809 1623//1793
f  1647//1817 1648//1818 1640//1810 1641//1811
f  1620//1790 1625//1795 1648//1818 1647//1817
f  1619//1789 1626//1796 1625//1795 1620//1790
f  1649//1819 1643//1813 1626//1796 1619//1789
f  1485//1654 1486//1655 1643//1813 1649//1819
f  1594//1763 1601//1770 1640//1810 1648//1818
f  1618//1788 1650//1820 1649//1819 1619//1789
f  1630//1800 1621//1791 1624//1794 1644//1814
f  1593//1762 1592//1761 1645//1815 1639//1809
f  1651//1821 1617//1787 1620//1790 1647//1817
f  1595//1764 1594//1763 1648//1818 1625//1795
f  1489//1658 1633//1803 1638//1808 1479//1648
f  1650//1820 1490//1659 1485//1654 1649//1819
f  1432//1600 1598//1767 1643//1813 1486//1655
f  1627//1797 1630//1800 1644//1814 1642//1812
f  1592//1761 1612//1782 1645//1815
f  1581//1750 1578//1747 1517//1686
f  1602//1771 1596//1765 1595//1764 1603//1772
f  1632//1802 1647//1817 1641//1811
f  1607//1777 1652//1822 1610//1780 1600//1769
f  1489//1658 1492//1661 1634//1804 1633//1803
f  1621//1791 1531//1700 1530//1699 1622//1792
f  1632//1802 1631//1801 1653//1823 1654//1824
f  1531//1700 1629//1799 1655//1825 1532//1701
f  1629//1799 1628//1798 1656//1826 1655//1825
f  1628//1798 1635//1805 1657//1827 1656//1826
f  1635//1805 1634//1804 1658//1828 1657//1827
f  1634//1804 1492//1661 1499//1668 1658//1828
f  1587//1756 1548//1717 1550//1719 1576//1745
f  1576//1745 1550//1719 1552//1721 1571//1740
f  1571//1740 1552//1721 1554//1723 1568//1737
f  1568//1737 1554//1723 1378//1547 1418//1587
f  1539//1708 1659//1829 1660//1830 1540//1709
f  1577//1746 1518//1687 1517//1686 1578//1747
f  1531//1700 1621//1791 1630//1800 1629//1799
f  1589//1758 1538//1707 1661//1831
f  1661//1831 1538//1707 1540//1709
f  1542//1711 1544//1713 1662//1832
f  1662//1832 1544//1713 1516//1685
f  1631//1801 1622//1792 1663//1833
f  1663//1833 1622//1792 1530//1699
f  1591//1760 1593//1762 1664//1834
f  1664//1834 1593//1762 1610//1780
f  1631//1801 1663//1833 1665//1835 1653//1823
f  1663//1833 1530//1699 1533//1702 1665//1835
f  1542//1711 1662//1832 1666//1836 1543//1712
f  1662//1832 1516//1685 1519//1688 1666//1836
f  1589//1758 1661//1831 1667//1837 1590//1759
f  1661//1831 1540//1709 1660//1830 1667//1837
f  1591//1760 1664//1834 1668//1838 1608//1778
f  1664//1834 1610//1780 1652//1822 1668//1838
f  1545//1714 1563//1732 1538//1707 1589//1758
f  1431//1599 1510//1679 1535//1773 1599//1768
f  1646//1816 1615//1785 1614//1784 1669//1839
f  1669//1839 1512//1681 1480//1649 1646//1816
f  1535//1704 1513//1682 1346//1515 1525//1694
f  1558//1727 1557//1726 1582//1751 1670//1840
f  1515//1684 1670//1840 1582//1751 1409//1578
f  1574//1743 1583//1752 1539//1708
f  1588//1757 1659//1829 1539//1708 1583//1752
f  1632//1802 1654//1824 1651//1821 1647//1817
f  1671//1841 1672//1842 1673//1843 1674//1844
f  1675//1845 1676//1846 1677//1847 1678//1848
f  1679//1849 1680//1850 1681//1851 1682//1852
f  1675//1845 1678//1848 1683//1853 1684//1854
f  1682//1852 1681//1851 1685//1855 1686//1856
f  1687//1857 1688//1858 1689//1859 1690//1860
f  1681//1851 1691//1861 1692//1862 1685//1855
f  1685//1855 1692//1862 1693//1863 1677//1847
f  1677//1847 1693//1863 1694//1864 1678//1848
f  1695//1865 1696//1866 1697//1867
f  1678//1848 1694//1864 1698//1868 1683//1853
f  1683//1853 1698//1868 1699//1869 1700//1870
f  1683//1853 1700//1870 1701//1871 1684//1854
f  1702//1872 1703//1873 1704//1874 1705//1875
f  1701//1871 1671//1841 1674//1844
f  1703//1873 1706//1876 1707//1877 1704//1874
f  1706//1876 1708//1878 1709//1879 1707//1877
f  1708//1878 1710//1880 1711//1881 1709//1879
f  1710//1880 1712//1882 1713//1883 1711//1881
f  1714//1884 1715//1885 1716//1886 1717//1887
f  1718//1888 1719//1889 1720//1890 1721//1891
f  1722//1892 1695//1865 1723//1893 1724//1894
f  1686//1856 1676//1846 1725//1895 1726//1896
f  1727//1897 1728//1898 1729//1899 1730//1900
f  1684//1854 1701//1871 1731//1901 1732//1902
f  1695//1865 1697//1867 1733//1903 1723//1893
f  1728//1898 1734//1904 1735//1905 1729//1899
f  1736//1906 1714//1884 1717//1887 1737//1907
f  1682//1852 1686//1856 1726//1896 1738//1908
f  1739//1909 1724//1894 1740//1910 1737//1907
f  1741//1911 1730//1900 1742//1912 1743//1913
f  1735//1905 1739//1909 1737//1907 1717//1887
f  1729//1899 1735//1905 1717//1887 1716//1886
f  1724//1894 1723//1893 1731//1901 1740//1910
f  1730//1900 1729//1899 1716//1886 1742//1912
f  1733//1903 1732//1902 1731//1901 1723//1893
f  1744//1914 1745//1915 1732//1902 1733//1903
f  1721//1891 1725//1895 1745//1915 1744//1914
f  1720//1890 1726//1896 1725//1895 1721//1891
f  1746//1916 1738//1908 1726//1896 1720//1890
f  1747//1917 1748//1918 1738//1908 1746//1916
f  1675//1845 1684//1854 1732//1902 1745//1915
f  1719//1889 1749//1919 1746//1916 1720//1890
f  1750//1920 1722//1892 1724//1894 1739//1909
f  1701//1871 1674//1844 1740//1910 1731//1901
f  1751//1921 1718//1888 1721//1891 1744//1914
f  1676//1846 1675//1845 1745//1915 1725//1895
f  1752//1922 1727//1897 1730//1900 1741//1911
f  1749//1919 1753//1923 1747//1917 1746//1916
f  1679//1849 1682//1852 1738//1908 1748//1918
f  1734//1904 1750//1920 1739//1909 1735//1905
f  1677//1847 1676//1846 1686//1856 1685//1855
f  1722//1892 1750//1920 1703//1873 1702//1872
f  1754//1924 1702//1872 1705//1875 1755//1925
f  1756//1926 1757//1927 1758//1928
f  1759//1929 1760//1930 1761//1931 1762//1932
f  1763//1933 1764//1934 1765//1935 1766//1936
f  1759//1929 1767//1937 1768//1938 1760//1930
f  1763//1933 1769//1939 1770//1940 1764//1934
f  1691//1941 1764//1934 1770//1940 1771//1942
f  1771//1942 1770//1940 1761//1931 1772//1943
f  1772//1943 1761//1931 1760//1930 1773//1944
f  1773//1944 1760//1930 1768//1938 1774//1945
f  1775//1946 1756//1926 1758//1928 1776//1947
f  1757//1927 1777//1948 1768//1938 1767//1937
f  1778//1949 1776//1947 1758//1928 1779//1950
f  1780//1951 1781//1952 1782//1953 1783//1954
f  1784//1955 1785//1956 1786//1957 1787//1958
f  1788//1959 1789//1960 1790//1961 1791//1962
f  1769//1939 1792//1963 1793//1964 1762//1932
f  1794//1965 1795//1966 1796//1967 1797//1968
f  1798//1969 1791//1962 1799//1970
f  1800//1971 1801//1972 1802//1973 1803//1974
f  1801//1972 1794//1965 1797//1968 1802//1973
f  1800//1971 1804//1975 1805//1976 1801//1972
f  1767//1937 1806//1977 1807//1978 1757//1927
f  1791//1962 1790//1961 1808//1979 1799//1970
f  1801//1972 1805//1976 1809//1980 1794//1965
f  1778//1949 1779//1950 1781//1952 1780//1951
f  1763//1933 1810//1981 1792//1963 1769//1939
f  1811//1982 1779//1950 1812//1983 1789//1960
f  1813//1984 1814//1985 1815//1986 1804//1975
f  1809//1980 1781//1952 1779//1950 1811//1982
f  1805//1976 1782//1953 1781//1952 1809//1980
f  1789//1960 1812//1983 1807//1978 1790//1961
f  1804//1975 1815//1986 1782//1953 1805//1976
f  1808//1979 1790//1961 1807//1978 1806//1977
f  1816//1987 1808//1979 1806//1977 1817//1988
f  1785//1956 1816//1987 1817//1988 1793//1964
f  1786//1957 1785//1956 1793//1964 1792//1963
f  1818//1989 1786//1957 1792//1963 1810//1981
f  1819//1990 1818//1989 1810//1981 1820//1991
f  1759//1929 1817//1988 1806//1977 1767//1937
f  1787//1958 1786//1957 1818//1989 1821//1992
f  1795//1966 1811//1982 1789//1960 1788//1959
f  1757//1927 1807//1978 1812//1983 1758//1928
f  1822//1993 1816//1987 1785//1956 1784//1955
f  1762//1932 1793//1964 1817//1988 1759//1929
f  1823//1994 1813//1984 1804//1975 1800//1971
f  1821//1992 1818//1989 1819//1990 1824//1995
f  1766//1936 1820//1991 1810//1981 1763//1933
f  1794//1965 1809//1980 1811//1982 1795//1966
f  1758//1928 1812//1983 1779//1950
f  1740//1910 1674//1844 1737//1907
f  1770//1940 1769//1939 1762//1932 1761//1931
f  1799//1970 1808//1979 1816//1987
f  1774//1945 1768//1938 1777//1948 1825//1996
f  1823//1994 1800//1971 1803//1974 1826//1997
f  1788//1959 1791//1962 1687//1857 1690//1860
f  1799//1970 1827//1998 1828//1999 1798//1969
f  1690//1860 1689//1859 1829//2000 1796//1967
f  1796//1967 1829//2000 1830//2001 1797//1968
f  1797//1968 1830//2001 1831//2002 1802//1973
f  1802//1973 1831//2002 1832//2003 1803//1974
f  1803//1974 1832//2003 1833//2004 1826//1997
f  1750//1920 1734//1904 1706//1876 1703//1873
f  1734//1904 1728//1898 1708//1878 1706//1876
f  1728//1898 1727//1897 1710//1880 1708//1878
f  1727//1897 1752//1922 1712//1882 1710//1880
f  1697//1867 1696//1866 1834//2005 1835//2006
f  1736//1906 1737//1907 1674//1844 1673//1843
f  1690//1860 1796//1967 1795//1966 1788//1959
f  1754//1924 1836//2007 1695//1865
f  1836//2007 1696//1866 1695//1865
f  1700//1870 1837//2008 1701//1871
f  1837//2008 1671//1841 1701//1871
f  1798//1969 1838//2009 1791//1962
f  1838//2009 1687//1857 1791//1962
f  1756//1926 1839//2010 1757//1927
f  1839//2010 1777//1948 1757//1927
f  1798//1969 1828//1999 1840//2011 1838//2009
f  1838//2009 1840//2011 1688//1858 1687//1857
f  1700//1870 1699//1869 1841//2012 1837//2008
f  1837//2008 1841//2012 1672//1842 1671//1841
f  1754//1924 1755//1925 1842//2013 1836//2007
f  1836//2007 1842//2013 1834//2005 1696//1866
f  1756//1926 1775//1946 1843//2014 1839//2010
f  1839//2010 1843//2014 1825//1996 1777//1948
f  1702//1872 1754//1924 1695//1865 1722//1892
f  1765//1935 1764//1934 1691//1941 1844//2015
f  1815//1986 1845//2016 1783//1954 1782//1953
f  1845//2016 1815//1986 1814//1985 1846//2017
f  1691//1861 1681//1851 1680//1850 1847//2018
f  1715//1885 1848//2019 1742//1912 1716//1886
f  1849//2020 1743//1913 1742//1912 1848//2019
f  1733//1903 1697//1867 1744//1914
f  1751//1921 1744//1914 1697//1867 1835//2006
f  1799//1970 1816//1987 1822//1993 1827//1998
f  1850//2021 1851//2022 1852//2023 1853//2024
f  1854//2025 1855//2026 1856//2027 1857//2028
f  1679//1849 1858//2029 1859//2030 1680//1850
f  1854//2025 1860//2031 1861//2032 1855//2026
f  1858//2029 1862//2033 1863//2034 1859//2030
f  1864//2035 1865//2036 1866//2037 1867//2038
f  1859//2030 1863//2034 1868//2039 1869//2040
f  1863//2034 1856//2027 1870//2041 1868//2039
f  1856//2027 1855//2026 1871//2042 1870//2041
f  1872//2043 1873//2044 1874//2045
f  1855//2026 1861//2032 1875//2046 1871//2042
f  1861//2032 1876//2047 1877//2048 1875//2046
f  1861//2032 1860//2031 1878//2049 1876//2047
f  1879//2050 1880//2051 1881//2052 1882//2053
f  1878//2049 1851//2022 1850//2021
f  1882//2053 1881//2052 1883//2054 1884//2055
f  1884//2055 1883//2054 1885//2056 1886//2057
f  1886//2057 1885//2056 1887//2058 1888//2059
f  1888//2059 1887//2058 1713//1883 1712//1882
f  1889//2060 1890//2061 1891//2062 1892//2063
f  1893//2064 1894//2065 1895//2066 1896//2067
f  1897//2068 1898//2069 1899//2070 1872//2043
f  1862//2033 1900//2071 1901//2072 1857//2028
f  1902//2073 1903//2074 1904//2075 1905//2076
f  1860//2031 1906//2077 1907//2078 1878//2049
f  1872//2043 1899//2070 1908//2079 1873//2044
f  1905//2076 1904//2075 1909//2080 1910//2081
f  1911//2082 1912//2083 1890//2061 1889//2060
f  1858//2029 1913//2084 1900//2071 1862//2033
f  1914//2085 1912//2083 1915//2086 1898//2069
f  1741//1911 1743//1913 1916//2087 1903//2074
f  1909//2080 1890//2061 1912//2083 1914//2085
f  1904//2075 1891//2062 1890//2061 1909//2080
f  1898//2069 1915//2086 1907//2078 1899//2070
f  1903//2074 1916//2087 1891//2062 1904//2075
f  1908//2079 1899//2070 1907//2078 1906//2077
f  1917//2088 1908//2079 1906//2077 1918//2089
f  1894//2065 1917//2088 1918//2089 1901//2072
f  1895//2066 1894//2065 1901//2072 1900//2071
f  1919//2090 1895//2066 1900//2071 1913//2084
f  1747//1917 1919//2090 1913//2084 1748//1918
f  1854//2025 1918//2089 1906//2077 1860//2031
f  1896//2067 1895//2066 1919//2090 1920//2091
f  1921//2092 1914//2085 1898//2069 1897//2068
f  1878//2049 1907//2078 1915//2086 1851//2022
f  1922//2093 1917//2088 1894//2065 1893//2064
f  1857//2028 1901//2072 1918//2089 1854//2025
f  1752//1922 1741//1911 1903//2074 1902//2073
f  1920//2091 1919//2090 1747//1917 1753//1923
f  1679//1849 1748//1918 1913//2084 1858//2029
f  1910//2081 1909//2080 1914//2085 1921//2092
f  1856//2027 1863//2034 1862//2033 1857//2028
f  1897//2068 1879//2050 1882//2053 1921//2092
f  1923//2094 1924//2095 1880//2051 1879//2050
f  1925//2096 1926//2097 1927//2098
f  1928//2099 1929//2100 1930//2101 1931//2102
f  1932//2103 1766//1936 1765//1935 1933//2104
f  1928//2099 1931//2102 1934//2105 1935//2106
f  1932//2103 1933//2104 1936//2107 1937//2108
f  1869//2109 1938//2110 1936//2107 1933//2104
f  1938//2110 1939//2111 1930//2101 1936//2107
f  1939//2111 1940//2112 1931//2102 1930//2101
f  1940//2112 1941//2113 1934//2105 1931//2102
f  1942//2114 1943//2115 1926//2097 1925//2096
f  1927//2098 1935//2106 1934//2105 1944//2116
f  1945//2117 1946//2118 1926//2097 1943//2115
f  1947//2119 1948//2120 1949//2121 1950//2122
f  1951//2123 1952//2124 1953//2125 1954//2126
f  1955//2127 1956//2128 1957//2129 1958//2130
f  1937//2108 1929//2100 1959//2131 1960//2132
f  1961//2133 1962//2134 1963//2135 1964//2136
f  1965//2137 1966//2138 1956//2128
f  1967//2139 1968//2140 1969//2141 1970//2142
f  1970//2142 1969//2141 1962//2134 1961//2133
f  1967//2139 1970//2142 1971//2143 1972//2144
f  1935//2106 1927//2098 1973//2145 1974//2146
f  1956//2128 1966//2138 1975//2147 1957//2129
f  1970//2142 1961//2133 1976//2148 1971//2143
f  1945//2117 1947//2119 1950//2122 1946//2118
f  1932//2103 1937//2108 1960//2132 1977//2149
f  1978//2150 1958//2130 1979//2151 1946//2118
f  1813//1984 1972//2144 1980//2152 1814//1985
f  1976//2148 1978//2150 1946//2118 1950//2122
f  1971//2143 1976//2148 1950//2122 1949//2121
f  1958//2130 1957//2129 1973//2145 1979//2151
f  1972//2144 1971//2143 1949//2121 1980//2152
f  1975//2147 1974//2146 1973//2145 1957//2129
f  1981//2153 1982//2154 1974//2146 1975//2147
f  1954//2126 1959//2131 1982//2154 1981//2153
f  1953//2125 1960//2132 1959//2131 1954//2126
f  1983//2155 1977//2149 1960//2132 1953//2125
f  1819//1990 1820//1991 1977//2149 1983//2155
f  1928//2099 1935//2106 1974//2146 1982//2154
f  1952//2124 1984//2156 1983//2155 1953//2125
f  1964//2136 1955//2127 1958//2130 1978//2150
f  1927//2098 1926//2097 1979//2151 1973//2145
f  1985//2157 1951//2123 1954//2126 1981//2153
f  1929//2100 1928//2099 1982//2154 1959//2131
f  1823//1994 1967//2139 1972//2144 1813//1984
f  1984//2156 1824//1995 1819//1990 1983//2155
f  1766//1936 1932//2103 1977//2149 1820//1991
f  1961//2133 1964//2136 1978//2150 1976//2148
f  1926//2097 1946//2118 1979//2151
f  1915//2086 1912//2083 1851//2022
f  1936//2107 1930//2101 1929//2100 1937//2108
f  1966//2138 1981//2153 1975//2147
f  1941//2113 1986//2158 1944//2116 1934//2105
f  1823//1994 1826//1997 1968//2140 1967//2139
f  1955//2127 1865//2036 1864//2035 1956//2128
f  1966//2138 1965//2137 1987//2159 1988//2160
f  1865//2036 1963//2135 1989//2161 1866//2037
f  1963//2135 1962//2134 1990//2162 1989//2161
f  1962//2134 1969//2141 1991//2163 1990//2162
f  1969//2141 1968//2140 1992//2164 1991//2163
f  1968//2140 1826//1997 1833//2004 1992//2164
f  1921//2092 1882//2053 1884//2055 1910//2081
f  1910//2081 1884//2055 1886//2057 1905//2076
f  1905//2076 1886//2057 1888//2059 1902//2073
f  1902//2073 1888//2059 1712//1882 1752//1922
f  1873//2044 1993//2165 1994//2166 1874//2045
f  1911//2082 1852//2023 1851//2022 1912//2083
f  1865//2036 1955//2127 1964//2136 1963//2135
f  1923//2094 1872//2043 1995//2167
f  1995//2167 1872//2043 1874//2045
f  1876//2047 1878//2049 1996//2168
f  1996//2168 1878//2049 1850//2021
f  1965//2137 1956//2128 1997//2169
f  1997//2169 1956//2128 1864//2035
f  1925//2096 1927//2098 1998//2170
f  1998//2170 1927//2098 1944//2116
f  1965//2137 1997//2169 1999//2171 1987//2159
f  1997//2169 1864//2035 1867//2038 1999//2171
f  1876//2047 1996//2168 2000//2172 1877//2048
f  1996//2168 1850//2021 1853//2024 2000//2172
f  1923//2094 1995//2167 2001//2173 1924//2095
f  1995//2167 1874//2045 1994//2166 2001//2173
f  1925//2096 1998//2170 2002//2174 1942//2114
f  1998//2170 1944//2116 1986//2158 2002//2174
f  1879//2050 1897//2068 1872//2043 1923//2094
f  1765//1935 1844//2015 1869//2109 1933//2104
f  1980//2152 1949//2121 1948//2120 2003//2175
f  2003//2175 1846//2017 1814//1985 1980//2152
f  1869//2040 1847//2018 1680//1850 1859//2030
f  1892//2063 1891//2062 1916//2087 2004//2176
f  1849//2020 2004//2176 1916//2087 1743//1913
f  1908//2079 1917//2088 1873//2044
f  1922//2093 1993//2165 1873//2044 1917//2088
f  1966//2138 1988//2160 1985//2157 1981//2153
f  2005//2177 2006//2178 2007//2179 2008//2180
f  2009//2181 2010//2182 2011//2183 2012//2184
f  2013//2185 2014//2186 2015//2187 2016//2188
f  2009//2181 2012//2184 2017//2189 2018//2190
f  2016//2188 2015//2187 2019//2191 2020//2192
f  2021//2193 2022//2194 2023//2195 2024//2196
f  2015//2187 2025//2197 2026//2198 2019//2191
f  2019//2191 2026//2198 2027//2199 2011//2183
f  2011//2183 2027//2199 2028//2200 2012//2184
f  2029//2201 2030//2202 2031//2203
f  2012//2184 2028//2200 2032//2204 2017//2189
f  2017//2189 2032//2204 2033//2205 2034//2206
f  2017//2189 2034//2206 2035//2207 2018//2190
f  2036//2208 2037//2209 2038//2210 2039//2211
f  2035//2207 2005//2177 2008//2180
f  2037//2209 2040//2212 2041//2213 2038//2210
f  2040//2212 2042//2214 2043//2215 2041//2213
f  2042//2214 2044//2216 2045//2217 2043//2215
f  2044//2216 2046//2218 2047//2219 2045//2217
f  2048//2220 2049//2221 2050//2222 2051//2223
f  2052//2224 2053//2225 2054//2226 2055//2227
f  2056//2228 2029//2201 2057//2229 2058//2230
f  2020//2192 2010//2182 2059//2231 2060//2232
f  2061//2233 2062//2234 2063//2235 2064//2236
f  2018//2190 2035//2207 2065//2237 2066//2238
f  2029//2201 2031//2203 2067//2239 2057//2229
f  2062//2234 2068//2240 2069//2241 2063//2235
f  2070//2242 2048//2220 2051//2223 2071//2243
f  2016//2188 2020//2192 2060//2232 2072//2244
f  2073//2245 2058//2230 2074//2246 2071//2243
f  2075//2247 2064//2236 2076//2248 2077//2249
f  2069//2241 2073//2245 2071//2243 2051//2223
f  2063//2235 2069//2241 2051//2223 2050//2222
f  2058//2230 2057//2229 2065//2237 2074//2246
f  2064//2236 2063//2235 2050//2222 2076//2248
f  2067//2239 2066//2238 2065//2237 2057//2229
f  2078//2250 2079//2251 2066//2238 2067//2239
f  2055//2227 2059//2231 2079//2251 2078//2250
f  2054//2226 2060//2232 2059//2231 2055//2227
f  2080//2252 2072//2244 2060//2232 2054//2226
f  2081//2253 2082//2254 2072//2244 2080//2252
f  2009//2181 2018//2190 2066//2238 2079//2251
f  2053//2225 2083//2255 2080//2252 2054//2226
f  2084//2256 2056//2228 2058//2230 2073//2245
f  2035//2207 2008//2180 2074//2246 2065//2237
f  2085//2257 2052//2224 2055//2227 2078//2250
f  2010//2182 2009//2181 2079//2251 2059//2231
f  2086//2258 2061//2233 2064//2236 2075//2247
f  2083//2255 2087//2259 2081//2253 2080//2252
f  2013//2185 2016//2188 2072//2244 2082//2254
f  2068//2240 2084//2256 2073//2245 2069//2241
f  2011//2183 2010//2182 2020//2192 2019//2191
f  2056//2228 2084//2256 2037//2209 2036//2208
f  2088//2260 2036//2208 2039//2211 2089//2261
f  2090//2262 2091//2263 2092//2264
f  2093//2265 2094//2266 2095//2267 2096//2268
f  2097//2269 2098//2270 2099//2271 2100//2272
f  2093//2265 2101//2273 2102//2274 2094//2266
f  2097//2269 2103//2275 2104//2276 2098//2270
f  2025//2277 2098//2270 2104//2276 2105//2278
f  2105//2278 2104//2276 2095//2267 2106//2279
f  2106//2279 2095//2267 2094//2266 2107//2280
f  2107//2280 2094//2266 2102//2274 2108//2281
f  2109//2282 2090//2262 2092//2264 2110//2283
f  2091//2263 2111//2284 2102//2274 2101//2273
f  2112//2285 2110//2283 2092//2264 2113//2286
f  2114//2287 2115//2288 2116//2289 2117//2290
f  2118//2291 2119//2292 2120//2293 2121//2294
f  2122//2295 2123//2296 2124//2297 2125//2298
f  2103//2275 2126//2299 2127//2300 2096//2268
f  2128//2301 2129//2302 2130//2303 2131//2304
f  2132//2305 2125//2298 2133//2306
f  2134//2307 2135//2308 2136//2309 2137//2310
f  2135//2308 2128//2301 2131//2304 2136//2309
f  2134//2307 2138//2311 2139//2312 2135//2308
f  2101//2273 2140//2313 2141//2314 2091//2263
f  2125//2298 2124//2297 2142//2315 2133//2306
f  2135//2308 2139//2312 2143//2316 2128//2301
f  2112//2285 2113//2286 2115//2288 2114//2287
f  2097//2269 2144//2317 2126//2299 2103//2275
f  2145//2318 2113//2286 2146//2319 2123//2296
f  2147//2320 2148//2321 2149//2322 2138//2311
f  2143//2316 2115//2288 2113//2286 2145//2318
f  2139//2312 2116//2289 2115//2288 2143//2316
f  2123//2296 2146//2319 2141//2314 2124//2297
f  2138//2311 2149//2322 2116//2289 2139//2312
f  2142//2315 2124//2297 2141//2314 2140//2313
f  2150//2323 2142//2315 2140//2313 2151//2324
f  2119//2292 2150//2323 2151//2324 2127//2300
f  2120//2293 2119//2292 2127//2300 2126//2299
f  2152//2325 2120//2293 2126//2299 2144//2317
f  2153//2326 2152//2325 2144//2317 2154//2327
f  2093//2265 2151//2324 2140//2313 2101//2273
f  2121//2294 2120//2293 2152//2325 2155//2328
f  2129//2302 2145//2318 2123//2296 2122//2295
f  2091//2263 2141//2314 2146//2319 2092//2264
f  2156//2329 2150//2323 2119//2292 2118//2291
f  2096//2268 2127//2300 2151//2324 2093//2265
f  2157//2330 2147//2320 2138//2311 2134//2307
f  2155//2328 2152//2325 2153//2326 2158//1995
f  2100//2272 2154//2327 2144//2317 2097//2269
f  2128//2301 2143//2316 2145//2318 2129//2302
f  2092//2264 2146//2319 2113//2286
f  2074//2246 2008//2180 2071//2243
f  2104//2276 2103//2275 2096//2268 2095//2267
f  2133//2306 2142//2315 2150//2323
f  2108//2281 2102//2274 2111//2284 2159//2331
f  2157//2330 2134//2307 2137//2310 2160//2332
f  2122//2295 2125//2298 2021//2193 2024//2196
f  2133//2306 2161//2333 2162//2334 2132//2305
f  2024//2196 2023//2195 2163//2335 2130//2303
f  2130//2303 2163//2335 2164//2336 2131//2304
f  2131//2304 2164//2336 2165//2337 2136//2309
f  2136//2309 2165//2337 2166//2338 2137//2310
f  2137//2310 2166//2338 2167//2339 2160//2332
f  2084//2256 2068//2240 2040//2212 2037//2209
f  2068//2240 2062//2234 2042//2214 2040//2212
f  2062//2234 2061//2233 2044//2216 2042//2214
f  2061//2233 2086//2258 2046//2218 2044//2216
f  2031//2203 2030//2202 2168//2340 2169//2341
f  2070//2242 2071//2243 2008//2180 2007//2179
f  2024//2196 2130//2303 2129//2302 2122//2295
f  2088//2260 2170//2342 2029//2201
f  2170//2342 2030//2202 2029//2201
f  2034//2206 2171//2343 2035//2207
f  2171//2343 2005//2177 2035//2207
f  2132//2305 2172//2344 2125//2298
f  2172//2344 2021//2193 2125//2298
f  2090//2262 2173//2345 2091//2263
f  2173//2345 2111//2284 2091//2263
f  2132//2305 2162//2334 2174//2346 2172//2344
f  2172//2344 2174//2346 2022//2194 2021//2193
f  2034//2206 2033//2205 2175//2347 2171//2343
f  2171//2343 2175//2347 2006//2178 2005//2177
f  2088//2260 2089//2261 2176//2348 2170//2342
f  2170//2342 2176//2348 2168//2340 2030//2202
f  2090//2262 2109//2282 2177//2349 2173//2345
f  2173//2345 2177//2349 2159//2331 2111//2284
f  2036//2208 2088//2260 2029//2201 2056//2228
f  2099//2271 2098//2270 2025//2277 2178//2350
f  2149//2322 2179//2351 2117//2290 2116//2289
f  2179//2351 2149//2322 2148//2321 2180//2352
f  2025//2197 2015//2187 2014//2186 2181//2353
f  2049//2221 2182//2354 2076//2248 2050//2222
f  2183//2355 2077//2249 2076//2248 2182//2354
f  2067//2239 2031//2203 2078//2250
f  2085//2257 2078//2250 2031//2203 2169//2341
f  2133//2306 2150//2323 2156//2329 2161//2333
f  2184//2356 2185//2357 2186//2358 2187//2359
f  2188//2360 2189//2361 2190//2362 2191//2363
f  2013//2185 2192//2364 2193//2365 2014//2186
f  2188//2360 2194//2366 2195//2367 2189//2361
f  2192//2364 2196//2368 2197//2369 2193//2365
f  2198//2370 2199//2371 2200//2372 2201//2373
f  2193//2365 2197//2369 2202//2374 2203//2375
f  2197//2369 2190//2362 2204//2376 2202//2374
f  2190//2362 2189//2361 2205//2377 2204//2376
f  2206//2378 2207//2379 2208//2380
f  2189//2361 2195//2367 2209//2381 2205//2377
f  2195//2367 2210//2382 2211//2383 2209//2381
f  2195//2367 2194//2366 2212//2384 2210//2382
f  2213//2385 2214//2386 2215//2387 2216//2388
f  2212//2384 2185//2357 2184//2356
f  2216//2388 2215//2387 2217//2389 2218//2390
f  2218//2390 2217//2389 2219//2391 2220//2392
f  2220//2392 2219//2391 2221//2393 2222//2394
f  2222//2394 2221//2393 2047//2219 2046//2218
f  2223//2395 2224//2396 2225//2397 2226//2398
f  2227//2399 2228//2400 2229//2401 2230//2402
f  2231//2403 2232//2404 2233//2405 2206//2378
f  2196//2368 2234//2406 2235//2407 2191//2363
f  2236//2408 2237//2409 2238//2410 2239//2411
f  2194//2366 2240//2412 2241//2413 2212//2384
f  2206//2378 2233//2405 2242//2414 2207//2379
f  2239//2411 2238//2410 2243//2415 2244//2416
f  2245//2417 2246//2418 2224//2396 2223//2395
f  2192//2364 2247//2419 2234//2406 2196//2368
f  2248//2420 2246//2418 2249//2421 2232//2404
f  2075//2247 2077//2249 2250//2422 2237//2409
f  2243//2415 2224//2396 2246//2418 2248//2420
f  2238//2410 2225//2397 2224//2396 2243//2415
f  2232//2404 2249//2421 2241//2413 2233//2405
f  2237//2409 2250//2422 2225//2397 2238//2410
f  2242//2414 2233//2405 2241//2413 2240//2412
f  2251//2423 2242//2414 2240//2412 2252//2424
f  2228//2400 2251//2423 2252//2424 2235//2407
f  2229//2401 2228//2400 2235//2407 2234//2406
f  2253//2425 2229//2401 2234//2406 2247//2419
f  2081//2253 2253//2425 2247//2419 2082//2254
f  2188//2360 2252//2424 2240//2412 2194//2366
f  2230//2402 2229//2401 2253//2425 2254//2426
f  2255//2427 2248//2420 2232//2404 2231//2403
f  2212//2384 2241//2413 2249//2421 2185//2357
f  2256//2428 2251//2423 2228//2400 2227//2399
f  2191//2363 2235//2407 2252//2424 2188//2360
f  2086//2258 2075//2247 2237//2409 2236//2408
f  2254//2426 2253//2425 2081//2253 2087//2259
f  2013//2185 2082//2254 2247//2419 2192//2364
f  2244//2416 2243//2415 2248//2420 2255//2427
f  2190//2362 2197//2369 2196//2368 2191//2363
f  2231//2403 2213//2385 2216//2388 2255//2427
f  2257//2429 2258//2430 2214//2386 2213//2385
f  2259//2431 2260//2432 2261//2433
f  2262//2434 2263//2435 2264//2436 2265//2437
f  2266//2438 2100//2272 2099//2271 2267//2439
f  2262//2434 2265//2437 2268//2440 2269//2441
f  2266//2438 2267//2439 2270//2442 2271//2443
f  2203//2444 2272//2445 2270//2442 2267//2439
f  2272//2445 2273//2446 2264//2436 2270//2442
f  2273//2446 2274//2447 2265//2437 2264//2436
f  2274//2447 2275//2448 2268//2440 2265//2437
f  2276//2449 2277//2450 2260//2432 2259//2431
f  2261//2433 2269//2441 2268//2440 2278//2451
f  2279//2452 2280//2453 2260//2432 2277//2450
f  2281//2454 2282//2455 2283//2456 2284//2457
f  2285//2458 2286//2459 2287//2460 2288//2461
f  2289//2462 2290//2463 2291//2464 2292//2465
f  2271//2443 2263//2435 2293//2466 2294//2467
f  2295//2468 2296//2469 2297//2470 2298//2471
f  2299//2472 2300//2473 2290//2463
f  2301//2474 2302//2475 2303//2476 2304//2477
f  2304//2477 2303//2476 2296//2469 2295//2468
f  2301//2474 2304//2477 2305//2478 2306//2479
f  2269//2441 2261//2433 2307//2480 2308//2481
f  2290//2463 2300//2473 2309//2482 2291//2464
f  2304//2477 2295//2468 2310//2483 2305//2478
f  2279//2452 2281//2454 2284//2457 2280//2453
f  2266//2438 2271//2443 2294//2467 2311//2484
f  2312//2485 2292//2465 2313//2486 2280//2453
f  2147//2320 2306//2479 2314//2487 2148//2321
f  2310//2483 2312//2485 2280//2453 2284//2457
f  2305//2478 2310//2483 2284//2457 2283//2456
f  2292//2465 2291//2464 2307//2480 2313//2486
f  2306//2479 2305//2478 2283//2456 2314//2487
f  2309//2482 2308//2481 2307//2480 2291//2464
f  2315//2488 2316//2489 2308//2481 2309//2482
f  2288//2461 2293//2466 2316//2489 2315//2488
f  2287//2460 2294//2467 2293//2466 2288//2461
f  2317//2490 2311//2484 2294//2467 2287//2460
f  2153//2326 2154//2327 2311//2484 2317//2490
f  2262//2434 2269//2441 2308//2481 2316//2489
f  2286//2459 2318//2491 2317//2490 2287//2460
f  2298//2471 2289//2462 2292//2465 2312//2485
f  2261//2433 2260//2432 2313//2486 2307//2480
f  2319//2492 2285//2458 2288//2461 2315//2488
f  2263//2435 2262//2434 2316//2489 2293//2466
f  2157//2330 2301//2474 2306//2479 2147//2320
f  2318//2491 2158//1995 2153//2326 2317//2490
f  2100//2272 2266//2438 2311//2484 2154//2327
f  2295//2468 2298//2471 2312//2485 2310//2483
f  2260//2432 2280//2453 2313//2486
f  2249//2421 2246//2418 2185//2357
f  2270//2442 2264//2436 2263//2435 2271//2443
f  2300//2473 2315//2488 2309//2482
f  2275//2448 2320//2493 2278//2451 2268//2440
f  2157//2330 2160//2332 2302//2475 2301//2474
f  2289//2462 2199//2371 2198//2370 2290//2463
f  2300//2473 2299//2472 2321//2494 2322//2495
f  2199//2371 2297//2470 2323//2496 2200//2372
f  2297//2470 2296//2469 2324//2497 2323//2496
f  2296//2469 2303//2476 2325//2498 2324//2497
f  2303//2476 2302//2475 2326//2499 2325//2498
f  2302//2475 2160//2332 2167//2339 2326//2499
f  2255//2427 2216//2388 2218//2390 2244//2416
f  2244//2416 2218//2390 2220//2392 2239//2411
f  2239//2411 2220//2392 2222//2394 2236//2408
f  2236//2408 2222//2394 2046//2218 2086//2258
f  2207//2379 2327//2500 2328//2501 2208//2380
f  2245//2417 2186//2358 2185//2357 2246//2418
f  2199//2371 2289//2462 2298//2471 2297//2470
f  2257//2429 2206//2378 2329//2502
f  2329//2502 2206//2378 2208//2380
f  2210//2382 2212//2384 2330//2503
f  2330//2503 2212//2384 2184//2356
f  2299//2472 2290//2463 2331//2504
f  2331//2504 2290//2463 2198//2370
f  2259//2431 2261//2433 2332//2505
f  2332//2505 2261//2433 2278//2451
f  2299//2472 2331//2504 2333//2506 2321//2494
f  2331//2504 2198//2370 2201//2373 2333//2506
f  2210//2382 2330//2503 2334//2507 2211//2383
f  2330//2503 2184//2356 2187//2359 2334//2507
f  2257//2429 2329//2502 2335//2508 2258//2430
f  2329//2502 2208//2380 2328//2501 2335//2508
f  2259//2431 2332//2505 2336//2509 2276//2449
f  2332//2505 2278//2451 2320//2493 2336//2509
f  2213//2385 2231//2403 2206//2378 2257//2429
f  2099//2271 2178//2350 2203//2444 2267//2439
f  2314//2487 2283//2456 2282//2455 2337//2510
f  2337//2510 2180//2352 2148//2321 2314//2487
f  2203//2375 2181//2353 2014//2186 2193//2365
f  2226//2398 2225//2397 2250//2422 2338//2511
f  2183//2355 2338//2511 2250//2422 2077//2249
f  2242//2414 2251//2423 2207//2379
f  2256//2428 2327//2500 2207//2379 2251//2423
f  2300//2473 2322//2495 2319//2492 2315//2488
f  2339//2512 2340//2513 2341//2514 2342//2515
f  2343//2516 2344//2517 2345//2518 2346//2519
f  2347//2520 2348//2521 2349//2522 2350//2523
f  2343//2516 2346//2519 2351//2524 2352//2525
f  2350//2523 2349//2522 2353//2526 2354//2527
f  2355//2528 2356//2529 2357//2530 2358//2531
f  2349//2522 2359//2532 2360//2533 2353//2526
f  2353//2526 2360//2533 2361//2534 2345//2518
f  2345//2518 2361//2534 2362//2535 2346//2519
f  2363//2536 2364//2537 2365//2538
f  2346//2519 2362//2535 2366//2539 2351//2524
f  2351//2524 2366//2539 2367//2540 2368//2541
f  2351//2524 2368//2541 2369//2542 2352//2525
f  2370//2543 2371//2544 2372//2545 2373//2546
f  2369//2542 2339//2512 2342//2515
f  2371//2544 2374//2547 2375//2548 2372//2545
f  2374//2547 2376//2549 2377//2550 2375//2548
f  2376//2549 2378//2551 2379//2552 2377//2550
f  2378//2551 2380//2553 2381//2219 2379//2552
f  2382//2554 2383//2555 2384//2556 2385//2557
f  2386//2558 2387//2559 2388//2560 2389//2561
f  2390//2562 2363//2536 2391//2563 2392//2564
f  2354//2527 2344//2517 2393//2565 2394//2566
f  2395//2567 2396//2568 2397//2569 2398//2570
f  2352//2525 2369//2542 2399//2571 2400//2572
f  2363//2536 2365//2538 2401//2573 2391//2563
f  2396//2568 2402//2574 2403//2575 2397//2569
f  2404//2576 2382//2554 2385//2557 2405//2577
f  2350//2523 2354//2527 2394//2566 2406//2578
f  2407//2579 2392//2564 2408//2580 2405//2577
f  2409//2581 2398//2570 2410//2582 2411//2583
f  2403//2575 2407//2579 2405//2577 2385//2557
f  2397//2569 2403//2575 2385//2557 2384//2556
f  2392//2564 2391//2563 2399//2571 2408//2580
f  2398//2570 2397//2569 2384//2556 2410//2582
f  2401//2573 2400//2572 2399//2571 2391//2563
f  2412//2584 2413//2585 2400//2572 2401//2573
f  2389//2561 2393//2565 2413//2585 2412//2584
f  2388//2560 2394//2566 2393//2565 2389//2561
f  2414//2586 2406//2578 2394//2566 2388//2560
f  2415//2587 2416//2588 2406//2578 2414//2586
f  2343//2516 2352//2525 2400//2572 2413//2585
f  2387//2559 2417//2589 2414//2586 2388//2560
f  2418//2590 2390//2562 2392//2564 2407//2579
f  2369//2542 2342//2515 2408//2580 2399//2571
f  2419//2591 2386//2558 2389//2561 2412//2584
f  2344//2517 2343//2516 2413//2585 2393//2565
f  2420//2592 2395//2567 2398//2570 2409//2581
f  2417//2589 2421//2259 2415//2587 2414//2586
f  2347//2520 2350//2523 2406//2578 2416//2588
f  2402//2574 2418//2590 2407//2579 2403//2575
f  2345//2518 2344//2517 2354//2527 2353//2526
f  2390//2562 2418//2590 2371//2544 2370//2543
f  2422//2593 2370//2543 2373//2546 2423//2594
f  2424//2595 2425//2596 2426//2597
f  2427//2598 2428//2599 2429//2600 2430//2601
f  2431//2602 2432//2603 2433//2604 2434//2605
f  2427//2598 2435//2606 2436//2607 2428//2599
f  2431//2602 2437//2608 2438//2609 2432//2603
f  2359//2610 2432//2603 2438//2609 2439//2611
f  2439//2611 2438//2609 2429//2600 2440//2612
f  2440//2612 2429//2600 2428//2599 2441//2613
f  2441//2613 2428//2599 2436//2607 2442//2614
f  2443//2615 2424//2595 2426//2597 2444//2616
f  2425//2596 2445//2617 2436//2607 2435//2606
f  2446//2618 2444//2616 2426//2597 2447//2619
f  2448//2620 2449//2621 2450//2622 2451//2623
f  2452//2624 2453//2625 2454//2626 2455//2627
f  2456//2628 2457//2629 2458//2630 2459//2631
f  2437//2608 2460//2632 2461//2633 2430//2601
f  2462//2634 2463//2635 2464//2636 2465//2637
f  2466//2638 2459//2631 2467//2639
f  2468//2640 2469//2641 2470//2642 2471//2643
f  2469//2641 2462//2634 2465//2637 2470//2642
f  2468//2640 2472//2644 2473//2645 2469//2641
f  2435//2606 2474//2646 2475//2647 2425//2596
f  2459//2631 2458//2630 2476//2648 2467//2639
f  2469//2641 2473//2645 2477//2649 2462//2634
f  2446//2618 2447//2619 2449//2621 2448//2620
f  2431//2602 2478//2650 2460//2632 2437//2608
f  2479//2651 2447//2619 2480//2652 2457//2629
f  2481//2653 2482//2654 2483//2655 2472//2644
f  2477//2649 2449//2621 2447//2619 2479//2651
f  2473//2645 2450//2622 2449//2621 2477//2649
f  2457//2629 2480//2652 2475//2647 2458//2630
f  2472//2644 2483//2655 2450//2622 2473//2645
f  2476//2648 2458//2630 2475//2647 2474//2646
f  2484//2656 2476//2648 2474//2646 2485//2657
f  2453//2625 2484//2656 2485//2657 2461//2633
f  2454//2626 2453//2625 2461//2633 2460//2632
f  2486//2658 2454//2626 2460//2632 2478//2650
f  2487//2659 2486//2658 2478//2650 2488//2660
f  2427//2598 2485//2657 2474//2646 2435//2606
f  2455//2627 2454//2626 2486//2658 2489//2661
f  2463//2635 2479//2651 2457//2629 2456//2628
f  2425//2596 2475//2647 2480//2652 2426//2597
f  2490//2662 2484//2656 2453//2625 2452//2624
f  2430//2601 2461//2633 2485//2657 2427//2598
f  2491//2663 2481//2653 2472//2644 2468//2640
f  2489//2661 2486//2658 2487//2659 2492//1995
f  2434//2605 2488//2660 2478//2650 2431//2602
f  2462//2634 2477//2649 2479//2651 2463//2635
f  2426//2597 2480//2652 2447//2619
f  2408//2580 2342//2515 2405//2577
f  2438//2609 2437//2608 2430//2601 2429//2600
f  2467//2639 2476//2648 2484//2656
f  2442//2614 2436//2607 2445//2617 2493//2664
f  2491//2663 2468//2640 2471//2643 2494//2665
f  2456//2628 2459//2631 2355//2528 2358//2531
f  2467//2639 2495//2666 2496//2667 2466//2638
f  2358//2531 2357//2530 2497//2668 2464//2636
f  2464//2636 2497//2668 2498//2669 2465//2637
f  2465//2637 2498//2669 2499//2670 2470//2642
f  2470//2642 2499//2670 2500//2671 2471//2643
f  2471//2643 2500//2671 2501//2339 2494//2665
f  2418//2590 2402//2574 2374//2547 2371//2544
f  2402//2574 2396//2568 2376//2549 2374//2547
f  2396//2568 2395//2567 2378//2551 2376//2549
f  2395//2567 2420//2592 2380//2553 2378//2551
f  2365//2538 2364//2537 2502//2672 2503//2673
f  2404//2576 2405//2577 2342//2515 2341//2514
f  2358//2531 2464//2636 2463//2635 2456//2628
f  2422//2593 2504//2674 2363//2536
f  2504//2674 2364//2537 2363//2536
f  2368//2541 2505//2675 2369//2542
f  2505//2675 2339//2512 2369//2542
f  2466//2638 2506//2676 2459//2631
f  2506//2676 2355//2528 2459//2631
f  2424//2595 2507//2677 2425//2596
f  2507//2677 2445//2617 2425//2596
f  2466//2638 2496//2667 2508//2678 2506//2676
f  2506//2676 2508//2678 2356//2529 2355//2528
f  2368//2541 2367//2540 2509//2679 2505//2675
f  2505//2675 2509//2679 2340//2513 2339//2512
f  2422//2593 2423//2594 2510//2680 2504//2674
f  2504//2674 2510//2680 2502//2672 2364//2537
f  2424//2595 2443//2615 2511//2681 2507//2677
f  2507//2677 2511//2681 2493//2664 2445//2617
f  2370//2543 2422//2593 2363//2536 2390//2562
f  2433//2604 2432//2603 2359//2610 2512//2682
f  2483//2655 2513//2683 2451//2623 2450//2622
f  2513//2683 2483//2655 2482//2654 2514//2017
f  2359//2532 2349//2522 2348//2521 2515//2684
f  2383//2555 2516//2685 2410//2582 2384//2556
f  2517//2686 2411//2583 2410//2582 2516//2685
f  2401//2573 2365//2538 2412//2584
f  2419//2591 2412//2584 2365//2538 2503//2673
f  2467//2639 2484//2656 2490//2662 2495//2666
f  2518//2687 2519//2688 2520//2689 2521//2690
f  2522//2691 2523//2692 2524//2693 2525//2694
f  2347//2520 2526//2695 2527//2696 2348//2521
f  2522//2691 2528//2697 2529//2698 2523//2692
f  2526//2695 2530//2699 2531//2700 2527//2696
f  2532//2701 2533//2702 2534//2703 2535//2704
f  2527//2696 2531//2700 2536//2705 2537//2706
f  2531//2700 2524//2693 2538//2707 2536//2705
f  2524//2693 2523//2692 2539//2708 2538//2707
f  2540//2709 2541//2710 2542//2711
f  2523//2692 2529//2698 2543//2712 2539//2708
f  2529//2698 2544//2713 2545//2714 2543//2712
f  2529//2698 2528//2697 2546//2715 2544//2713
f  2547//2716 2548//2717 2549//2718 2550//2719
f  2546//2715 2519//2688 2518//2687
f  2550//2719 2549//2718 2551//2720 2552//2721
f  2552//2721 2551//2720 2553//2722 2554//2723
f  2554//2723 2553//2722 2555//2724 2556//2725
f  2556//2725 2555//2724 2381//2219 2380//2553
f  2557//2726 2558//2727 2559//2728 2560//2729
f  2561//2730 2562//2731 2563//2732 2564//2733
f  2565//2734 2566//2735 2567//2736 2540//2709
f  2530//2699 2568//2737 2569//2738 2525//2694
f  2570//2739 2571//2740 2572//2741 2573//2742
f  2528//2697 2574//2743 2575//2744 2546//2715
f  2540//2709 2567//2736 2576//2745 2541//2710
f  2573//2742 2572//2741 2577//2746 2578//2747
f  2579//2748 2580//2749 2558//2727 2557//2726
f  2526//2695 2581//2750 2568//2737 2530//2699
f  2582//2751 2580//2749 2583//2752 2566//2735
f  2409//2581 2411//2583 2584//2753 2571//2740
f  2577//2746 2558//2727 2580//2749 2582//2751
f  2572//2741 2559//2728 2558//2727 2577//2746
f  2566//2735 2583//2752 2575//2744 2567//2736
f  2571//2740 2584//2753 2559//2728 2572//2741
f  2576//2745 2567//2736 2575//2744 2574//2743
f  2585//2754 2576//2745 2574//2743 2586//2755
f  2562//2731 2585//2754 2586//2755 2569//2738
f  2563//2732 2562//2731 2569//2738 2568//2737
f  2587//2756 2563//2732 2568//2737 2581//2750
f  2415//2587 2587//2756 2581//2750 2416//2588
f  2522//2691 2586//2755 2574//2743 2528//2697
f  2564//2733 2563//2732 2587//2756 2588//2757
f  2589//2758 2582//2751 2566//2735 2565//2734
f  2546//2715 2575//2744 2583//2752 2519//2688
f  2590//2759 2585//2754 2562//2731 2561//2730
f  2525//2694 2569//2738 2586//2755 2522//2691
f  2420//2592 2409//2581 2571//2740 2570//2739
f  2588//2757 2587//2756 2415//2587 2421//2259
f  2347//2520 2416//2588 2581//2750 2526//2695
f  2578//2747 2577//2746 2582//2751 2589//2758
f  2524//2693 2531//2700 2530//2699 2525//2694
f  2565//2734 2547//2716 2550//2719 2589//2758
f  2591//2760 2592//2761 2548//2717 2547//2716
f  2593//2762 2594//2763 2595//2764
f  2596//2765 2597//2766 2598//2767 2599//2768
f  2600//2769 2434//2605 2433//2604 2601//2770
f  2596//2765 2599//2768 2602//2771 2603//2772
f  2600//2769 2601//2770 2604//2773 2605//2774
f  2537//2775 2606//2776 2604//2773 2601//2770
f  2606//2776 2607//2777 2598//2767 2604//2773
f  2607//2777 2608//2778 2599//2768 2598//2767
f  2608//2778 2609//2779 2602//2771 2599//2768
f  2610//2780 2611//2781 2594//2763 2593//2762
f  2595//2764 2603//2772 2602//2771 2612//2782
f  2613//2783 2614//2784 2594//2763 2611//2781
f  2615//2785 2616//2786 2617//2787 2618//2788
f  2619//2789 2620//2790 2621//2791 2622//2792
f  2623//2793 2624//2794 2625//2795 2626//2796
f  2605//2774 2597//2766 2627//2797 2628//2798
f  2629//2799 2630//2800 2631//2801 2632//2802
f  2633//2803 2634//2804 2624//2794
f  2635//2805 2636//2806 2637//2807 2638//2808
f  2638//2808 2637//2807 2630//2800 2629//2799
f  2635//2805 2638//2808 2639//2809 2640//2810
f  2603//2772 2595//2764 2641//2811 2642//2812
f  2624//2794 2634//2804 2643//2813 2625//2795
f  2638//2808 2629//2799 2644//2814 2639//2809
f  2613//2783 2615//2785 2618//2788 2614//2784
f  2600//2769 2605//2774 2628//2798 2645//2815
f  2646//2816 2626//2796 2647//2817 2614//2784
f  2481//2653 2640//2810 2648//2818 2482//2654
f  2644//2814 2646//2816 2614//2784 2618//2788
f  2639//2809 2644//2814 2618//2788 2617//2787
f  2626//2796 2625//2795 2641//2811 2647//2817
f  2640//2810 2639//2809 2617//2787 2648//2818
f  2643//2813 2642//2812 2641//2811 2625//2795
f  2649//2819 2650//2820 2642//2812 2643//2813
f  2622//2792 2627//2797 2650//2820 2649//2819
f  2621//2791 2628//2798 2627//2797 2622//2792
f  2651//2821 2645//2815 2628//2798 2621//2791
f  2487//2659 2488//2660 2645//2815 2651//2821
f  2596//2765 2603//2772 2642//2812 2650//2820
f  2620//2790 2652//2822 2651//2821 2621//2791
f  2632//2802 2623//2793 2626//2796 2646//2816
f  2595//2764 2594//2763 2647//2817 2641//2811
f  2653//2823 2619//2789 2622//2792 2649//2819
f  2597//2766 2596//2765 2650//2820 2627//2797
f  2491//2663 2635//2805 2640//2810 2481//2653
f  2652//2822 2492//1995 2487//2659 2651//2821
f  2434//2605 2600//2769 2645//2815 2488//2660
f  2629//2799 2632//2802 2646//2816 2644//2814
f  2594//2763 2614//2784 2647//2817
f  2583//2752 2580//2749 2519//2688
f  2604//2773 2598//2767 2597//2766 2605//2774
f  2634//2804 2649//2819 2643//2813
f  2609//2779 2654//2824 2612//2782 2602//2771
f  2491//2663 2494//2665 2636//2806 2635//2805
f  2623//2793 2533//2702 2532//2701 2624//2794
f  2634//2804 2633//2803 2655//2825 2656//2826
f  2533//2702 2631//2801 2657//2827 2534//2703
f  2631//2801 2630//2800 2658//2828 2657//2827
f  2630//2800 2637//2807 2659//2829 2658//2828
f  2637//2807 2636//2806 2660//2830 2659//2829
f  2636//2806 2494//2665 2501//2339 2660//2830
f  2589//2758 2550//2719 2552//2721 2578//2747
f  2578//2747 2552//2721 2554//2723 2573//2742
f  2573//2742 2554//2723 2556//2725 2570//2739
f  2570//2739 2556//2725 2380//2553 2420//2592
f  2541//2710 2661//2831 2662//2832 2542//2711
f  2579//2748 2520//2689 2519//2688 2580//2749
f  2533//2702 2623//2793 2632//2802 2631//2801
f  2591//2760 2540//2709 2663//2833
f  2663//2833 2540//2709 2542//2711
f  2544//2713 2546//2715 2664//2834
f  2664//2834 2546//2715 2518//2687
f  2633//2803 2624//2794 2665//2835
f  2665//2835 2624//2794 2532//2701
f  2593//2762 2595//2764 2666//2836
f  2666//2836 2595//2764 2612//2782
f  2633//2803 2665//2835 2667//2837 2655//2825
f  2665//2835 2532//2701 2535//2704 2667//2837
f  2544//2713 2664//2834 2668//2838 2545//2714
f  2664//2834 2518//2687 2521//2690 2668//2838
f  2591//2760 2663//2833 2669//2839 2592//2761
f  2663//2833 2542//2711 2662//2832 2669//2839
f  2593//2762 2666//2836 2670//2840 2610//2780
f  2666//2836 2612//2782 2654//2824 2670//2840
f  2547//2716 2565//2734 2540//2709 2591//2760
f  2433//2604 2512//2682 2537//2775 2601//2770
f  2648//2818 2617//2787 2616//2786 2671//2841
f  2671//2841 2514//2017 2482//2654 2648//2818
f  2537//2706 2515//2684 2348//2521 2527//2696
f  2560//2729 2559//2728 2584//2753 2672//2842
f  2517//2686 2672//2842 2584//2753 2411//2583
f  2576//2745 2585//2754 2541//2710
f  2590//2759 2661//2831 2541//2710 2585//2754
f  2634//2804 2656//2826 2653//2823 2649//2819
f  2673//2843 2674//2844 2675//2845 2676//2846
f  2677//2847 2678//2848 2679//2849
f  2680//2850 2681//2851 2682//2852 2683//2853
f  2684//2854 2685//2855 2686//2856 2687//2857
f  2680//2850 2688//2858 2689//2859 2681//2851
f  2684//2854 2690//2860 2691//1604 2685//2855
f  2692//2861 2685//2855 2691//1604 2693//1606
f  2693//1606 2691//1604 2682//2852 2694//2862
f  2694//2862 2682//2852 2681//2851 2695//2863
f  2695//2863 2681//2851 2689//2859 2696//2864
f  2697//2865 2677//2847 2679//2849 2698//2866
f  2678//2848 2699//2867 2689//2859 2688//2858
f  2700//2868 2698//2866 2679//2849 2701//2869
f  2702//2870 2703//2871 2704//2872 2705//2873
f  2706//2874 2707//2875 2708//2876 2709//2877
f  2710//2878 2711//2879 2712//2880 2713//2881
f  2690//2860 2714//2882 2715//2883 2683//2853
f  2716//2884 2717//2885 2718//2886 2719//2887
f  2720//2888 2713//2881 2721//2889
f  2722//2890 2723//2891 2724//2892 2725//2893
f  2723//2891 2716//2884 2719//2887 2724//2892
f  2722//2890 2726//2894 2727//2895 2723//2891
f  2688//2858 2728//2896 2729//2897 2678//2848
f  2713//2881 2712//2880 2730//2898 2721//2889
f  2723//2891 2727//2895 2731//2899 2716//2884
f  2700//2868 2701//2869 2703//2871 2702//2870
f  2684//2854 2732//2900 2714//2882 2690//2860
f  2733//2901 2701//2869 2734//2902 2711//2879
f  2735//2903 2736//2904 2737//2905 2726//2894
f  2731//2899 2703//2871 2701//2869 2733//2901
f  2727//2895 2704//2872 2703//2871 2731//2899
f  2711//2879 2734//2902 2729//2897 2712//2880
f  2726//2894 2737//2905 2704//2872 2727//2895
f  2730//2898 2712//2880 2729//2897 2728//2896
f  2738//2906 2730//2898 2728//2896 2739//2907
f  2707//2875 2738//2906 2739//2907 2715//2883
f  2708//2876 2707//2875 2715//2883 2714//2882
f  2740//2908 2708//2876 2714//2882 2732//2900
f  2741//1654 2740//2908 2732//2900 2742//2909
f  2680//2850 2739//2907 2728//2896 2688//2858
f  2709//2877 2708//2876 2740//2908 2743//2910
f  2717//2885 2733//2901 2711//2879 2710//2878
f  2678//2848 2729//2897 2734//2902 2679//2849
f  2744//2911 2738//2906 2707//2875 2706//2874
f  2683//2853 2715//2883 2739//2907 2680//2850
f  2745//2912 2735//2903 2726//2894 2722//2890
f  2743//2910 2740//2908 2741//1654 2746//1659
f  2687//2857 2742//2909 2732//2900 2684//2854
f  2716//2884 2731//2899 2733//2901 2717//2885
f  2679//2849 2734//2902 2701//2869
f  2691//1604 2690//2860 2683//2853 2682//2852
f  2721//2889 2730//2898 2738//2906
f  2696//2864 2689//2859 2699//2867 2747//2913
f  2745//2912 2722//2890 2725//2893 2748//2914
f  2710//2878 2713//2881 2673//2843 2676//2846
f  2721//2889 2749//2915 2750//2916 2720//2888
f  2676//2846 2675//2845 2751//2917 2718//2886
f  2718//2886 2751//2917 2752//2918 2719//2887
f  2719//2887 2752//2918 2753//2919 2724//2892
f  2724//2892 2753//2919 2754//2920 2725//2893
f  2725//2893 2754//2920 2755//1668 2748//2914
f  2676//2846 2718//2886 2717//2885 2710//2878
f  2720//2888 2756//2921 2713//2881
f  2756//2921 2673//2843 2713//2881
f  2677//2847 2757//2922 2678//2848
f  2757//2922 2699//2867 2678//2848
f  2720//2888 2750//2916 2758//2923 2756//2921
f  2756//2921 2758//2923 2674//2844 2673//2843
f  2677//2847 2697//2865 2759//2924 2757//2922
f  2757//2922 2759//2924 2747//2913 2699//2867
f  2686//2856 2685//2855 2692//2861 2760//2925
f  2737//2905 2761//2926 2705//2873 2704//2872
f  2761//2926 2737//2905 2736//2904 2762//2927
f  2721//2889 2738//2906 2744//2911 2749//2915
f  2763//2928 2764//2929 2765//2930 2766//2931
f  2767//2932 2768//2933 2769//2934
f  2770//2935 2771//2936 2772//2937 2773//2938
f  2774//2939 2687//2857 2686//2856 2775//2940
f  2770//2935 2773//2938 2776//2941 2777//2942
f  2774//2939 2775//2940 2778//2943 2779//2944
f  2780//2945 2781//2946 2778//2943 2775//2940
f  2781//2946 2782//2947 2772//2937 2778//2943
f  2782//2947 2783//2948 2773//2938 2772//2937
f  2783//2948 2784//2949 2776//2941 2773//2938
f  2785//2950 2786//2951 2768//2933 2767//2932
f  2769//2934 2777//2942 2776//2941 2787//2952
f  2788//2953 2789//2954 2768//2933 2786//2951
f  2790//2955 2791//2956 2792//2957 2793//2958
f  2794//2959 2795//2960 2796//2961 2797//2962
f  2798//2963 2799//2964 2800//2965 2801//2966
f  2779//2944 2771//2936 2802//2967 2803//2968
f  2804//2969 2805//2970 2806//2971 2807//2972
f  2808//2973 2809//2974 2799//2964
f  2810//2975 2811//2976 2812//2977 2813//2978
f  2813//2978 2812//2977 2805//2970 2804//2969
f  2810//2975 2813//2978 2814//2979 2815//2980
f  2777//2942 2769//2934 2816//2981 2817//1810
f  2799//2964 2809//2974 2818//2982 2800//2965
f  2813//2978 2804//2969 2819//2983 2814//2979
f  2788//2953 2790//2955 2793//2958 2789//2954
f  2774//2939 2779//2944 2803//2968 2820//2984
f  2821//2985 2801//2966 2822//2986 2789//2954
f  2735//2903 2815//2980 2823//2987 2736//2904
f  2819//2983 2821//2985 2789//2954 2793//2958
f  2814//2979 2819//2983 2793//2958 2792//2957
f  2801//2966 2800//2965 2816//2981 2822//2986
f  2815//2980 2814//2979 2792//2957 2823//2987
f  2818//2982 2817//1810 2816//2981 2800//2965
f  2824//2988 2825//2989 2817//1810 2818//2982
f  2797//2962 2802//2967 2825//2989 2824//2988
f  2796//2961 2803//2968 2802//2967 2797//2962
f  2826//2990 2820//2984 2803//2968 2796//2961
f  2741//1654 2742//2909 2820//2984 2826//2990
f  2770//2935 2777//2942 2817//1810 2825//2989
f  2795//2960 2827//2991 2826//2990 2796//2961
f  2807//2972 2798//2963 2801//2966 2821//2985
f  2769//2934 2768//2933 2822//2986 2816//2981
f  2828//2992 2794//2959 2797//2962 2824//2988
f  2771//2936 2770//2935 2825//2989 2802//2967
f  2745//2912 2810//2975 2815//2980 2735//2903
f  2827//2991 2746//1659 2741//1654 2826//2990
f  2687//2857 2774//2939 2820//2984 2742//2909
f  2804//2969 2807//2972 2821//2985 2819//2983
f  2768//2933 2789//2954 2822//2986
f  2778//2943 2772//2937 2771//2936 2779//2944
f  2809//2974 2824//2988 2818//2982
f  2784//2949 2829//2993 2787//2952 2776//2941
f  2745//2912 2748//2914 2811//2976 2810//2975
f  2798//2963 2764//2929 2763//2928 2799//2964
f  2809//2974 2808//2973 2830//2994 2831//2995
f  2764//2929 2806//2971 2832//2996 2765//2930
f  2806//2971 2805//2970 2833//2997 2832//2996
f  2805//2970 2812//2977 2834//2998 2833//2997
f  2812//2977 2811//2976 2835//2999 2834//2998
f  2811//2976 2748//2914 2755//1668 2835//2999
f  2764//2929 2798//2963 2807//2972 2806//2971
f  2808//2973 2799//2964 2836//3000
f  2836//3000 2799//2964 2763//2928
f  2767//2932 2769//2934 2837//3001
f  2837//3001 2769//2934 2787//2952
f  2808//2973 2836//3000 2838//3002 2830//2994
f  2836//3000 2763//2928 2766//2931 2838//3002
f  2767//2932 2837//3001 2839//3003 2785//2950
f  2837//3001 2787//2952 2829//2993 2839//3003
f  2686//2856 2760//2925 2780//2945 2775//2940
f  2823//2987 2792//2957 2791//2956 2840//3004
f  2840//3004 2762//2927 2736//2904 2823//2987
f  2809//2974 2831//2995 2828//2992 2824//2988

