# File produced by Open Asset Import Library (http://www.assimp.sf.net)
# (assimp v5.0.1588609223)

mtllib result.mtl

# 5918 vertex positions
v  -1505.3534 3181.0127 -692.65106
v  -1416.1545 3069.2563 -559.56134
v  -1533.8672 3194.7312 -635.57739
v  1428.7992 3069.2578 -559.56091
v  1517.9979 3181.0127 -692.65051
v  1546.4985 3194.7312 -635.5769
v  -1560.8022 3290.2341 -785.39221
v  -1598.3845 3305.3201 -698.37555
v  1573.4469 3290.2341 -785.39172
v  1611.0293 3305.3201 -698.37506
v  -1267.7311 3157.5547 -820.66528
v  -1249.2653 3098.2615 -713.0249
v  -1376.926 3219.6917 -760.5285
v  -1151.0469 3024.2361 -688.13025
v  1261.9031 3098.2615 -713.02466
v  1280.3691 3157.5564 -820.66498
v  1389.5571 3219.6917 -760.52802
v  1163.6847 3024.2361 -688.12988
v  -879.2915 3053.1611 -862.36737
v  -774.34473 3014.3928 -940.30353
v  -607.47028 2890.9883 -846.65021
v  786.9826 3014.394 -940.30334
v  891.80133 3055.6038 -861.76929
v  763.27686 2978.2478 -846.50165
v  706.8374 2948.7634 -894.66351
v  509.29251 2828.2563 -800.45422
v  -1322.3069 3247.6809 -885.5929
v  -1430.3237 3294.1396 -781.83099
v  1334.9449 3247.6819 -885.59253
v  1442.9685 3294.1409 -781.83051
v  -1643.8206 3441.6265 -775.40082
v  -1596.1578 3425.9124 -866.04755
v  1608.7891 3425.9124 -866.04706
v  1656.4517 3441.6279 -775.40033
v  446.18677 2788.6177 -833.22565
v  561.72278 2914.3379 -946.30566
v  584.31525 2917.1555 -930.0542
v  -848.14349 3108.6279 -1026.2664
v  -971.09204 3149.3623 -923.48126
v  860.78546 3108.6289 -1026.266
v  983.50861 3151.7075 -922.82104
v  -1359.8689 3364.6145 -953.4151
v  -1493.5051 3437.2922 -832.47858
v  1372.5135 3364.6162 -953.41461
v  1506.1362 3437.2922 -832.47809
v  -1030.7284 3257.9094 -978.17078
v  -902.66266 3216.1345 -1099.8627
v  1043.0829 3260.1458 -977.46057
v  915.30597 3216.1345 -1099.8624
v  377.51569 6999.7993 588.08795
v  293.2883 7003.1328 607.46332
v  377.99881 6984.4824 605.508
v  300.93698 6985.7515 625.46509
v  -1657.5039 3540.3184 -821.02582
v  -1603.1345 3525.9958 -903.64728
v  604.10907 3010.7844 -1019.8927
v  633.65662 3014.803 -996.71185
v  196.11839 7046.4224 429.68668
v  345.8508 7023.0093 405.77441
v  319.97916 7065.8813 292.56616
v  152.23965 7094.3413 305.25504
v  1670.1351 3540.3201 -821.02533
v  1615.7657 3525.9958 -903.64685
v  438.73764 6884.0566 619.23206
v  300.54025 6898.2529 689.85822
v  477.30484 6832.0356 721.21814
v  277.51459 6942.582 638.6532
v  -571.67737 2917.1555 -930.05438
v  -621.01868 3014.803 -996.71191
v  -549.08484 2914.3379 -946.30585
v  -591.4657 3010.783 -1019.8928
v  -330.35635 2627.5364 -833.22577
v  355.7706 7006.52 519.61676
v  213.51283 7027.4629 547.26569
v  -987.8374 3038.5183 -801.14404
v  -1100.2439 3139.4192 -839.14471
v  1000.4753 3038.5195 -801.14374
v  1112.882 3139.4192 -839.14435
v  -431.65442 6971.9062 392.97742
v  -181.66858 7105.0024 331.92963
v  -445.68738 7030.0537 272.07736
v  -164.14598 7035.8965 452.15625
v  -29.460659 6823.9922 753.09888
v  171.29655 6902.8413 640.23889
v  -109.95083 6859.1729 664.15521
v  -414.64062 6935.9971 607.69
v  -142.33076 6997.5859 621.88757
v  53.711605 7015.6548 438.19492
v  104.26245 6972.0542 561.79791
v  -162.5712 6860.1035 608.90997
v  6.3213625 6866.2573 583.45392
v  -51.678257 6933.4062 510.95868
v  -106.06936 6971.9736 401.87308
v  175.19376 6860.1035 608.91003
v  60.604321 6929.8569 517.04877
v  118.88715 6971.9863 401.84747
v  139.13776 6761.8501 804.92596
v  72.62439 6767.5713 781.27277
v  228.81152 6956.3057 641.8501
v  216.08214 6969.4634 627.2207
v  518.32153 6947.4268 368.42838
v  497.59125 6987.5732 248.92363
v  60.465408 7108.1733 -3.64627
v  6.316308 7108.0522 10.11366
v  -47.82766 7108.1733 -3.6462865
v  167.75433 7091.5884 29.963467
v  283.15134 7048.7295 19.54439
v  -629.96014 3133.8044 -1099.451
v  -667.16321 3137.0649 -1070.5876
v  642.59808 3133.8044 -1099.4509
v  679.80115 3137.0662 -1070.5874
v  -270.4314 7048.7295 19.554562
v  -162.58595 7089.5913 30.750961
v  6.3163533 7097.3237 -292.41428
v  -73.242104 7091.71 -302.7619
v  85.879944 7091.71 -302.76184
v  212.44266 6707.7241 826.00159
v  -1166.6909 3252.0906 -876.48688
v  533.70795 6930.7607 482.14124
v  601.24664 6767.1265 586.78052
v  5.7448525 7025.6812 301.32678
v  -268.97009 6706.3203 797.12195
v  -374.46744 6748.3291 641.12952
v  1179.3289 3252.0906 -876.48645
v  272.60931 6865.0972 689.90552
v  201.70389 7073.25 -266.37656
v  -197.17371 7071.1172 -265.45093
v  445.8924 6952.1499 574.8067
v  -378.85309 7031.9702 -7.239429
v  -167.7706 6928.6836 426.51541
v  180.47961 6928.6836 426.50467
v  391.55273 7031.9702 -7.2444668
v  -340.21948 3089.9946 -1065.9442
v  -205.21494 3136.1013 -1190.4377
v  -160.37808 3025.5676 -1110.0092
v  -389.33411 3198.3662 -1136.592
v  -268.85104 2983.9978 -1013.3088
v  -113.09074 2930.0859 -1050.2487
v  6.3215389 2647.0344 -847.36658
v  -1378.5453 3494.8689 -1001.8145
v  -1505.151 3535.5513 -861.50665
v  1391.1901 3494.8706 -1001.814
v  1517.7821 3535.5513 -861.50616
v  341.09961 3087.1445 -1067.2058
v  173.01602 3025.5676 -1110.0092
v  217.85291 3136.1013 -1190.4377
v  389.93219 3195.6418 -1138.4756
v  271.30197 2981.8455 -1014.1116
v  125.72882 2930.0859 -1050.2487
v  -313.73526 7028.3125 -275.12244
v  -454.01611 7005.3452 -268.92035
v  326.37292 7028.3125 -275.12238
v  466.65381 7005.3589 -268.9202
v  -298.3476 6785.1548 572.70148
v  -336.60043 6861.5479 424.79077
v  -359.1687 6792.9824 569.03101
v  -250.20183 6867.7549 415.95728
v  -540.8952 6949.1006 3.1538732
v  -459.194 6961.7041 -5.2163606
v  371.62668 6792.9824 569.05133
v  349.15158 6861.5479 424.79626
v  311.12 6783.8066 571.89734
v  263.16861 6866.3247 415.2988
v  472.01785 6960.1655 -5.4375696
v  553.53278 6949.1006 3.1488838
v  -652.53918 3219.3586 -1150.6451
v  -692.12531 3225.3201 -1116.2531
v  665.17712 3219.3586 -1150.645
v  704.76324 3225.3201 -1116.2529
v  409.00912 6736.751 719.44763
v  -235.73036 6829.876 599.63385
v  248.2706 6829.876 599.64874
v  -683.75494 6783.104 504.30722
v  -706.80615 6794.8716 256.44943
v  -538.81024 6934.0264 -249.29663
v  -617.52911 6919.5068 -228.97392
v  551.66382 6932.5425 -249.32211
v  630.16687 6919.5068 -228.97372
v  -90.342773 3042.4358 -1065.6405
v  6.3216 3139.0066 -1167.7616
v  6.3215876 3029.0291 -1084.58
v  -116.34413 3151.8157 -1147.2271
v  102.98084 3042.4358 -1065.6405
v  128.98209 3151.8157 -1147.2271
v  -723.64465 6849.3354 104.49767
v  -1066.0111 3376.3254 -1028.4648
v  -1201.4231 3375.5491 -916.08923
v  1078.3306 3378.4395 -1027.6967
v  1214.061 3375.5491 -916.08887
v  -127.00024 6599.5791 867.08582
v  645.80005 6686.0918 729.94922
v  -529.18884 6536.5732 741.15637
v  -621.94598 6591.4561 547.9809
v  721.26678 6777.9761 287.45462
v  711.04883 6819.3506 157.5038
v  -256.15131 3268.5415 -1263.4376
v  -435.33417 3328.9944 -1196.9543
v  268.78931 3268.5415 -1263.4376
v  436.24139 3326.3711 -1199.6519
v  6.6353202 6527.0186 888.73645
v  819.66626 2947.0808 -815.784
v  722.01306 6780.9458 432.76492
v  402.27536 6484.2148 875.63605
v  548.71381 6545.1826 704.42169
v  729.26099 6604.1128 533.7066
v  6.3216133 3270.0017 -1254.9497
v  -145.87686 3282.5505 -1226.1888
v  158.52023 3282.5505 -1226.1888
v  -651.67419 3023.4919 -946.56897
v  -603.3573 6654.5151 382.06451
v  -655.67957 6698.9932 264.09274
v  522.2243 3110.3928 -1072.5698
v  575.53436 3217.1846 -1134.3734
v  668.1673 6698.979 264.11856
v  615.7735 6654.5151 382.09567
v  -764.24561 6695.188 26.843796
v  -715.08893 3344.7886 -1165.6418
v  -677.73212 3337.3625 -1208.476
v  778.17999 6695.0796 25.989559
v  690.37 3337.3625 -1208.4758
v  727.72687 3344.7886 -1165.6416
v  -702.26105 3225.0989 -1096.0948
v  -679.4715 3116.6206 -1028.1042
v  692.10944 3116.6218 -1028.104
v  714.89899 3225.0989 -1096.0948
v  664.31213 3023.4937 -946.56891
v  -509.5864 3110.3928 -1072.5699
v  -562.89648 3217.1846 -1134.3735
v  631.33557 2957.925 -900.92377
v  -890.63251 6586.5977 342.86966
v  221.89441 6942.1641 -541.54456
v  108.70514 6976.5757 -586.48401
v  -217.18333 6938.9116 -540.06293
v  -96.067223 6976.5757 -586.48401
v  -62.925983 2947.7664 -1005.7828
v  6.3215785 2933.5876 -1024.5874
v  75.563896 2947.7664 -1005.7828
v  -331.19577 6879.6167 -542.34747
v  343.83356 6879.6167 -542.34741
v  -812.17004 7129.3188 180.09195
v  -656.10602 7240.8789 259.48013
v  -654.44348 7222.6606 226.05154
v  -648.60571 7210.314 270.97614
v  -344.26666 7257.0181 318.91138
v  -347.92639 7218.2349 343.08008
v  -1080.3059 3480.9832 -1060.2565
v  -1211.4915 3493.9165 -945.42627
v  -874.00043 6604.896 135.16345
v  -877.3053 6652.0586 2.4950092
v  -826.33655 6264.457 573.37494
v  -803.80078 6415.4326 434.68912
v  -55.328094 7127.9565 322.17581
v  -66.689125 7101.9927 342.49854
v  -501.37509 6850.9673 -505.86514
v  514.01288 6850.9673 -505.86499
v  53.81472 6946.2935 -555.88654
v  -41.176807 6946.2935 -555.88654
v  -1362.9592 3682.5239 -1035.6049
v  -1487.0817 3705.6577 -905.68506
v  1375.6039 3682.5239 -1035.6044
v  1499.713 3705.6577 -905.68463
v  617.10156 3346.6536 -1183.1736
v  170.17921 6900.0884 641.65985
v  751.61731 6542.376 736.34833
v  -250.86989 6290.811 900.81805
v  -394.15329 6347.5156 822.90204
v  -1540.3986 3868.8069 -951.32495
v  -1645.8987 3728.011 -871.61279
v  -1601.6232 3892.4089 -881.63525
v  -1577.0361 3710.6111 -947.36151
v  -604.46362 3346.6536 -1183.1737
v  1658.5435 3728.011 -871.6123
v  1553.0432 3868.8074 -951.32452
v  1614.2677 3892.4092 -881.63477
v  1589.6809 3710.6125 -947.36102
v  -580.95892 6780.0405 -466.61359
v  -655.1842 6761.918 -433.22543
v  668.30646 6761.5537 -432.83929
v  593.77216 6778.7051 -466.41776
v  828.26758 6618.7949 -106.07594
v  -448.6413 6907.9146 111.51402
v  -627.38696 6851.8853 -52.189556
v  428.06635 2994.1428 -1026.3795
v  -812.10382 6612.0615 -88.851791
v  531.20062 6250.0986 838.33044
v  641.62482 6417.0664 680.93713
v  706.23529 6238.8711 676.73773
v  612.71558 6095.1812 798.91858
v  750.99518 6061.4043 665.45911
v  647.46259 5970.5869 747.95648
v  927.47516 6476.8462 323.95743
v  827.71149 6373.5996 457.18066
v  895.65112 6473.4458 163.62505
v  885.59235 6514.6309 -22.40439
v  -415.42844 2994.1416 -1026.3796
v  -354.8396 7233.8755 280.9567
v  -939.50006 3332.8687 -1162.2695
v  -958.43274 3426.7903 -1197.4243
v  -968.95587 3551.4124 -1229.0824
v  -1078.3816 3616.2561 -1088.6206
v  -956.26562 3702.0842 -1237.9617
v  -1054.9901 3758.2861 -1098.5042
v  -907.62994 3926.5505 -1221.2731
v  -994.43616 3961.2812 -1102.4431
v  452.98132 3416.7749 -1232.623
v  639.46875 3436.2783 -1205.2845
v  -725.12775 6486.3594 315.06158
v  -749.37323 6480.0439 252.95848
v  762.71661 6479.4912 253.53493
v  737.75439 6486.3594 315.0672
v  1006.8326 3962.803 -1101.6034
v  1067.319 3760.0144 -1097.6698
v  920.26794 3926.5508 -1221.2728
v  968.90491 3702.0842 -1237.9614
v  1090.6902 3618.1279 -1087.7917
v  981.59369 3551.4124 -1229.0819
v  1092.6145 3482.9927 -1059.4586
v  971.07074 3426.7903 -1197.4186
v  952.13794 3332.8704 -1162.2692
v  -452.43579 3419.3362 -1229.2158
v  -626.83075 3436.2783 -1205.2848
v  -3.5262334 6995.6025 240.03745
v  119.92707 7031.7271 161.11208
v  731.70093 2978.2478 -751.25195
v  857.10547 6547.8271 -219.76358
v  -983.52869 6115.4365 211.05676
v  -981.25903 6016.6426 327.81808
v  -267.69318 3360.0427 -1306.7053
v  -152.56879 3373.3782 -1268.9314
v  280.33118 3360.0427 -1306.7051
v  165.21217 3373.3782 -1268.9314
v  -754.36084 6654.1504 -154.31003
v  -1055.9727 6250.1523 142.08083
v  -984.29517 6265.333 -33.569958
v  -837.6004 6531.4985 -179.40576
v  -827.22711 6443.083 81.899048
v  841.43555 6454.3105 56.819477
v  -276.11508 3464.1165 -1345.8746
v  -157.45378 3476.2612 -1309.9791
v  288.75311 3464.1165 -1345.8744
v  170.0918 3476.2612 -1309.9791
v  6.3215675 6697.7241 -770.89716
v  6.3163972 6946.0234 -582.56244
v  84.783577 6712.3521 -725.90656
v  -72.145615 6712.3521 -725.90656
v  -194.10645 7012.5107 161.6734
v  428.93661 6926.5513 103.73077
v  272.63504 6960.8408 142.21576
v  538.11542 6704.8896 -630.71887
v  613.49847 6624.1929 -592.72363
v  -525.47626 6704.8896 -630.71899
v  -600.48419 6624.8403 -591.73065
v  684.25421 6593.8975 -564.44727
v  -626.68665 5995.1328 672.17651
v  -657.56348 6069.6499 625.83093
v  -1197.0631 3643.6826 -971.29395
v  -1162.3052 3781.104 -982.46881
v  -670.67993 6590.6724 -556.82306
v  -125.80598 6198.2256 864.4599
v  89.261894 6419.3062 871.21918
v  821.48792 6378.3496 735.67371
v  623.36151 6759.5298 11.915572
v  -341.76868 6692.502 -678.48004
v  354.40649 6692.502 -678.47986
v  -467.90451 3664.0566 -1285.5015
v  -279.69247 3835.0225 -1366.752
v  -281.55609 3605.4175 -1376.1442
v  -462.80765 3879.7368 -1283.7257
v  -464.05453 3521.0054 -1262.434
v  -962.18585 6315.3711 -148.04041
v  294.19409 3605.4175 -1376.1442
v  292.33051 3835.0225 -1366.752
v  468.34753 3661.5044 -1289.7534
v  463.45715 3878.0603 -1287.4878
v  464.38821 3518.5857 -1266.223
v  -1009.7567 5951.5859 257.83414
v  -1002.8947 6015.5229 139.14182
v  -807.04889 5900.5498 419.23129
v  -803.63617 5836.0195 453.64911
v  -238.51001 6732.9722 -689.77905
v  243.97281 6734.9014 -692.22961
v  -128.99731 6749.584 -751.39764
v  -852.1637 6365.6245 14.396688
v  865.89301 6394.166 -43.278477
v  -808.92181 6295.6289 203.31357
v  -773.26398 6291.9443 260.10928
v  823.83606 6301.1616 193.38994
v  787.37927 6293.5503 257.44299
v  870.7525 6337.7051 -390.71606
v  948.16907 5848.2856 291.98914
v  975.04053 5586.0063 271.82568
v  1021.3134 5646.9209 202.2534
v  913.34369 5765.8477 469.0871
v  1052.5854 5551.7168 78.836777
v  981.53699 6213.2046 240.51688
v  874.46869 6209.6284 407.00546
v  898.79663 6002.4336 348.62015
v  999.46173 5994.8496 222.16039
v  896.1463 5836.0464 319.94168
v  1002.5857 5821.229 229.16139
v  878.09198 5671.9258 313.63571
v  963.49347 5626.2871 259.05447
v  843.57703 5527.9932 325.24911
v  928.00543 5488.2251 299.38693
v  -1032.4017 5815.1973 131.16324
v  656.50824 3681.3833 -1249.5087
v  648.36438 3884.9348 -1254.8513
v  654.11975 3536.115 -1233.0819
v  -643.87024 3681.3833 -1249.5089
v  -635.72638 3884.9348 -1254.8514
v  -641.48181 3536.115 -1233.082
v  231.12851 6630.752 812.6637
v  547.8949 6486.6699 -765.49786
v  628.05096 6403.1792 -717.94189
v  -1037.832 5596.9229 -119.91305
v  -1034.2654 5581.6606 -86.838661
v  -1017.3649 5600.1616 -88.650703
v  -1015.0128 5619.0811 -105.93165
v  -1435.1818 3845.7966 -922.42645
v  -1310.869 3824.9624 -1042.6058
v  -839.85522 6341.4019 -337.14307
v  1447.8265 3845.7966 -922.42596
v  1323.507 3824.9624 -1042.6055
v  -535.25708 6486.6699 -765.49799
v  -615.53723 6401.4795 -712.99487
v  704.02643 6363.3579 -683.91547
v  880.80035 6016.0093 636.97095
v  -691.03912 6356.313 -668.71948
v  -865.84576 6290.1362 -39.217129
v  878.28369 6338.3926 -130.7283
v  -861.28064 5733.8521 342.37604
v  -874.63885 5778.3574 311.07144
v  -865.26959 5627.812 257.24731
v  -864.89447 5607.894 287.98917
v  849.92883 6219.2095 708.95184
v  -72.022156 7114.1245 294.01678
v  -838.68677 5530.4629 299.78879
v  -835.62891 5622.7793 309.20389
v  -851.11389 5503.231 287.22812
v  -821.52454 5439.3477 311.45349
v  -1032.7418 5584.0493 -72.564018
v  841.93488 6148.3223 -535.98438
v  -1009.345 5875.0586 35.404812
v  -842.34637 3053.1611 -767.11768
v  46.44294 6970.0845 293.8576
v  257.51053 6524.1982 -798.85498
v  371.74023 6490.7725 -777.48639
v  6.3215823 6541.3901 -868.44226
v  90.610794 6520.7573 -833.10278
v  -359.10101 6490.7725 -777.48657
v  -252.29599 6522.8896 -795.89435
v  -77.972794 6520.7573 -833.10278
v  821.87384 5432.3042 344.68124
v  871.24622 5386.5166 333.69135
v  763.29816 5309.2539 393.86343
v  -1083.2815 5943.6514 -41.502613
v  -998.52924 5954.8652 -162.37149
v  842.29529 5822.0386 -639.56281
v  893.22217 6018.3438 -430.75415
v  893.30988 5784.9287 -521.66388
v  899.97083 5516.7524 -704.57788
v  949.60498 5408.3506 -586.68439
v  1224.1293 3493.9165 -945.42596
v  1209.7051 3643.6838 -971.29358
v  1174.9431 3781.1052 -982.46844
v  1100.7583 3968.3916 -1007.142
v  914.04962 4770.9185 -904.09943
v  806.8587 4761.4966 -957.57013
v  -937.20874 5356.8018 -393.09918
v  -896.36768 5694.6367 -374.94769
v  -943.94788 5385.4375 -547.10931
v  -889.42737 5628.4468 -233.58055
v  -1144.838 4790.9956 -796.02362
v  -890.28699 5907.2832 -260.63177
v  -838.20227 5856.8818 -92.300484
v  -869.96973 6124.4917 -128.81876
v  -835.22266 6083.4004 27.168394
v  -848.29749 5766.4546 -548.20111
v  -834.87177 6086.2212 -423.84659
v  -896.20697 5494.0947 -667.20105
v  944.63226 5386.2471 -447.36569
v  1157.4758 4790.9956 -796.02325
v  1201.6595 4721.7227 -714.98187
v  -751.30298 5611.9829 -776.92493
v  -706.883 5956.7007 -746.15216
v  -1015.1154 5594.3057 -73.269241
v  877.85065 6213.2983 -276.82092
v  -1189.0217 4721.7227 -714.98761
v  743.92139 5894.6665 607.35583
v  676.29498 5814.5088 639.07068
v  762.72601 5710.3174 486.3736
v  738.35626 5634.4106 465.16428
v  -566.53058 3010.783 -924.64447
v  -525.91479 2914.3379 -851.05212
v  758.38635 5624.6816 -797.35681
v  714.70868 5967.6714 -764.04572
v  -1538.3337 4049.0762 -862.49597
v  -1460.592 4036.0254 -937.73059
v  -740.22522 3554.782 -1214.7714
v  -703.47015 3679.0837 -1289.9331
v  -698.21405 3543.0701 -1274.8462
v  -692.74207 3435.0779 -1247.6709
v  -729.27173 3439.4915 -1193.7684
v  -740.32367 3690.395 -1224.6912
v  -686.53998 3903.9031 -1279.3857
v  -723.33008 3890.8792 -1212.3317
v  -688.29968 4745.7388 -1031.8617
v  -603.91309 4745.8838 -1042.6924
v  1550.9651 4049.0769 -862.49554
v  1473.2233 4036.0256 -937.7301
v  752.8631 3554.782 -1214.7712
v  716.10809 3679.0837 -1289.9329
v  752.96161 3690.395 -1224.6909
v  699.17786 3903.9033 -1279.3856
v  735.96796 3890.8792 -1212.3314
v  710.85339 3543.0715 -1274.8461
v  705.38129 3435.0779 -1247.6708
v  741.90961 3439.4929 -1193.7683
v  700.93762 4745.7388 -1031.8615
v  616.55096 4745.8848 -1042.6923
v  854.86133 3055.6038 -766.52087
v  863.54504 5729.1562 -336.80795
v  853.78027 5956.498 -231.59807
v  854.11499 6129.3901 -37.765079
v  1016.9116 4799.998 -828.67456
v  -963.29773 5466.9985 -48.57032
v  -959.99298 5499.4658 -46.022171
v  -968.97076 5489.3853 -53.239296
v  -844.9726 5908.3228 408.10236
v  -1004.2737 4799.998 -828.6748
v  -811.14032 6177.2412 96.60627
v  -811.35223 6234.418 141.30899
v  -901.41174 4770.9175 -904.09979
v  -855.28357 6318.3535 -243.38722
v  -890.75659 5964.4731 -264.42645
v  925.29724 6241.084 108.77586
v  916.87128 6255.5093 -88.454956
v  939.30988 6035.4814 71.820267
v  910.45599 6048.8276 -105.15932
v  898.33386 5929.4824 -103.01274
v  942.95471 5897.5542 50.297508
v  893.25854 5805.8726 -87.837173
v  918.40961 5752.2046 47.790546
v  865.65009 5639.2964 -42.047802
v  875.8277 5616.7466 52.886917
v  781.92206 6455.0522 -164.19852
v  811.20245 6196.4033 -145.06456
v  -1352.6089 4006.9143 -921.99329
v  -1221.1224 4006.6599 -1034.559
v  1365.2537 4006.915 -921.9928
v  1233.7604 4006.6602 -1034.5586
v  829.29181 6199.4673 63.424179
v  827.94781 6248.1958 119.05584
v  -1088.1206 3968.3916 -1007.1423
v  -794.26129 4760.7866 -958.26532
v  -629.50275 5996.374 -788.91901
v  -551.72034 6059.1504 -834.72485
v  404.04181 6570.1211 746.55011
v  344.38931 6606.8125 738.96759
v  229.74937 6696.1724 760.72748
v  141.63582 6749.584 -751.39764
v  564.35822 6059.1504 -834.72461
v  641.41998 5997.7642 -791.50305
v  -825.05066 5715.8232 359.23474
v  -975.47791 5521.5298 -52.51857
v  -958.91199 5531.0566 -27.057796
v  -1007.7959 5894.5854 1.9289795
v  -661.89771 5607.2061 -809.34552
v  -570.07153 5621.2134 -856.42651
v  671.96619 5613.1436 -818.59576
v  582.70941 5621.2134 -856.42639
v  -1011.1871 5611.1328 -24.360416
v  758.66974 3690.5974 -1223.5223
v  759.05579 3554.5159 -1212.5068
v  748.83771 3430.2937 -1180.379
v  737.28644 3342.1746 -1152.6733
v  784.30103 5914.4087 609.71875
v  -746.03192 3690.5974 -1223.5225
v  -746.41779 3554.5149 -1212.507
v  -736.19977 3430.2937 -1180.3793
v  -724.6485 3342.1731 -1152.6736
v  957.59906 5924.1113 102.40819
v  944.54987 5660.3335 172.13496
v  -1021.1122 5689.8867 35.929943
v  -990.74567 5748.1294 -24.010406
v  -966.15045 5626.3545 -62.664852
v  -995.53345 5590.2432 -18.728876
v  -954.56274 5558.7607 -75.266556
v  -957.60986 5499.1152 -74.12368
v  770.92664 5577.1538 335.68848
v  -922.54828 5787.3174 -268.97134
v  -989.31525 5763.1758 -198.69862
v  -956.1228 5627.5293 -243.01591
v  -988.24377 5647.6357 -191.6261
v  -953.19299 5557.168 -197.43819
v  -988.96973 5580.9458 -154.4339
v  -1050.9905 5745.417 -148.87959
v  -1001.0513 5744.6074 -94.153679
v  -1010.2816 5662.48 -114.1733
v  -1037.9252 5666.3389 -149.61504
v  346.97351 6451.5039 841.15076
v  815.35205 5420.7388 41.495041
v  834.3833 5490.9507 77.807137
v  802.4931 5403.479 99.551277
v  -849.46625 5501.6387 271.58932
v  6.3216195 3361.719 -1296.9756
v  6.3216262 3465.0164 -1340.6184
v  6.3216314 3606.8276 -1373.4183
v  -160.61015 3616.5964 -1341.3134
v  6.32163 3835.0225 -1366.752
v  -159.52789 3843.7009 -1333.0615
v  6.3215981 4753.3403 -1059.4646
v  -129.25974 4753.4326 -1039.5426
v  173.24815 3616.5974 -1341.3134
v  172.16725 3843.7009 -1333.0615
v  141.89767 4753.4326 -1039.5426
v  839.0835 5522.2178 -5.1899476
v  579.16846 3010.7844 -924.64429
v  538.55267 2914.3379 -851.052
v  151.68385 6529.6499 -865.58539
v  158.61195 6194.5952 -901.90717
v  279.71304 6143.6802 -849.70355
v  185.87491 5760.5581 -915.47711
v  302.2084 5713.8262 -864.34369
v  240.12694 4751.7236 -1083.1947
v  396.21661 4764.8477 -1037.9664
v  -297.73068 5709.5347 -862.4801
v  -275.55917 6139.1597 -847.76318
v  -173.23703 5760.5581 -915.47711
v  -145.97404 6194.5952 -901.90717
v  -139.04597 6529.6499 -865.58539
v  769.20215 5336.749 126.51009
v  861.89319 5720.8032 456.63974
v  -1004.2172 5581.8091 -133.35371
v  -990.81848 5574.104 -103.50708
v  -975.07172 5590.0952 -141.78008
v  -227.489 4751.7236 -1083.1947
v  -394.51331 4764.5747 -1036.5361
v  410.35342 6060.0146 -844.08307
v  -397.71558 6060.0146 -844.08325
v  -1232.4579 3374.3508 -899.70416
v  -1220.2224 3255.5681 -842.54272
v  -1200.3721 3161.614 -789.73175
v  1245.0957 3374.3508 -899.70386
v  1232.8602 3255.5696 -842.54242
v  1213.0098 3161.6152 -789.73145
v  -647.56104 3536.4539 -1231.2386
v  -636.86389 3433.7698 -1202.9528
v  -623.91736 3335.7415 -1165.5594
v  -602.44623 3217.3533 -1109.943
v  -584.04773 3131.3147 -1061.5531
v  -553.28027 3007.6538 -985.68555
v  649.50195 3433.7698 -1202.9528
v  660.1991 3536.4539 -1231.2385
v  636.55524 3335.7432 -1165.5592
v  615.08954 3217.3542 -1109.9429
v  596.68573 3131.3147 -1061.553
v  565.91827 3007.6538 -985.68536
v  923.15558 5898.917 55.254856
v  919.3205 6034.4424 76.937111
v  898.94647 5756.0508 52.850845
v  856.49817 5622.4141 56.423424
v  814.77985 5496.8076 78.733795
v  -953.21875 5578.7866 -4.7372394
v  -415.22202 5632.7505 -859.93237
v  427.85983 5632.7505 -859.93219
v  -882.12836 5828.5161 267.92813
v  528.57617 4743.6113 -1040.6127
v  6.3215733 5724.2979 -899.88965
v  110.43991 5738.0757 -875.24738
v  6.3215842 6156.5 -887.83374
v  94.626091 6167.7271 -862.31146
v  -493.06641 4743.6113 -1040.6129
v  -97.801903 5738.0757 -875.24738
v  -81.988075 6167.7271 -862.31146
v  782.88562 5409.0391 97.888611
v  -527.27386 5950.8442 659.63068
v  -1008.7581 5567.0332 -74.592239
v  -988.84686 5547.1958 -72.574257
v  534.86603 2909.2515 -922.67822
v  951.19049 5566.7632 266.2403
v  -935.61914 5744.9854 145.06735
v  -962.43274 5657.2573 57.777035
v  -643.95825 6071.04 610.13013
v  -789.07825 5898.1211 410.31009
v  -732.27722 5809.6777 440.77402
v  370.66318 6982.769 573.90521
v  292.65948 6983.8081 589.82196
v  860.34259 5412.4941 323.26279
v  846.77924 5398.4326 322.08334
v  -1003.5951 5559.3145 -109.75652
v  -975.37537 5532.9458 -118.05468
v  733.15814 5653.1416 449.21777
v  717.33856 5633.7637 390.77979
v  907.36835 5504.2158 239.54955
v  871.85889 5398.6758 312.04074
v  747.237 5717.9419 475.22845
v  -1445.775 3845.7627 -920.03253
v  1458.4197 3845.7627 -920.03204
v  -1204.2327 3643.5449 -972.08606
v  -1229.0397 3494.9609 -939.40228
v  1216.8706 3643.5461 -972.08569
v  1241.6776 3494.9609 -939.40198
v  221.399 6954.5654 609.9342
v  1002.421 5647.9458 194.10002
v  -257.37128 2983.9978 -918.06042
v  640.12701 5782.8374 527.03119
v  675.47729 5830.8237 617.82629
v  729.84802 5901.1709 594.03406
v  795.74988 5401.6709 43.265793
v  494.45639 6201.8286 766.58014
v  836.06604 5618.7573 -60.60033
v  819.75793 5505.0928 -17.647526
v  196.27892 6738.4102 778.49695
v  528.90527 6335.4243 641.56293
v  574.12799 6380.1587 709.51318
v  1518.2544 3705.4497 -906.88422
v  -1505.6097 3705.4497 -906.8847
v  740.21985 6064.4678 645.97443
v  -854.62921 5777.6826 306.54675
v  844.98187 5770.355 -106.63677
v  -522.22809 2909.2515 -922.67828
v  1545.0005 3532.8577 -858.91254
v  -1532.3558 3532.8577 -858.91302
v  783.22021 5413.5054 54.554897
v  796.80518 5430.7383 46.987705
v  596.76239 5959.3052 603.21161
v  568.1203 6154.9619 635.92639
v  657.30548 5978.2114 688.44836
v  637.36328 6165.5957 701.02386
v  831.71136 6013.4722 -132.65346
v  824.72125 5893.5327 -121.18945
v  928.31451 5846.2075 287.06769
v  800.3623 6194.6768 -127.55219
v  892.6405 6049.4346 -90.272057
v  897.26239 6253.7822 -79.163315
v  824.33527 6014.0659 -113.57088
v  881.28894 5931.4795 -87.389336
v  818.08063 5895.2734 -101.95747
v  876.61981 5810.3389 -74.761795
v  835.46417 5774.3359 -88.640221
v  -982.81354 6012.1904 139.39417
v  -964.30713 6114.8428 203.27313
v  -989.42853 5872.8457 39.816441
v  806.5954 5513.5679 -4.4486828
v  820.98322 5530.1387 2.6140323
v  544.23492 6071.917 718.65582
v  586.987 5934.1514 661.06799
v  327.13412 3087.1445 -971.95197
v  260.24994 2981.8455 -918.8634
v  848.18958 5645.9082 -32.236217
v  823.21796 5625.3022 -46.032192
v  879.44678 6001.4893 340.53287
v  903.25519 5495.5254 288.08261
v  890.59601 5513.3252 247.17397
v  1412.0391 4036.0256 -842.48047
v  1109.4583 4790.9956 -700.77362
v  -1399.3943 4036.0254 -842.48096
v  -1096.8204 4790.9956 -700.77393
v  1544.5282 3432.5205 -818.13751
v  1518.025 3291.457 -728.2829
v  -1531.8971 3432.5205 -818.138
v  -1505.3804 3291.457 -728.28339
v  -1442.2935 3181.0127 -597.40131
v  1454.938 3181.0127 -597.40094
v  626.57312 5771.0566 537.39764
v  -973.63995 5651.4414 -176.79025
v  -1011.4394 5667.3911 -146.78387
v  876.18274 4770.9185 -808.8512
v  831.8302 5408.3506 -472.31711
v  -824.75641 5530.0981 285.3132
v  -824.80774 5626.8135 293.10086
v  882.64362 5836.9502 304.54984
v  867.3949 5671.8311 296.12253
v  835.64899 5526.1987 306.45935
v  -523.93268 5963.7583 643.84747
v  -727.93329 5823.105 426.47388
v  -615.22308 6002.3936 653.25317
v  -788.85699 5843.2925 438.28287
v  -1001.7517 5582.2549 -76.105652
v  -1006.1887 5610.6738 -116.19625
v  234.1243 6941.4214 624.55957
v  -603.41919 3133.8044 -1004.2028
v  616.05713 3133.8044 -1004.2026
v  708.35529 5617.5703 399.88046
v  -325.7655 3089.9946 -970.69586
v  -975.37537 5560.6636 -74.164864
v  300.30951 6966.4404 607.8291
v  120.75081 2930.0859 -955.00031
v  72.670921 2947.7678 -910.53461
v  -657.64008 3903.9031 -1184.1375
v  -578.45697 4745.8838 -947.43866
v  -659.32288 4745.7378 -936.60797
v  814.30206 5428.5527 326.02646
v  634.9856 6675.27 702.05872
v  736.51965 6532.8481 705.96143
v  533.26532 6588.0952 640.17828
v  634.29468 6451.2061 638.02057
v  -844.73499 5629.54 257.70477
v  1488.5125 3868.8074 -856.07617
v  1523.6252 3710.6125 -852.1073
v  1548.6306 3525.9958 -808.39716
v  -1475.8813 3868.8069 -856.07666
v  -1510.9939 3710.6111 -852.10785
v  -1535.9858 3525.9958 -808.39764
v  -971.97198 5747.2524 -15.274733
v  -944.58081 5587.4097 -18.594997
v  -948.0611 5529.3833 -47.144379
v  -970.52545 5598.2188 -20.70042
v  -260.34143 5709.5347 -748.11273
v  -240.92955 6139.1597 -733.39569
v  -347.88977 6060.0146 -729.71991
v  -363.21954 5632.7505 -745.565
v  -960.80664 5545.6572 -111.51186
v  359.65726 6060.0146 -729.71973
v  264.97031 5713.8262 -749.98175
v  374.98837 5632.7505 -745.56488
v  245.26965 6143.6802 -735.34161
v  5.8840084 6156.5 -773.47174
v  97.050629 5738.0757 -760.87994
v  83.208359 6167.7271 -747.94287
v  5.8839965 5724.2979 -785.52771
v  79.692368 6520.7573 -718.73547
v  5.8840051 6541.3901 -754.07483
v  -937.71887 5564.8062 -186.19995
v  -443.2366 3879.7373 -1188.4774
v  -377.79358 4764.5747 -941.28247
v  -448.12158 3664.0566 -1190.2477
v  -444.43088 3521.0054 -1167.1857
v  -433.29654 3419.3362 -1133.9675
v  371.14764 6967.4531 591.32526
v  939.18579 5630.8486 250.83365
v  926.37274 5665.813 179.84032
v  325.84808 6490.7725 -663.11914
v  480.09439 6486.6699 -651.13458
v  494.50793 6059.1504 -720.36133
v  510.57449 5621.2134 -742.06439
v  379.95575 4764.8477 -942.71283
v  444.38528 3878.0603 -1192.234
v  449.06921 3661.5044 -1194.5051
v  445.27994 3518.5857 -1170.9747
v  434.34668 3416.7749 -1137.3748
v  -151.33815 5760.5581 -801.11377
v  -826.17725 5385.4375 -432.74194
v  941.95612 5581.4585 254.8793
v  958.18604 5595.3574 260.17587
v  -71.440384 6167.7271 -747.94287
v  -85.282646 5738.0757 -760.87994
v  -127.46324 6194.5952 -787.53973
v  -67.924385 6520.7573 -718.73547
v  -121.39922 6529.6499 -751.22205
v  -217.73384 4751.7236 -987.94647
v  -62.823074 6712.3521 -611.53918
v  -112.60177 6749.584 -637.03571
v  591.09497 4745.8848 -947.43848
v  670.27808 3903.9033 -1184.1373
v  671.96216 4745.7388 -936.60779
v  588.73199 5613.1436 -704.23389
v  664.40521 5624.6816 -682.99347
v  -817.69879 5725.4585 343.4772
v  -844.58124 5739.3311 329.98944
v  -625.0495 3219.3586 -1055.3914
v  -153.64429 3616.5964 -1246.0649
v  -152.61061 3843.7009 -1237.8132
v  -267.75931 3835.0225 -1271.4996
v  -269.54596 3605.4175 -1280.8944
v  -150.62288 3476.2612 -1214.7307
v  -264.3317 3464.1165 -1250.6207
v  -123.60245 4753.4326 -944.28894
v  282.18399 3605.4175 -1280.8942
v  163.26085 3476.2612 -1214.7307
v  276.96967 3464.1165 -1250.6207
v  166.28229 3616.5964 -1246.0649
v  280.39865 3835.0225 -1271.4995
v  165.24861 3843.7009 -1237.8132
v  230.37173 4751.7236 -987.94647
v  136.24075 4753.4326 -944.28894
v  637.69281 3219.3586 -1055.3914
v  769.414 6446.6455 -149.35321
v  866.39221 6505.9136 -14.013503
v  -953.38336 5667.8101 44.650246
v  -998.29712 5697.9028 32.24419
v  -952.69366 3961.2812 -1007.1881
v  -760.8623 4760.7866 -863.01025
v  -863.54474 4770.9175 -808.85144
v  -314.07932 6490.7725 -663.11914
v  -468.32706 6486.6699 -651.13477
v  -482.74051 6059.1504 -720.36145
v  -498.80704 5621.2134 -742.06451
v  803.39307 6373.1548 706.50671
v  701.05609 6261.6499 647.6004
v  163.10696 5760.5581 -801.11377
v  -761.39819 6124.4917 -14.451251
v  -32.770451 7058.3242 -191.72496
v  -947.68469 5495.3369 -55.519733
v  -673.86053 3679.0837 -1194.6794
v  -668.82574 3543.0701 -1179.5966
v  -663.58044 3435.0779 -1152.4172
v  -925.42133 5756.1045 132.15163
v  -1010.4921 5821.7153 124.53299
v  686.49841 3679.0837 -1194.6792
v  681.46368 3543.0715 -1179.5963
v  676.21838 3435.0779 -1152.417
v  471.92465 6819.7554 695.01721
v  381.37106 6749.314 658.6994
v  303.26346 6887.9966 671.41394
v  273.31912 6857.7017 669.80267
v  -784.5116 5694.6367 -260.58578
v  1182.5568 4006.6602 -939.31036
v  1268.5601 3824.9624 -947.35034
v  1318.4829 3682.5239 -940.35474
v  1333.4214 3494.8706 -906.5603
v  -1169.9188 4006.6599 -939.31073
v  -1255.922 3824.9624 -947.35071
v  -1305.845 3682.5239 -940.35504
v  -1320.7834 3494.8689 -906.56067
v  -870.36639 5839.771 256.91254
v  -989.28955 5956.7007 251.0748
v  1486.4613 3195.3235 -659.88458
v  -1473.8165 3195.3235 -659.88507
v  -220.56097 6522.8896 -681.53241
v  225.83212 6524.1982 -684.49176
v  -649.19794 3337.3625 -1113.2263
v  661.83588 3337.3625 -1113.2262
v  855.15936 5732.5703 441.24789
v  894.94122 5772.5942 454.99341
v  626.15631 5967.6714 -649.68237
v  561.98456 5997.7642 -677.13562
v  139.23111 6194.5952 -787.53973
v  133.16722 6529.6499 -751.22205
v  6.3215828 4753.3403 -964.21503
v  74.591019 6712.3521 -611.53918
v  124.36972 6749.584 -637.03571
v  6.3216157 3835.0239 -1271.4995
v  6.3216166 3606.8276 -1278.1658
v  6.3216114 3465.0164 -1245.37
v  158.58231 3373.3782 -1173.6818
v  6.3216052 3361.719 -1201.7273
v  152.16699 3282.5505 -1130.9406
v  6.3215995 3270.0022 -1159.7001
v  -989.91699 5762.1367 -185.89641
v  -940.11823 5630.6597 -229.9249
v  -906.92578 5785.9272 -255.84387
v  -125.93458 6205.0806 844.58502
v  -246.22778 6293.1597 879.97583
v  -994.35938 5659.0923 -126.67717
v  -987.76599 5750.6392 -108.07839
v  213.97717 6734.9014 -577.86761
v  -208.4888 6732.9722 -575.41711
v  -139.52905 3282.5505 -1130.9406
v  -145.94298 3373.3782 -1173.6818
v  782.54016 5784.9287 -407.3006
v  -108.11291 2930.0859 -955.00031
v  -86.312103 3042.4358 -970.39215
v  -153.42302 3025.5676 -1014.7608
v  -60.032906 2947.7664 -910.53461
v  -948.94629 5626.0176 -51.103024
v  -831.88696 5917.2021 395.72116
v  -961.32623 6018.8291 318.62427
v  -618.59924 5956.7007 -631.78479
v  -579.21405 5607.2061 -694.97815
v  -550.8446 5996.374 -674.55164
v  -657.49579 5611.9829 -662.56299
v  -784.37256 5494.0947 -552.83911
v  -938.52179 5558.5312 -62.139759
v  831.37122 6220.5586 688.02051
v  780.23926 5923.1802 591.47552
v  861.41949 6020.9214 621.03925
v  -845.80652 5611.4033 278.5538
v  -830.29053 5505.6196 279.96405
v  -829.51862 5505.8628 274.13712
v  -779.19342 5907.2832 -146.26978
v  616.80328 6363.3579 -569.5481
v  550.27936 6403.1792 -603.57996
v  -869.50128 3926.5508 -1126.0194
v  -1024.5763 5750.2617 -150.20204
v  -981.87158 5951.3564 -151.10896
v  -1058.6244 5946.7959 -43.118988
v  -538.61456 6401.4795 -598.633
v  -604.72687 6356.313 -554.35748
v  1227.2235 3157.5566 -725.41534
v  -1214.5857 3157.5549 -725.41565
v  -993.36621 5902.8984 -10.59034
v  965.09534 3962.803 -1006.3499
v  882.13922 3926.5508 -1126.0192
v  773.45984 4761.4966 -862.31519
v  788.3725 5516.7524 -590.216
v  737.87335 5822.0386 -525.19952
v  -84.24292 7087.7969 314.21671
v  -943.70099 6310.7427 -137.45126
v  -964.98181 6259.8545 -27.644915
v  -875.03546 5962.1118 -251.34079
v  959.73651 6210.9639 239.64648
v  905.216 6238.1289 112.41008
v  876.20819 6466.0371 165.36449
v  906.64771 6470.4233 319.01035
v  976.68292 5994.4312 218.26854
v  938.5946 5925.7842 110.03717
v  979.22528 5823.0913 223.53958
v  614.15692 6745.2788 23.451738
v  737.55353 6148.3223 -421.62247
v  -1033.6366 6248.1553 138.88937
v  -841.1684 6313.3066 -229.23013
v  -740.87976 6643.0449 -143.25264
v  -618.65192 6834.8823 -43.253075
v  -445.18805 6889.9399 120.63578
v  782.4632 6018.3438 -316.39218
v  -730.66577 6086.2212 -309.48459
v  -742.42352 5766.4546 -433.83783
v  -735.03131 6341.4019 -222.77571
v  -586.89929 6590.6724 -442.46109
v  769.00647 6213.2983 -162.459
v  762.78827 6337.7051 -276.35275
v  -858.77869 6641.0742 7.3750772
v  98.950157 3042.4358 -970.39215
v  166.06094 3025.5676 -1014.7608
v  -916.1087 3702.0842 -1142.7134
v  -928.26721 3551.4124 -1133.834
v  -918.18274 3426.7903 -1102.1691
v  928.74652 3702.0842 -1142.7131
v  940.90509 3551.4124 -1133.8337
v  930.82611 3426.7903 -1102.1688
v  942.74304 3151.7075 -827.57281
v  -809.07172 6261.771 559.32715
v  -416.90607 3328.9944 -1101.7061
v  -930.31702 3149.3623 -828.23163
v  599.49109 6593.8975 -450.0799
v  5.8839908 6697.7241 -656.52985
v  -298.90338 6692.502 -564.11273
v  310.67212 6692.502 -564.11261
v  -372.83029 3198.3662 -1041.3438
v  1045.4565 3618.1279 -992.54346
v  1047.2999 3482.9927 -964.20483
v  1023.0583 3760.0144 -1002.4161
v  1315.5182 3364.6162 -858.16632
v  418.30579 3326.3699 -1104.4036
v  -459.76071 6704.8896 -516.35706
v  471.53348 6704.8896 -516.35687
v  -1302.8789 3364.6145 -858.16669
v  -1010.7133 3758.2861 -1003.2558
v  -1033.1317 3616.2561 -993.36694
v  -1034.9751 3480.9832 -965.00281
v  -1021.2767 3376.3254 -933.20959
v  -525.44116 6624.8403 -477.36728
v  537.53381 6624.1929 -478.36172
v  373.92773 3195.6418 -1043.2273
v  1541.9373 3425.9124 -770.79877
v  -1529.3062 3425.9124 -770.79926
v  -358.65451 7194.3091 304.76105
v  808.09863 6368.7686 450.3295
v  854.51031 6207.8604 400.00449
v  696.31018 6803.6826 162.92453
v  1508.066 3290.2344 -690.138
v  -1495.4348 3290.2344 -690.13849
v  6.3215637 2933.5876 -929.33368
v  82.276321 6419.2788 851.61163
v  1033.6111 3378.4395 -932.44824
v  423.34586 6910.0332 114.64906
v  999.83167 3260.1458 -882.20544
v  -608.5932 6584.0874 532.49725
v  -870.60803 6579.2969 334.15897
v  -667.68835 6771.7827 491.06232
v  -786.78143 6410.8711 422.75726
v  -987.46625 3257.9094 -882.92236
v  -516.65918 6529.1777 724.73486
v  -385.65848 6345.8286 804.20001
v  268.90265 3360.0427 -1211.4554
v  257.84122 3268.5415 -1168.1895
v  5.9352412 6523.5239 867.86719
v  137.24854 6750.2588 787.04297
v  -365.78372 6737.9111 623.57043
v  -404.6803 6920.7354 591.04724
v  711.57373 6594.5586 526.68536
v  487.69302 6968.1943 252.97878
v  -256.26468 3360.0427 -1211.4556
v  -111.22729 3151.8157 -1051.9731
v  -196.39224 3136.1013 -1095.1841
v  123.86522 3151.8157 -1051.9731
v  209.03018 3136.1013 -1095.1841
v  313.99167 7044.6821 295.79813
v  154.334 7071.981 306.65036
v  269.00095 6943.8779 153.00462
v  122.35162 7012.4297 170.62032
v  -245.20187 3268.5415 -1168.1895
v  -855.82343 6594.8691 134.61195
v  -646.336 7191.394 237.52594
v  -1.467134 6975.7246 248.37166
v  -194.96065 6994.1177 171.45964
v  -436.75537 7008.5298 272.09763
v  -181.674 7082.7773 367.37292
v  912.68005 3332.8704 -1067.0209
v  877.38239 3216.1345 -1004.6087
v  7.0678272 7003.105 302.41855
v  -900.04205 3332.8687 -1067.0212
v  -864.74445 3216.1345 -1004.6091
v  -709.63733 6832.1436 105.86168
v  172.7796 6888.9688 625.16687
v  -107.19675 6844.6523 647.5799
v  -141.46037 6980.6099 607.46326
v  6.3215733 3029.0291 -989.33032
v  705.01532 6768.9077 426.58176
v  705.42157 6764.5898 286.78934
v  1279.5188 3247.6819 -790.33887
v  -1266.8811 3247.6809 -790.33917
v  -123.57182 6592.9268 847.74005
v  -261.60883 6694.1748 780.71143
v  587.22986 6753.5249 579.07916
v  -692.35626 6780.6616 252.32552
v  6.3215861 3139.0051 -1072.5132
v  507.13596 6930.2207 365.96698
v  521.28619 6914.7705 475.26447
v  73.0774 6755.3457 764.53687
v  429.6463 6867.9175 609.83179
v  -27.659004 6808.4473 738.81891
v  105.75008 6954.5923 549.57727
v  -421.95596 6954.5386 386.36246
v  276.78857 6926.2681 624.99683
v  213.77055 7008.3008 536.81012
v  348.21368 6988.2212 511.99374
v  339.55563 7003.7261 401.90417
v  54.674171 6995.6025 432.21823
v  197.35449 7026.2075 423.96631
v  -163.05562 7015.8579 445.37665
v  -812.50037 3108.6289 -931.01263
v  825.13837 3108.6289 -931.01227
v  -741.77435 3014.3928 -845.05524
v  754.41357 3014.3928 -845.05499
v  677.61365 2948.7634 -799.41528
v  1349.5189 2719.9065 -590.37823
v  1349.5186 2719.9067 598.3548
v  1272.3044 2633.0559 601.34113
v  1272.3047 2633.0557 -602.6839
v  1270.3735 2720.0146 -666.4306
v  870.36383 3650.7175 -456.57782
v  947.17596 3650.6504 -377.84674
v  947.17578 3650.6504 381.97128
v  870.29755 3650.718 460.5835
v  1270.2479 2720.0146 674.12921
v  -0.0064767054 2720.0146 -666.43079
v  -0.0065083923 3650.7175 -456.57794
v  -0.0064863316 2633.0557 -602.68408
v  -0.0066681337 2633.0559 601.34094
v  -0.0066791247 2720.0146 674.12903
v  -0.0066468799 3650.718 460.5834
v  -1349.5186 2719.905 -590.3786
v  -1272.318 2633.0557 -602.68433
v  -1272.3181 2633.0559 601.3407
v  -1349.5189 2719.905 598.35437
v  -1270.3868 2720.0146 -666.43103
v  -1270.2616 2720.0146 674.12878
v  1349.4447 5245.6069 -593.08337
v  1274.6324 5332.4575 -594.29517
v  1274.6323 5332.458 592.94946
v  1349.4445 5245.6074 593.08435
v  1275.1115 5245.5801 -674.68066
v  -0.0064754602 5245.5801 -674.68085
v  -0.0064875972 5332.4575 -594.29535
v  -0.0066668671 5332.458 592.94922
v  -0.006679215 5245.5801 674.72729
v  1275.1113 5245.5801 674.72748
v  -1349.4515 5245.6074 593.08398
v  -1274.646 5332.458 592.94904
v  -1274.6458 5332.4575 -594.29559
v  -1349.4513 5245.6069 -593.08374
v  -947.18945 3650.6504 381.97095
v  -947.18921 3650.6504 -377.84708
v  -870.31116 3650.718 460.58325
v  -1275.1249 5245.5801 -674.68103
v  -1275.125 5245.5801 674.72717
v  -1275.129 4646.3428 674.73279
v  -0.0066792155 4646.3428 674.73303
v  -0.0064754602 4646.3428 -674.6806
v  -1275.1288 4646.3428 -674.68085
v  1349.4447 4646.3428 -593.08313
v  1275.1155 4646.3428 -674.68042
v  1349.4445 4646.3428 593.08594
v  1275.1154 4646.3428 674.73315
v  -1349.4513 4646.3428 -593.08356
v  -1349.4515 4646.3428 593.08551
v  -870.37714 3650.7175 -456.57806
v  -1261.7438 2633.0557 -587.00909
v  -1261.7438 2633.0559 587.01361
v  -87.721039 2633.0559 587.01379
v  -87.720856 2633.0557 -587.00885
v  -1437.1656 5244.2441 -674.72424
v  -1437.1656 2720.7698 -674.72339
v  -2611.1882 2720.7698 -674.72363
v  -2611.1882 5244.2441 -674.72443
v  -1437.1656 5331.9585 -587.00989
v  -1349.4513 5244.2441 -587.00989
v  -1349.4513 2720.7698 -587.00909
v  -1437.1656 2633.0557 -587.00909
v  -2611.1882 2633.0557 -587.00928
v  -2698.9026 2720.7698 -587.00928
v  -2698.9026 5244.2441 -587.01007
v  -2611.1882 5331.9585 -587.01007
v  -1437.1659 5331.959 587.01276
v  -1349.4515 5244.2441 587.01276
v  -1349.4515 2720.7703 587.01361
v  -1437.1659 2633.0559 587.01361
v  -2611.1885 2633.0559 587.01337
v  -2698.9026 2720.7703 587.01337
v  -2698.9026 5244.2441 587.01257
v  -2611.1885 5331.959 587.01257
v  -1437.1659 5244.2441 674.72705
v  -1437.1659 2720.7703 674.72797
v  -2611.1885 2720.7703 674.72784
v  -2611.1885 5244.2441 674.72693
v  87.707817 2633.0557 -587.00885
v  87.707642 2633.0559 587.01379
v  1261.7302 2633.0559 587.01404
v  1261.7303 2633.0557 -587.00867
v  2611.1885 5244.2441 -674.72363
v  2611.1885 2720.7698 -674.72284
v  1437.1659 2720.7698 -674.72302
v  1437.1659 5244.2441 -674.72382
v  2611.1885 5331.9585 -587.00928
v  2698.9026 5244.2441 -587.00928
v  2698.9026 2720.7698 -587.00848
v  2611.1885 2633.0557 -587.00848
v  1437.1659 2633.0557 -587.00867
v  1349.4447 2720.7698 -587.00867
v  1349.4447 5244.2441 -587.00952
v  1437.1659 5331.9585 -587.00952
v  2611.1882 5331.959 587.01337
v  2698.9026 5244.2441 587.01337
v  2698.9026 2720.7703 587.01422
v  2611.1882 2633.0559 587.01422
v  1437.1656 2633.0559 587.01404
v  1349.4445 2720.7703 587.01404
v  1349.4445 5244.2441 587.01318
v  1437.1656 5331.959 587.01318
v  2611.1882 5244.2441 674.72772
v  2611.1882 2720.7703 674.72864
v  1437.1656 2720.7703 674.72845
v  1437.1656 5244.2441 674.72754
v  -396.61588 5226.2559 -396.60757
v  -286.84744 5195.3779 -286.83911
v  -332.29831 5195.3779 -232.67212
v  -459.46115 5226.2559 -321.71167
v  -489.67401 5314.1904 -489.66574
v  -567.26477 5314.1904 -397.1973
v  -551.85266 5445.7983 -551.84448
v  -639.29572 5445.7983 -447.63443
v  -573.68677 5601.0254 -573.68005
v  -664.5899 5601.0259 -465.34473
v  -573.68677 6412.3423 -573.6803
v  -664.5899 6412.3423 -465.345
v  -551.85266 6567.5698 -551.84491
v  -639.29572 6567.5698 -447.6348
v  -489.67401 6699.1821 -489.66623
v  -567.26477 6699.1821 -397.19778
v  -396.61588 6787.1123 -396.60803
v  -459.46115 6787.1123 -321.71216
v  -286.84744 6817.9873 -286.83963
v  -332.29831 6817.9873 -232.67265
v  -367.65393 5195.3779 -171.43539
v  -508.34503 5226.2559 -237.0417
v  -627.61896 5314.1904 -292.65939
v  -707.31488 5445.7983 -329.82199
v  -735.2998 5601.0259 -342.87262
v  -735.2998 6412.3423 -342.87283
v  -707.31488 6567.5698 -329.82236
v  -627.61896 6699.1821 -292.65985
v  -508.34503 6787.1123 -237.04222
v  -367.65393 6817.9873 -171.43593
v  -391.83746 5195.3779 -104.9895
v  -541.78442 5226.2559 -145.16837
v  -668.90411 5314.1904 -179.22992
v  -753.84265 5445.7983 -201.98848
v  -783.66821 5601.0259 -209.98
v  -783.66821 6412.3423 -209.98024
v  -753.84265 6567.5698 -201.98883
v  -668.90411 6699.1821 -179.23038
v  -541.78442 6787.1123 -145.16885
v  -391.83746 6817.9873 -104.99004
v  -404.11615 5195.3779 -35.353764
v  -558.7619 5226.2559 -48.88353
v  -689.86523 5314.1904 -60.353512
v  -777.46484 5445.7983 -68.017632
v  -808.22552 5601.0259 -70.708908
v  -808.22552 6412.3423 -70.709167
v  -777.46484 6567.5698 -68.018005
v  -689.86523 6699.1821 -60.353958
v  -558.7619 6787.1123 -48.884041
v  -404.11615 6817.9873 -35.35429
v  -404.11615 5195.3779 35.356274
v  -558.7619 5226.2559 48.886108
v  -689.86523 5314.1904 60.355991
v  -777.46484 5445.7983 68.02002
v  -808.22552 5601.0259 70.711166
v  -808.22552 6412.3423 70.710899
v  -777.46484 6567.5698 68.019653
v  -689.86523 6699.1821 60.355537
v  -558.7619 6787.1123 48.885597
v  -404.11615 6817.9873 35.355747
v  -391.83746 5195.3779 104.99215
v  -541.78455 5226.2559 145.17015
v  -668.90417 5314.1904 179.23158
v  -753.84265 5445.7983 201.99136
v  -783.66821 5601.0259 209.98277
v  -783.66821 6412.3423 209.98253
v  -753.84265 6567.5698 201.99101
v  -668.90417 6699.1821 179.23112
v  -541.78455 6787.1123 145.16965
v  -391.83746 6817.9873 104.99162
v  -367.65399 5195.3779 171.43724
v  -508.34509 5226.2559 237.04349
v  -627.61908 5314.1904 292.6611
v  -707.315 5445.7983 329.82492
v  -735.29999 5601.0259 342.87405
v  -735.29999 6412.3423 342.87381
v  -707.315 6567.5698 329.82458
v  -627.61908 6699.1821 292.66061
v  -508.34509 6787.1123 237.04297
v  -367.65399 6817.9873 171.43669
v  -332.29837 5195.3779 232.67403
v  -459.46121 5226.2563 321.71484
v  -567.26483 5314.1904 397.1991
v  -639.2959 5445.7983 447.63611
v  -664.59003 5601.0259 465.34756
v  -664.59003 6412.3423 465.34735
v  -639.2959 6567.5698 447.63571
v  -567.26483 6699.1821 397.19861
v  -459.46121 6787.1123 321.71432
v  -332.29837 6817.9873 232.67348
v  -286.84753 5195.3779 286.84097
v  -396.61597 5226.2563 396.61078
v  -489.67413 5314.1904 489.66888
v  -551.85284 5445.7988 551.84747
v  -573.68695 5601.0259 573.68152
v  -573.68695 6412.3423 573.68134
v  -551.85284 6567.5698 551.84711
v  -489.67413 6699.1821 489.66843
v  -396.61597 6787.1123 396.61029
v  -286.84753 6817.9873 286.84045
v  -0.0065773339 6817.9873 0.0008402575
v  -249.05344 6817.9873 320.20432
v  -197.00916 6817.9873 354.6059
v  -128.28552 6817.9873 384.83771
v  -44.8036 6817.9873 403.17267
v  44.790253 6817.9873 403.17267
v  128.27217 6817.9873 384.83771
v  196.99554 6817.9873 354.60599
v  249.03987 6817.9873 320.20441
v  286.83395 6817.9873 286.84055
v  320.19641 6817.9873 249.04781
v  354.59796 6817.9873 197.00354
v  384.82977 6817.9873 128.27977
v  403.16614 6817.9873 44.797844
v  403.16614 6817.9873 -44.796013
v  384.82977 6817.9873 -128.27794
v  354.59808 6817.9873 -197.00117
v  320.1965 6817.9873 -249.04681
v  286.83401 6817.9873 -286.83957
v  249.03993 6817.9873 -320.20203
v  196.99567 6817.9873 -354.60358
v  128.27229 6817.9873 -384.83539
v  44.790371 6817.9873 -403.17169
v  -44.803478 6817.9873 -403.17169
v  -128.2854 6817.9873 -384.83539
v  -197.00903 6817.9873 -354.60367
v  -249.05336 6817.9873 -320.20212
v  396.60245 5226.2559 -396.60748
v  286.83401 5195.3779 -286.83905
v  232.66704 5195.3779 -332.28992
v  321.70654 5226.2559 -459.45276
v  489.66064 5314.1904 -489.66559
v  397.1922 5314.1904 -567.25641
v  551.83929 5445.7983 -551.84436
v  447.6293 5445.7983 -639.28748
v  573.67346 5601.0254 -573.67987
v  465.33948 5601.0254 -664.58167
v  573.67346 6412.3423 -573.68011
v  465.33948 6412.3423 -664.58185
v  551.83929 6567.5698 -551.84467
v  447.6293 6567.5698 -639.28778
v  489.66064 6699.1821 -489.66608
v  397.1922 6699.1821 -567.2569
v  396.60245 6787.1123 -396.60797
v  321.70654 6787.1123 -459.45325
v  171.43031 5195.3779 -367.64551
v  237.03661 5226.2559 -508.33798
v  292.65427 5314.1904 -627.6106
v  329.8168 5445.7983 -707.30652
v  342.86603 5601.0254 -735.29285
v  342.86603 6412.3423 -735.29309
v  329.8168 6567.5698 -707.30688
v  292.65427 6699.1821 -627.61108
v  237.03661 6787.1123 -508.33844
v  104.98427 5195.3779 -391.82907
v  145.16191 5226.2559 -541.7774
v  179.22343 5314.1904 -668.89569
v  201.98331 5445.7983 -753.83435
v  209.97475 5601.0254 -783.66132
v  209.97475 6412.3423 -783.66162
v  201.98331 6567.5698 -753.83472
v  179.22343 6699.1821 -668.89618
v  145.16191 6787.1123 -541.77789
v  35.34853 5195.3779 -404.10776
v  48.878296 5226.2559 -558.75488
v  60.348381 5314.1904 -689.85681
v  68.012329 5445.7983 -777.45789
v  70.703545 5601.0254 -808.21863
v  70.703545 6412.3423 -808.21893
v  68.012329 6567.5698 -777.45825
v  60.348381 6699.1821 -689.8573
v  48.878296 6787.1123 -558.75537
v  -35.3615 5195.3779 -404.10776
v  -48.891346 5226.2559 -558.75488
v  -60.361256 5314.1904 -689.85681
v  -68.025322 5445.7983 -777.45789
v  -70.71653 5601.0254 -808.21863
v  -70.71653 6412.3423 -808.21893
v  -68.025322 6567.5698 -777.45825
v  -60.361256 6699.1821 -689.8573
v  -48.891346 6787.1123 -558.75537
v  -104.99738 5195.3779 -391.82907
v  -145.17525 5226.2559 -541.77747
v  -179.23674 5314.1904 -668.89575
v  -201.99657 5445.7983 -753.83435
v  -209.98799 5601.0254 -783.66132
v  -209.98799 6412.3423 -783.66162
v  -201.99657 6567.5698 -753.83472
v  -179.23674 6699.1821 -668.89624
v  -145.17525 6787.1123 -541.77795
v  -171.4437 5195.3779 -367.6456
v  -237.04858 5226.2559 -508.33807
v  -292.66754 5314.1904 -627.61066
v  -329.83011 5445.7983 -707.3067
v  -342.8793 5601.0254 -735.29297
v  -342.8793 6412.3423 -735.29327
v  -329.83011 6567.5698 -707.30707
v  -292.66754 6699.1821 -627.61115
v  -237.04858 6787.1123 -508.33856
v  -232.68047 5195.3779 -332.29001
v  -321.71994 5226.2559 -459.45285
v  -397.20416 5314.1904 -567.25647
v  -447.64127 5445.7983 -639.2876
v  -465.35281 5601.0254 -664.58179
v  -465.35281 6412.3423 -664.58203
v  -447.64127 6567.5698 -639.28802
v  -397.20416 6699.1821 -567.25696
v  -321.71994 6787.1123 -459.45334
v  396.60236 5226.2563 396.61084
v  286.83395 5195.3779 286.84106
v  332.28482 5195.3779 232.67412
v  459.44763 5226.2563 321.71497
v  489.66049 5314.1904 489.66904
v  567.25128 5314.1904 397.19925
v  551.83917 5445.7988 551.8476
v  639.28229 5445.7983 447.63623
v  573.67328 5601.0259 573.6817
v  664.57642 5601.0259 465.34775
v  573.67328 6412.3423 573.68146
v  664.57642 6412.3423 465.3475
v  551.83917 6567.5698 551.84729
v  639.28229 6567.5698 447.63593
v  489.66049 6699.1821 489.66855
v  567.25128 6699.1821 397.19876
v  396.60236 6787.1123 396.61035
v  459.44763 6787.1123 321.71445
v  367.64044 5195.3779 171.43735
v  508.33289 5226.2559 237.04364
v  627.60547 5314.1904 292.66129
v  707.30133 5445.7983 329.82513
v  735.28766 5601.0259 342.87427
v  735.28766 6412.3423 342.87402
v  707.30133 6567.5698 329.82477
v  627.60547 6699.1821 292.66083
v  508.33289 6787.1123 237.04314
v  391.82401 5195.3779 104.99227
v  541.77228 5226.2559 145.1703
v  668.89062 5314.1904 179.23178
v  753.82922 5445.7983 201.99161
v  783.65607 5601.0259 209.98303
v  783.65607 6412.3423 209.98276
v  753.82922 6567.5698 201.99126
v  668.89062 6699.1821 179.23134
v  541.77228 6787.1123 145.1698
v  404.10266 5195.3779 35.356396
v  558.74976 5226.2559 48.88628
v  689.85168 5314.1904 60.356205
v  777.45129 5445.7983 68.020248
v  808.21344 5601.0259 70.711403
v  808.21344 6412.3423 70.711143
v  777.45129 6567.5698 68.019882
v  689.85168 6699.1821 60.355751
v  558.74976 6787.1123 48.885769
v  404.10266 5195.3779 -35.353642
v  558.74976 5226.2559 -48.883354
v  689.85168 5314.1904 -60.353298
v  777.45129 5445.7983 -68.017403
v  808.21344 5601.0259 -70.708664
v  808.21344 6412.3423 -70.708923
v  777.45129 6567.5698 -68.017769
v  689.85168 6699.1821 -60.353752
v  558.74976 6787.1123 -48.883869
v  391.82401 5195.3779 -104.98939
v  541.77234 5226.2559 -145.16821
v  668.89069 5314.1904 -179.22972
v  753.82922 5445.7983 -201.98825
v  783.65607 5601.0259 -209.97974
v  783.65607 6412.3423 -209.98
v  753.82922 6567.5698 -201.9886
v  668.89069 6699.1821 -179.23018
v  541.77234 6787.1123 -145.1687
v  367.64053 5195.3779 -171.43527
v  508.33298 5226.2559 -237.04156
v  627.60559 5314.1904 -292.65921
v  707.30151 5445.7983 -329.82178
v  735.28778 5601.0259 -342.87238
v  735.28778 6412.3423 -342.87262
v  707.30151 6567.5698 -329.82214
v  627.60559 6699.1821 -292.65967
v  508.33298 6787.1123 -237.04207
v  332.28488 5195.3779 -232.67206
v  459.44772 5226.2559 -321.71155
v  567.25134 5314.1904 -397.19714
v  639.28241 5445.7983 -447.63431
v  664.57654 5601.0259 -465.34457
v  664.57654 6412.3423 -465.34479
v  639.28241 6567.5698 -447.63461
v  567.25134 6699.1821 -397.19763
v  459.44772 6787.1123 -321.71204
v  249.03987 5195.3779 320.2049
v  223.09125 5195.3779 223.09975
v  256.73309 5195.3779 183.38673
v  289.99167 5195.3779 124.28616
v  312.33054 5195.3779 44.621044
v  312.33054 5195.3779 -44.618179
v  289.9917 5195.3779 -124.28332
v  256.73312 5195.3779 -183.38333
v  223.09134 5195.3779 -223.09636
v  196.99554 5195.3779 354.60648
v  183.37825 5195.3779 256.74152
v  159.3486 5195.3779 159.35704
v  193.24005 5195.3779 115.94964
v  220.9794 5195.3779 44.198788
v  220.9794 5195.3779 -44.195946
v  193.2401 5195.3779 -115.94696
v  159.34863 5195.3779 -159.35368
v  183.37834 5195.3779 -256.73822
v  128.27217 5195.3779 384.83817
v  124.27809 5195.3779 289.99875
v  115.94173 5195.3779 193.2485
v  95.606873 5195.3779 95.614738
v  128.27222 5195.3779 42.761066
v  128.27225 5195.3779 -42.758255
v  95.606888 5195.3779 -95.612099
v  115.94179 5195.3779 -193.24516
v  124.27817 5195.3779 -289.9968
v  44.790253 5195.3779 403.17316
v  44.612949 5195.3779 312.3389
v  44.19072 5195.3779 220.98781
v  42.753025 5195.3779 128.28024
v  31.86459 5195.3779 31.872459
v  31.864601 5195.3779 -31.869818
v  42.753063 5195.3779 -128.27745
v  44.190792 5195.3779 -220.98584
v  44.613041 5195.3779 -312.33563
v  -44.8036 5195.3779 403.17316
v  -44.62627 5195.3779 312.3389
v  -44.203876 5195.3779 220.98781
v  -42.766155 5195.3779 128.28023
v  -31.877687 5195.3779 31.872452
v  -31.877678 5195.3779 -31.869829
v  -42.766113 5195.3779 -128.27748
v  -44.203804 5195.3779 -220.98584
v  -44.626175 5195.3779 -312.33563
v  -128.28552 5195.3779 384.83817
v  -124.29138 5195.3779 289.99872
v  -115.95488 5195.3779 193.24847
v  -95.619972 5195.3779 95.614716
v  -128.28546 5195.3779 42.761028
v  -128.28545 5195.3779 -42.758297
v  -95.619949 5195.3779 -95.612122
v  -115.95482 5195.3779 -193.24519
v  -124.29131 5195.3779 -289.99683
v  -197.00916 5195.3779 354.60638
v  -183.39183 5195.3779 256.74149
v  -159.36212 5195.3779 159.35701
v  -193.25359 5195.3779 115.94958
v  -220.9929 5195.3779 44.198715
v  -220.9929 5195.3779 -44.196014
v  -193.25356 5195.3779 -115.94702
v  -159.36209 5195.3779 -159.35373
v  -183.39175 5195.3779 -256.73825
v  -249.05344 5195.3779 320.2048
v  -223.10481 5195.3779 223.09966
v  -256.74661 5195.3779 183.38666
v  -290.00385 5195.3779 124.28608
v  -312.34402 5195.3779 44.620953
v  -312.34402 5195.3779 -44.618267
v  -290.00381 5195.3779 -124.28339
v  -256.74658 5195.3779 -183.38342
v  -223.10474 5195.3779 -223.09642
v  -321.72006 5226.2563 459.45602
v  -397.20432 5314.1904 567.2583
v  -447.64142 5445.7988 639.29059
v  -465.35303 5601.0259 664.58466
v  -465.35303 6412.3423 664.58435
v  -447.64142 6567.5698 639.29022
v  -397.20432 6699.1821 567.25781
v  -321.72006 6787.1123 459.45554
v  -237.04875 5226.2563 508.33994
v  -292.66776 5314.1904 627.61389
v  -329.83029 5445.7988 707.30963
v  -342.87955 5601.0259 735.29449
v  -342.87955 6412.3423 735.29425
v  -329.83029 6567.5698 707.30927
v  -292.66776 6699.1821 627.6134
v  -237.04875 6787.1123 508.33945
v  -145.1754 5226.2563 541.77936
v  -179.23694 5314.1904 668.89899
v  -201.9968 5445.7988 753.83746
v  -209.98824 5601.0259 783.66302
v  -209.98824 6412.3423 783.66278
v  -201.9968 6567.5698 753.8371
v  -179.23694 6699.1821 668.89856
v  -145.1754 6787.1123 541.77887
v  -48.891521 5226.2563 558.75684
v  -60.361469 5314.1904 689.85999
v  -68.025551 5445.7988 777.45953
v  -70.716766 5601.0259 808.22034
v  -70.716766 6412.3423 808.22009
v  -68.025551 6567.5698 777.45923
v  -60.361469 6699.1821 689.85956
v  -48.891521 6787.1123 558.75635
v  48.87812 5226.2563 558.75684
v  60.348171 5314.1904 689.85999
v  68.012093 5445.7988 777.45953
v  70.7033 5601.0259 808.22034
v  70.7033 6412.3423 808.22009
v  68.012093 6567.5698 777.45923
v  60.348171 6699.1821 689.85956
v  48.87812 6787.1123 558.75635
v  145.16174 5226.2563 541.77936
v  179.22322 5314.1904 668.89911
v  201.98306 5445.7988 753.83746
v  209.9745 5601.0259 783.66302
v  209.9745 6412.3423 783.66278
v  201.98306 6567.5698 753.8371
v  179.22322 6699.1821 668.89862
v  145.16174 6787.1123 541.77887
v  237.03644 5226.2563 508.34003
v  292.65405 5314.1904 627.61395
v  329.81659 5445.7988 707.30975
v  342.86578 5601.0259 735.29474
v  342.86578 6412.3423 735.29437
v  329.81659 6567.5698 707.30945
v  292.65405 6699.1821 627.61346
v  237.03644 6787.1123 508.33954
v  321.70645 5226.2563 459.45612
v  397.19202 5314.1904 567.25842
v  447.62912 5445.7988 639.29071
v  465.33932 5601.0259 664.58478
v  465.33932 6412.3423 664.58453
v  447.62912 6567.5698 639.29041
v  397.19202 6699.1821 567.25793
v  321.70645 6787.1123 459.45563
v  143.87032 23.900614 413.41043
v  112.55222 51.739655 494.63528
v  110.46602 49.60751 412.24738
v  144.9593 27.584486 496.03067
v  143.32513 22.05159 309.31784
v  199.04059 11.728424 309.4097
v  198.95018 10.891895 190.91302
v  199.31317 14.238291 413.77353
v  282.65802 4.576252 190.91302
v  198.95026 10.891874 65.348572
v  282.69449 5.5343986 309.46375
v  199.85835 19.244814 496.93893
v  146.77702 33.737984 550.01819
v  282.80377 8.4358149 413.99084
v  387.29584 1.4052404 190.91302
v  282.65802 4.5762315 65.348572
v  282.65802 4.576211 -60.215179
v  387.29584 1.4051995 -60.215145
v  387.29584 1.4052199 65.34861
v  505.88437 0.35250655 65.34861
v  505.88437 0.3524861 -60.215145
v  387.30533 2.4440594 -178.79482
v  505.88437 1.4051802 -178.8029
v  631.44672 0.35250655 65.34861
v  505.88428 0.35252702 190.91302
v  387.30533 2.4441388 309.49203
v  631.44672 0.3524861 -60.215103
v  631.44672 1.4051802 -178.80286
v  631.44672 4.5761747 -283.43936
v  505.88437 4.5761747 -283.43936
v  757.0105 1.4051802 -178.80286
v  631.44672 10.891804 -367.14987
v  757.0105 4.5761747 -283.43933
v  757.0105 0.3524861 -60.215103
v  875.5625 5.5343018 -283.40286
v  875.59082 2.4440594 -178.79472
v  875.59888 1.4051995 -60.215103
v  757.0105 0.35250655 65.348656
v  757.0105 0.35252702 190.91302
v  875.59888 1.4052199 65.348656
v  875.59888 1.4052404 190.91302
v  980.23541 4.5762315 65.348694
v  631.44666 0.35252702 190.91302
v  505.88428 1.4052597 309.50009
v  757.01038 1.4052597 309.50009
v  631.44666 1.4052597 309.50009
v  631.44666 4.5762882 414.1366
v  387.3309 5.5344152 414.10007
v  505.88416 4.5762882 414.1366
v  283.02094 14.238304 497.4841
v  387.38626 11.728455 497.75662
v  200.76654 27.584496 551.83594
v  148.31668 55.423843 580.69519
v  283.38531 23.900637 552.92633
v  201.80292 51.591351 583.9906
v  202.73666 103.55851 598.92096
v  284.16534 49.297062 586.0553
v  387.47665 22.05163 553.4715
v  505.88416 10.891945 497.84573
v  388.1716 48.150078 587.1712
v  285.63077 102.29023 602.60773
v  204.78387 194.95711 602.88287
v  505.88416 21.444521 553.65234
v  631.44666 10.891945 497.84573
v  288.63602 194.40372 608.60724
v  390.04053 101.6828 604.78442
v  506.59943 47.785873 587.61798
v  631.44666 21.444521 553.65234
v  508.74905 101.50745 605.80591
v  632.21991 47.785873 587.67334
v  757.01038 21.444521 553.65234
v  757.01038 4.5762882 414.1366
v  757.01038 10.891945 497.84573
v  757.80389 47.785873 587.6181
v  875.41656 22.05163 553.4715
v  875.50848 11.728455 497.75677
v  875.56238 5.5344152 414.10028
v  979.50928 23.900637 552.92633
v  875.59064 2.4441388 309.49203
v  979.87231 14.238304 497.48425
v  980.09088 8.4358149 413.99103
v  980.19885 5.5343986 309.46375
v  57.915791 756.27448 -365.06659
v  70.639732 553.96478 -433.1261
v  63.263657 552.23773 -344.2634
v  77.045547 363.38193 -408.49591
v  114.37412 112.49194 -459.7655
v  92.538658 209.43658 -443.15652
v  109.51472 210.23256 -476.68631
v  142.95418 209.62543 -493.85263
v  85.097748 208.04637 -387.09628
v  99.648903 111.11555 -428.13031
v  145.97421 111.19631 -474.56631
v  199.0623 208.53218 -501.54721
v  124.04296 72.021942 -445.62997
v  70.861008 362.18091 -321.82199
v  94.348251 108.80776 -373.67593
v  80.261276 206.91292 -302.33856
v  115.1581 56.773033 -420.43298
v  91.017822 107.2966 -290.41745
v  111.92484 52.900002 -366.87463
v  144.96075 27.584347 -365.33359
v  109.94786 50.552002 -284.42316
v  146.7771 33.737827 -419.32379
v  147.66646 56.786537 -452.97104
v  199.85844 19.244675 -366.24173
v  200.44818 108.99661 -479.96948
v  200.76668 27.584337 -421.13876
v  201.23088 52.954041 -456.22992
v  284.04269 207.87103 -506.66296
v  284.84296 364.0701 -536.89081
v  283.7944 107.67429 -483.41193
v  390.67502 207.53386 -509.68845
v  393.90958 363.94846 -541.19824
v  388.79254 107.01311 -485.32007
v  283.70529 50.646561 -458.23517
v  387.85999 49.486069 -459.28369
v  283.38547 23.900478 -422.2291
v  387.47681 22.051472 -422.77426
v  506.46872 49.108032 -459.67499
v  283.02386 14.238163 -366.7869
v  387.38632 11.728313 -367.05948
v  505.88437 21.444363 -422.95508
v  505.88437 10.891804 -367.14987
v  387.33099 5.5343018 -283.40295
v  631.44678 21.444363 -422.95508
v  282.80386 8.4357014 -283.29364
v  199.31326 14.238177 -283.07642
v  282.69455 5.5343189 -178.76649
v  143.87041 23.900501 -282.71475
v  199.04066 11.728344 -178.7139
v  143.32523 22.051512 -178.62213
v  108.93713 49.323959 -180.30899
v  198.95026 10.891854 -60.215179
v  197.61337 2660.2429 -643.75922
v  290.74451 2681.5151 -617.15833
v  294.81171 2663.8909 -663.49597
v  556.9093 2670.4343 -722.20514
v  419.68298 2649.1191 -709.67334
v  416.39606 2684.0779 -682.72473
v  412.04395 2703.4561 -635.35767
v  406.52966 2713.7205 -556.62415
v  552.6217 2705.9543 -695.08673
v  711.25128 2684.0994 -724.2489
v  547.98212 2726.5208 -647.25421
v  542.81146 2739.0691 -567.23389
v  536.9248 2750.5315 -443.55099
v  708.62793 2717.876 -697.72742
v  869.80621 2680.6907 -709.03076
v  705.0816 2738.3374 -650.25494
v  697.58948 2753.0527 -569.64447
v  687.84906 2769.6079 -444.38049
v  871.28363 2714.6323 -683.34863
v  870.43115 2736.7249 -636.94598
v  868.31158 2753.2886 -558.65906
v  675.5954 2782.0718 -287.72275
v  531.32697 2757.4138 -289.54074
v  672.39331 2762.1631 -116.24212
v  850.14551 2776.0388 -434.15555
v  821.53503 2790.2668 -277.38974
v  816.12585 2788.1462 -108.89042
v  670.53418 2746.6687 58.612377
v  812.75189 2783.3704 62.530453
v  976.30872 2776.2944 -104.68261
v  954.10529 2795.4004 64.93119
v  982.83765 2775.2002 -267.14844
v  985.91241 2768.1714 -413.19293
v  1010.7375 2751.0256 -538.56213
v  1123.1849 2767.7046 -100.93026
v  1102.438 2788.0159 61.669407
v  1241.3474 2755.103 -99.659492
v  1131.9141 2749.2227 -257.49963
v  1238.7518 2731.8408 -246.98216
v  1298.4606 2736.8103 -238.04518
v  1112.2523 2757.4985 -394.18613
v  1220.8619 2733.6589 -381.02713
v  1285.0878 2733.4722 -369.7088
v  1321.4169 2727.2039 -364.40176
v  1325.7668 2698.3813 -478.40915
v  1289.2937 2706.3726 -485.08624
v  1323.1582 2696.8877 -549.84406
v  1286.5 2708.3655 -556.90735
v  1222.7163 2715.8599 -497.8931
v  1225.7806 2710.1643 -573.4845
v  1126.7935 2724.759 -517.72192
v  1135.9512 2732.9414 -596.28638
v  1228.7782 2705.6375 -618.26227
v  1015.9602 2734.2473 -616.7793
v  1136.9459 2718.8601 -641.13922
v  1139.467 2683.0322 -667.86682
v  1016.4188 2712.689 -661.95264
v  1014.9249 2677.5276 -687.44647
v  1009.5131 2629.9695 -702.72412
v  1327.5588 2670.5112 -597.5661
v  1294.3003 2671.689 -624.54999
v  1314.5541 2690.5466 -583.93951
v  1303.3497 2624.7805 -641.22015
v  1342.6755 2669.3987 -553.97327
v  1287.6619 2699.8416 -599.68658
v  1338.0537 2621.4866 -611.6698
v  1353.1139 2625.1074 -565.42822
v  1241.8049 2629.7646 -664.01575
v  1356.6588 2632.5173 -490.67603
v  1234.4929 2676.4307 -645.17389
v  1344.7909 2676.2317 -480.87277
v  1350.9153 2660.7053 -373.78183
v  1341.1078 2702.8713 -366.45432
v  1361.1531 2600.0796 -384.73657
v  1367.9303 2578.915 -503.45221
v  1371.0073 2531.3699 -395.68506
v  1377.2791 2518.8704 -514.78638
v  1364.4519 2570.5083 -579.6665
v  1372.1051 2513.1787 -591.49353
v  1347.6699 2566.8962 -627.23779
v  1353.6846 2510.2185 -640.0025
v  1316.3096 2508.1729 -672.19574
v  1311.7754 2567.1082 -658.53992
v  1253.4323 2506.7407 -698.12036
v  1249.8494 2568.5986 -683.31702
v  1148.583 2510.2048 -722.0144
v  1146.4249 2569.5881 -705.49286
v  1007.1627 2505.5518 -739.91565
v  1142.4066 2631.1162 -686.08319
v  1006.2717 2567.5156 -721.04694
v  862.43628 2563.6609 -744.73615
v  865.74915 2629.0847 -725.39484
v  863.43994 2490.3079 -764.46411
v  870.22894 2422.6099 -779.71088
v  718.17657 2477.1748 -781.08228
v  714.09259 2557.3733 -761.41473
v  712.61737 2629.7041 -741.47534
v  565.1712 2554.1394 -760.20282
v  569.15503 2473.6333 -779.17981
v  561.03271 2618.4143 -740.08557
v  424.11304 2533.7429 -746.38422
v  425.6929 2458.8438 -764.16742
v  297.8085 2512.1992 -724.73358
v  422.16635 2597.4812 -727.21832
v  297.83585 2578.3452 -706.7041
v  197.67354 2577.0542 -684.16217
v  198.59209 2627.4167 -668.66528
v  297.00626 2629.666 -689.81891
v  566.52057 2372.6665 779.82739
v  712.41241 2384.6609 781.64514
v  562.93268 2449.5256 768.34637
v  423.4693 2436.7888 762.23938
v  861.90631 2320.6973 787.45294
v  855.35266 2397.1177 777.66034
v  421.22906 2510.0242 748.78748
v  291.75241 2500.5413 739.50854
v  706.53442 2460.4141 769.51007
v  559.5636 2524.2437 754.22113
v  289.94144 2557.0205 726.21014
v  185.23824 2549.146 715.36768
v  418.84344 2567.813 734.64313
v  184.83948 2588.5027 703.70386
v  118.55562 2580.8589 693.94434
v  288.0957 2597.4419 713.06793
v  118.39745 2606.759 675.72314
v  90.226654 2597.7195 663.70612
v  183.06995 2616.5623 683.31281
v  114.77219 2623.8459 638.7699
v  78.061882 2607.0288 635.31445
v  179.02538 2636.801 645.00702
v  285.30972 2626.574 691.29681
v  107.99219 2638.0359 575.15839
v  70.830826 2617.9941 571.87958
v  101.18809 2653.1785 476.96463
v  172.65448 2654.343 580.59332
v  166.2019 2671.8088 481.8725
v  159.79736 2691.2742 356.05399
v  262.25037 2709.4131 361.3259
v  259.04141 2723.356 214.18939
v  268.01819 2692.7061 487.90714
v  387.09634 2722.5315 217.9254
v  383.0452 2721.1458 54.534119
v  525.01306 2733.5474 56.123524
v  390.94162 2714.8003 366.43634
v  526.30676 2727.9495 221.10556
v  529.91406 2725.4348 370.30917
v  670.44788 2747.1006 223.2932
v  396.4996 2707.303 493.63895
v  274.80554 2669.937 587.10968
v  280.94913 2649.0308 652.10803
v  402.94647 2685.3711 593.1073
v  408.51279 2661.7488 658.41504
v  534.85059 2721.1755 497.63919
v  540.13214 2699.5239 596.99109
v  671.79773 2734.2219 371.88358
v  674.67682 2730.7173 498.47849
v  544.76898 2673.9001 662.26874
v  811.99591 2756.2515 370.08896
v  412.8739 2638.0659 698.07605
v  416.20303 2608.6184 720.61371
v  556.16162 2581.5889 739.44562
v  552.65015 2621.3801 724.91516
v  548.89502 2650.0942 702.05017
v  700.84637 2532.0483 754.70709
v  695.49567 2587.8013 739.39081
v  690.46973 2626.7881 724.55371
v  849.68958 2471.8684 764.70227
v  843.53351 2543.3652 749.13953
v  837.83606 2598.8838 733.24823
v  685.93671 2654.9355 701.6203
v  681.91516 2678.7649 662.01282
v  678.28925 2705.5991 597.15955
v  825.91541 2686.3237 655.99188
v  825.42163 2710.4336 592.00793
v  821.75476 2735.0657 494.72736
v  984.69971 2691.2681 646.28577
v  827.92175 2664.2949 695.18463
v  832.28314 2637.1074 718.10162
v  984.06274 2671.2007 684.8078
v  986.83795 2645.4419 707.44385
v  1113.694 2678.3577 672.70496
v  989.12427 2711.1733 583.49017
v  1117.2778 2693.6165 634.95032
v  990.73352 2609.105 722.77386
v  1114.4209 2655.4919 695.37628
v  991.2243 2557.2129 739.43567
v  1117.7997 2620.531 711.89825
v  1205.1249 2683.4451 663.66785
v  1208.0223 2661.4951 686.74219
v  987.44409 2487.8284 756.20074
v  1119.8097 2566.5632 730.70074
v  987.41333 2410.7834 770.45831
v  1114.2704 2496.3237 748.60327
v  1217.0243 2624.8982 704.61163
v  1222.4979 2571.9646 725.79236
v  993.57574 2332.8687 781.19843
v  999.48352 2253.7595 787.39453
v  1107.0973 2421.7222 763.99512
v  1113.6227 2261.6697 780.65393
v  1218.6815 2502.7571 745.17157
v  1118.4772 2151.1604 781.47949
v  1107.7629 2344.4692 774.13879
v  1211.5449 2430.5068 761.7514
v  1207.0244 2355.5227 769.64771
v  1212.5469 2153.7966 770.9364
v  1213.767 2034.2075 768.05682
v  1274.9958 2036.2059 753.98077
v  1209.4037 2268.6433 771.67206
v  1275.6892 2156.3804 756.18524
v  1312.2543 2037.1603 727.83679
v  1314.9421 2157.4846 730.14404
v  1333.6704 2036.8285 681.25415
v  1338.6602 2157.0061 683.69769
v  1275.9893 2274.1287 760.20349
v  1319.3318 2276.4287 736.32001
v  1276.4475 2363.7297 760.48907
v  1321.0657 2368.3423 736.65527
v  1347.3235 2274.144 690.64185
v  1357.0322 2154.7551 607.74738
v  1283.1296 2438.3857 754.61621
v  1328.3344 2443.9207 732.63867
v  1349.4143 2367.8127 690.26172
v  1371.6959 2267.1306 615.039
v  1376.1742 2152.0874 488.86887
v  1392.5071 2254.9128 490.15527
v  1376.6146 2362.6294 617.36255
v  1389.589 2152.2998 345.70755
v  1358.7191 2445.9458 688.61017
v  1397.6359 2348.5398 490.33398
v  1335.6482 2514.4436 717.22638
v  1382.4821 2445.7905 611.96692
v  1365.4449 2515.9585 675.09717
v  1290.8641 2509.8145 738.06781
v  1335.6421 2580.3062 697.74274
v  1292.2793 2576.3022 718.15985
v  1282.9716 2627.1428 696.15564
v  1322.4165 2630.2759 676.5755
v  1363.1233 2582.1323 656.82855
v  1386.3593 2515.8472 601.06604
v  1345.756 2633.5322 637.73621
v  1306.5632 2666.8723 661.32043
v  1270.1074 2663.9087 678.93707
v  1380.7946 2583.707 585.73511
v  1326.6515 2670.5771 624.98181
v  1263.2286 2686.5603 657.21753
v  1291.8446 2683.0352 647.40265
v  1359.7305 2637.0669 571.04437
v  1302.0901 2691.9451 619.31885
v  1207.4048 2696.2473 625.58234
v  1266.1689 2697.4243 620.41626
v  1126.6277 2705.6072 573.55133
v  1218.5675 2702.2473 564.8045
v  985.55231 2734.9299 488.04123
v  1122.0291 2732.3586 480.08057
v  957.76025 2765.2827 366.06406
v  810.61066 2781.1995 224.04202
v  941.92798 2801.4438 223.67799
v  1089.3949 2770.2656 360.94269
v  1216.0167 2728.4028 472.41751
v  1066.894 2800.0417 221.56088
v  1189.4529 2775.603 355.86057
v  1275.5822 2703.6077 560.09283
v  1276.9734 2723.9839 467.12595
v  1314.1902 2695.3625 558.67963
v  1339.7872 2674.0415 562.06329
v  1344.6093 2687.6816 463.93661
v  1365.8816 2648.6562 466.59689
v  1317.1454 2712.1106 464.14658
v  1249.715 2773.2944 351.10696
v  1385.8087 2592.8267 472.43539
v  1172.1289 2793.3911 217.91725
v  1397.0239 2520.6694 479.94504
v  1395.7153 2446.3137 486.10495
v  1396.5795 2432.1575 338.12665
v  1405.2927 2333.1189 339.75418
v  1401.9834 2245.082 341.74054
v  1404.4797 2250.1277 194.72906
v  1381.7986 2538.1721 336.05768
v  1404.4471 2335.8208 193.3694
v  1395.0408 2433.5728 194.01801
v  1366.1116 2622.1997 337.07791
v  1380.0548 2538.9705 196.9341
v  1396.6855 2431.5425 42.745983
v  1345.0171 2686.3335 340.49072
v  1357.795 2629.7839 201.73703
v  1382.5068 2533.7598 49.524548
v  1374.3271 2610.2378 52.691364
v  1336.807 2696.6025 206.75307
v  1321.7993 2730.5854 343.81357
v  1291.6259 2759.1223 347.08478
v  1314.0426 2743.5054 210.48985
v  1241.485 2789.989 215.24588
v  1285.7963 2773.5667 213.08344
v  1366.2565 2667.2244 54.807121
v  1353.6487 2710.9546 56.446873
v  1290.7041 2763.3154 58.035625
v  1220.1841 2778.5776 58.714764
v  1331.0668 2743.019 57.611145
v  1309.83 2736.887 -97.514557
v  1363.4441 2688.0298 -96.426933
v  1346.4114 2717.7122 -96.101585
v  1369.3732 2646.6782 -98.435921
v  1350.823 2706.4546 -235.02979
v  1331.0562 2734.1487 -233.50438
v  1371.0989 2595.5117 -101.6325
v  1356.7708 2664.7725 -238.8768
v  1373.0433 2529.3215 -106.21676
v  1358.202 2610.709 -244.55923
v  1363.9288 2537.9905 -253.05258
v  1386.2854 2431.8337 -115.21377
v  1404.2653 2336.772 37.680695
v  1397.6821 2336.5947 -123.07481
v  1380.5619 2434.1509 -265.56583
v  1404.8627 2251.7849 36.444004
v  1391.6647 2336.4114 -274.84921
v  1384.1788 2435.9302 -405.34622
v  1402.1453 2252.4929 -125.90801
v  1392.0378 2335.8477 -413.26172
v  1395.9496 2253.6858 -278.67703
v  1385.4042 2433.5269 -521.367
v  1393.2992 2165.8257 -277.84674
v  1398.9012 2163.0579 -124.8082
v  1386.0129 2054.9954 -273.64417
v  1399.0057 2161.2737 37.941372
v  1390.6836 2049.1504 -121.05056
v  1377.4194 1941.8892 -267.78488
v  1395.6772 2159.2822 198.43947
v  1390.458 2044.7594 41.111595
v  1384.1703 2042.6669 203.91621
v  1375.3676 2036.3715 353.92255
v  1374.5477 1921.2697 206.57021
v  1381.1262 1932.7129 -116.03973
v  1366.621 1829.345 -260.14963
v  1369.293 1817.7396 -110.22087
v  1380.4919 1925.3044 44.955215
v  1368.0609 1807.9021 48.374748
v  1356.9158 1702.9823 -105.30209
v  1362.2839 1801.6947 206.85225
v  1354.9727 1691.296 50.067009
v  86.936462 2668.9907 -512.5769
v  116.86675 2691.6091 -405.17401
v  124.27565 2678.9119 -515.6106
v  157.67076 2704.312 -111.93392
v  108.30119 2697.6455 -266.90994
v  94.178047 2696.8879 -111.62317
v  50.310104 2676.2612 47.215477
v  85.874718 2699.2161 49.889126
v  56.964947 2657.907 203.64137
v  38.475166 2626.5217 200.79659
v  171.75485 2704.626 -270.13394
v  180.24213 2697.3547 -411.49329
v  187.71828 2679.543 -524.85132
v  130.71404 2675.6853 -587.41968
v  270.33344 2710.8972 -277.28555
v  193.74725 2675.584 -599.04797
v  134.55138 2664.0566 -629.87079
v  277.70206 2709.8765 -423.25839
v  284.98367 2688.7063 -540.50983
v  399.76135 2721.3516 -435.578
v  393.12717 2724.4387 -284.90814
v  527.02277 2751.3438 -118.53657
v  387.0444 2721.1001 -117.30721
v  258.96033 2708.0745 -114.46794
v  252.29425 2721.7937 53.317081
v  149.56239 2714.5032 51.945362
v  93.641052 2682.6609 206.82555
v  157.35318 2707.5193 210.34242
v  56.664543 2646.2224 348.35324
v  94.133629 2669.6648 351.68399
v  37.959175 2615.6587 346.19571
v  29.591492 2581.3333 198.28996
v  29.57049 2571.9336 345.18127
v  63.354767 2631.3552 473.66138
v  44.586128 2601.8867 472.44839
v  36.510677 2559.8811 473.16699
v  22.711689 2509.2507 345.29233
v  29.883013 2501.0903 475.65326
v  52.357651 2590.2173 571.81799
v  44.534901 2550.4478 574.44232
v  39.10075 2494.6345 579.21741
v  61.386154 2581.2639 636.55896
v  55.558197 2543.3337 641.21637
v  52.068306 2489.5703 647.9942
v  37.468849 2422.656 585.25208
v  51.893288 2419.8237 655.9057
v  75.136848 2487.8237 690.14404
v  76.239532 2419.054 699.56561
v  76.76709 2540.6245 681.50836
v  80.278229 2577.5266 674.61981
v  116.9789 2543.2012 703.34662
v  117.19034 2489.4702 713.84119
v  185.9265 2494.4214 727.49011
v  119.12547 2420.324 724.56885
v  123.3525 2347.2705 733.81116
v  188.74437 2423.7393 739.3197
v  193.10237 2349.9934 749.19696
v  198.19728 2279.9841 756.44678
v  301.70999 2283.0774 770.28284
v  305.76645 2211.9829 774.11786
v  297.8342 2354.4221 762.63824
v  294.10263 2428.7954 752.22113
v  432.41696 2216.3235 785.04382
v  436.81622 2121.4641 784.02661
v  578.20575 2126.311 791.32806
v  428.52167 2289.0127 781.20953
v  574.37286 2222.4946 792.39539
v  725.8775 2132.7078 794.48828
v  425.75836 2362.1135 773.16925
v  570.27991 2296.7991 788.33997
v  722.50433 2231.4407 795.25726
v  870.71588 2140.9292 792.80609
v  871.71906 2019.1322 789.7774
v  1005.7653 2027.0939 785.23962
v  1003.9671 2148.3701 787.75183
v  1121.4557 2031.7493 778.20111
v  867.58392 2243.2478 792.74133
v  717.85431 2307.4302 790.75171
v  94.279724 2667.2993 -582.96368
v  106.44868 2659.094 -615.58398
v  134.15852 2633.8503 -652.23596
v  96.166214 2638.9626 -628.73315
v  131.31923 2585.0664 -665.2168
v  91.196785 2591.6748 -639.00745
v  127.82278 2517.8311 -679.52136
v  86.052094 2523.0081 -651.05725
v  124.2196 2437.6316 -692.96075
v  81.216827 2437.71 -662.76215
v  195.84729 2511.3809 -700.64771
v  193.64735 2437.0359 -715.80096
v  297.33063 2441.1406 -741.28882
v  297.61813 2371.0496 -752.15198
v  192.61691 2361.6038 -725.79419
v  298.71136 2300.7744 -755.39453
v  122.19299 2354.6111 -701.90778
v  192.9175 2289.1133 -728.85114
v  300.76419 2228.5725 -748.94708
v  78.376961 2349.793 -670.64783
v  53.198761 2347.6995 -622.17053
v  121.93456 2282.3811 -704.61584
v  194.66226 2219.4966 -723.34082
v  303.47327 2141.8337 -735.04181
v  77.644051 2277.8862 -673.01703
v  51.976894 2275.4495 -624.31189
v  36.80994 2273.543 -548.80743
v  197.56592 2135.6084 -711.23987
v  305.61508 2048.2122 -717.64758
v  123.42065 2213.9697 -699.67688
v  200.24307 2044.2449 -696.13055
v  307.4314 1954.2904 -697.78503
v  126.42275 2131.8174 -688.82068
v  78.893829 2210.4309 -668.47711
v  52.961082 2208.125 -620.21881
v  37.452362 2205.7451 -545.414
v  81.922791 2129.4751 -658.56091
v  55.963985 2127.6208 -611.2052
v  40.401299 2125.231 -537.52765
v  129.49611 2041.8698 -675.27209
v  85.308327 2040.0074 -646.12531
v  59.614063 2037.5764 -599.7373
v  44.326458 2033.4933 -527.16809
v  89.197449 1949.0275 -632.22064
v  132.93723 1950.6604 -660.00037
v  203.01222 1952.0232 -678.97095
v  525.03986 555.61108 -577.74677
v  403.4057 761.92865 -604.69543
v  533.27826 761.96918 -608.51831
v  398.23865 555.61108 -574.61334
v  409.15433 962.28186 -626.21246
v  659.28998 555.58405 -578.71429
v  292.23114 961.98486 -619.30603
v  541.54907 962.3761 -630.34454
v  288.77252 761.80737 -598.22345
v  517.60437 363.89478 -543.46661
v  198.64131 961.6474 -609.61426
v  648.6145 363.89478 -544.09271
v  286.36505 555.61108 -569.08063
v  197.04488 761.68567 -589.02423
v  196.89236 555.65167 -560.91779
v  137.29994 555.74628 -549.89685
v  136.24602 961.45856 -597.12512
v  197.72099 364.34006 -530.14624
v  139.85854 364.77182 -520.56781
v  135.89114 761.60498 -577.02362
v  104.80518 364.94714 -501.49603
v  100.87689 555.62463 -529.35413
v  97.881142 960.95923 -574.85919
v  98.358833 761.29456 -555.42297
v  80.917213 555.07159 -492.62885
v  77.48954 760.49823 -517.42914
v  76.374886 959.75824 -535.84113
v  86.113945 364.39383 -466.26184
v  66.328255 758.91949 -456.24234
v  64.560486 957.39673 -473.09161
v  55.268158 953.46991 -379.63406
v  980.23541 4.576252 190.91318
v  1063.5828 14.238291 413.77368
v  1063.8553 11.728424 309.40982
v  1063.0376 19.244814 496.93909
v  1062.1295 27.584496 551.83612
v  1117.9346 27.584486 496.03085
v  1119.0249 23.900614 413.41061
v  1116.1183 33.737984 550.01831
v  1115.777 55.423843 580.69537
v  1062.3413 51.591351 583.99072
v  980.06519 49.297062 586.05548
v  876.15338 48.150078 587.17139
v  878.57703 101.6828 604.78442
v  760.18298 101.50745 605.80872
v  634.53418 101.53448 606.03003
v  982.6062 102.29023 602.60773
v  1065.1536 103.55851 598.92114
v  883.40942 194.21487 612.3075
v  987.61407 194.40372 608.61011
v  764.93835 194.20135 614.28033
v  891.36304 337.28366 615.73651
v  772.86639 337.45898 619.10333
v  639.16418 194.25542 614.83649
v  646.88434 337.55359 620.21521
v  782.87262 512.38855 622.40948
v  513.04443 194.20135 614.28033
v  520.20599 337.45898 619.10333
v  656.54504 512.53687 624.14618
v  529.0921 512.38855 622.4082
v  393.79608 194.21487 612.3075
v  400.15329 337.28366 615.73639
v  294.03384 337.16205 610.08496
v  407.99365 512.07806 617.54193
v  300.73251 511.70035 609.89056
v  209.16548 337.18909 602.11639
v  152.86302 337.48602 591.80786
v  157.64143 511.29526 587.62854
v  214.78996 511.40335 599.80603
v  162.63441 698.45068 585.57471
v  126.70797 699.03107 563.50433
v  130.18279 880.72113 566.17218
v  220.56163 698.73419 599.11908
v  166.6902 879.99243 588.9389
v  307.64713 699.20648 610.89307
v  225.38724 880.30292 603.23627
v  1156.1552 48.136459 -61.762894
v  1119.5703 22.051512 -178.62196
v  1155.8043 48.784412 -180.30884
v  1119.0251 23.900501 -282.7146
v  1181.6558 102.95129 -66.403633
v  1181.3279 102.08777 59.905018
v  1203.9338 195.63171 51.739426
v  1154.7545 50.201309 -284.42032
v  1117.9347 27.584347 -365.3334
v  1181.0188 104.20635 -185.58652
v  1204.7571 197.79082 -75.685204
v  1232.3062 340.30624 38.130161
v  1227.3698 337.78293 166.91447
v  1203.741 200.51656 -196.12442
v  1179.1 105.9199 -290.41733
v  1152.733 52.724659 -366.8718
v  1200.6899 203.48549 -302.33838
v  1233.9552 344.63809 -91.155373
v  1149.4727 56.705467 -420.43286
v  1116.1184 33.737827 -419.32092
v  1175.5927 108.11958 -373.67575
v  1141.9131 71.994919 -445.62982
v  1116.947 56.786537 -452.97083
v  1170.1842 110.84563 -428.13019
v  1195.4108 206.33284 -387.09607
v  1123.7874 111.19631 -474.5661
v  1069.3141 108.99661 -479.96939
v  1081.0016 208.53218 -501.54712
v  1137.1079 209.62543 -493.85254
v  1155.405 112.42437 -459.76538
v  1170.5918 210.07072 -476.68619
v  1187.7014 208.74808 -443.15628
v  1211.472 363.01743 -466.26169
v  1221.076 359.95416 -408.49573
v  1248.9517 548.22961 -433.12598
v  1228.1498 355.29868 -321.82047
v  1257.6245 541.172 -344.26324
v  1285.26 740.9043 -365.06641
v  1232.5072 349.91449 -213.59042
v  1263.2234 532.76508 -233.58395
v  1265.0599 524.3985 -108.63486
v  1291.8008 729.47437 -251.70174
v  1314.1464 920.42175 -263.54727
v  1293.8776 718.03131 -123.94717
v  1262.4475 517.46216 23.032471
v  1290.3488 708.45007 10.398819
v  1316.2109 906.46851 -132.91429
v  1312.0074 894.60681 4.1858983
v  1254.6948 513.36005 153.87183
v  1280.0726 702.62054 143.53769
v  1300.1377 887.10394 139.67014
v  1311.5297 1048.3497 146.02063
v  1243.1908 511.37628 276.95673
v  1219.7804 336.64948 288.22195
v  1229.321 510.80945 385.36075
v  1265.1206 699.61115 268.57794
v  1247.5724 698.51819 378.62424
v  1229.502 698.38336 466.77991
v  1214.4799 510.9581 472.15616
v  1283.0845 882.92078 266.66971
v  89.260826 106.33849 -185.58669
v  108.59979 48.824646 -61.763054
v  143.14304 21.444422 -60.215183
v  88.679138 105.69054 -66.403839
v  108.6483 48.67635 63.98695
v  88.872093 105.11047 59.904816
v  143.14296 21.444443 65.348534
v  89.441566 104.32771 186.11288
v  108.79131 48.487511 189.71196
v  143.14296 21.444462 190.91302
v  90.732925 103.6936 305.06976
v  109.30407 48.662876 308.20187
v  81.293564 199.22133 298.78806
v  93.089066 103.53178 409.62665
v  85.441765 197.50746 404.31516
v  96.856735 104.17944 492.63284
v  91.372528 196.4953 488.44672
v  81.220695 343.34253 395.07538
v  89.595352 340.27933 480.49969
v  78.647301 201.24533 178.91359
v  74.66777 347.31015 288.2218
v  77.22226 203.2021 51.739258
v  69.956856 351.54736 166.91415
v  76.739174 204.67303 -75.685364
v  67.108139 355.43353 38.130001
v  77.613647 205.84705 -196.12459
v  66.141968 358.38901 -91.15554
v  67.309303 360.57513 -213.59059
v  58.814472 549.68701 -233.58411
v  57.319294 546.09753 -108.63504
v  58.80233 541.25311 23.032267
v  63.291889 534.95135 153.87038
v  52.594864 752.38831 -251.70193
v  50.704277 747.05786 -123.94733
v  52.584011 740.06787 10.398613
v  58.572853 731.22888 143.53752
v  49.11869 947.86981 -263.54749
v  46.731503 940.51532 -132.91449
v  48.724564 931.29865 4.1856918
v  55.720116 920.12512 139.66997
v  66.452286 908.37122 266.66956
v  45.832737 1105.7284 -131.35596
v  47.501976 1094.3661 8.3460112
v  54.654045 1081.3845 146.02045
v  65.858528 1068.1599 274.81888
v  48.85149 1115.3097 -264.71753
v  47.511463 1235.1003 18.639595
v  65.255348 1206.8833 289.31461
v  54.276253 1220.8636 158.5811
v  46.421108 1248.3519 -123.62905
v  427.62698 2386.8848 -775.88031
v  573.07074 2400.7214 -791.87689
v  729.51282 2340.1753 -800.12921
v  724.37738 2408.4749 -795.04266
v  878.96149 2352.4805 -787.09344
v  882.97241 2271.0085 -781.6178
v  1019.684 2362.7905 -763.02496
v  1011.4547 2440.4539 -754.71167
v  1023.119 2272.3523 -760.24567
v  1023.4034 2172.5605 -748.68323
v  1150.2582 2439.1382 -732.26392
v  1156.17 2339.6631 -739.03485
v  1153.9698 2259.189 -737.12683
v  1146.6884 2172.9497 -725.9953
v  1142.1637 2069.7297 -711.3288
v  1236.9663 2070.5996 -688.25189
v  1231.3562 1966.422 -674.9845
v  1258.1261 2254.7383 -711.26355
v  1293.0544 1966.6649 -655.40668
v  1284.4652 1860.22 -641.53296
v  1321.5184 1859.046 -614.82062
v  1246.6517 2172.7075 -701.58948
v  1299.0293 2071.1763 -666.23846
v  1330.0334 1966.0037 -627.08173
v  1350.0634 1963.6962 -581.21246
v  1341.5673 1856.1044 -570.10382
v  1360.9142 1959.0134 -509.00198
v  1356.1779 2069.4719 -589.20294
v  1367.3467 2066.3379 -516.17303
v  1336.1034 2070.9492 -636.22699
v  1310.9235 2173.7034 -677.83862
v  1348.5289 2174.0803 -646.28564
v  1368.3721 2173.4302 -598.03363
v  1362.2163 2257.3894 -653.2547
v  1324.0775 2256.439 -685.9707
v  1377.8021 2171.6475 -523.44208
v  1381.7765 2257.4946 -604.09149
v  1369.7272 2334.522 -653.45416
v  1331.1693 2333.4146 -686.7359
v  1263.8158 2331.3274 -712.67804
v  1255.2211 2425.9194 -706.4101
v  1322.8966 2427.2639 -680.94135
v  1361.7019 2428.8494 -647.92126
v  1388.9421 2335.0181 -603.91284
v  1380.8467 2430.5903 -598.70782
v  1389.1735 2256.4343 -528.31793
v  1394.4553 2335.301 -527.27643
v  1384.8214 2168.9326 -413.15228
v  1391.5072 2255.085 -415.89221
v  1377.7855 2061.1179 -408.17813
v  1370.3578 1951.2003 -401.64911
v  1352.1185 1850.3827 -498.87436
v  1360.6836 1840.8422 -392.62933
v  1342.2877 1739.8491 -488.06384
v  1350.1915 1729.2155 -383.2803
v  1332.8322 1626.7112 -478.90915
v  1340.4148 1615.4028 -375.8273
v  1355.1952 1716.2744 -252.72223
v  1344.8262 1601.5439 -247.53622
v  1332.8807 1498.4865 -372.48999
v  1337.2043 1483.9799 -246.61995
v  1329.1239 1377.5485 -375.49789
v  1345.8193 1587.1184 -103.02014
v  1334.0129 1362.4348 -252.00826
v  1325.8124 1246.9619 -380.5556
v  1337.8292 1468.7986 -105.10636
v  1343.1338 1574.0962 48.733761
v  1334.4434 1454.9395 43.075558
v  1334.7767 1346.6865 -113.29613
v  1331.5649 1231.5649 -259.45584
v  1319.6156 1101.0729 -383.36514
v  1309.4989 1113.5011 -478.93057
v  1332.7593 1215.6819 -123.43182
v  1296.7992 945.75122 -473.09143
v  1284.314 952.63312 -535.84094
v  1326.1713 1086.0132 -264.71732
v  1307.2102 934.26715 -379.63385
v  1263.3761 756.11267 -517.42755
v  1242.1006 759.00055 -555.42279
v  1275.405 750.40448 -456.24078
v  1217.554 554.69354 -529.35394
v  1204.5007 760.06641 -577.0235
v  1237.897 552.52087 -492.62601
v  1181.0203 555.35468 -549.89667
v  1143.5043 760.29578 -589.02411
v  1121.4663 555.30096 -560.9176
v  1192.5135 364.59644 -501.49591
v  1157.3724 364.77182 -520.56763
v  1099.5081 364.34006 -530.14471
v  1032.0612 555.34113 -569.08044
v  1012.3874 364.0701 -536.89069
v  920.25769 555.42218 -574.61322
v  903.3208 363.94846 -541.19812
v  996.02124 207.87103 -506.66287
v  889.38763 207.53386 -509.68842
v  779.62598 363.89478 -543.46655
v  768.3175 207.42574 -511.11478
v  985.96783 107.67429 -483.41187
v  880.96973 107.01311 -485.31998
v  640.03064 207.42574 -511.42786
v  761.53394 106.79724 -486.12292
v  511.74506 207.42574 -511.11481
v  634.88245 106.79724 -486.24704
v  508.22836 106.79724 -486.12292
v  632.30499 49.108032 -459.70468
v  758.14142 49.108032 -459.67493
v  757.0105 21.444363 -422.95505
v  757.0105 10.891804 -367.14984
v  875.41821 22.051472 -422.77423
v  876.75275 49.486069 -459.2836
v  875.50861 11.728313 -367.05939
v  979.50934 23.900478 -422.229
v  980.90747 50.646561 -458.23511
v  979.87244 14.238163 -366.78677
v  1062.1296 27.584337 -421.13861
v  1063.3792 52.954041 -456.2298
v  980.09106 8.4357014 -283.29352
v  1063.0377 19.244675 -366.24158
v  980.19885 5.5343189 -178.76642
v  1063.5829 14.238177 -283.07626
v  980.23541 4.576211 -60.215061
v  1063.9458 10.891874 65.348694
v  1063.8553 11.728344 -178.71375
v  1063.9458 10.891854 -60.215061
v  1119.7511 21.444422 -60.215065
v  13.076809 2348.4702 -136.87665
v  18.577824 2434.5957 -132.28529
v  24.26536 2435.1099 -289.08072
v  11.49324 2348.7588 28.793264
v  15.042167 2434.0598 32.162132
v  7.63025 2269.2761 26.606411
v  11.748962 2269.4363 192.32378
v  8.7587328 2269.5972 -139.72127
v  14.113 2348.3179 193.02997
v  12.037607 2197.1545 192.13107
v  18.165197 2348.0828 -294.39398
v  7.3205805 2196.8574 26.120605
v  14.492038 2270.4849 -297.26929
v  21.394804 2198.9077 349.01047
v  8.3133717 2197.8945 -139.71124
v  10.617633 2109.623 27.188938
v  11.325932 2112.6199 -137.12402
v  15.853858 2108.6167 192.29289
v  16.163126 2010.2308 -132.53802
v  15.739322 2003.2433 29.667957
v  21.280792 1998.826 193.0006
v  21.676687 2018.4841 -285.08624
v  17.135004 2116.8066 -291.84882
v  14.241325 2199.9561 -296.26028
v  31.378019 2026.6896 -419.45715
v  27.168449 2121.3567 -428.19171
v  24.28941 2202.9478 -434.44876
v  24.087683 2271.8433 -436.71225
v  26.852667 2347.563 -434.17245
v  38.683319 2347.2922 -546.62683
v  32.14946 2435.9724 -428.388
v  43.083595 2436.7388 -540.37152
v  56.80492 2437.7542 -615.19788
v  50.2598 2534.3635 -531.35675
v  40.316845 2532.0208 -420.40677
v  33.130692 2528.4431 -282.13995
v  62.851757 2528.9749 -604.95514
v  24.474318 2526.9902 -126.60265
v  69.7351 2600.2725 -594.68219
v  58.662617 2604.4641 -522.47748
v  49.709396 2606.5173 -412.646
v  77.082466 2644.2734 -586.36835
v  67.975853 2645.2354 -515.54224
v  42.420086 2604.6707 -275.41553
v  59.919388 2650.8757 -406.66629
v  860.14502 1651.9324 -651.29083
v  985.05707 1534.611 -634.11633
v  852.48145 1538.9292 -637.61414
v  717.4176 1654.4154 -652.93982
v  1101.3217 1529.9958 -627.91687
v  993.4425 1648.3834 -646.47461
v  723.60211 1760.4821 -675.21667
v  576.61456 1760.4956 -672.7337
v  867.953 1759.1462 -672.61896
v  579.7439 1861.4076 -698.59595
v  436.80862 1859.8828 -689.49261
v  728.8988 1862.4198 -701.99518
v  436.79257 1957.0569 -714.09039
v  581.69934 1959.9042 -725.52966
v  875.04565 1862.5681 -698.14655
v  732.75415 1962.4008 -729.75342
v  1002.4407 1757.0139 -665.72461
v  1110.0743 1644.5779 -638.63562
v  1010.9286 1862.1228 -688.61255
v  1193.983 1526.0283 -618.74597
v  1187.8579 1405.9409 -617.3736
v  1119.8322 1754.6389 -655.30682
v  1202.8018 1641.2986 -627.91016
v  1249.9395 1403.6875 -605.2663
v  1255.7421 1523.6533 -606.33105
v  1244.4446 1273.3844 -606.52533
v  1264.3813 1639.3285 -614.43585
v  1293.5565 1521.2917 -583.0813
v  1212.9065 1752.5609 -642.14429
v  1288.1115 1401.3258 -582.41742
v  1282.8931 1271.2388 -583.83826
v  1129.2971 1861.3942 -674.95618
v  1275.2526 1124.8905 -582.82349
v  1236.7244 1126.7125 -605.38635
v  1309.3694 1397.264 -541.43188
v  1304.5382 1267.1498 -543.4425
v  1262.5378 956.18237 -574.85901
v  1224.2554 957.61249 -597.12488
v  1297.1095 1120.9637 -543.04578
v  1316.4768 1259.5795 -478.09665
v  1320.7074 1389.8689 -474.9241
v  1325.17 1510.2804 -473.74878
v  1314.3784 1517.3516 -541.41705
v  1322.3403 1633.4852 -547.79456
v  1301.8744 1637.2097 -590.35089
v  1274.4307 1751.306 -627.02087
v  1331.8633 1746.2185 -558.16248
v  1311.6633 1749.6191 -601.75519
v  1222.8938 1860.652 -658.74115
v  1137.1685 1966.0305 -694.6123
v  1017.7974 1965.3289 -711.88806
v  880.55823 1964.1685 -724.40289
v  883.62952 2065.9307 -747.93732
v  1021.9335 2068.238 -732.3053
v  734.62036 2062.6108 -754.97205
v  582.29034 2058.0901 -750.18829
v  734.62823 2164.3347 -776.17236
v  884.30145 2169.4617 -767.0528
v  581.54816 2157.2434 -771.39215
v  436.12595 2053.0566 -736.70856
v  434.63608 2149.3831 -756.40173
v  432.20285 2238.7019 -772.09912
v  579.47333 2250.2795 -788.21503
v  732.94727 2261.7329 -792.84442
v  576.57007 2327.1216 -795.96411
v  429.76318 2312.5361 -779.43451
v  421.1955 1287.6614 -633.82751
v  306.57721 1420.4205 -626.1236
v  426.62302 1421.6216 -631.89514
v  107.34213 1537.2289 -583.12738
v  104.89559 1649.4899 -590.44141
v  147.56931 1538.7133 -606.33124
v  549.08173 1136.2394 -637.79486
v  555.91125 1287.9854 -637.24158
v  309.89954 1541.0479 -627.91699
v  212.55414 1539.5905 -618.74615
v  562.06744 1422.0803 -635.05695
v  145.94864 1651.0281 -614.43604
v  212.11426 1651.8242 -627.91034
v  431.08163 1542.3972 -634.11639
v  311.09515 1653.1604 -638.63574
v  209.80533 1757.1085 -642.54382
v  142.24709 1756.3665 -627.48126
v  310.71866 1758.3501 -655.62268
v  434.14212 1654.4423 -646.47467
v  567.58667 1542.9506 -637.61682
v  435.98694 1759.632 -665.9433
v  309.31519 1858.2095 -676.22351
v  206.48567 1856.7518 -660.33777
v  572.49872 1655.0496 -651.29089
v  710.89166 1542.0328 -638.69098
v  704.57892 1421.1492 -635.98529
v  697.94098 1287.2296 -638.28607
v  845.82465 1418.1803 -635.05688
v  839.11115 1284.868 -637.24152
v  690.44482 1135.7404 -639.04309
v  831.28699 1134.1884 -637.7948
v  681.54657 962.13318 -631.7196
v  821.28632 961.36426 -630.34448
v  670.71448 761.87488 -609.7666
v  808.04816 761.56445 -608.51831
v  793.51593 555.51678 -577.7467
v  937.68451 761.13263 -604.69537
v  953.09393 960.29803 -626.2124
v  963.97314 1132.0697 -633.9259
v  1052.0344 760.68738 -598.22333
v  1069.3074 959.16461 -619.30591
v  971.88367 1281.6024 -633.82745
v  1080.8668 1129.8027 -627.31635
v  978.38947 1414.0647 -631.89508
v  1088.7205 1278.1481 -627.75757
v  1162.2495 958.19287 -609.6142
v  1174.3297 1127.873 -617.84308
v  1094.8727 1409.6923 -626.12347
v  1182.0863 1275.1655 -618.75134
v  1151.6372 51.577816 494.6355
v  1153.853 49.256813 412.24753
v  1171.2136 103.49126 492.63297
v  1119.5702 22.05159 309.31799
v  1175.5037 102.15508 409.62683
v  1063.9458 10.891895 190.91318
v  1155.1672 48.123009 308.20206
v  1119.7511 21.444462 190.91318
v  1184.4598 194.78143 488.44687
v  1175.6777 195.91522 544.13068
v  1178.4724 101.56145 305.06995
v  1155.8274 47.799324 189.71213
v  1119.7511 21.444443 65.348694
v  1180.3401 101.57495 186.11304
v  1191.6997 194.06618 404.31531
v  1156.073 47.920601 63.988434
v  1197.377 193.89084 298.78824
v  1201.463 194.37662 178.91374
v  1210.1682 336.47382 395.07556
v  1199.173 336.83838 480.49988
v  1187.4247 337.35123 537.51697
v  1200.0515 511.11993 530.41742
v  1168.002 337.67487 572.49463
v  1158.3359 196.60341 577.53363
v  1133.9741 337.48602 591.80804
v  1178.9784 511.24152 566.71497
v  1144.2031 511.29526 587.62866
v  1088.7405 511.40335 599.80615
v  1190.7443 698.31586 563.50452
v  1099.9492 698.73419 599.1192
v  1016.8323 699.20648 610.89325
v  1155.4912 698.45068 585.57483
v  1028.3662 880.81573 615.94281
v  923.9577 881.38232 626.16626
v  1111.5908 880.30292 603.23645
v  1167.2423 879.99243 588.93909
v  1039.3358 1037.7026 627.90295
v  934.39581 1038.2291 637.92401
v  814.42688 1038.6473 644.58344
v  804.74585 881.85468 633.01471
v  685.74451 1038.8365 647.07043
v  1122.9248 1037.244 615.33002
v  823.32507 1176.6154 660.25336
v  693.28253 1176.6423 662.38
v  560.55322 1176.3994 660.18427
v  554.66284 1038.6473 644.58344
v  433.44025 1175.9948 654.22662
v  944.3844 1176.413 654.35754
v  1050.1666 1176.1429 645.24731
v  436.49274 1300.4545 673.82855
v  321.51807 1299.9821 665.69287
v  565.52319 1300.9537 678.96594
v  321.93649 1416.7098 688.09497
v  700.13641 1301.426 680.85114
v  438.83673 1417.344 695.49133
v  227.88777 1416.2375 677.87006
v  229.07254 1299.6179 654.80817
v  321.88116 1531.3728 710.54297
v  569.96967 1418.1805 700.06732
v  440.85687 1532.4523 717.97314
v  167.63208 1299.3885 641.42157
v  168.85741 1174.9015 619.32843
v  226.08896 1530.6307 700.26691
v  131.28528 1175.7654 596.38361
v  131.61722 1037.7837 578.02704
v  165.31375 1415.9675 664.82367
v  129.46355 1300.225 618.54694
v  108.90062 1178.6664 557.46552
v  109.49438 1040.6176 539.45978
v  106.82647 1303.0186 579.19958
v  126.42323 1416.6829 641.83301
v  94.026924 1184.5637 495.63895
v  94.708435 1046.4069 478.38626
v  78.99276 1194.3741 403.95996
v  91.989296 1308.6727 516.39081
v  77.212769 1318.1189 423.13687
v  63.907207 1330.3583 306.44983
v  61.080128 1444.3734 322.51367
v  51.172478 1457.8409 186.29057
v  73.984886 1432.9841 442.03329
v  88.548187 1424.3881 537.55554
v  56.039917 1554.7314 333.79913
v  68.946045 1544.6918 457.2605
v  103.4313 1419.2197 601.78271
v  50.550407 1503.6279 -248.06538
v  46.364403 1613.1359 -250.42563
v  59.213905 1517.1088 -373.39566
v  27.582762 1804.6906 -118.85083
v  40.040878 1717.8398 -257.48465
v  34.750999 1702.0378 -111.6177
v  41.221638 1597.1852 -106.97961
v  45.703159 1488.433 -107.0862
v  40.872078 1581.3021 43.901188
v  34.34618 1686.7889 42.488277
v  39.754776 1673.8611 196.19144
v  27.211561 1791.061 38.353531
v  20.656065 1895.9673 33.434757
v  32.744347 1780.1979 196.06723
v  42.882755 1771.8313 345.40164
v  26.265663 1887.9246 194.50728
v  36.547081 1882.2704 347.41086
v  50.212986 1878.5327 482.86084
v  45.164734 1995.2579 485.35825
v  31.502691 1996.36 348.04126
v  39.374321 2110.3682 486.99298
v  25.798264 2109.0229 348.73428
v  34.155014 2201.8235 487.37729
v  49.376305 2204.6382 597.98486
v  43.70467 2276.686 595.50073
v  59.856682 2278.0413 668.73938
v  29.782959 2274.7686 485.78293
v  18.899652 2271.9966 348.4061
v  54.933189 2346.2346 663.18573
v  80.052216 2346.1165 707.97607
v  39.53503 2347.5017 590.935
v  27.232748 2348.4497 482.73447
v  18.197575 2349.0974 347.21933
v  26.691202 2425.8389 479.26324
v  18.899504 2429.4094 346.22324
v  17.140556 2430.7354 194.42804
v  22.388449 2514.7427 196.13242
v  19.274481 2523.6514 36.167747
v  31.503603 2601.6182 -121.02539
v  25.191525 2595.2141 40.288387
v  52.262569 2652.6704 -270.16541
v  39.989628 2650.5183 -116.46941
v  32.837914 2643.3572 43.99287
v  79.464508 2677.6655 -403.74756
v  71.376152 2681.3813 -267.09613
v  58.111309 2679.7571 -113.23586
v  137.54831 1855.8749 -643.37109
v  94.584404 1854.3231 -616.97717
v  100.22924 1754.828 -602.38959
v  63.789932 1945.9508 -586.97351
v  69.674934 1850.8414 -572.815
v  48.705742 1940.2291 -515.60773
v  75.939102 1751.1981 -559.2193
v  54.902428 1844.1752 -502.53015
v  35.939972 1930.702 -409.46939
v  81.249168 1645.9138 -548.15906
v  84.274597 1533.9363 -541.59808
v  61.562 1744.1809 -489.92761
v  67.309303 1639.0587 -479.81207
v  70.765289 1527.621 -474.19974
v  42.348515 1833.0559 -397.78445
v  49.287357 1732.4813 -386.46786
v  55.370712 1627.6155 -377.63568
v  26.401997 1919.0297 -276.97079
v  32.93465 1819.2917 -267.06039
v  21.004181 1906.8979 -126.52923
v  47.345451 1359.2905 30.82373
v  53.482693 1344.4061 173.34
v  79.68634 1056.042 387.89078
v  79.660683 897.40045 378.31503
v  67.770752 721.74225 268.57632
v  70.334648 528.09589 276.95657
v  79.277496 712.76849 378.6228
v  79.481232 521.59167 385.3606
v  94.080894 888.60193 467.73514
v  92.191666 705.52203 466.77979
v  90.282257 516.35583 472.15594
v  108.45123 883.31201 528.06372
v  105.61329 701.16315 526.1557
v  102.2856 513.27905 530.41449
v  99.768837 338.7276 537.51404
v  122.42745 511.78107 566.71484
v  99.366745 196.60341 544.13037
v  118.58023 338.01239 572.49445
v  116.4008 196.76526 577.53345
v  149.45699 195.98248 594.81989
v  102.38003 105.97408 546.93591
v  117.12817 107.10755 578.52399
v  148.57576 105.73118 593.37329
v  125.26804 69.620049 571.01971
v  115.83945 55.491081 548.15869
v  168.65358 1036.9608 601.01093
v  416.20773 699.7193 620.19489
v  313.68719 880.81573 615.94269
v  538.55713 700.15106 626.33362
v  423.68106 881.38232 626.16614
v  228.17789 1037.244 615.33002
v  317.76392 1037.7026 627.90277
v  229.28714 1175.1444 633.24115
v  429.29745 1038.2291 637.92383
v  320.24963 1175.5494 645.05829
v  547.46082 881.85468 633.01471
v  667.00336 700.32642 628.61145
v  677.11884 882.05701 635.59216
v  793.86261 700.15106 626.33362
v  901.43811 512.07806 617.54193
v  912.63721 699.7193 620.19489
v  995.57458 337.16205 610.08496
v  1005.6089 511.70035 609.89209
v  1070.6027 194.95711 602.88312
v  1078.7128 337.18909 602.1178
v  1119.1086 105.73118 593.37347
v  1125.4093 195.98248 594.82013
v  1139.7336 69.593018 571.01984
v  1150.5035 107.04031 578.52417
v  1148.269 55.423836 548.15887
v  1165.3746 105.70415 546.93884
v  83.657745 1537.2968 556.02954
v  98.871437 1532.8573 622.33203
v  122.44233 1530.7115 663.54578
v  62.820869 1655.0096 469.01147
v  77.88752 1649.1124 571.44281
v  93.580276 1645.5635 640.09753
v  162.22952 1530.1853 687.0639
v  49.677219 1663.2681 341.14688
v  46.246971 1567.0385 193.41971
v  45.600605 1472.7659 40.658485
v  46.906929 1374.04 -114.08845
v  50.118637 1260.1461 -259.59909
v  51.242699 1387.7775 -252.58739
v  55.76741 1122.9742 -383.36533
v  57.720097 1269.9567 -380.64621
v  65.785812 1128.5476 -478.93069
v  78.114349 1131.8944 -543.0459
v  68.337563 1277.3247 -478.14276
v  59.432526 1399.6121 -375.86108
v  100.07127 1133.6349 -582.82635
v  81.088539 1281.7507 -543.46155
v  70.553429 1408.7072 -475.10519
v  83.682198 1414.1589 -541.50488
v  103.39904 1284.0586 -583.84387
v  138.97729 1134.3907 -605.38647
v  202.14853 1134.7823 -617.84326
v  142.69775 1285.0975 -606.52545
v  106.33414 1417.0062 -582.4364
v  296.90839 1135.4434 -627.31641
v  206.41281 1285.7184 -618.75153
v  146.02417 1418.3154 -605.26917
v  415.22961 1136.037 -633.92596
v  301.96887 1286.7302 -627.75769
v  210.26549 1419.0981 -617.37378
v  1263.334 881.01801 378.31522
v  1243.3674 880.39709 467.73657
v  1212.9885 698.3158 526.1571
v  1294.5953 1042.8173 274.81906
v  1275.0203 1039.7676 387.89093
v  1225.6694 880.0329 528.0639
v  1255.1995 1038.2697 478.38641
v  1302.1914 1184.7795 289.59146
v  1202.7826 879.89819 566.17236
v  1237.5338 1037.3656 539.45996
v  1284.3313 1180.5557 404.23956
v  1265.9871 1178.0863 495.91309
v  1178.8516 1036.9608 601.01111
v  1214.5715 1036.9608 578.02991
v  1134.3735 1175.8866 633.47205
v  1190.7106 1175.7249 619.5835
v  1249.1687 1176.6018 557.74091
v  1226.5264 1175.8866 596.65094
v  1146.35 1302.5594 655.72864
v  1061.2913 1302.3842 666.44458
v  954.34875 1302.1412 674.35767
v  1203.201 1302.6676 642.44324
v  831.85358 1301.8176 679.23718
v  706.70813 1419.1792 701.81885
v  840.43073 1420.3531 700.74872
v  574.27704 1533.9368 722.63678
v  713.39752 1535.8663 724.61792
v  964.71796 1421.5813 696.81104
v  849.47339 1538.2955 723.99713
v  1073.1422 1422.7147 689.9668
v  975.92108 1540.9135 720.61005
v  1159.2805 1423.6056 680.16968
v  1086.1523 1543.3694 714.28778
v  858.05194 1656.3997 746.75696
v  986.79083 1660.6368 743.55341
v  719.52264 1652.4727 747.06323
v  865.23907 1775.3942 766.79346
v  724.39551 1769.9963 766.97705
v  577.98669 1649.4094 744.64508
v  580.62756 1765.7861 764.06885
v  442.2832 1647.0884 739.46448
v  442.84454 1762.6283 758.16235
v  321.2536 1645.4283 731.48242
v  319.96216 1760.3612 749.35583
v  223.73691 1644.3219 720.66797
v  158.57388 1643.6471 706.98444
v  220.88683 1758.8365 737.74109
v  317.90964 1877.6016 762.5979
v  442.27234 1880.3815 772.2641
v  117.8326 1643.9037 682.70233
v  154.53493 1757.9324 723.42065
v  217.60088 1875.7394 750.15594
v  315.00293 1998.6205 769.6582
v  150.30171 1874.6194 735.21075
v  112.90307 1757.8917 698.3114
v  87.992149 1758.9984 654.33832
v  213.93037 1996.5557 756.58215
v  71.802811 1761.5085 583.42065
v  56.334061 1765.7051 477.48047
v  65.971848 1876.1981 591.58612
v  82.540359 1874.8082 664.29999
v  107.96678 1874.2954 709.38501
v  60.965347 1994.8823 595.56293
v  77.658043 1994.6395 669.23895
v  146.0672 1995.3143 741.19165
v  103.33405 1994.7341 714.92865
v  55.288269 2111.9163 597.65796
v  72.188484 2112.9211 671.48083
v  66.037987 2206.8242 671.77527
v  98.013451 2113.5754 717.35059
v  91.791153 2207.2739 717.70886
v  140.91367 2114.3184 743.92041
v  134.96132 2207.8442 744.31671
v  85.406647 2278.2239 714.28302
v  128.77957 2278.8491 740.63531
v  203.62735 2208.9622 760.2627
v  209.10106 2115.623 759.72974
v  310.74768 2117.9348 773.31836
v  440.29947 2001.7106 779.96399
v  581.73279 1884.2679 778.87909
v  580.83948 2006.0289 787.05536
v  727.32922 1889.4364 782.1745
v  727.63953 2011.7776 790.47504
v  870.10248 1896.0623 781.87769
v  996.16559 1781.2373 763.43878
v  1002.8763 1903.2278 778.06818
v  1098.9532 1664.6448 737.28925
v  1110.1807 1786.77 756.84546
v  1173.5819 1545.3666 704.86469
v  1187.7552 1667.897 727.79309
v  1118.4717 1910.0154 770.83783
v  1200.2957 1791.2637 746.93512
v  1216.7091 1424.1587 667.37695
v  1231.6285 1546.5676 692.17181
v  1246.4092 1669.84 714.90179
v  1239.0614 1303.0319 619.62134
v  1252.5963 1424.7661 644.51721
v  1267.5415 1547.4448 668.91528
v  1261.1627 1304.017 580.29285
v  1274.1012 1425.8995 604.51825
v  1288.5796 1548.4974 627.79895
v  1276.7246 1305.9468 517.49213
v  1288.3973 1427.9641 540.30591
v  1292.9746 1309.1721 424.24915
v  1302.6488 1431.4189 444.81067
v  1302.0012 1550.2246 561.53278
v  1315.0598 1553.0718 462.81509
v  1308.4095 1314.2728 307.55661
v  1315.7856 1436.7355 325.27896
v  1326.8608 1557.6329 339.32672
v  1328.5745 1674.6711 477.62253
v  1339.8776 1677.8557 349.72415
v  1316.0018 1672.9033 579.97156
v  1353.082 1798.2537 356.49567
v  1303.0847 1671.8507 648.57513
v  1341.5712 1796.7153 488.59216
v  1328.8715 1796.2296 594.42285
v  1282.3693 1671.0006 691.02466
v  1316.0974 1795.9464 665.27582
v  1259.5164 1793.9492 733.63623
v  1295.5494 1795.3527 709.04785
v  1209.724 1915.462 760.27454
v  1269.4652 1918.3757 746.52185
v  1305.6794 1919.6887 721.28644
v  1326.3304 1919.6959 676.37897
v  1339.4146 1918.8236 603.53033
v  1347.6882 2035.2517 605.57556
v  1352.8202 1918.0963 494.5441
v  1362.6562 2033.4253 492.04901
v  1364.8466 1919.3861 359.43454
v  1348.9865 1683.1589 204.47466
v  1336.5162 1564.4611 198.74088
v  1326.7393 1444.4139 188.95053
v  1321.5237 1321.8297 174.40494
v  1330.8134 1332.4363 31.791512
v  1317.5564 1191.5266 158.84709
v  1328.4154 1201.5802 18.881342
v  1323.4211 1057.3104 8.3462172
v  1327.8715 1070.6427 -131.35576
v  -143.87032 23.900614 413.41043
v  -110.46602 49.60751 412.24738
v  -112.55222 51.739655 494.63528
v  -144.9593 27.584486 496.03067
v  -143.32513 22.05159 309.31784
v  -199.04059 11.728424 309.4097
v  -198.95018 10.891895 190.91302
v  -199.31317 14.238291 413.77353
v  -282.65802 4.576252 190.91302
v  -198.95026 10.891874 65.348572
v  -282.69449 5.5343986 309.46375
v  -199.85835 19.244814 496.93893
v  -146.77702 33.737984 550.01819
v  -282.80377 8.4358149 413.99084
v  -387.29584 1.4052404 190.91302
v  -282.65802 4.5762315 65.348572
v  -282.65802 4.576211 -60.215179
v  -387.29584 1.4051995 -60.215145
v  -387.29584 1.4052199 65.34861
v  -505.88437 0.35250655 65.34861
v  -505.88437 0.3524861 -60.215145
v  -387.30533 2.4440594 -178.79482
v  -505.88437 1.4051802 -178.8029
v  -631.44672 0.35250655 65.34861
v  -505.88428 0.35252702 190.91302
v  -387.30533 2.4441388 309.49203
v  -631.44672 0.3524861 -60.215103
v  -631.44672 1.4051802 -178.80286
v  -631.44672 4.5761747 -283.43936
v  -505.88437 4.5761747 -283.43936
v  -757.0105 1.4051802 -178.80286
v  -631.44672 10.891804 -367.14987
v  -757.0105 4.5761747 -283.43933
v  -757.0105 0.3524861 -60.215103
v  -875.5625 5.5343018 -283.40286
v  -875.59082 2.4440594 -178.79472
v  -875.59888 1.4051995 -60.215103
v  -757.0105 0.35250655 65.348656
v  -757.0105 0.35252702 190.91302
v  -875.59888 1.4052199 65.348656
v  -875.59888 1.4052404 190.91302
v  -980.23541 4.5762315 65.348694
v  -631.44666 0.35252702 190.91302
v  -505.88428 1.4052597 309.50009
v  -757.01038 1.4052597 309.50009
v  -631.44666 1.4052597 309.50009
v  -631.44666 4.5762882 414.1366
v  -387.3309 5.5344152 414.10007
v  -505.88416 4.5762882 414.1366
v  -283.02094 14.238304 497.4841
v  -387.38626 11.728455 497.75662
v  -200.76654 27.584496 551.83594
v  -148.31668 55.423843 580.69519
v  -283.38531 23.900637 552.92633
v  -201.80292 51.591351 583.9906
v  -202.73666 103.55851 598.92096
v  -284.16534 49.297062 586.0553
v  -387.47665 22.05163 553.4715
v  -505.88416 10.891945 497.84573
v  -388.1716 48.150078 587.1712
v  -285.63077 102.29023 602.60773
v  -204.78387 194.95711 602.88287
v  -505.88416 21.444521 553.65234
v  -631.44666 10.891945 497.84573
v  -288.63602 194.40372 608.60724
v  -390.04053 101.6828 604.78442
v  -506.59943 47.785873 587.61798
v  -631.44666 21.444521 553.65234
v  -508.74905 101.50745 605.80591
v  -632.21991 47.785873 587.67334
v  -757.01038 21.444521 553.65234
v  -757.01038 4.5762882 414.1366
v  -757.01038 10.891945 497.84573
v  -757.80389 47.785873 587.6181
v  -875.41656 22.05163 553.4715
v  -875.50848 11.728455 497.75677
v  -875.56238 5.5344152 414.10028
v  -979.50928 23.900637 552.92633
v  -875.59064 2.4441388 309.49203
v  -979.87231 14.238304 497.48425
v  -980.09088 8.4358149 413.99103
v  -980.19885 5.5343986 309.46375
v  -57.915791 756.27448 -365.06659
v  -63.263657 552.23773 -344.2634
v  -70.639732 553.96478 -433.1261
v  -77.045547 363.38193 -408.49591
v  -114.37412 112.49194 -459.7655
v  -109.51472 210.23256 -476.68631
v  -92.538658 209.43658 -443.15652
v  -142.95418 209.62543 -493.85263
v  -85.097748 208.04637 -387.09628
v  -99.648903 111.11555 -428.13031
v  -145.97421 111.19631 -474.56631
v  -199.0623 208.53218 -501.54721
v  -124.04296 72.021942 -445.62997
v  -70.861008 362.18091 -321.82199
v  -94.348251 108.80776 -373.67593
v  -80.261276 206.91292 -302.33856
v  -115.1581 56.773033 -420.43298
v  -91.017822 107.2966 -290.41745
v  -111.92484 52.900002 -366.87463
v  -144.96075 27.584347 -365.33359
v  -109.94786 50.552002 -284.42316
v  -146.7771 33.737827 -419.32379
v  -147.66646 56.786537 -452.97104
v  -199.85844 19.244675 -366.24173
v  -200.44818 108.99661 -479.96948
v  -200.76668 27.584337 -421.13876
v  -201.23088 52.954041 -456.22992
v  -284.04269 207.87103 -506.66296
v  -284.84296 364.0701 -536.89081
v  -283.7944 107.67429 -483.41193
v  -390.67502 207.53386 -509.68845
v  -393.90958 363.94846 -541.19824
v  -388.79254 107.01311 -485.32007
v  -283.70529 50.646561 -458.23517
v  -387.85999 49.486069 -459.28369
v  -283.38547 23.900478 -422.2291
v  -387.47681 22.051472 -422.77426
v  -506.46872 49.108032 -459.67499
v  -283.02386 14.238163 -366.7869
v  -387.38632 11.728313 -367.05948
v  -505.88437 21.444363 -422.95508
v  -505.88437 10.891804 -367.14987
v  -387.33099 5.5343018 -283.40295
v  -631.44678 21.444363 -422.95508
v  -282.80386 8.4357014 -283.29364
v  -199.31326 14.238177 -283.07642
v  -282.69455 5.5343189 -178.76649
v  -143.87041 23.900501 -282.71475
v  -199.04066 11.728344 -178.7139
v  -143.32523 22.051512 -178.62213
v  -108.93713 49.323959 -180.30899
v  -198.95026 10.891854 -60.215179
v  -197.61337 2660.2429 -643.75922
v  -294.81171 2663.8909 -663.49597
v  -290.74451 2681.5151 -617.15833
v  -556.9093 2670.4343 -722.20514
v  -416.39606 2684.0779 -682.72473
v  -419.68298 2649.1191 -709.67334
v  -412.04395 2703.4561 -635.35767
v  -406.52966 2713.7205 -556.62415
v  -552.6217 2705.9543 -695.08673
v  -711.25128 2684.0994 -724.2489
v  -547.98212 2726.5208 -647.25421
v  -542.81146 2739.0691 -567.23389
v  -536.9248 2750.5315 -443.55099
v  -708.62793 2717.876 -697.72742
v  -869.80621 2680.6907 -709.03076
v  -705.0816 2738.3374 -650.25494
v  -697.58948 2753.0527 -569.64447
v  -687.84906 2769.6079 -444.38049
v  -871.28363 2714.6323 -683.34863
v  -870.43115 2736.7249 -636.94598
v  -868.31158 2753.2886 -558.65906
v  -675.5954 2782.0718 -287.72275
v  -531.32697 2757.4138 -289.54074
v  -672.39331 2762.1631 -116.24212
v  -850.14551 2776.0388 -434.15555
v  -821.53503 2790.2668 -277.38974
v  -816.12585 2788.1462 -108.89042
v  -670.53418 2746.6687 58.612377
v  -812.75189 2783.3704 62.530453
v  -976.30872 2776.2944 -104.68261
v  -954.10529 2795.4004 64.93119
v  -982.83765 2775.2002 -267.14844
v  -985.91241 2768.1714 -413.19293
v  -1010.7375 2751.0256 -538.56213
v  -1123.1849 2767.7046 -100.93026
v  -1102.438 2788.0159 61.669407
v  -1241.3474 2755.103 -99.659492
v  -1131.9141 2749.2227 -257.49963
v  -1238.7518 2731.8408 -246.98216
v  -1298.4606 2736.8103 -238.04518
v  -1112.2523 2757.4985 -394.18613
v  -1220.8619 2733.6589 -381.02713
v  -1285.0878 2733.4722 -369.7088
v  -1321.4169 2727.2039 -364.40176
v  -1325.7668 2698.3813 -478.40915
v  -1289.2937 2706.3726 -485.08624
v  -1323.1582 2696.8877 -549.84406
v  -1286.5 2708.3655 -556.90735
v  -1222.7163 2715.8599 -497.8931
v  -1225.7806 2710.1643 -573.4845
v  -1126.7935 2724.759 -517.72192
v  -1135.9512 2732.9414 -596.28638
v  -1228.7782 2705.6375 -618.26227
v  -1015.9602 2734.2473 -616.7793
v  -1136.9459 2718.8601 -641.13922
v  -1139.467 2683.0322 -667.86682
v  -1016.4188 2712.689 -661.95264
v  -1014.9249 2677.5276 -687.44647
v  -1009.5131 2629.9695 -702.72412
v  -1327.5588 2670.5112 -597.5661
v  -1314.5541 2690.5466 -583.93951
v  -1294.3003 2671.689 -624.54999
v  -1303.3497 2624.7805 -641.22015
v  -1342.6755 2669.3987 -553.97327
v  -1287.6619 2699.8416 -599.68658
v  -1338.0537 2621.4866 -611.6698
v  -1353.1139 2625.1074 -565.42822
v  -1241.8049 2629.7646 -664.01575
v  -1356.6588 2632.5173 -490.67603
v  -1234.4929 2676.4307 -645.17389
v  -1344.7909 2676.2317 -480.87277
v  -1350.9153 2660.7053 -373.78183
v  -1341.1078 2702.8713 -366.45432
v  -1361.1531 2600.0796 -384.73657
v  -1367.9303 2578.915 -503.45221
v  -1371.0073 2531.3699 -395.68506
v  -1377.2791 2518.8704 -514.78638
v  -1364.4519 2570.5083 -579.6665
v  -1372.1051 2513.1787 -591.49353
v  -1347.6699 2566.8962 -627.23779
v  -1353.6846 2510.2185 -640.0025
v  -1316.3096 2508.1729 -672.19574
v  -1311.7754 2567.1082 -658.53992
v  -1253.4323 2506.7407 -698.12036
v  -1249.8494 2568.5986 -683.31702
v  -1148.583 2510.2048 -722.0144
v  -1146.4249 2569.5881 -705.49286
v  -1007.1627 2505.5518 -739.91565
v  -1142.4066 2631.1162 -686.08319
v  -1006.2717 2567.5156 -721.04694
v  -862.43628 2563.6609 -744.73615
v  -865.74915 2629.0847 -725.39484
v  -863.43994 2490.3079 -764.46411
v  -870.22894 2422.6099 -779.71088
v  -718.17657 2477.1748 -781.08228
v  -714.09259 2557.3733 -761.41473
v  -712.61737 2629.7041 -741.47534
v  -565.1712 2554.1394 -760.20282
v  -569.15503 2473.6333 -779.17981
v  -561.03271 2618.4143 -740.08557
v  -424.11304 2533.7429 -746.38422
v  -425.6929 2458.8438 -764.16742
v  -297.8085 2512.1992 -724.73358
v  -422.16635 2597.4812 -727.21832
v  -297.83585 2578.3452 -706.7041
v  -197.67354 2577.0542 -684.16217
v  -198.59209 2627.4167 -668.66528
v  -297.00626 2629.666 -689.81891
v  -566.52057 2372.6665 779.82739
v  -562.93268 2449.5256 768.34637
v  -712.41241 2384.6609 781.64514
v  -423.4693 2436.7888 762.23938
v  -855.35266 2397.1177 777.66034
v  -861.90631 2320.6973 787.45294
v  -421.22906 2510.0242 748.78748
v  -291.75241 2500.5413 739.50854
v  -706.53442 2460.4141 769.51007
v  -559.5636 2524.2437 754.22113
v  -289.94144 2557.0205 726.21014
v  -185.23824 2549.146 715.36768
v  -418.84344 2567.813 734.64313
v  -184.83948 2588.5027 703.70386
v  -118.55562 2580.8589 693.94434
v  -288.0957 2597.4419 713.06793
v  -118.39745 2606.759 675.72314
v  -90.226654 2597.7195 663.70612
v  -183.06995 2616.5623 683.31281
v  -114.77219 2623.8459 638.7699
v  -78.061882 2607.0288 635.31445
v  -179.02538 2636.801 645.00702
v  -285.30972 2626.574 691.29681
v  -107.99219 2638.0359 575.15839
v  -70.830826 2617.9941 571.87958
v  -101.18809 2653.1785 476.96463
v  -172.65448 2654.343 580.59332
v  -166.2019 2671.8088 481.8725
v  -159.79736 2691.2742 356.05399
v  -262.25037 2709.4131 361.3259
v  -259.04141 2723.356 214.18939
v  -268.01819 2692.7061 487.90714
v  -387.09634 2722.5315 217.9254
v  -383.0452 2721.1458 54.534119
v  -525.01306 2733.5474 56.123524
v  -390.94162 2714.8003 366.43634
v  -526.30676 2727.9495 221.10556
v  -529.91406 2725.4348 370.30917
v  -670.44788 2747.1006 223.2932
v  -396.4996 2707.303 493.63895
v  -274.80554 2669.937 587.10968
v  -280.94913 2649.0308 652.10803
v  -402.94647 2685.3711 593.1073
v  -408.51279 2661.7488 658.41504
v  -534.85059 2721.1755 497.63919
v  -540.13214 2699.5239 596.99109
v  -671.79773 2734.2219 371.88358
v  -674.67682 2730.7173 498.47849
v  -544.76898 2673.9001 662.26874
v  -811.99591 2756.2515 370.08896
v  -412.8739 2638.0659 698.07605
v  -416.20303 2608.6184 720.61371
v  -556.16162 2581.5889 739.44562
v  -552.65015 2621.3801 724.91516
v  -548.89502 2650.0942 702.05017
v  -700.84637 2532.0483 754.70709
v  -695.49567 2587.8013 739.39081
v  -690.46973 2626.7881 724.55371
v  -849.68958 2471.8684 764.70227
v  -843.53351 2543.3652 749.13953
v  -837.83606 2598.8838 733.24823
v  -685.93671 2654.9355 701.6203
v  -681.91516 2678.7649 662.01282
v  -678.28925 2705.5991 597.15955
v  -825.91541 2686.3237 655.99188
v  -825.42163 2710.4336 592.00793
v  -821.75476 2735.0657 494.72736
v  -984.69971 2691.2681 646.28577
v  -827.92175 2664.2949 695.18463
v  -832.28314 2637.1074 718.10162
v  -984.06274 2671.2007 684.8078
v  -986.83795 2645.4419 707.44385
v  -1113.694 2678.3577 672.70496
v  -989.12427 2711.1733 583.49017
v  -1117.2778 2693.6165 634.95032
v  -990.73352 2609.105 722.77386
v  -1114.4209 2655.4919 695.37628
v  -991.2243 2557.2129 739.43567
v  -1117.7997 2620.531 711.89825
v  -1205.1249 2683.4451 663.66785
v  -1208.0223 2661.4951 686.74219
v  -987.44409 2487.8284 756.20074
v  -1119.8097 2566.5632 730.70074
v  -987.41333 2410.7834 770.45831
v  -1114.2704 2496.3237 748.60327
v  -1217.0243 2624.8982 704.61163
v  -1222.4979 2571.9646 725.79236
v  -993.57574 2332.8687 781.19843
v  -999.48352 2253.7595 787.39453
v  -1107.0973 2421.7222 763.99512
v  -1113.6227 2261.6697 780.65393
v  -1218.6815 2502.7571 745.17157
v  -1118.4772 2151.1604 781.47949
v  -1107.7629 2344.4692 774.13879
v  -1211.5449 2430.5068 761.7514
v  -1207.0244 2355.5227 769.64771
v  -1212.5469 2153.7966 770.9364
v  -1213.767 2034.2075 768.05682
v  -1274.9958 2036.2059 753.98077
v  -1209.4037 2268.6433 771.67206
v  -1275.6892 2156.3804 756.18524
v  -1312.2543 2037.1603 727.83679
v  -1314.9421 2157.4846 730.14404
v  -1333.6704 2036.8285 681.25415
v  -1338.6602 2157.0061 683.69769
v  -1275.9893 2274.1287 760.20349
v  -1319.3318 2276.4287 736.32001
v  -1276.4475 2363.7297 760.48907
v  -1321.0657 2368.3423 736.65527
v  -1347.3235 2274.144 690.64185
v  -1357.0322 2154.7551 607.74738
v  -1283.1296 2438.3857 754.61621
v  -1328.3344 2443.9207 732.63867
v  -1349.4143 2367.8127 690.26172
v  -1371.6959 2267.1306 615.039
v  -1376.1742 2152.0874 488.86887
v  -1392.5071 2254.9128 490.15527
v  -1376.6146 2362.6294 617.36255
v  -1389.589 2152.2998 345.70755
v  -1358.7191 2445.9458 688.61017
v  -1397.6359 2348.5398 490.33398
v  -1335.6482 2514.4436 717.22638
v  -1382.4821 2445.7905 611.96692
v  -1365.4449 2515.9585 675.09717
v  -1290.8641 2509.8145 738.06781
v  -1335.6421 2580.3062 697.74274
v  -1292.2793 2576.3022 718.15985
v  -1282.9716 2627.1428 696.15564
v  -1322.4165 2630.2759 676.5755
v  -1363.1233 2582.1323 656.82855
v  -1386.3593 2515.8472 601.06604
v  -1345.756 2633.5322 637.73621
v  -1306.5632 2666.8723 661.32043
v  -1270.1074 2663.9087 678.93707
v  -1380.7946 2583.707 585.73511
v  -1326.6515 2670.5771 624.98181
v  -1263.2286 2686.5603 657.21753
v  -1291.8446 2683.0352 647.40265
v  -1359.7305 2637.0669 571.04437
v  -1302.0901 2691.9451 619.31885
v  -1207.4048 2696.2473 625.58234
v  -1266.1689 2697.4243 620.41626
v  -1126.6277 2705.6072 573.55133
v  -1218.5675 2702.2473 564.8045
v  -985.55231 2734.9299 488.04123
v  -1122.0291 2732.3586 480.08057
v  -957.76025 2765.2827 366.06406
v  -810.61066 2781.1995 224.04202
v  -941.92798 2801.4438 223.67799
v  -1089.3949 2770.2656 360.94269
v  -1216.0167 2728.4028 472.41751
v  -1066.894 2800.0417 221.56088
v  -1189.4529 2775.603 355.86057
v  -1275.5822 2703.6077 560.09283
v  -1276.9734 2723.9839 467.12595
v  -1314.1902 2695.3625 558.67963
v  -1339.7872 2674.0415 562.06329
v  -1344.6093 2687.6816 463.93661
v  -1365.8816 2648.6562 466.59689
v  -1317.1454 2712.1106 464.14658
v  -1249.715 2773.2944 351.10696
v  -1385.8087 2592.8267 472.43539
v  -1172.1289 2793.3911 217.91725
v  -1397.0239 2520.6694 479.94504
v  -1395.7153 2446.3137 486.10495
v  -1396.5795 2432.1575 338.12665
v  -1405.2927 2333.1189 339.75418
v  -1401.9834 2245.082 341.74054
v  -1404.4797 2250.1277 194.72906
v  -1381.7986 2538.1721 336.05768
v  -1404.4471 2335.8208 193.3694
v  -1395.0408 2433.5728 194.01801
v  -1366.1116 2622.1997 337.07791
v  -1380.0548 2538.9705 196.9341
v  -1396.6855 2431.5425 42.745983
v  -1345.0171 2686.3335 340.49072
v  -1357.795 2629.7839 201.73703
v  -1382.5068 2533.7598 49.524548
v  -1374.3271 2610.2378 52.691364
v  -1336.807 2696.6025 206.75307
v  -1321.7993 2730.5854 343.81357
v  -1291.6259 2759.1223 347.08478
v  -1314.0426 2743.5054 210.48985
v  -1241.485 2789.989 215.24588
v  -1285.7963 2773.5667 213.08344
v  -1366.2565 2667.2244 54.807121
v  -1353.6487 2710.9546 56.446873
v  -1290.7041 2763.3154 58.035625
v  -1220.1841 2778.5776 58.714764
v  -1331.0668 2743.019 57.611145
v  -1309.83 2736.887 -97.514557
v  -1363.4441 2688.0298 -96.426933
v  -1346.4114 2717.7122 -96.101585
v  -1369.3732 2646.6782 -98.435921
v  -1350.823 2706.4546 -235.02979
v  -1331.0562 2734.1487 -233.50438
v  -1371.0989 2595.5117 -101.6325
v  -1356.7708 2664.7725 -238.8768
v  -1373.0433 2529.3215 -106.21676
v  -1358.202 2610.709 -244.55923
v  -1363.9288 2537.9905 -253.05258
v  -1386.2854 2431.8337 -115.21377
v  -1404.2653 2336.772 37.680695
v  -1397.6821 2336.5947 -123.07481
v  -1380.5619 2434.1509 -265.56583
v  -1404.8627 2251.7849 36.444004
v  -1391.6647 2336.4114 -274.84921
v  -1384.1788 2435.9302 -405.34622
v  -1402.1453 2252.4929 -125.90801
v  -1392.0378 2335.8477 -413.26172
v  -1395.9496 2253.6858 -278.67703
v  -1385.4042 2433.5269 -521.367
v  -1393.2992 2165.8257 -277.84674
v  -1398.9012 2163.0579 -124.8082
v  -1386.0129 2054.9954 -273.64417
v  -1399.0057 2161.2737 37.941372
v  -1390.6836 2049.1504 -121.05056
v  -1377.4194 1941.8892 -267.78488
v  -1395.6772 2159.2822 198.43947
v  -1390.458 2044.7594 41.111595
v  -1384.1703 2042.6669 203.91621
v  -1375.3676 2036.3715 353.92255
v  -1374.5477 1921.2697 206.57021
v  -1381.1262 1932.7129 -116.03973
v  -1366.621 1829.345 -260.14963
v  -1369.293 1817.7396 -110.22087
v  -1380.4919 1925.3044 44.955215
v  -1368.0609 1807.9021 48.374748
v  -1356.9158 1702.9823 -105.30209
v  -1362.2839 1801.6947 206.85225
v  -1354.9727 1691.296 50.067009
v  -86.936462 2668.9907 -512.5769
v  -124.27565 2678.9119 -515.6106
v  -116.86675 2691.6091 -405.17401
v  -157.67076 2704.312 -111.93392
v  -94.178047 2696.8879 -111.62317
v  -108.30119 2697.6455 -266.90994
v  -85.874718 2699.2161 49.889126
v  -50.310104 2676.2612 47.215477
v  -56.964947 2657.907 203.64137
v  -38.475166 2626.5217 200.79659
v  -171.75485 2704.626 -270.13394
v  -180.24213 2697.3547 -411.49329
v  -187.71828 2679.543 -524.85132
v  -130.71404 2675.6853 -587.41968
v  -270.33344 2710.8972 -277.28555
v  -193.74725 2675.584 -599.04797
v  -134.55138 2664.0566 -629.87079
v  -277.70206 2709.8765 -423.25839
v  -284.98367 2688.7063 -540.50983
v  -399.76135 2721.3516 -435.578
v  -393.12717 2724.4387 -284.90814
v  -527.02277 2751.3438 -118.53657
v  -387.0444 2721.1001 -117.30721
v  -258.96033 2708.0745 -114.46794
v  -252.29425 2721.7937 53.317081
v  -149.56239 2714.5032 51.945362
v  -93.641052 2682.6609 206.82555
v  -157.35318 2707.5193 210.34242
v  -56.664543 2646.2224 348.35324
v  -94.133629 2669.6648 351.68399
v  -37.959175 2615.6587 346.19571
v  -29.591492 2581.3333 198.28996
v  -29.57049 2571.9336 345.18127
v  -63.354767 2631.3552 473.66138
v  -44.586128 2601.8867 472.44839
v  -36.510677 2559.8811 473.16699
v  -22.711689 2509.2507 345.29233
v  -29.883013 2501.0903 475.65326
v  -52.357651 2590.2173 571.81799
v  -44.534901 2550.4478 574.44232
v  -39.10075 2494.6345 579.21741
v  -61.386154 2581.2639 636.55896
v  -55.558197 2543.3337 641.21637
v  -52.068306 2489.5703 647.9942
v  -37.468849 2422.656 585.25208
v  -51.893288 2419.8237 655.9057
v  -75.136848 2487.8237 690.14404
v  -76.239532 2419.054 699.56561
v  -76.76709 2540.6245 681.50836
v  -80.278229 2577.5266 674.61981
v  -116.9789 2543.2012 703.34662
v  -117.19034 2489.4702 713.84119
v  -185.9265 2494.4214 727.49011
v  -119.12547 2420.324 724.56885
v  -123.3525 2347.2705 733.81116
v  -188.74437 2423.7393 739.3197
v  -193.10237 2349.9934 749.19696
v  -198.19728 2279.9841 756.44678
v  -301.70999 2283.0774 770.28284
v  -305.76645 2211.9829 774.11786
v  -297.8342 2354.4221 762.63824
v  -294.10263 2428.7954 752.22113
v  -432.41696 2216.3235 785.04382
v  -436.81622 2121.4641 784.02661
v  -578.20575 2126.311 791.32806
v  -428.52167 2289.0127 781.20953
v  -574.37286 2222.4946 792.39539
v  -725.8775 2132.7078 794.48828
v  -425.75836 2362.1135 773.16925
v  -570.27991 2296.7991 788.33997
v  -722.50433 2231.4407 795.25726
v  -870.71588 2140.9292 792.80609
v  -871.71906 2019.1322 789.7774
v  -1005.7653 2027.0939 785.23962
v  -1003.9671 2148.3701 787.75183
v  -1121.4557 2031.7493 778.20111
v  -867.58392 2243.2478 792.74133
v  -717.85431 2307.4302 790.75171
v  -94.279724 2667.2993 -582.96368
v  -106.44868 2659.094 -615.58398
v  -134.15852 2633.8503 -652.23596
v  -96.166214 2638.9626 -628.73315
v  -131.31923 2585.0664 -665.2168
v  -91.196785 2591.6748 -639.00745
v  -127.82278 2517.8311 -679.52136
v  -86.052094 2523.0081 -651.05725
v  -124.2196 2437.6316 -692.96075
v  -81.216827 2437.71 -662.76215
v  -195.84729 2511.3809 -700.64771
v  -193.64735 2437.0359 -715.80096
v  -297.33063 2441.1406 -741.28882
v  -297.61813 2371.0496 -752.15198
v  -192.61691 2361.6038 -725.79419
v  -298.71136 2300.7744 -755.39453
v  -122.19299 2354.6111 -701.90778
v  -192.9175 2289.1133 -728.85114
v  -300.76419 2228.5725 -748.94708
v  -78.376961 2349.793 -670.64783
v  -53.198761 2347.6995 -622.17053
v  -121.93456 2282.3811 -704.61584
v  -194.66226 2219.4966 -723.34082
v  -303.47327 2141.8337 -735.04181
v  -77.644051 2277.8862 -673.01703
v  -51.976894 2275.4495 -624.31189
v  -36.80994 2273.543 -548.80743
v  -197.56592 2135.6084 -711.23987
v  -305.61508 2048.2122 -717.64758
v  -123.42065 2213.9697 -699.67688
v  -200.24307 2044.2449 -696.13055
v  -307.4314 1954.2904 -697.78503
v  -126.42275 2131.8174 -688.82068
v  -78.893829 2210.4309 -668.47711
v  -52.961082 2208.125 -620.21881
v  -37.452362 2205.7451 -545.414
v  -81.922791 2129.4751 -658.56091
v  -55.963985 2127.6208 -611.2052
v  -40.401299 2125.231 -537.52765
v  -129.49611 2041.8698 -675.27209
v  -85.308327 2040.0074 -646.12531
v  -59.614063 2037.5764 -599.7373
v  -44.326458 2033.4933 -527.16809
v  -89.197449 1949.0275 -632.22064
v  -132.93723 1950.6604 -660.00037
v  -203.01222 1952.0232 -678.97095
v  -525.03986 555.61108 -577.74677
v  -533.27826 761.96918 -608.51831
v  -403.4057 761.92865 -604.69543
v  -398.23865 555.61108 -574.61334
v  -409.15433 962.28186 -626.21246
v  -659.28998 555.58405 -578.71429
v  -292.23114 961.98486 -619.30603
v  -541.54907 962.3761 -630.34454
v  -288.77252 761.80737 -598.22345
v  -517.60437 363.89478 -543.46661
v  -198.64131 961.6474 -609.61426
v  -648.6145 363.89478 -544.09271
v  -286.36505 555.61108 -569.08063
v  -197.04488 761.68567 -589.02423
v  -196.89236 555.65167 -560.91779
v  -137.29994 555.74628 -549.89685
v  -136.24602 961.45856 -597.12512
v  -197.72099 364.34006 -530.14624
v  -139.85854 364.77182 -520.56781
v  -135.89114 761.60498 -577.02362
v  -104.80518 364.94714 -501.49603
v  -100.87689 555.62463 -529.35413
v  -97.881142 960.95923 -574.85919
v  -98.358833 761.29456 -555.42297
v  -80.917213 555.07159 -492.62885
v  -77.48954 760.49823 -517.42914
v  -76.374886 959.75824 -535.84113
v  -86.113945 364.39383 -466.26184
v  -66.328255 758.91949 -456.24234
v  -64.560486 957.39673 -473.09161
v  -55.268158 953.46991 -379.63406
v  -980.23541 4.576252 190.91318
v  -1063.5828 14.238291 413.77368
v  -1063.8553 11.728424 309.40982
v  -1063.0376 19.244814 496.93909
v  -1062.1295 27.584496 551.83612
v  -1117.9346 27.584486 496.03085
v  -1119.0249 23.900614 413.41061
v  -1116.1183 33.737984 550.01831
v  -1115.777 55.423843 580.69537
v  -1062.3413 51.591351 583.99072
v  -980.06519 49.297062 586.05548
v  -876.15338 48.150078 587.17139
v  -878.57703 101.6828 604.78442
v  -760.18298 101.50745 605.80872
v  -634.53418 101.53448 606.03003
v  -982.6062 102.29023 602.60773
v  -1065.1536 103.55851 598.92114
v  -883.40942 194.21487 612.3075
v  -987.61407 194.40372 608.61011
v  -764.93835 194.20135 614.28033
v  -891.36304 337.28366 615.73651
v  -772.86639 337.45898 619.10333
v  -639.16418 194.25542 614.83649
v  -646.88434 337.55359 620.21521
v  -782.87262 512.38855 622.40948
v  -513.04443 194.20135 614.28033
v  -520.20599 337.45898 619.10333
v  -656.54504 512.53687 624.14618
v  -529.0921 512.38855 622.4082
v  -393.79608 194.21487 612.3075
v  -400.15329 337.28366 615.73639
v  -294.03384 337.16205 610.08496
v  -407.99365 512.07806 617.54193
v  -300.73251 511.70035 609.89056
v  -209.16548 337.18909 602.11639
v  -152.86302 337.48602 591.80786
v  -157.64143 511.29526 587.62854
v  -214.78996 511.40335 599.80603
v  -162.63441 698.45068 585.57471
v  -126.70797 699.03107 563.50433
v  -130.18279 880.72113 566.17218
v  -220.56163 698.73419 599.11908
v  -166.6902 879.99243 588.9389
v  -307.64713 699.20648 610.89307
v  -225.38724 880.30292 603.23627
v  -1156.1552 48.136459 -61.762894
v  -1155.8043 48.784412 -180.30884
v  -1119.5703 22.051512 -178.62196
v  -1119.0251 23.900501 -282.7146
v  -1181.6558 102.95129 -66.403633
v  -1181.3279 102.08777 59.905018
v  -1203.9338 195.63171 51.739426
v  -1154.7545 50.201309 -284.42032
v  -1117.9347 27.584347 -365.3334
v  -1181.0188 104.20635 -185.58652
v  -1204.7571 197.79082 -75.685204
v  -1232.3062 340.30624 38.130161
v  -1227.3698 337.78293 166.91447
v  -1203.741 200.51656 -196.12442
v  -1179.1 105.9199 -290.41733
v  -1152.733 52.724659 -366.8718
v  -1200.6899 203.48549 -302.33838
v  -1233.9552 344.63809 -91.155373
v  -1149.4727 56.705467 -420.43286
v  -1116.1184 33.737827 -419.32092
v  -1175.5927 108.11958 -373.67575
v  -1141.9131 71.994919 -445.62982
v  -1116.947 56.786537 -452.97083
v  -1170.1842 110.84563 -428.13019
v  -1195.4108 206.33284 -387.09607
v  -1123.7874 111.19631 -474.5661
v  -1069.3141 108.99661 -479.96939
v  -1081.0016 208.53218 -501.54712
v  -1137.1079 209.62543 -493.85254
v  -1155.405 112.42437 -459.76538
v  -1170.5918 210.07072 -476.68619
v  -1187.7014 208.74808 -443.15628
v  -1211.472 363.01743 -466.26169
v  -1221.076 359.95416 -408.49573
v  -1248.9517 548.22961 -433.12598
v  -1228.1498 355.29868 -321.82047
v  -1257.6245 541.172 -344.26324
v  -1285.26 740.9043 -365.06641
v  -1232.5072 349.91449 -213.59042
v  -1263.2234 532.76508 -233.58395
v  -1265.0599 524.3985 -108.63486
v  -1291.8008 729.47437 -251.70174
v  -1314.1464 920.42175 -263.54727
v  -1293.8776 718.03131 -123.94717
v  -1262.4475 517.46216 23.032471
v  -1290.3488 708.45007 10.398819
v  -1316.2109 906.46851 -132.91429
v  -1312.0074 894.60681 4.1858983
v  -1254.6948 513.36005 153.87183
v  -1280.0726 702.62054 143.53769
v  -1300.1377 887.10394 139.67014
v  -1311.5297 1048.3497 146.02063
v  -1243.1908 511.37628 276.95673
v  -1219.7804 336.64948 288.22195
v  -1229.321 510.80945 385.36075
v  -1265.1206 699.61115 268.57794
v  -1247.5724 698.51819 378.62424
v  -1229.502 698.38336 466.77991
v  -1214.4799 510.9581 472.15616
v  -1283.0845 882.92078 266.66971
v  -89.260826 106.33849 -185.58669
v  -108.59979 48.824646 -61.763054
v  -143.14304 21.444422 -60.215183
v  -88.679138 105.69054 -66.403839
v  -108.6483 48.67635 63.98695
v  -88.872093 105.11047 59.904816
v  -143.14296 21.444443 65.348534
v  -89.441566 104.32771 186.11288
v  -108.79131 48.487511 189.71196
v  -143.14296 21.444462 190.91302
v  -90.732925 103.6936 305.06976
v  -109.30407 48.662876 308.20187
v  -81.293564 199.22133 298.78806
v  -93.089066 103.53178 409.62665
v  -85.441765 197.50746 404.31516
v  -96.856735 104.17944 492.63284
v  -91.372528 196.4953 488.44672
v  -81.220695 343.34253 395.07538
v  -89.595352 340.27933 480.49969
v  -78.647301 201.24533 178.91359
v  -74.66777 347.31015 288.2218
v  -77.22226 203.2021 51.739258
v  -69.956856 351.54736 166.91415
v  -76.739174 204.67303 -75.685364
v  -67.108139 355.43353 38.130001
v  -77.613647 205.84705 -196.12459
v  -66.141968 358.38901 -91.15554
v  -67.309303 360.57513 -213.59059
v  -58.814472 549.68701 -233.58411
v  -57.319294 546.09753 -108.63504
v  -58.80233 541.25311 23.032267
v  -63.291889 534.95135 153.87038
v  -52.594864 752.38831 -251.70193
v  -50.704277 747.05786 -123.94733
v  -52.584011 740.06787 10.398613
v  -58.572853 731.22888 143.53752
v  -49.11869 947.86981 -263.54749
v  -46.731503 940.51532 -132.91449
v  -48.724564 931.29865 4.1856918
v  -55.720116 920.12512 139.66997
v  -66.452286 908.37122 266.66956
v  -45.832737 1105.7284 -131.35596
v  -47.501976 1094.3661 8.3460112
v  -54.654045 1081.3845 146.02045
v  -65.858528 1068.1599 274.81888
v  -48.85149 1115.3097 -264.71753
v  -47.511463 1235.1003 18.639595
v  -65.255348 1206.8833 289.31461
v  -54.276253 1220.8636 158.5811
v  -46.421108 1248.3519 -123.62905
v  -427.62698 2386.8848 -775.88031
v  -573.07074 2400.7214 -791.87689
v  -729.51282 2340.1753 -800.12921
v  -724.37738 2408.4749 -795.04266
v  -878.96149 2352.4805 -787.09344
v  -882.97241 2271.0085 -781.6178
v  -1019.684 2362.7905 -763.02496
v  -1011.4547 2440.4539 -754.71167
v  -1023.119 2272.3523 -760.24567
v  -1023.4034 2172.5605 -748.68323
v  -1150.2582 2439.1382 -732.26392
v  -1156.17 2339.6631 -739.03485
v  -1153.9698 2259.189 -737.12683
v  -1146.6884 2172.9497 -725.9953
v  -1142.1637 2069.7297 -711.3288
v  -1236.9663 2070.5996 -688.25189
v  -1231.3562 1966.422 -674.9845
v  -1258.1261 2254.7383 -711.26355
v  -1293.0544 1966.6649 -655.40668
v  -1284.4652 1860.22 -641.53296
v  -1321.5184 1859.046 -614.82062
v  -1246.6517 2172.7075 -701.58948
v  -1299.0293 2071.1763 -666.23846
v  -1330.0334 1966.0037 -627.08173
v  -1350.0634 1963.6962 -581.21246
v  -1341.5673 1856.1044 -570.10382
v  -1360.9142 1959.0134 -509.00198
v  -1356.1779 2069.4719 -589.20294
v  -1367.3467 2066.3379 -516.17303
v  -1336.1034 2070.9492 -636.22699
v  -1310.9235 2173.7034 -677.83862
v  -1348.5289 2174.0803 -646.28564
v  -1368.3721 2173.4302 -598.03363
v  -1362.2163 2257.3894 -653.2547
v  -1324.0775 2256.439 -685.9707
v  -1377.8021 2171.6475 -523.44208
v  -1381.7765 2257.4946 -604.09149
v  -1369.7272 2334.522 -653.45416
v  -1331.1693 2333.4146 -686.7359
v  -1263.8158 2331.3274 -712.67804
v  -1255.2211 2425.9194 -706.4101
v  -1322.8966 2427.2639 -680.94135
v  -1361.7019 2428.8494 -647.92126
v  -1388.9421 2335.0181 -603.91284
v  -1380.8467 2430.5903 -598.70782
v  -1389.1735 2256.4343 -528.31793
v  -1394.4553 2335.301 -527.27643
v  -1384.8214 2168.9326 -413.15228
v  -1391.5072 2255.085 -415.89221
v  -1377.7855 2061.1179 -408.17813
v  -1370.3578 1951.2003 -401.64911
v  -1352.1185 1850.3827 -498.87436
v  -1360.6836 1840.8422 -392.62933
v  -1342.2877 1739.8491 -488.06384
v  -1350.1915 1729.2155 -383.2803
v  -1332.8322 1626.7112 -478.90915
v  -1340.4148 1615.4028 -375.8273
v  -1355.1952 1716.2744 -252.72223
v  -1344.8262 1601.5439 -247.53622
v  -1332.8807 1498.4865 -372.48999
v  -1337.2043 1483.9799 -246.61995
v  -1329.1239 1377.5485 -375.49789
v  -1345.8193 1587.1184 -103.02014
v  -1334.0129 1362.4348 -252.00826
v  -1325.8124 1246.9619 -380.5556
v  -1337.8292 1468.7986 -105.10636
v  -1343.1338 1574.0962 48.733761
v  -1334.4434 1454.9395 43.075558
v  -1334.7767 1346.6865 -113.29613
v  -1331.5649 1231.5649 -259.45584
v  -1319.6156 1101.0729 -383.36514
v  -1309.4989 1113.5011 -478.93057
v  -1332.7593 1215.6819 -123.43182
v  -1296.7992 945.75122 -473.09143
v  -1284.314 952.63312 -535.84094
v  -1326.1713 1086.0132 -264.71732
v  -1307.2102 934.26715 -379.63385
v  -1263.3761 756.11267 -517.42755
v  -1242.1006 759.00055 -555.42279
v  -1275.405 750.40448 -456.24078
v  -1217.554 554.69354 -529.35394
v  -1204.5007 760.06641 -577.0235
v  -1237.897 552.52087 -492.62601
v  -1181.0203 555.35468 -549.89667
v  -1143.5043 760.29578 -589.02411
v  -1121.4663 555.30096 -560.9176
v  -1192.5135 364.59644 -501.49591
v  -1157.3724 364.77182 -520.56763
v  -1099.5081 364.34006 -530.14471
v  -1032.0612 555.34113 -569.08044
v  -1012.3874 364.0701 -536.89069
v  -920.25769 555.42218 -574.61322
v  -903.3208 363.94846 -541.19812
v  -996.02124 207.87103 -506.66287
v  -889.38763 207.53386 -509.68842
v  -779.62598 363.89478 -543.46655
v  -768.3175 207.42574 -511.11478
v  -985.96783 107.67429 -483.41187
v  -880.96973 107.01311 -485.31998
v  -640.03064 207.42574 -511.42786
v  -761.53394 106.79724 -486.12292
v  -511.74506 207.42574 -511.11481
v  -634.88245 106.79724 -486.24704
v  -508.22836 106.79724 -486.12292
v  -632.30499 49.108032 -459.70468
v  -758.14142 49.108032 -459.67493
v  -757.0105 21.444363 -422.95505
v  -757.0105 10.891804 -367.14984
v  -875.41821 22.051472 -422.77423
v  -876.75275 49.486069 -459.2836
v  -875.50861 11.728313 -367.05939
v  -979.50934 23.900478 -422.229
v  -980.90747 50.646561 -458.23511
v  -979.87244 14.238163 -366.78677
v  -1062.1296 27.584337 -421.13861
v  -1063.3792 52.954041 -456.2298
v  -980.09106 8.4357014 -283.29352
v  -1063.0377 19.244675 -366.24158
v  -980.19885 5.5343189 -178.76642
v  -1063.5829 14.238177 -283.07626
v  -980.23541 4.576211 -60.215061
v  -1063.9458 10.891874 65.348694
v  -1063.8553 11.728344 -178.71375
v  -1063.9458 10.891854 -60.215061
v  -1119.7511 21.444422 -60.215065
v  -13.076809 2348.4702 -136.87665
v  -24.26536 2435.1099 -289.08072
v  -18.577824 2434.5957 -132.28529
v  -11.49324 2348.7588 28.793264
v  -15.042167 2434.0598 32.162132
v  -7.63025 2269.2761 26.606411
v  -11.748962 2269.4363 192.32378
v  -8.7587328 2269.5972 -139.72127
v  -14.113 2348.3179 193.02997
v  -12.037607 2197.1545 192.13107
v  -18.165197 2348.0828 -294.39398
v  -7.3205805 2196.8574 26.120605
v  -14.492038 2270.4849 -297.26929
v  -21.394804 2198.9077 349.01047
v  -8.3133717 2197.8945 -139.71124
v  -10.617633 2109.623 27.188938
v  -11.325932 2112.6199 -137.12402
v  -15.853858 2108.6167 192.29289
v  -16.163126 2010.2308 -132.53802
v  -15.739322 2003.2433 29.667957
v  -21.280792 1998.826 193.0006
v  -21.676687 2018.4841 -285.08624
v  -17.135004 2116.8066 -291.84882
v  -14.241325 2199.9561 -296.26028
v  -31.378019 2026.6896 -419.45715
v  -27.168449 2121.3567 -428.19171
v  -24.28941 2202.9478 -434.44876
v  -24.087683 2271.8433 -436.71225
v  -26.852667 2347.563 -434.17245
v  -38.683319 2347.2922 -546.62683
v  -32.14946 2435.9724 -428.388
v  -43.083595 2436.7388 -540.37152
v  -56.80492 2437.7542 -615.19788
v  -50.2598 2534.3635 -531.35675
v  -40.316845 2532.0208 -420.40677
v  -33.130692 2528.4431 -282.13995
v  -62.851757 2528.9749 -604.95514
v  -24.474318 2526.9902 -126.60265
v  -69.7351 2600.2725 -594.68219
v  -58.662617 2604.4641 -522.47748
v  -49.709396 2606.5173 -412.646
v  -77.082466 2644.2734 -586.36835
v  -67.975853 2645.2354 -515.54224
v  -42.420086 2604.6707 -275.41553
v  -59.919388 2650.8757 -406.66629
v  -860.14502 1651.9324 -651.29083
v  -852.48145 1538.9292 -637.61414
v  -985.05707 1534.611 -634.11633
v  -717.4176 1654.4154 -652.93982
v  -1101.3217 1529.9958 -627.91687
v  -993.4425 1648.3834 -646.47461
v  -723.60211 1760.4821 -675.21667
v  -576.61456 1760.4956 -672.7337
v  -867.953 1759.1462 -672.61896
v  -579.7439 1861.4076 -698.59595
v  -436.80862 1859.8828 -689.49261
v  -728.8988 1862.4198 -701.99518
v  -436.79257 1957.0569 -714.09039
v  -581.69934 1959.9042 -725.52966
v  -875.04565 1862.5681 -698.14655
v  -732.75415 1962.4008 -729.75342
v  -1002.4407 1757.0139 -665.72461
v  -1110.0743 1644.5779 -638.63562
v  -1010.9286 1862.1228 -688.61255
v  -1193.983 1526.0283 -618.74597
v  -1187.8579 1405.9409 -617.3736
v  -1119.8322 1754.6389 -655.30682
v  -1202.8018 1641.2986 -627.91016
v  -1249.9395 1403.6875 -605.2663
v  -1255.7421 1523.6533 -606.33105
v  -1244.4446 1273.3844 -606.52533
v  -1264.3813 1639.3285 -614.43585
v  -1293.5565 1521.2917 -583.0813
v  -1212.9065 1752.5609 -642.14429
v  -1288.1115 1401.3258 -582.41742
v  -1282.8931 1271.2388 -583.83826
v  -1129.2971 1861.3942 -674.95618
v  -1275.2526 1124.8905 -582.82349
v  -1236.7244 1126.7125 -605.38635
v  -1309.3694 1397.264 -541.43188
v  -1304.5382 1267.1498 -543.4425
v  -1262.5378 956.18237 -574.85901
v  -1224.2554 957.61249 -597.12488
v  -1297.1095 1120.9637 -543.04578
v  -1316.4768 1259.5795 -478.09665
v  -1320.7074 1389.8689 -474.9241
v  -1325.17 1510.2804 -473.74878
v  -1314.3784 1517.3516 -541.41705
v  -1322.3403 1633.4852 -547.79456
v  -1301.8744 1637.2097 -590.35089
v  -1274.4307 1751.306 -627.02087
v  -1331.8633 1746.2185 -558.16248
v  -1311.6633 1749.6191 -601.75519
v  -1222.8938 1860.652 -658.74115
v  -1137.1685 1966.0305 -694.6123
v  -1017.7974 1965.3289 -711.88806
v  -880.55823 1964.1685 -724.40289
v  -883.62952 2065.9307 -747.93732
v  -1021.9335 2068.238 -732.3053
v  -734.62036 2062.6108 -754.97205
v  -582.29034 2058.0901 -750.18829
v  -734.62823 2164.3347 -776.17236
v  -884.30145 2169.4617 -767.0528
v  -581.54816 2157.2434 -771.39215
v  -436.12595 2053.0566 -736.70856
v  -434.63608 2149.3831 -756.40173
v  -432.20285 2238.7019 -772.09912
v  -579.47333 2250.2795 -788.21503
v  -732.94727 2261.7329 -792.84442
v  -576.57007 2327.1216 -795.96411
v  -429.76318 2312.5361 -779.43451
v  -421.1955 1287.6614 -633.82751
v  -426.62302 1421.6216 -631.89514
v  -306.57721 1420.4205 -626.1236
v  -107.34213 1537.2289 -583.12738
v  -147.56931 1538.7133 -606.33124
v  -104.89559 1649.4899 -590.44141
v  -549.08173 1136.2394 -637.79486
v  -555.91125 1287.9854 -637.24158
v  -309.89954 1541.0479 -627.91699
v  -212.55414 1539.5905 -618.74615
v  -562.06744 1422.0803 -635.05695
v  -145.94864 1651.0281 -614.43604
v  -212.11426 1651.8242 -627.91034
v  -431.08163 1542.3972 -634.11639
v  -311.09515 1653.1604 -638.63574
v  -209.80533 1757.1085 -642.54382
v  -142.24709 1756.3665 -627.48126
v  -310.71866 1758.3501 -655.62268
v  -434.14212 1654.4423 -646.47467
v  -567.58667 1542.9506 -637.61682
v  -435.98694 1759.632 -665.9433
v  -309.31519 1858.2095 -676.22351
v  -206.48567 1856.7518 -660.33777
v  -572.49872 1655.0496 -651.29089
v  -710.89166 1542.0328 -638.69098
v  -704.57892 1421.1492 -635.98529
v  -697.94098 1287.2296 -638.28607
v  -845.82465 1418.1803 -635.05688
v  -839.11115 1284.868 -637.24152
v  -690.44482 1135.7404 -639.04309
v  -831.28699 1134.1884 -637.7948
v  -681.54657 962.13318 -631.7196
v  -821.28632 961.36426 -630.34448
v  -670.71448 761.87488 -609.7666
v  -808.04816 761.56445 -608.51831
v  -793.51593 555.51678 -577.7467
v  -937.68451 761.13263 -604.69537
v  -953.09393 960.29803 -626.2124
v  -963.97314 1132.0697 -633.9259
v  -1052.0344 760.68738 -598.22333
v  -1069.3074 959.16461 -619.30591
v  -971.88367 1281.6024 -633.82745
v  -1080.8668 1129.8027 -627.31635
v  -978.38947 1414.0647 -631.89508
v  -1088.7205 1278.1481 -627.75757
v  -1162.2495 958.19287 -609.6142
v  -1174.3297 1127.873 -617.84308
v  -1094.8727 1409.6923 -626.12347
v  -1182.0863 1275.1655 -618.75134
v  -1151.6372 51.577816 494.6355
v  -1153.853 49.256813 412.24753
v  -1171.2136 103.49126 492.63297
v  -1119.5702 22.05159 309.31799
v  -1175.5037 102.15508 409.62683
v  -1063.9458 10.891895 190.91318
v  -1155.1672 48.123009 308.20206
v  -1119.7511 21.444462 190.91318
v  -1184.4598 194.78143 488.44687
v  -1175.6777 195.91522 544.13068
v  -1178.4724 101.56145 305.06995
v  -1155.8274 47.799324 189.71213
v  -1119.7511 21.444443 65.348694
v  -1180.3401 101.57495 186.11304
v  -1191.6997 194.06618 404.31531
v  -1156.073 47.920601 63.988434
v  -1197.377 193.89084 298.78824
v  -1201.463 194.37662 178.91374
v  -1210.1682 336.47382 395.07556
v  -1199.173 336.83838 480.49988
v  -1187.4247 337.35123 537.51697
v  -1200.0515 511.11993 530.41742
v  -1168.002 337.67487 572.49463
v  -1158.3359 196.60341 577.53363
v  -1133.9741 337.48602 591.80804
v  -1178.9784 511.24152 566.71497
v  -1144.2031 511.29526 587.62866
v  -1088.7405 511.40335 599.80615
v  -1190.7443 698.31586 563.50452
v  -1099.9492 698.73419 599.1192
v  -1016.8323 699.20648 610.89325
v  -1155.4912 698.45068 585.57483
v  -1028.3662 880.81573 615.94281
v  -923.9577 881.38232 626.16626
v  -1111.5908 880.30292 603.23645
v  -1167.2423 879.99243 588.93909
v  -1039.3358 1037.7026 627.90295
v  -934.39581 1038.2291 637.92401
v  -814.42688 1038.6473 644.58344
v  -804.74585 881.85468 633.01471
v  -685.74451 1038.8365 647.07043
v  -1122.9248 1037.244 615.33002
v  -823.32507 1176.6154 660.25336
v  -693.28253 1176.6423 662.38
v  -560.55322 1176.3994 660.18427
v  -554.66284 1038.6473 644.58344
v  -433.44025 1175.9948 654.22662
v  -944.3844 1176.413 654.35754
v  -1050.1666 1176.1429 645.24731
v  -436.49274 1300.4545 673.82855
v  -321.51807 1299.9821 665.69287
v  -565.52319 1300.9537 678.96594
v  -321.93649 1416.7098 688.09497
v  -700.13641 1301.426 680.85114
v  -438.83673 1417.344 695.49133
v  -227.88777 1416.2375 677.87006
v  -229.07254 1299.6179 654.80817
v  -321.88116 1531.3728 710.54297
v  -569.96967 1418.1805 700.06732
v  -440.85687 1532.4523 717.97314
v  -167.63208 1299.3885 641.42157
v  -168.85741 1174.9015 619.32843
v  -226.08896 1530.6307 700.26691
v  -131.28528 1175.7654 596.38361
v  -131.61722 1037.7837 578.02704
v  -165.31375 1415.9675 664.82367
v  -129.46355 1300.225 618.54694
v  -108.90062 1178.6664 557.46552
v  -109.49438 1040.6176 539.45978
v  -106.82647 1303.0186 579.19958
v  -126.42323 1416.6829 641.83301
v  -94.026924 1184.5637 495.63895
v  -94.708435 1046.4069 478.38626
v  -78.99276 1194.3741 403.95996
v  -91.989296 1308.6727 516.39081
v  -77.212769 1318.1189 423.13687
v  -63.907207 1330.3583 306.44983
v  -61.080128 1444.3734 322.51367
v  -51.172478 1457.8409 186.29057
v  -73.984886 1432.9841 442.03329
v  -88.548187 1424.3881 537.55554
v  -56.039917 1554.7314 333.79913
v  -68.946045 1544.6918 457.2605
v  -103.4313 1419.2197 601.78271
v  -50.550407 1503.6279 -248.06538
v  -59.213905 1517.1088 -373.39566
v  -46.364403 1613.1359 -250.42563
v  -27.582762 1804.6906 -118.85083
v  -34.750999 1702.0378 -111.6177
v  -40.040878 1717.8398 -257.48465
v  -41.221638 1597.1852 -106.97961
v  -45.703159 1488.433 -107.0862
v  -40.872078 1581.3021 43.901188
v  -34.34618 1686.7889 42.488277
v  -39.754776 1673.8611 196.19144
v  -27.211561 1791.061 38.353531
v  -20.656065 1895.9673 33.434757
v  -32.744347 1780.1979 196.06723
v  -42.882755 1771.8313 345.40164
v  -26.265663 1887.9246 194.50728
v  -36.547081 1882.2704 347.41086
v  -50.212986 1878.5327 482.86084
v  -45.164734 1995.2579 485.35825
v  -31.502691 1996.36 348.04126
v  -39.374321 2110.3682 486.99298
v  -25.798264 2109.0229 348.73428
v  -34.155014 2201.8235 487.37729
v  -49.376305 2204.6382 597.98486
v  -43.70467 2276.686 595.50073
v  -59.856682 2278.0413 668.73938
v  -29.782959 2274.7686 485.78293
v  -18.899652 2271.9966 348.4061
v  -54.933189 2346.2346 663.18573
v  -80.052216 2346.1165 707.97607
v  -39.53503 2347.5017 590.935
v  -27.232748 2348.4497 482.73447
v  -18.197575 2349.0974 347.21933
v  -26.691202 2425.8389 479.26324
v  -18.899504 2429.4094 346.22324
v  -17.140556 2430.7354 194.42804
v  -22.388449 2514.7427 196.13242
v  -19.274481 2523.6514 36.167747
v  -31.503603 2601.6182 -121.02539
v  -25.191525 2595.2141 40.288387
v  -52.262569 2652.6704 -270.16541
v  -39.989628 2650.5183 -116.46941
v  -32.837914 2643.3572 43.99287
v  -79.464508 2677.6655 -403.74756
v  -71.376152 2681.3813 -267.09613
v  -58.111309 2679.7571 -113.23586
v  -137.54831 1855.8749 -643.37109
v  -94.584404 1854.3231 -616.97717
v  -100.22924 1754.828 -602.38959
v  -63.789932 1945.9508 -586.97351
v  -69.674934 1850.8414 -572.815
v  -48.705742 1940.2291 -515.60773
v  -75.939102 1751.1981 -559.2193
v  -54.902428 1844.1752 -502.53015
v  -35.939972 1930.702 -409.46939
v  -81.249168 1645.9138 -548.15906
v  -84.274597 1533.9363 -541.59808
v  -61.562 1744.1809 -489.92761
v  -67.309303 1639.0587 -479.81207
v  -70.765289 1527.621 -474.19974
v  -42.348515 1833.0559 -397.78445
v  -49.287357 1732.4813 -386.46786
v  -55.370712 1627.6155 -377.63568
v  -26.401997 1919.0297 -276.97079
v  -32.93465 1819.2917 -267.06039
v  -21.004181 1906.8979 -126.52923
v  -47.345451 1359.2905 30.82373
v  -53.482693 1344.4061 173.34
v  -79.68634 1056.042 387.89078
v  -79.660683 897.40045 378.31503
v  -67.770752 721.74225 268.57632
v  -70.334648 528.09589 276.95657
v  -79.277496 712.76849 378.6228
v  -79.481232 521.59167 385.3606
v  -94.080894 888.60193 467.73514
v  -92.191666 705.52203 466.77979
v  -90.282257 516.35583 472.15594
v  -108.45123 883.31201 528.06372
v  -105.61329 701.16315 526.1557
v  -102.2856 513.27905 530.41449
v  -99.768837 338.7276 537.51404
v  -122.42745 511.78107 566.71484
v  -99.366745 196.60341 544.13037
v  -118.58023 338.01239 572.49445
v  -116.4008 196.76526 577.53345
v  -149.45699 195.98248 594.81989
v  -102.38003 105.97408 546.93591
v  -117.12817 107.10755 578.52399
v  -148.57576 105.73118 593.37329
v  -125.26804 69.620049 571.01971
v  -115.83945 55.491081 548.15869
v  -168.65358 1036.9608 601.01093
v  -416.20773 699.7193 620.19489
v  -313.68719 880.81573 615.94269
v  -538.55713 700.15106 626.33362
v  -423.68106 881.38232 626.16614
v  -228.17789 1037.244 615.33002
v  -317.76392 1037.7026 627.90277
v  -229.28714 1175.1444 633.24115
v  -429.29745 1038.2291 637.92383
v  -320.24963 1175.5494 645.05829
v  -547.46082 881.85468 633.01471
v  -667.00336 700.32642 628.61145
v  -677.11884 882.05701 635.59216
v  -793.86261 700.15106 626.33362
v  -901.43811 512.07806 617.54193
v  -912.63721 699.7193 620.19489
v  -995.57458 337.16205 610.08496
v  -1005.6089 511.70035 609.89209
v  -1070.6027 194.95711 602.88312
v  -1078.7128 337.18909 602.1178
v  -1119.1086 105.73118 593.37347
v  -1125.4093 195.98248 594.82013
v  -1139.7336 69.593018 571.01984
v  -1150.5035 107.04031 578.52417
v  -1148.269 55.423836 548.15887
v  -1165.3746 105.70415 546.93884
v  -83.657745 1537.2968 556.02954
v  -98.871437 1532.8573 622.33203
v  -122.44233 1530.7115 663.54578
v  -62.820869 1655.0096 469.01147
v  -77.88752 1649.1124 571.44281
v  -93.580276 1645.5635 640.09753
v  -162.22952 1530.1853 687.0639
v  -49.677219 1663.2681 341.14688
v  -46.246971 1567.0385 193.41971
v  -45.600605 1472.7659 40.658485
v  -46.906929 1374.04 -114.08845
v  -50.118637 1260.1461 -259.59909
v  -51.242699 1387.7775 -252.58739
v  -55.76741 1122.9742 -383.36533
v  -57.720097 1269.9567 -380.64621
v  -65.785812 1128.5476 -478.93069
v  -78.114349 1131.8944 -543.0459
v  -68.337563 1277.3247 -478.14276
v  -59.432526 1399.6121 -375.86108
v  -100.07127 1133.6349 -582.82635
v  -81.088539 1281.7507 -543.46155
v  -70.553429 1408.7072 -475.10519
v  -83.682198 1414.1589 -541.50488
v  -103.39904 1284.0586 -583.84387
v  -138.97729 1134.3907 -605.38647
v  -202.14853 1134.7823 -617.84326
v  -142.69775 1285.0975 -606.52545
v  -106.33414 1417.0062 -582.4364
v  -296.90839 1135.4434 -627.31641
v  -206.41281 1285.7184 -618.75153
v  -146.02417 1418.3154 -605.26917
v  -415.22961 1136.037 -633.92596
v  -301.96887 1286.7302 -627.75769
v  -210.26549 1419.0981 -617.37378
v  -1263.334 881.01801 378.31522
v  -1243.3674 880.39709 467.73657
v  -1212.9885 698.3158 526.1571
v  -1294.5953 1042.8173 274.81906
v  -1275.0203 1039.7676 387.89093
v  -1225.6694 880.0329 528.0639
v  -1255.1995 1038.2697 478.38641
v  -1302.1914 1184.7795 289.59146
v  -1202.7826 879.89819 566.17236
v  -1237.5338 1037.3656 539.45996
v  -1284.3313 1180.5557 404.23956
v  -1265.9871 1178.0863 495.91309
v  -1178.8516 1036.9608 601.01111
v  -1214.5715 1036.9608 578.02991
v  -1134.3735 1175.8866 633.47205
v  -1190.7106 1175.7249 619.5835
v  -1249.1687 1176.6018 557.74091
v  -1226.5264 1175.8866 596.65094
v  -1146.35 1302.5594 655.72864
v  -1061.2913 1302.3842 666.44458
v  -954.34875 1302.1412 674.35767
v  -1203.201 1302.6676 642.44324
v  -831.85358 1301.8176 679.23718
v  -706.70813 1419.1792 701.81885
v  -840.43073 1420.3531 700.74872
v  -574.27704 1533.9368 722.63678
v  -713.39752 1535.8663 724.61792
v  -964.71796 1421.5813 696.81104
v  -849.47339 1538.2955 723.99713
v  -1073.1422 1422.7147 689.9668
v  -975.92108 1540.9135 720.61005
v  -1159.2805 1423.6056 680.16968
v  -1086.1523 1543.3694 714.28778
v  -858.05194 1656.3997 746.75696
v  -986.79083 1660.6368 743.55341
v  -719.52264 1652.4727 747.06323
v  -865.23907 1775.3942 766.79346
v  -724.39551 1769.9963 766.97705
v  -577.98669 1649.4094 744.64508
v  -580.62756 1765.7861 764.06885
v  -442.2832 1647.0884 739.46448
v  -442.84454 1762.6283 758.16235
v  -321.2536 1645.4283 731.48242
v  -319.96216 1760.3612 749.35583
v  -223.73691 1644.3219 720.66797
v  -158.57388 1643.6471 706.98444
v  -220.88683 1758.8365 737.74109
v  -317.90964 1877.6016 762.5979
v  -442.27234 1880.3815 772.2641
v  -117.8326 1643.9037 682.70233
v  -154.53493 1757.9324 723.42065
v  -217.60088 1875.7394 750.15594
v  -315.00293 1998.6205 769.6582
v  -150.30171 1874.6194 735.21075
v  -112.90307 1757.8917 698.3114
v  -87.992149 1758.9984 654.33832
v  -213.93037 1996.5557 756.58215
v  -71.802811 1761.5085 583.42065
v  -56.334061 1765.7051 477.48047
v  -65.971848 1876.1981 591.58612
v  -82.540359 1874.8082 664.29999
v  -107.96678 1874.2954 709.38501
v  -60.965347 1994.8823 595.56293
v  -77.658043 1994.6395 669.23895
v  -146.0672 1995.3143 741.19165
v  -103.33405 1994.7341 714.92865
v  -55.288269 2111.9163 597.65796
v  -72.188484 2112.9211 671.48083
v  -66.037987 2206.8242 671.77527
v  -98.013451 2113.5754 717.35059
v  -91.791153 2207.2739 717.70886
v  -140.91367 2114.3184 743.92041
v  -134.96132 2207.8442 744.31671
v  -85.406647 2278.2239 714.28302
v  -128.77957 2278.8491 740.63531
v  -203.62735 2208.9622 760.2627
v  -209.10106 2115.623 759.72974
v  -310.74768 2117.9348 773.31836
v  -440.29947 2001.7106 779.96399
v  -581.73279 1884.2679 778.87909
v  -580.83948 2006.0289 787.05536
v  -727.32922 1889.4364 782.1745
v  -727.63953 2011.7776 790.47504
v  -870.10248 1896.0623 781.87769
v  -996.16559 1781.2373 763.43878
v  -1002.8763 1903.2278 778.06818
v  -1098.9532 1664.6448 737.28925
v  -1110.1807 1786.77 756.84546
v  -1173.5819 1545.3666 704.86469
v  -1187.7552 1667.897 727.79309
v  -1118.4717 1910.0154 770.83783
v  -1200.2957 1791.2637 746.93512
v  -1216.7091 1424.1587 667.37695
v  -1231.6285 1546.5676 692.17181
v  -1246.4092 1669.84 714.90179
v  -1239.0614 1303.0319 619.62134
v  -1252.5963 1424.7661 644.51721
v  -1267.5415 1547.4448 668.91528
v  -1261.1627 1304.017 580.29285
v  -1274.1012 1425.8995 604.51825
v  -1288.5796 1548.4974 627.79895
v  -1276.7246 1305.9468 517.49213
v  -1288.3973 1427.9641 540.30591
v  -1292.9746 1309.1721 424.24915
v  -1302.6488 1431.4189 444.81067
v  -1302.0012 1550.2246 561.53278
v  -1315.0598 1553.0718 462.81509
v  -1308.4095 1314.2728 307.55661
v  -1315.7856 1436.7355 325.27896
v  -1326.8608 1557.6329 339.32672
v  -1328.5745 1674.6711 477.62253
v  -1339.8776 1677.8557 349.72415
v  -1316.0018 1672.9033 579.97156
v  -1353.082 1798.2537 356.49567
v  -1303.0847 1671.8507 648.57513
v  -1341.5712 1796.7153 488.59216
v  -1328.8715 1796.2296 594.42285
v  -1282.3693 1671.0006 691.02466
v  -1316.0974 1795.9464 665.27582
v  -1259.5164 1793.9492 733.63623
v  -1295.5494 1795.3527 709.04785
v  -1209.724 1915.462 760.27454
v  -1269.4652 1918.3757 746.52185
v  -1305.6794 1919.6887 721.28644
v  -1326.3304 1919.6959 676.37897
v  -1339.4146 1918.8236 603.53033
v  -1347.6882 2035.2517 605.57556
v  -1352.8202 1918.0963 494.5441
v  -1362.6562 2033.4253 492.04901
v  -1364.8466 1919.3861 359.43454
v  -1348.9865 1683.1589 204.47466
v  -1336.5162 1564.4611 198.74088
v  -1326.7393 1444.4139 188.95053
v  -1321.5237 1321.8297 174.40494
v  -1330.8134 1332.4363 31.791512
v  -1317.5564 1191.5266 158.84709
v  -1328.4154 1201.5802 18.881342
v  -1323.4211 1057.3104 8.3462172
v  -1327.8715 1070.6427 -131.35576
v  1240.484 4249.8457 462.61435
v  1242.0834 4305.7407 460.60754
v  1275.7469 4303.5317 676.2572
v  1275.6558 4248.3418 676.83679
v  1238.7817 4392.8638 462.02899
v  1270.1663 4385.6738 677.60962
v  1272.666 4377.4492 905.69574
v  1281.9476 4299.1016 907.71625
v  1284.0808 4244.8999 908.76935
v  1225.1642 4532.4888 468.54242
v  1252.1444 4512.7529 681.74799
v  1193.7571 4706.0854 474.75101
v  1210.5288 4666.9199 685.20447
v  1199.808 4629.1685 898.08258
v  1248.5529 4494.814 902.15045
v  1251.1664 4287.2793 1139.0812
v  1256.505 4233.1172 1141.6967
v  1237.0397 4361.9902 1131.6666
v  1158.2875 4342.4829 1321.49
v  1177.8948 4270.1538 1334.344
v  1188.1616 4215.2178 1338.9573
v  1206.1045 4468.9072 1116.9047
v  1153.3123 4584.9497 1101.2271
v  1066.0685 4543.4043 1268.8899
v  1121.7052 4441.1211 1295.8417
v  971.91199 3861.5161 196.92679
v  1035.0939 3924.4404 189.15895
v  1055.0981 3847.2642 307.83969
v  979.22113 3775.8091 316.13452
v  1084.9481 4006.2771 178.33221
v  1116.5651 3942.446 297.53949
v  1154.2618 3931.9885 470.53802
v  1082.8093 3838.3286 478.60269
v  996.04169 3767.342 486.02423
v  1142.2722 4282.0454 156.33105
v  1147.4103 4360.1978 152.52766
v  1193.1943 4316.1504 276.03983
v  1190.3 4258.0679 280.59564
v  1155.7747 4431.1196 173.32407
v  1191.8274 4407.7637 277.17441
v  1138.5016 4548.4814 148.68823
v  1179.8395 4557.833 277.75226
v  1125.3226 4719.5659 146.46828
v  1159.9967 4744.0986 281.77176
v  1117.3628 4872.8179 150.97913
v  1132.4692 4922.7842 284.17587
v  1095.8018 4982.6963 154.84225
v  1091.1682 5059.1826 284.73343
v  1072.3623 5022.7871 473.41907
v  1139.9155 4882.8628 475.46967
v  1138.8823 4820.0938 684.77441
v  1054.024 4939.1138 682.63116
v  1031.3361 4841.0088 892.87659
v  1121.6313 4751.4131 894.75037
v  1077.7773 4682.5186 1091.5431
v  992.29224 4750.686 1087.6927
v  915.57996 4680.583 1243.9604
v  993.27557 4624.2666 1252.4958
v  862.76605 4584.6094 1360.1697
v  941.74316 4514.6543 1380.1064
v  781.94727 4635.1045 1344.5703
v  573.40717 4592.1733 1404.0619
v  725.02069 4554.8052 1426.8708
v  815.24878 4495.7261 1446.636
v  1000.4048 4419.5952 1413.9186
v  1039.7629 4323.9316 1446.8459
v  874.63788 4404.8687 1483.9203
v  913.98877 4309.1899 1521.6763
v  1064.6403 4251.6875 1463.5388
v  1081.5701 4195.6841 1470.0007
v  941.96625 4236.0737 1540.9779
v  963.90344 4179.3774 1548.6685
v  923.25238 3705.0376 1253.748
v  1021.33 3784.9395 1275.4579
v  947.36938 3797.7512 1393.3882
v  861.409 3727.8193 1363.1862
v  1106.3535 3887.0994 1304.0851
v  1024.7456 3889.1321 1431.9872
v  928.72284 3895.7319 1510.8617
v  864.32788 3813.8491 1464.2566
v  818.24341 3757.5732 1423.4922
v  990.45142 3728.1509 894.9292
v  1091.0427 3811.7151 897.58545
v  1068.4111 3792.4575 1103.7494
v  966.73792 3707.6628 1091.9199
v  1177.1077 3915.9922 901.71619
v  1156.1519 3899.0476 1119.7648
v  1095.842 3829.457 682.00726
v  1000.5259 3752.9724 685.88025
v  1175.9707 3927.0305 678.30719
v  507.19324 4165.8926 1654.4745
v  499.51529 4219.6753 1645.21
v  273.12357 4233.731 1591.5839
v  276.56348 4180.5503 1599.3076
v  487.26266 4288.9556 1619.0437
v  267.00983 4298.5112 1569.4846
v  1.4901161e-06 4305.0708 1535.9535
v  2.9802322e-06 4242.8525 1555.1766
v  -1.8626451e-07 4189.8862 1561.7759
v  469.98068 4379.7632 1566.9006
v  257.69669 4379.5024 1524.9922
v  464.41885 4467.6714 1507.2697
v  254.15125 4457.9668 1472.4999
v  5.5879354e-07 4452.0952 1449.6382
v  -3.7252903e-07 4380.1523 1496.7997
v  678.52362 3723.947 1450.8763
v  702.35364 3803.5117 1523.6296
v  613.92871 3793.5398 1538.5977
v  598.08032 3707.637 1462.8688
v  745.13068 3891.6248 1582.876
v  643.78235 3887.5217 1601.4906
v  494.92679 3889.4175 1594.4203
v  477.49039 3790.6787 1534.9536
v  469.06714 3699.6423 1462.7665
v  765.85394 4164.4785 1633.6333
v  747.36542 4220.1602 1625.2179
v  647.71686 4216.0952 1651.9961
v  660.82257 4161.4102 1661.1956
v  723.75061 4293.1411 1601.3746
v  629.4118 4288.0337 1625.7463
v  694.15607 4386.252 1555.3708
v  606.09418 4382.6558 1573.6752
v  671.52478 4453.4282 1517.5055
v  599.52039 4468.7021 1517.0603
v  636.17932 4521.7139 1472.5402
v  722.1665 4478.2412 1488.1343
v  490.49344 4530.7319 1458.1895
v  265.24805 4516.877 1426.7283
v  285.15063 4568.6602 1381.5167
v  -7.4505806e-07 4554.8159 1364.0125
v  7.4505806e-07 4506.4785 1406.9243
v  262.32138 3798.283 1506.424
v  258.88995 3704.325 1446.6691
v  270.13583 3899.6729 1552.3073
v  9.3132257e-07 3906.4985 1524.1412
v  -1.4901161e-06 3804.3411 1487.0968
v  7.4505806e-07 3709.5107 1435.3236
v  -7.4505806e-07 3633.3613 469.40649
v  304.50803 3641.6611 471.85483
v  292.51846 3612.1724 681.3999
v  2.2351742e-06 3608.8184 679.88818
v  553.72339 3660.1924 476.70236
v  534.79932 3624.1094 684.09277
v  517.07166 3585.0317 896.6228
v  281.91751 3581.9456 894.26666
v  7.4505806e-07 3584.5854 892.68365
v  276.37244 3573.25 1094.0532
v  -7.4505806e-07 3577.7407 1090.6682
v  506.42404 3572.7485 1098.6833
v  495.70026 3589.5632 1265.8091
v  271.64105 3590.6001 1258.1613
v  -7.4505806e-07 3594.6799 1252.5115
v  -7.4505806e-07 3770.0637 147.72946
v  326.08691 3773.5195 151.56081
v  314.24307 3666.4448 284.16147
v  0 3659.1729 280.8186
v  586.87952 3782.5466 160.54553
v  568.23737 3682.3459 291.55014
v  825.52252 3809.5771 183.01157
v  900.66516 3827.0962 193.52307
v  898.12402 3736.7065 315.01736
v  815.14777 3716.5371 307.84824
v  904.90314 3726.0459 487.28262
v  812.55243 3702.0244 484.50375
v  901.49164 3704.9812 687.16382
v  801.67017 3673.6409 686.69586
v  887.56238 3674.1565 894.70422
v  784.78778 3637.573 895.88696
v  865.40881 3654.4863 1089.9902
v  765.96448 3619.9617 1094.033
v  828.62634 3657.1697 1250.0845
v  737.99298 3628.1611 1257.3185
v  777.97565 3687.9653 1359.4484
v  698.85181 3663.7473 1369.5605
v  751.79413 3741.6079 1435.8
v  263.89737 3634.1453 1370.433
v  0 3638.4631 1362.9659
v  479.07294 3631.8362 1380.5996
v  678.45081 5164.2324 471.14883
v  379.30423 5167.2397 468.91599
v  362.35315 5046.7588 678.73706
v  649.61475 5052.3438 680.43756
v  1.8626451e-07 5166.3389 467.56848
v  3.7252903e-07 5041.0498 677.72015
v  1.8626451e-06 4896.1147 886.43671
v  344.4754 4906.7563 889.05542
v  619.43976 4921.2832 893.17548
v  325.02927 4790.6709 1080.5643
v  586.9762 4810.7964 1091.3065
v  0 4777.0303 1073.418
v  1.8626451e-07 4685.3218 1218.4301
v  307.54276 4700.4053 1230.4039
v  561.1048 4724.6812 1246.3174
v  975.00073 5069.3208 156.2646
v  888.146 5086.8071 155.68474
v  875.76685 5188.5728 285.63596
v  961.63751 5166.3848 285.4704
v  715.7121 5098.874 153.44659
v  705.60242 5203.6323 284.34668
v  844.0011 5150.8872 472.15738
v  929.39368 5129.3311 472.25116
v  400.64572 5105.8794 149.02264
v  394.94809 5210.8159 281.08359
v  -2.6077032e-06 5108.1465 146.40874
v  2.9802322e-06 5212.5073 279.07132
v  295.61639 4628.083 1323.8739
v  552.51276 4656.5894 1339.3293
v  0 4612.6035 1309.0474
v  847.56537 4717.7935 1232.6265
v  734.34534 4681.3853 1313.7501
v  804.17584 4746.9385 1202.9514
v  721.88489 4736.3462 1238.688
v  868.15405 4906.6743 893.71106
v  778.55243 4919.7383 894.46906
v  743.25562 4813.9331 1092.4117
v  833.49103 4805.2759 1086.0876
v  811.72363 5044.6553 681.24475
v  898.74066 5027.2007 681.3808
v  775.34363 3976.9668 1619.6707
v  665.99353 3975.3611 1642.1261
v  786.83496 4051.7637 1636.3774
v  675.24255 4050.2554 1661.9661
v  515.22552 4055.0486 1654.3434
v  508.81384 3979.5723 1634.0176
v  276.72083 3991.5659 1583.1204
v  279.99405 4068.1812 1599.3774
v  -3.7252903e-07 4076.3635 1562.1829
v  3.7252903e-07 3999.0791 1548.9451
v  1162.1053 3995.3777 1326.3735
v  1074.2101 3986.6514 1459.5242
v  1189.4813 4091.125 1338.8357
v  1095.4142 4074.3738 1473.0315
v  987.47644 4061.9998 1554.3918
v  971.47626 3982.7661 1541.2351
v  1118.9147 4089.2817 177.52856
v  1156.118 4045.457 293.61197
v  1142.3148 4144.3979 198.01125
v  1177.8221 4135.5581 294.03455
v  1226.026 4128.0811 466.61838
v  1200.8049 4034.9788 467.31329
v  1236.9426 4025.9065 905.88971
v  1216.0509 4011.144 1132.9717
v  1270.7609 4122.5142 908.75653
v  1248.4027 4109.3462 1140.892
v  1230.3846 4032.1826 677.41461
v  1260.8596 4126.2148 677.85468
v  1088.778 4372.3643 103.41703
v  1110.1753 4325.7314 106.77195
v  1106.8976 4191.1274 124.49601
v  1078.7334 4161.7412 122.67852
v  1139.4574 4205.9224 170.16698
v  1032.9937 4420.6064 118.17131
v  1067.4524 4404.2393 111.6905
v  1042.5482 4126.4448 132.6082
v  993.38666 4095.3564 139.70329
v  905.73358 4423.27 110.68552
v  820.29199 4419.4717 103.57461
v  864.98785 4801.8252 106.01269
v  951.57977 4794.626 109.26995
v  657.94568 4416.623 96.105255
v  695.867 4806.7939 101.54779
v  367.42511 4416.1846 88.745667
v  389.19794 4810.564 95.727364
v  -2.4214387e-06 4416.5635 85.270073
v  -5.9604645e-06 4812.1509 92.64257
v  344.63757 4040.458 97.15049
v  618.36194 4044.5881 105.88541
v  3.3527613e-06 4039.479 93.347359
v  738.84821 3795.1721 171.43118
v  773.8974 4052.9363 116.13232
v  858.51947 4063.6724 126.83923
v  1094.5507 4680.8057 105.36743
v  1072.8168 4747.6226 111.06764
v  1102.9119 4580.6265 98.901337
v  1117.9885 4458.9238 103.17107
v  781.22046 4111.916 1638.6062
v  671.65649 4109.7573 1665.843
v  513.47467 4114.564 1658.8268
v  279.35043 4128.6445 1602.9348
v  3.7252903e-07 4137.4956 1564.9431
v  1194.701 4160.9756 1341.5334
v  1094.5105 4141.1772 1474.5021
v  981.7785 4125.1846 1554.5383
v  1186.364 4203.3203 287.3381
v  1236.8646 4196.6069 465.04855
v  1283.1254 4191.9976 909.42688
v  1258.3854 4179.6978 1142.9546
v  1273.0292 4195.0557 677.63885
v  878.9942 4116.2935 1603.7476
v  885.89429 4055.1782 1603.1528
v  860.64508 4169.7827 1598.0251
v  929.98059 4075.9048 136.53493
v  976.10919 4425.2642 116.90966
v  1021.3621 4781.1909 111.78666
v  1044.5444 5041.8066 156.31444
v  872.69189 3979.7712 1589.0005
v  835.99036 3896.0159 1555.833
v  1001.2896 5096.8447 472.35312
v  974.02753 5000.8276 681.55511
v  947.06421 4886.811 892.78198
v  910.4787 4787.1104 1086.7344
v  1031.6949 5132.6533 285.07227
v  640.50189 3603.9133 1264.7571
v  613.11505 3643.3325 1379.3567
v  674.29321 3605.7451 896.98663
v  659.29443 3590.4951 1098.2098
v  710.7843 3680.9387 480.93979
v  693.35126 3646.0254 685.79358
v  721.81702 3699.5022 299.6777
v  774.84021 4394.7417 1526.5778
v  811.25488 4299.666 1568.4365
v  838.53693 4226.2798 1589.9304
v  782.19135 3813.3054 1501.7201
v  -1240.484 4249.8452 462.61435
v  -1275.6558 4248.3418 676.83667
v  -1275.7468 4303.5312 676.25726
v  -1242.0834 4305.7412 460.60748
v  -1284.0808 4244.8999 908.76935
v  -1281.9476 4299.1016 907.71619
v  -1272.666 4377.4497 905.69574
v  -1270.1663 4385.6738 677.60962
v  -1238.7817 4392.8633 462.02899
v  -1252.1444 4512.7534 681.74799
v  -1225.1642 4532.4893 468.54236
v  -1248.553 4494.8145 902.15057
v  -1199.8081 4629.1689 898.08258
v  -1210.5288 4666.9199 685.20447
v  -1193.7571 4706.0854 474.75101
v  -1256.5049 4233.1172 1141.6965
v  -1251.1664 4287.2788 1139.0812
v  -1188.1616 4215.2183 1338.9574
v  -1177.8947 4270.1538 1334.344
v  -1158.2875 4342.4829 1321.4899
v  -1237.0397 4361.9902 1131.6665
v  -1206.1044 4468.9077 1116.9047
v  -1121.7053 4441.1201 1295.8417
v  -1066.0685 4543.4043 1268.8899
v  -1153.3125 4584.9497 1101.2271
v  -971.91199 3861.5168 196.92679
v  -979.22113 3775.8083 316.13455
v  -1055.098 3847.2634 307.83966
v  -1035.0936 3924.4399 189.15895
v  -996.04156 3767.342 486.02423
v  -1082.8092 3838.3281 478.60269
v  -1154.262 3931.988 470.53802
v  -1116.5651 3942.4465 297.53952
v  -1084.9481 4006.2771 178.33221
v  -1142.2722 4282.0454 156.33105
v  -1190.3 4258.0679 280.59564
v  -1193.1943 4316.1504 276.03986
v  -1147.4102 4360.1973 152.52763
v  -1191.8273 4407.7637 277.17441
v  -1155.7747 4431.1196 173.32407
v  -1179.8395 4557.833 277.75223
v  -1138.5016 4548.4814 148.68825
v  -1159.9967 4744.0991 281.77176
v  -1125.3228 4719.5669 146.46828
v  -1132.4692 4922.7842 284.17584
v  -1117.3628 4872.8174 150.97913
v  -1139.9155 4882.8623 475.4696
v  -1072.3623 5022.7871 473.41913
v  -1091.1682 5059.1821 284.7334
v  -1095.8018 4982.6963 154.84224
v  -1138.8823 4820.0938 684.77441
v  -1121.6315 4751.4131 894.75031
v  -1031.3361 4841.0088 892.87659
v  -1054.0242 4939.1138 682.63116
v  -1077.7773 4682.5186 1091.5431
v  -993.27545 4624.2671 1252.496
v  -915.58008 4680.583 1243.9604
v  -992.29224 4750.686 1087.6927
v  -941.74316 4514.6543 1380.1066
v  -862.76605 4584.6089 1360.1697
v  -815.24878 4495.7261 1446.636
v  -725.02069 4554.8052 1426.871
v  -573.4071 4592.1729 1404.0618
v  -781.94727 4635.105 1344.5704
v  -1039.7628 4323.9316 1446.8459
v  -1000.4048 4419.5952 1413.9186
v  -913.98871 4309.1899 1521.6764
v  -874.63782 4404.8682 1483.9203
v  -1081.5699 4195.6836 1470.0007
v  -1064.6403 4251.6875 1463.5388
v  -963.9035 4179.377 1548.6685
v  -941.96625 4236.0737 1540.978
v  -923.25238 3705.0376 1253.748
v  -861.409 3727.8193 1363.186
v  -947.36938 3797.7512 1393.3881
v  -1021.3299 3784.9395 1275.4578
v  -818.24341 3757.5732 1423.4924
v  -864.328 3813.8496 1464.2566
v  -928.72296 3895.7319 1510.8617
v  -1024.7456 3889.1321 1431.9872
v  -1106.3535 3887.0989 1304.0851
v  -990.45135 3728.1509 894.9292
v  -966.73792 3707.6633 1091.9199
v  -1068.4111 3792.457 1103.7494
v  -1091.0428 3811.7148 897.58545
v  -1156.1519 3899.0474 1119.7648
v  -1177.1077 3915.9922 901.71619
v  -1000.5259 3752.9724 685.88031
v  -1095.842 3829.457 682.0072
v  -1175.9707 3927.0303 678.30719
v  -507.19318 4165.8931 1654.4745
v  -276.56348 4180.5498 1599.3076
v  -273.1236 4233.7305 1591.5837
v  -499.51526 4219.6753 1645.21
v  -267.0098 4298.5117 1569.4846
v  -487.26273 4288.9556 1619.0437
v  -257.69666 4379.5024 1524.9922
v  -469.98068 4379.7632 1566.9005
v  -254.15125 4457.9668 1472.4996
v  -464.41888 4467.6719 1507.2697
v  -678.52362 3723.9475 1450.8763
v  -598.08032 3707.6377 1462.8688
v  -613.92871 3793.5398 1538.5977
v  -702.35358 3803.5117 1523.6298
v  -469.06714 3699.6421 1462.7665
v  -477.49033 3790.678 1534.9535
v  -494.92673 3889.4175 1594.4202
v  -643.78235 3887.5217 1601.4906
v  -745.13074 3891.6243 1582.8761
v  -765.854 4164.4785 1633.6333
v  -660.82251 4161.4102 1661.1956
v  -647.71674 4216.0962 1651.9961
v  -747.36548 4220.1606 1625.2179
v  -629.4118 4288.0332 1625.7466
v  -723.75067 4293.1411 1601.3746
v  -606.09418 4382.6558 1573.6752
v  -694.15613 4386.252 1555.3707
v  -599.52039 4468.7017 1517.0604
v  -671.52478 4453.4282 1517.5055
v  -722.1665 4478.2417 1488.1342
v  -636.17932 4521.7139 1472.5402
v  -490.49344 4530.7324 1458.1896
v  -265.24802 4516.8765 1426.7283
v  -285.15063 4568.6602 1381.5167
v  -258.88995 3704.3254 1446.6691
v  -262.32138 3798.283 1506.424
v  -270.13583 3899.6726 1552.3073
v  -292.51846 3612.1724 681.3999
v  -304.50803 3641.6611 471.85477
v  -281.91748 3581.9456 894.26666
v  -517.07166 3585.0317 896.6228
v  -534.79932 3624.1094 684.09271
v  -553.72339 3660.1924 476.70233
v  -276.37244 3573.25 1094.0531
v  -271.64105 3590.6001 1258.1611
v  -495.70032 3589.5632 1265.809
v  -506.42404 3572.7485 1098.6833
v  -314.24307 3666.4451 284.1615
v  -326.08691 3773.5195 151.56082
v  -568.23737 3682.3459 291.55014
v  -586.87952 3782.5466 160.54553
v  -825.52252 3809.5771 183.01155
v  -815.14777 3716.5366 307.84824
v  -898.12402 3736.7061 315.01736
v  -900.6651 3827.0962 193.52309
v  -812.55243 3702.0244 484.50375
v  -904.90314 3726.0459 487.28262
v  -801.67017 3673.6409 686.69592
v  -901.49176 3704.9812 687.16382
v  -784.78772 3637.573 895.88696
v  -887.56226 3674.1572 894.7041
v  -765.96429 3619.9614 1094.033
v  -865.40887 3654.4863 1089.9902
v  -737.99298 3628.1614 1257.3185
v  -828.62634 3657.1699 1250.0846
v  -698.85181 3663.7473 1369.5607
v  -777.97571 3687.9648 1359.4482
v  -751.79413 3741.6074 1435.8
v  -263.8974 3634.1448 1370.433
v  -479.073 3631.8362 1380.5996
v  -678.45081 5164.2324 471.14886
v  -649.61475 5052.3433 680.43756
v  -362.35315 5046.7588 678.73706
v  -379.30423 5167.2397 468.91595
v  -619.43982 4921.2837 893.17548
v  -344.47537 4906.7559 889.05542
v  -586.9762 4810.7964 1091.3065
v  -325.02927 4790.6709 1080.5642
v  -561.1048 4724.6812 1246.3174
v  -307.54279 4700.4053 1230.4039
v  -975.00085 5069.3213 156.2646
v  -961.63751 5166.3853 285.4704
v  -875.76685 5188.5732 285.63596
v  -888.146 5086.8066 155.68472
v  -929.39368 5129.3311 472.25116
v  -844.0011 5150.8872 472.15738
v  -705.60242 5203.6323 284.34665
v  -715.7121 5098.8735 153.44659
v  -394.94812 5210.8154 281.08359
v  -400.64578 5105.8794 149.02263
v  -552.5127 4656.5894 1339.3292
v  -295.61636 4628.0835 1323.8739
v  -734.34528 4681.3853 1313.7502
v  -847.56543 4717.7935 1232.6265
v  -721.88495 4736.3462 1238.688
v  -804.17584 4746.9375 1202.9514
v  -868.15393 4906.6748 893.71118
v  -833.49115 4805.2764 1086.0875
v  -743.25555 4813.9331 1092.4119
v  -778.55243 4919.7383 894.46893
v  -898.74066 5027.2002 681.38074
v  -811.72351 5044.6553 681.24481
v  -665.99353 3975.3608 1642.1262
v  -775.34357 3976.967 1619.6707
v  -508.81384 3979.5725 1634.0176
v  -515.22552 4055.0483 1654.3431
v  -675.24255 4050.2554 1661.9661
v  -786.83484 4051.7637 1636.3774
v  -276.72083 3991.5659 1583.1205
v  -279.99405 4068.1812 1599.3774
v  -1074.2101 3986.6514 1459.5243
v  -1162.1053 3995.3777 1326.3735
v  -971.47626 3982.7659 1541.235
v  -987.47644 4061.9998 1554.3918
v  -1095.4142 4074.3743 1473.0316
v  -1189.4814 4091.125 1338.8357
v  -1156.118 4045.4568 293.61197
v  -1118.9148 4089.2815 177.52858
v  -1200.8049 4034.9785 467.31332
v  -1226.026 4128.0811 466.61838
v  -1177.8223 4135.5581 294.03452
v  -1142.3147 4144.3979 198.01125
v  -1216.0508 4011.1438 1132.9717
v  -1236.9426 4025.9065 905.88971
v  -1248.4027 4109.3462 1140.892
v  -1270.7609 4122.5142 908.75653
v  -1230.3846 4032.1826 677.41467
v  -1260.8595 4126.2148 677.85468
v  -1088.7781 4372.3643 103.41705
v  -1078.7335 4161.7417 122.6785
v  -1106.8976 4191.1274 124.49602
v  -1110.1753 4325.7314 106.77195
v  -1139.4574 4205.9229 170.16698
v  -1032.9937 4420.6064 118.17131
v  -993.38654 4095.3564 139.70328
v  -1042.5482 4126.4453 132.6082
v  -1067.4525 4404.2402 111.6905
v  -905.7337 4423.27 110.68552
v  -951.57977 4794.6265 109.26995
v  -864.98785 4801.8252 106.01269
v  -820.29199 4419.4717 103.57459
v  -695.86707 4806.7939 101.54779
v  -657.94568 4416.6226 96.105255
v  -389.19797 4810.5645 95.727364
v  -367.42508 4416.1846 88.745667
v  -618.36194 4044.5881 105.88541
v  -344.6376 4040.4583 97.15049
v  -858.51953 4063.6724 126.83923
v  -773.89746 4052.9363 116.13232
v  -738.84821 3795.1721 171.4312
v  -1072.8168 4747.623 111.06764
v  -1094.5507 4680.8057 105.36741
v  -1102.9119 4580.626 98.901329
v  -1117.9885 4458.9238 103.17107
v  -671.65649 4109.7568 1665.8428
v  -781.22046 4111.916 1638.6064
v  -513.47467 4114.5635 1658.8268
v  -279.35043 4128.6445 1602.9347
v  -1094.5105 4141.1768 1474.5021
v  -1194.701 4160.9761 1341.5334
v  -981.77863 4125.1846 1554.5383
v  -1186.364 4203.3198 287.33807
v  -1236.8646 4196.6064 465.04855
v  -1258.3855 4179.6973 1142.9546
v  -1283.1252 4191.998 909.42688
v  -1273.0292 4195.0552 677.63879
v  -885.89423 4055.1787 1603.1528
v  -878.9942 4116.2935 1603.7476
v  -860.64502 4169.7822 1598.0251
v  -929.98035 4075.9045 136.53494
v  -976.10931 4425.2637 116.90967
v  -1021.3621 4781.1904 111.78666
v  -1044.5444 5041.8066 156.31444
v  -835.99036 3896.0154 1555.833
v  -872.69202 3979.772 1589.0005
v  -974.02753 5000.8286 681.55505
v  -1001.2895 5096.8442 472.35315
v  -947.06433 4886.8115 892.78198
v  -910.4787 4787.1094 1086.7344
v  -1031.6949 5132.6533 285.07227
v  -613.11499 3643.3325 1379.3567
v  -640.50195 3603.9133 1264.7571
v  -659.29437 3590.4951 1098.2097
v  -674.29321 3605.7451 896.98663
v  -693.3512 3646.0259 685.79358
v  -710.78424 3680.9387 480.93979
v  -721.81696 3699.5022 299.6777
v  -811.25488 4299.6665 1568.4365
v  -774.84027 4394.7412 1526.5776
v  -838.53693 4226.2793 1589.9304
v  -782.19135 3813.3054 1501.7201
v  538.58502 7397.1235 -343.57462
v  458.92554 7385.2891 -502.63318
v  5.2094483 7434.9893 -174.29013
v  334.85297 7375.9111 -628.86493
v  178.51363 7369.8784 -709.91034
v  5.2094526 7367.8003 -737.82916
v  5.2094688 7452.6543 403.3168
v  178.51346 7450.5752 375.3927
v  334.85284 7444.5571 294.34601
v  458.92404 7435.1655 168.11702
v  538.58496 7423.3306 9.0596142
v  566.03284 7410.2266 -167.25806
v  651.88757 7390.1743 55.109409
v  555.30597 7404.519 247.95462
v  404.8772 7415.8945 400.99719
v  215.3278 7423.2085 499.25745
v  5.2094493 7425.7314 533.11249
v  5.209456 7322.8364 -850.43951
v  215.32803 7325.3594 -816.58038
v  404.87872 7332.6606 -718.32544
v  555.30609 7344.0498 -565.27875
v  651.88763 7358.3809 -372.43402
v  685.16638 7374.2773 -158.66203
v  849.32843 7220.8994 162.01628
v  809.80035 7302.6079 129.17773
v  689.63977 7320.4482 369.11786
v  723.26404 7239.6162 413.74289
v  502.4776 7334.6177 559.53345
v  526.90674 7254.4731 613.51434
v  266.638 7343.7798 681.7627
v  279.48206 7264.1348 741.74048
v  5.2094207 7347.0591 723.85468
v  5.2094111 7267.6572 785.8797
v  5.2094812 7132.9956 -1020.0195
v  5.2094779 7218.833 -997.49854
v  266.63824 7221.9644 -955.38086
v  279.48233 7136.2876 -975.81958
v  502.47778 7231.0605 -833.12854
v  526.90692 7145.8296 -847.56354
v  689.63989 7245.2158 -642.71021
v  723.26422 7160.6729 -647.79486
v  809.80042 7263.0562 -402.771
v  849.32849 7179.4028 -396.06552
v  851.20831 7282.8384 -136.79681
v  892.76733 7200.145 -117.02435
v  247.74974 7381.1602 612.63434
v  5.2094316 7384.0879 651.71039
v  466.54706 7372.7129 499.21713
v  640.1864 7359.5688 322.55908
v  751.67004 7343.0244 99.956436
v  790.08624 7324.6719 -146.80031
v  751.6701 7306.3193 -393.55692
v  640.18652 7289.7744 -616.15704
v  466.54724 7276.6313 -792.81641
v  247.74997 7268.1968 -906.23657
v  5.2094703 7265.2964 -945.32062
v  932.18079 6753.9751 -17.453979
v  916.28827 6901.1201 -41.18346
v  871.70508 6911.3213 247.47173
v  886.81744 6764.3662 276.23535
v  886.81763 6743.5981 -311.14307
v  871.70514 6890.9043 -329.83841
v  755.1463 6734.2329 -576.08356
v  742.29138 6881.7007 -590.23932
v  550.07019 6726.7974 -786.3429
v  540.73206 6874.4004 -796.88898
v  291.65976 6722.0205 -921.33936
v  286.75046 6869.7046 -929.57513
v  5.2095141 6720.3735 -967.84692
v  5.2095017 6868.0854 -975.2851
v  291.65948 6786.457 886.34912
v  286.75018 6932.8848 847.15167
v  5.2094893 6935.1118 892.76294
v  5.209497 6788.9673 932.7204
v  550.06995 6781.167 751.43384
v  540.73181 6927.8389 714.5249
v  755.14612 6773.7314 541.17584
v  742.29126 6920.5244 507.87125
v  902.2215 6746.4585 279.53879
v  948.37549 6735.8926 -19.281939
v  902.22168 6725.3267 -318.10214
v  768.24933 6757.6729 548.83392
v  550.06989 6599.2607 1334.0082
v  559.58893 6583.7554 1348.8115
v  714.45197 6576.1855 1134.879
v  702.27454 6591.8257 1123.7474
v  768.24945 6715.7861 -587.67261
v  559.58923 6708.2285 -801.60516
v  296.66489 6703.3706 -938.95917
v  5.209517 6701.6968 -986.28174
v  5.2095037 6607.0615 1515.2974
v  5.2095146 6591.4756 1533.2991
v  296.66452 6589.0596 1486.0953
v  291.65939 6604.5508 1468.9303
v  284.10391 7092.6338 805.81512
v  5.2093878 7095.6299 850.84363
v  535.69965 7084.9419 674.94141
v  735.36591 7073.3901 471.01639
v  863.55981 7058.8301 214.05659
v  907.73547 7042.7041 -70.785606
v  863.55994 7026.5649 -355.62784
v  735.36609 7012.0039 -612.58765
v  535.69989 7000.4526 -816.51001
v  284.10419 6993.0308 -947.43787
v  5.2094913 6990.4795 -992.55688
v  550.06995 6670.3096 1044.5063
v  755.14606 6662.874 834.24963
v  550.47076 6639.5552 774.83875
v  755.69666 6632.1206 564.42688
v  755.69666 6570.0996 805.1582
v  550.4707 6569.2354 1061.3717
v  768.24921 6649.9458 839.39783
v  5.209507 6678.1099 1225.797
v  291.65942 6675.5996 1179.423
v  5.209507 6645.9795 956.48553
v  291.87 6644.333 909.93616
v  291.86996 6574.0127 1196.4708
v  5.209518 6575.6592 1243.0172
v  550.4707 6496.7974 1311.3198
v  291.8699 6501.5737 1446.408
v  5.2095208 6503.2202 1492.964
v  702.78595 6489.3477 1100.9026
v  768.61761 6585.335 820.45416
v  714.7934 6505.1094 1120.0958
v  768.61774 6650.0815 566.4632
v  902.65063 6640.5405 296.76459
v  948.83435 6629.9746 -2.2003872
v  902.65076 6619.4077 -301.16382
v  768.61786 6609.8672 -570.86383
v  559.85779 6602.2964 -784.89893
v  296.80521 6597.439 -922.3244
v  5.209528 6595.7656 -969.66998
v  5.2095165 6519.4819 1518.8601
v  296.80487 6517.6323 1471.5348
v  559.85614 6512.6802 1334.1392
v  887.46393 6622.7549 299.29077
v  932.86627 6612.3506 5.3861508
v  887.46411 6601.959 -288.51944
v  755.69824 6592.5942 -553.65564
v  550.47241 6585.1587 -764.06482
v  291.87027 6580.3818 -899.16376
v  5.2095242 6578.7354 -945.71051
v  -528.16711 7397.1235 -343.5748
v  -448.50626 7385.2891 -502.63327
v  -324.43362 7375.9111 -628.86499
v  -168.09428 7369.8784 -709.9104
v  -168.09447 7450.5752 375.39267
v  -324.43378 7444.5571 294.34592
v  -448.50507 7435.1655 168.11688
v  -528.16718 7423.3306 9.060235
v  -555.61359 7410.2266 -167.25822
v  -641.46844 7390.1743 55.110023
v  -544.8869 7404.519 247.95445
v  -394.45819 7415.8945 400.99707
v  -204.90887 7423.2085 499.25745
v  -204.90868 7325.3594 -816.58044
v  -394.45938 7332.6606 -718.3255
v  -544.88812 7344.0498 -565.27887
v  -641.46844 7358.3809 -372.43423
v  -674.74725 7374.2773 -158.66223
v  -679.22076 7320.4482 369.1163
v  -799.38123 7302.6079 129.17751
v  -838.90942 7220.8994 162.01602
v  -712.84509 7239.6162 413.74408
v  -492.05862 7334.6177 559.53333
v  -516.48773 7254.4731 613.51416
v  -256.21909 7343.7798 681.76263
v  -269.06317 7264.1348 741.74042
v  -256.21884 7221.9644 -955.38086
v  -269.06293 7136.2876 -975.8197
v  -492.05841 7231.0605 -833.12866
v  -516.48755 7145.8296 -847.56378
v  -679.22064 7245.2158 -642.71039
v  -712.84491 7160.6729 -647.7951
v  -799.38116 7263.0562 -402.77124
v  -838.90936 7179.4028 -396.06577
v  -840.78912 7282.8384 -136.79707
v  -882.34814 7200.145 -117.0246
v  -237.3308 7381.1602 612.63428
v  -456.12817 7372.7129 499.21695
v  -629.76874 7359.5688 322.5589
v  -741.25092 7343.0244 99.957016
v  -779.66711 7324.6719 -146.80055
v  -741.25085 7306.3193 -393.55716
v  -629.76862 7289.7744 -616.15723
v  -456.12793 7276.6313 -792.81653
v  -237.33055 7268.1968 -906.23657
v  -861.28595 6911.3213 247.47281
v  -905.86908 6901.1201 -41.182926
v  -921.7616 6753.9751 -17.453587
v  -876.39856 6764.3662 276.23508
v  -861.28589 6890.9043 -329.83865
v  -876.39838 6743.5981 -311.14334
v  -731.87219 6881.7007 -590.23956
v  -744.72699 6734.2329 -576.08374
v  -530.31268 6874.4004 -796.8891
v  -539.65088 6726.7974 -786.34308
v  -276.33105 6869.7046 -929.5752
v  -281.24036 6722.0205 -921.33948
v  -276.3313 6932.8848 847.15155
v  -281.24063 6786.457 886.34906
v  -530.31293 6927.8389 714.52472
v  -539.65112 6781.167 751.43506
v  -731.87238 6920.5244 507.87106
v  -744.72717 6773.7314 541.17688
v  -937.95642 6735.8926 -19.282223
v  -891.80249 6746.4585 279.53854
v  -891.80243 6725.3267 -318.10245
v  -757.83038 6757.6729 548.83368
v  -704.0332 6576.1855 1134.8789
v  -549.17023 6583.7554 1348.8115
v  -539.65118 6599.2607 1334.0079
v  -691.85577 6591.8257 1123.7473
v  -757.8302 6715.7861 -587.67285
v  -549.16992 6708.2285 -801.60535
v  -286.24545 6703.3706 -938.95929
v  -286.24585 6589.0596 1486.0952
v  -281.24072 6604.5508 1468.9301
v  -273.68506 7092.6338 805.81512
v  -525.28082 7084.9419 674.94116
v  -724.9469 7073.3901 471.01611
v  -853.14062 7058.8301 214.05632
v  -897.31635 7042.7041 -70.785751
v  -853.14062 7026.5649 -355.62808
v  -724.94678 7012.0039 -612.58789
v  -525.28058 7000.4526 -816.51019
v  -273.68478 6993.0308 -947.43799
v  -744.72723 6662.874 834.24945
v  -539.65118 6670.3096 1044.5061
v  -540.05188 6639.5552 774.8399
v  -540.05194 6569.2354 1061.3716
v  -745.27783 6570.0996 805.15802
v  -745.27771 6632.1206 564.42664
v  -757.83044 6649.9458 839.39758
v  -281.24069 6675.5996 1179.4229
v  -281.4512 6574.0127 1196.4706
v  -281.45114 6644.333 909.9361
v  -281.45123 6501.5737 1446.4077
v  -540.052 6496.7974 1311.3197
v  -692.36725 6489.3477 1100.9025
v  -758.2002 6585.335 820.4541
v  -704.37457 6505.1094 1120.0957
v  -758.20013 6650.0815 566.46295
v  -892.23163 6640.5405 296.76434
v  -938.41522 6629.9746 -2.2006721
v  -892.23145 6619.4077 -301.16406
v  -758.19995 6609.8672 -570.86407
v  -549.43842 6602.2964 -784.89917
v  -286.38583 6597.439 -922.32458
v  -286.3862 6517.6323 1471.5345
v  -549.43738 6512.6802 1334.1389
v  -877.04498 6622.7407 299.29184
v  -922.44708 6612.3506 5.3866401
v  -877.0448 6601.959 -288.51971
v  -745.27893 6592.5942 -553.65588
v  -540.05304 6585.1587 -764.065
v  -281.45087 6580.3818 -899.16394
v  822.41498 7243.5967 277.26077
v  787.85956 7344.9678 228.00035
v  622.11859 7345.0483 477.13739
v  647.30341 7260.6538 533.24219
v  411.61365 7312.5405 660.90295
v  424.849 7266.3887 700.73608
v  157.55508 7250.3716 806.10931
v  -778.92902 6777.4961 570.81488
v  -567.73584 6785.0938 785.63147
v  -558.41797 6932.8994 748.5484
v  -253.44734 6790.6401 927.50336
v  -248.54478 6936.9062 888.33948
v  159.79514 6792.3667 951.68555
v  159.79514 6938.3643 911.7674
v  437.45828 6787.8062 847.47559
v  432.55707 6934.0728 808.31976
v  671.27765 6781.1533 673.92133
v  661.95844 6927.5957 637.06104
v  855.27814 6771.7207 407.27243
v  842.44489 6918.2432 374.01923
v  429.89053 7094.9814 766.60956
v  159.79515 7100.1099 869.4472
v  656.89935 7085.6704 597.159
v  835.49518 7071.9595 336.88361
v  -245.87961 7108.6924 844.88159
v  831.09473 7236.1479 211.74895
v  797.15601 7327.249 164.86763
v  601.55292 7336.2769 458.5257
v  397.95987 7303.0137 629.27991
v  153.38661 7243.3945 777.87067
v  -757.32703 6775 548.76758
v  -550.75574 6782.4751 760.35211
v  -541.43915 6930.3896 723.24359
v  -246.39511 6787.8604 897.68719
v  155.36218 6789.5874 921.505
v  423.13657 6785.1343 820.27057
v  649.72968 6778.6841 652.40839
v  863.37079 6767.7935 340.2182
v  850.50916 6914.5464 306.95285
v  843.53656 7067.8169 270.01425
v  -238.84897 7105.1973 815.30579
v  796.53937 7229.7646 203.23122
v  763.30096 7309.2886 159.02451
v  578.41931 7326.4258 437.59036
v  382.60178 7292.2852 593.70709
v  148.69998 7235.541 746.11267
v  -230.94118 7101.2705 782.03094
v  -522.34302 6927.5552 694.7782
v  -733.02887 6772.1792 523.96735
v  -531.65698 6779.5342 731.92328
v  -238.46301 6784.73 864.15057
v  150.37599 6786.4702 887.55701
v  407.02682 6782.1382 789.67578
v  625.49091 6775.9043 628.21002
v  828.16095 6765.3647 329.96643
v  815.25342 6912.3467 296.68622
v  808.26605 7065.1323 259.97031
v  5.2095156 6615.6836 4.850183
v  -712.9679 6839.5439 627.29755
v  -715.7356 6848.3022 645.38428
v  -704.42584 6860.002 609.37817
v  -701.69586 6850.3257 591.65857
v  -716.11206 6773.2866 637.50885
v  -677.97528 6769.7363 597.72705
v  -668.62488 6770.1416 607.56323
v  -719.09302 6776.8623 657.64673
v  -555.72845 6905.8159 685.40759
v  -571.25793 6928.7964 667.10773
v  -581.87811 6931.7114 684.216
v  -593.62512 6909.3506 724.43506
v  -666.45361 6853.916 579.58905
v  -674.74603 6847.3838 571.966
v  -675.26556 6835.5361 573.65686
v  -676.40717 6805.4976 592.62482
v  -715.23358 6809.1279 634.58185
v  -718.09845 6815.4829 653.61188
v  -561.28955 6774.73 720.47052
v  -558.28839 6845.4683 701.55109
v  -597.11481 6849.0854 743.50555
v  -599.42639 6778.292 760.25226
v  -569.7088 6774.3799 711.61267
v  -613.51331 6781.356 768.77802
v  -611.30426 6849.624 753.03668
v  -607.90369 6907.7314 734.80701
v  -596.19177 6929.2559 694.92261
v  -578.72583 6922.9272 660.24304
v  1135.8737 2858.6255 -220.22488
v  1026.6317 2903.6772 -175.17241
v  1180.9261 2749.3796 -175.17339
v  1069.0914 2791.8428 -111.48344
v  884.07135 2938.8833 -139.96828
v  911.45984 2827.6304 -57.801075
v  718.04187 2952.5317 -126.31911
v  718.04175 2842.2314 -35.896702
v  552.01111 2938.8833 -139.96838
v  524.62244 2827.6304 -57.801125
v  409.45181 2903.6772 -175.17365
v  366.99216 2791.8428 -111.48354
v  300.2088 2858.6255 -220.22498
v  255.15747 2749.3796 -175.17361
v  1216.1315 2606.8264 -139.96814
v  1104.8792 2634.2163 -57.801044
v  936.24738 2659.0051 16.560038
v  718.04175 2669.6438 48.511417
v  499.83502 2659.0051 16.55999
v  331.20319 2634.2163 -57.801094
v  219.95201 2606.8264 -139.96834
v  1229.7794 2440.7917 -126.31893
v  1119.4818 2440.7917 -35.896446
v  946.89807 2440.7917 48.511551
v  718.04175 2440.7917 85.649963
v  489.18533 2440.7917 48.511551
v  316.60052 2440.7917 -35.896637
v  206.30322 2440.7917 -126.31903
v  1216.1315 2274.7583 -139.96794
v  1104.8792 2247.3777 -57.800884
v  936.24738 2222.5913 16.560204
v  718.04175 2211.9385 48.511589
v  499.83502 2222.5913 16.560204
v  331.20319 2247.3777 -57.80098
v  219.95201 2274.7583 -139.96817
v  1180.9261 2132.2026 -175.17209
v  1069.0914 2089.7493 -111.48324
v  911.45984 2053.9512 -57.800854
v  718.04175 2039.3531 -35.896381
v  524.62244 2053.9512 -57.800949
v  366.99216 2089.7493 -111.48333
v  255.15628 2132.2026 -175.17329
v  1135.8737 2022.9581 -220.2245
v  1026.6317 1977.9028 -175.17206
v  884.07135 1942.7013 -139.9679
v  718.04187 1929.0535 -126.31885
v  552.01111 1942.7013 -139.96803
v  409.45181 1977.9028 -175.17216
v  300.2088 2022.9581 -220.22475
v  300.20886 2858.6252 -1055.8898
v  255.15756 2903.677 -946.64795
v  409.45197 2903.677 -1100.9425
v  366.99234 2967.3674 -989.10754
v  219.95215 2938.8831 -804.08752
v  331.20444 3021.0498 -831.4762
v  206.30331 2952.5317 -638.05804
v  316.60065 3042.9546 -638.05804
v  219.95206 2938.8833 -472.02792
v  331.20441 3021.05 -444.63882
v  255.15747 2903.6772 -329.46811
v  366.99216 2967.3677 -287.00818
v  552.01251 2938.8831 -1136.1475
v  524.62256 3021.0498 -1024.8954
v  499.83511 3095.4094 -856.26343
v  489.18542 3127.3613 -638.05798
v  499.83505 3095.4097 -419.85178
v  524.62256 3021.05 -251.21996
v  718.04193 2952.5315 -1149.7955
v  718.04187 3042.9543 -1039.498
v  718.04187 3127.3611 -866.91449
v  718.04187 3164.4993 -638.05798
v  718.04187 3127.3613 -409.20129
v  718.04187 3042.9546 -236.6167
v  884.07153 2938.8831 -1136.1475
v  911.46002 3021.0498 -1024.8954
v  936.24744 3095.4094 -856.26343
v  946.89825 3127.3613 -638.05798
v  936.24738 3095.4097 -419.85162
v  911.4599 3021.05 -251.21985
v  1026.6321 2903.677 -1100.9423
v  1069.0916 2967.3674 -989.10754
v  1104.8793 3021.0498 -831.47601
v  1119.4819 3042.9546 -638.05786
v  1104.8793 3021.05 -444.6387
v  1069.0914 2967.3677 -287.008
v  1135.8738 2858.6252 -1055.8898
v  1180.9263 2903.677 -946.64783
v  1216.1315 2938.8831 -804.08734
v  1229.7797 2952.5295 -638.05786
v  1216.1315 2938.8833 -472.0278
v  1180.9261 2903.6772 -329.46783
v  191.46724 2791.8428 -287.00815
v  137.78487 2827.6304 -444.63885
v  115.88078 2842.2314 -638.05804
v  137.78491 2827.6301 -831.4762
v  191.46733 2791.8425 -989.10748
v  255.15761 2749.3794 -1100.9425
v  137.78482 2634.2163 -251.21989
v  63.423729 2659.0051 -419.85175
v  31.472731 2669.6438 -638.05792
v  63.423775 2659.0049 -856.26337
v  137.78491 2634.2161 -1024.8954
v  219.95221 2606.8262 -1136.1473
v  115.88078 2440.7917 -236.61661
v  31.472683 2440.7917 -409.20129
v  -5.6657791 2440.7917 -638.05792
v  31.472731 2440.7915 -866.91431
v  115.88078 2440.7915 -1039.4979
v  206.30345 2440.7915 -1149.7954
v  137.78482 2247.3777 -251.21973
v  63.423729 2222.5913 -419.85162
v  31.472731 2211.9385 -638.05786
v  63.423775 2222.5911 -856.26331
v  137.78505 2247.3774 -1024.8953
v  219.9523 2274.7551 -1136.1473
v  191.46724 2089.7493 -287.00784
v  137.78487 2053.9512 -444.63867
v  115.88078 2039.353 -638.05768
v  137.78505 2053.9509 -831.47583
v  191.46738 2089.749 -989.10742
v  255.15761 2132.2024 -1100.9421
v  255.15747 1977.9028 -329.46774
v  219.95206 1942.7012 -472.02762
v  206.30345 1929.0533 -638.05768
v  219.95215 1942.7012 -804.08716
v  255.15637 1977.9027 -946.64764
v  300.20886 2022.958 -1055.8896
v  366.99234 2791.8425 -1164.6323
v  524.62262 2827.6301 -1218.3148
v  718.04193 2842.2312 -1240.2181
v  911.46002 2827.6301 -1218.3147
v  1069.0916 2791.8425 -1164.6323
v  1180.9264 2749.3794 -1100.9423
v  331.2045 2634.2161 -1218.3148
v  499.83527 2659.0049 -1292.6759
v  718.04193 2669.6436 -1324.6261
v  936.24756 2659.0049 -1292.6759
v  1104.8794 2634.2161 -1218.3147
v  1216.1315 2606.8262 -1136.1473
v  316.60071 2440.7915 -1240.218
v  489.18552 2440.7915 -1324.626
v  718.04193 2440.7915 -1361.7643
v  946.89838 2440.7915 -1324.626
v  1119.4821 2440.7915 -1240.2178
v  1229.7797 2440.7915 -1149.7953
v  331.2045 2247.3774 -1218.3146
v  499.83527 2222.5911 -1292.6758
v  718.04193 2211.9382 -1324.626
v  936.24756 2222.5911 -1292.6758
v  1104.8794 2247.3774 -1218.3146
v  1216.1315 2274.7551 -1136.1473
v  366.99234 2089.749 -1164.6322
v  524.62262 2053.9509 -1218.3146
v  718.04193 2039.3529 -1240.2178
v  911.46002 2053.9509 -1218.3146
v  1069.0916 2089.749 -1164.632
v  1180.9264 2132.2024 -1100.942
v  409.45197 1977.9027 -1100.9421
v  552.01123 1942.701 -1136.1473
v  718.04193 1929.0532 -1149.7953
v  884.07153 1942.701 -1136.1473
v  1026.6321 1977.9027 -1100.942
v  1135.8738 2022.958 -1055.8895
v  1180.9263 1977.9027 -946.6474
v  1069.0916 1914.2167 -989.10718
v  1216.1315 1942.7012 -804.0871
v  1104.8793 1860.5389 -831.47559
v  1229.7797 1929.0533 -638.0575
v  1119.4819 1838.6298 -638.0575
v  1216.1315 1942.7012 -472.0274
v  1104.8793 1860.5389 -444.63831
v  1180.9261 1977.9028 -329.46741
v  1069.0914 1914.2168 -287.00766
v  911.46002 1860.5389 -1024.8949
v  936.24744 1786.1775 -856.26306
v  946.89825 1754.2202 -638.05756
v  936.24738 1786.1775 -419.85123
v  911.4599 1860.5391 -251.21956
v  718.04187 1838.6277 -1039.4976
v  718.04187 1754.2202 -866.91388
v  718.04187 1717.0808 -638.05756
v  718.04187 1754.2202 -409.20084
v  718.04187 1838.6299 -236.61627
v  524.62256 1860.5389 -1024.8949
v  499.83511 1786.1775 -856.26306
v  489.18542 1754.2202 -638.05756
v  499.83505 1786.1775 -419.85132
v  524.62256 1860.5391 -251.21956
v  366.99234 1914.2167 -989.10718
v  331.20328 1860.5389 -831.47583
v  316.60065 1838.6298 -638.05768
v  331.20319 1860.5389 -444.63846
v  366.99216 1914.2168 -287.00781
v  1244.6163 2791.8425 -989.1073
v  1298.2986 2827.6301 -831.47601
v  1320.2042 2842.2314 -638.05786
v  1298.2986 2827.6304 -444.63861
v  1244.6161 2791.8428 -287.00797
v  1298.2986 2634.2161 -1024.8951
v  1372.6562 2659.0049 -856.26337
v  1404.6123 2669.6438 -638.05768
v  1372.656 2659.0051 -419.85144
v  1298.2986 2634.2163 -251.21968
v  1320.2046 2440.7915 -1039.4977
v  1404.6124 2440.7915 -866.91425
v  1441.7517 2440.7917 -638.05768
v  1404.6123 2440.7917 -409.20096
v  1320.2042 2440.7917 -236.61636
v  1298.2986 2247.3774 -1024.895
v  1372.6562 2222.5911 -856.26312
v  1404.6123 2211.9385 -638.05762
v  1372.656 2222.5913 -419.85129
v  1298.2986 2247.3777 -251.21962
v  1244.6163 2089.749 -989.10724
v  1298.2986 2053.9509 -831.47559
v  1320.2042 2039.353 -638.0575
v  1298.2986 2053.9512 -444.63834
v  1244.6161 2089.7493 -287.00769
v  -1135.8737 2858.6255 -220.22488
v  -1180.9261 2749.3796 -175.17339
v  -1026.6317 2903.6772 -175.17241
v  -1069.0914 2791.8428 -111.48344
v  -884.07135 2938.8833 -139.96828
v  -911.45984 2827.6304 -57.801075
v  -718.04187 2952.5317 -126.31911
v  -718.04175 2842.2314 -35.896702
v  -552.01111 2938.8833 -139.96838
v  -524.62244 2827.6304 -57.801125
v  -409.45181 2903.6772 -175.17241
v  -366.99216 2791.8428 -111.48354
v  -300.2088 2858.6255 -220.22498
v  -255.15747 2749.3796 -175.17361
v  -1216.1315 2606.8264 -139.96814
v  -1104.8792 2634.2163 -57.801044
v  -936.24738 2659.0051 16.560038
v  -718.04175 2669.6438 48.511417
v  -499.83502 2659.0051 16.55999
v  -331.20319 2634.2163 -57.801094
v  -219.95201 2606.8264 -139.96834
v  -1229.7794 2440.7917 -126.31893
v  -1119.4818 2440.7917 -35.896446
v  -946.89807 2440.7917 48.511551
v  -718.04175 2440.7917 85.649963
v  -489.18533 2440.7917 48.511551
v  -316.60052 2440.7917 -35.896637
v  -206.30322 2440.7917 -126.31903
v  -1216.1315 2274.7583 -139.96794
v  -1104.8792 2247.3777 -57.800884
v  -936.24738 2222.5913 16.560204
v  -718.04175 2211.9385 48.511589
v  -499.83502 2222.5913 16.560204
v  -331.20319 2247.3777 -57.80098
v  -219.95201 2274.7583 -139.96817
v  -1180.9261 2132.2026 -175.17209
v  -1069.0914 2089.7493 -111.48324
v  -911.45984 2053.9512 -57.800854
v  -718.04175 2039.3531 -35.896381
v  -524.62244 2053.9512 -57.800949
v  -366.99216 2089.7493 -111.48333
v  -255.15747 2132.2026 -175.17329
v  -1135.8737 2022.9581 -220.2245
v  -1026.6317 1977.9028 -175.17206
v  -884.07135 1942.7013 -139.9679
v  -718.04187 1929.0535 -126.31885
v  -552.01111 1942.7013 -139.96803
v  -409.45181 1977.9028 -175.17216
v  -300.2088 2022.9581 -220.22475
v  -300.20886 2858.6252 -1055.8898
v  -409.45197 2903.677 -1100.9425
v  -255.15756 2903.677 -946.64795
v  -366.99234 2967.3674 -989.10754
v  -219.95215 2938.8831 -804.08752
v  -331.20444 3021.0498 -831.4762
v  -206.30331 2952.5317 -638.05804
v  -316.60065 3042.9546 -638.05804
v  -219.95206 2938.8833 -472.02792
v  -331.20441 3021.05 -444.63882
v  -255.15747 2903.6772 -329.4679
v  -366.99216 2967.3677 -287.00818
v  -552.01251 2938.8831 -1136.1475
v  -524.62256 3021.0498 -1024.8954
v  -499.83511 3095.4094 -856.26343
v  -489.18542 3127.3613 -638.05798
v  -499.83505 3095.4097 -419.85178
v  -524.62256 3021.05 -251.21996
v  -718.04193 2952.5315 -1149.7955
v  -718.04187 3042.9543 -1039.498
v  -718.04187 3127.3611 -866.91449
v  -718.04187 3164.4993 -638.05798
v  -718.04187 3127.3613 -409.20129
v  -718.04187 3042.9546 -236.6167
v  -884.07153 2938.8831 -1136.1475
v  -911.46002 3021.0498 -1024.8954
v  -936.24744 3095.4094 -856.26343
v  -946.89825 3127.3613 -638.05798
v  -936.24738 3095.4097 -419.85162
v  -911.4599 3021.05 -251.21985
v  -1026.6321 2903.677 -1100.9423
v  -1069.0916 2967.3674 -989.10754
v  -1104.8793 3021.0498 -831.47601
v  -1119.4819 3042.9546 -638.05786
v  -1104.8793 3021.05 -444.6387
v  -1069.0914 2967.3677 -287.008
v  -1135.8738 2858.6252 -1055.8898
v  -1180.9263 2903.677 -946.64783
v  -1216.1315 2938.8831 -804.08734
v  -1229.7797 2952.5317 -638.05786
v  -1216.1315 2938.8833 -472.0278
v  -1180.9261 2903.6772 -329.46783
v  -191.46724 2791.8428 -287.00815
v  -137.78487 2827.6304 -444.63885
v  -115.88078 2842.2314 -638.05804
v  -137.78491 2827.6301 -831.4762
v  -191.46733 2791.8425 -989.10748
v  -255.15761 2749.3794 -1100.9425
v  -137.78482 2634.2163 -251.21989
v  -63.423729 2659.0051 -419.85175
v  -31.472731 2669.6438 -638.05792
v  -63.423775 2659.0049 -856.26337
v  -137.78491 2634.2161 -1024.8954
v  -219.95221 2606.8262 -1136.1473
v  -115.88078 2440.7917 -236.61661
v  -31.472683 2440.7917 -409.20129
v  5.6657791 2440.7917 -638.05792
v  -31.472731 2440.7915 -866.91431
v  -115.88078 2440.7915 -1039.4979
v  -206.30345 2440.7915 -1149.7954
v  -137.78482 2247.3777 -251.21973
v  -63.423729 2222.5913 -419.85162
v  -31.472731 2211.9385 -638.05786
v  -63.423775 2222.5911 -856.26331
v  -137.78505 2247.3774 -1024.8953
v  -219.9523 2274.7551 -1136.1473
v  -191.46724 2089.7493 -287.00784
v  -137.78487 2053.9512 -444.63867
v  -115.88078 2039.353 -638.05768
v  -137.78505 2053.9509 -831.47583
v  -191.46738 2089.749 -989.10742
v  -255.15761 2132.2024 -1100.9421
v  -255.15747 1977.9028 -329.46774
v  -219.95206 1942.7012 -472.02762
v  -206.30331 1929.0533 -638.05768
v  -219.95215 1942.7012 -804.08716
v  -255.15637 1977.9027 -946.64764
v  -300.20886 2022.958 -1055.8896
v  -366.99234 2791.8425 -1164.6323
v  -524.62262 2827.6301 -1218.3148
v  -718.04193 2842.2312 -1240.2181
v  -911.46002 2827.6301 -1218.3147
v  -1069.0916 2791.8425 -1164.6323
v  -1180.9264 2749.3794 -1100.9423
v  -331.2045 2634.2161 -1218.3148
v  -499.83527 2659.0049 -1292.6759
v  -718.04193 2669.6436 -1324.6261
v  -936.24756 2659.0049 -1292.6759
v  -1104.8794 2634.2161 -1218.3147
v  -1216.1315 2606.8262 -1136.1473
v  -316.60071 2440.7915 -1240.218
v  -489.18552 2440.7915 -1324.626
v  -718.04193 2440.7915 -1361.7643
v  -946.89838 2440.7915 -1324.626
v  -1119.4821 2440.7915 -1240.2178
v  -1229.7797 2440.7915 -1149.7953
v  -331.2045 2247.3774 -1218.3146
v  -499.83527 2222.5911 -1292.6758
v  -718.04193 2211.9382 -1324.626
v  -936.24756 2222.5911 -1292.6758
v  -1104.8794 2247.3774 -1218.3146
v  -1216.1315 2274.7551 -1136.1473
v  -366.99234 2089.749 -1164.6322
v  -524.62262 2053.9509 -1218.3146
v  -718.04193 2039.3529 -1240.2178
v  -911.46002 2053.9509 -1218.3146
v  -1069.0916 2089.749 -1164.632
v  -1180.9264 2132.2024 -1100.942
v  -409.45197 1977.9027 -1100.9421
v  -552.01251 1942.701 -1136.1473
v  -718.04193 1929.0532 -1149.7953
v  -884.07153 1942.701 -1136.1473
v  -1026.6321 1977.9027 -1100.942
v  -1135.8738 2022.958 -1055.8895
v  -1180.9263 1977.9027 -946.6474
v  -1069.0916 1914.2167 -989.10718
v  -1216.1315 1942.7012 -804.0871
v  -1104.8793 1860.5389 -831.47559
v  -1229.7797 1929.0533 -638.0575
v  -1119.4819 1838.6298 -638.0575
v  -1216.1315 1942.7012 -472.0274
v  -1104.8793 1860.5389 -444.63831
v  -1180.9261 1977.9028 -329.46741
v  -1069.0914 1914.2168 -287.00766
v  -911.46002 1860.5389 -1024.8949
v  -936.24744 1786.1775 -856.26306
v  -946.89825 1754.2202 -638.05756
v  -936.24738 1786.1775 -419.85123
v  -911.4599 1860.5391 -251.21956
v  -718.04187 1838.6277 -1039.4976
v  -718.04187 1754.2202 -866.91388
v  -718.04187 1717.0808 -638.05756
v  -718.04187 1754.2202 -409.20084
v  -718.04187 1838.6299 -236.61627
v  -524.62256 1860.5389 -1024.8949
v  -499.83511 1786.1775 -856.26306
v  -489.18542 1754.2202 -638.05756
v  -499.83505 1786.1775 -419.85132
v  -524.62256 1860.5391 -251.21956
v  -366.99234 1914.2167 -989.10718
v  -331.20328 1860.5389 -831.47583
v  -316.60065 1838.6298 -638.05768
v  -331.20319 1860.5389 -444.63846
v  -366.99216 1914.2168 -287.00781
v  -1244.6163 2791.8425 -989.1073
v  -1298.2986 2827.6301 -831.47601
v  -1320.2042 2842.2314 -638.05786
v  -1298.2986 2827.6304 -444.63861
v  -1244.6161 2791.8428 -287.00797
v  -1298.2986 2634.2161 -1024.8951
v  -1372.6562 2659.0049 -856.26337
v  -1404.6123 2669.6438 -638.05768
v  -1372.656 2659.0051 -419.85144
v  -1298.2986 2634.2163 -251.21968
v  -1320.2046 2440.7915 -1039.4977
v  -1404.6124 2440.7915 -866.91425
v  -1441.7517 2440.7917 -638.05768
v  -1404.6123 2440.7917 -409.20096
v  -1320.2042 2440.7917 -236.61636
v  -1298.2986 2247.3774 -1024.895
v  -1372.6562 2222.5911 -856.26312
v  -1404.6123 2211.9385 -638.05762
v  -1372.656 2222.5913 -419.85129
v  -1298.2986 2247.3777 -251.21962
v  -1244.6163 2089.749 -989.10724
v  -1298.2986 2053.9509 -831.47559
v  -1320.2042 2039.353 -638.0575
v  -1298.2986 2053.9512 -444.63834
v  -1244.6161 2089.7493 -287.00769

# 0 UV coordinates

# 9424 vertex normals
vn -72.404411 -66.109978 -19.674089
vn -67.011276 -72.530922 -15.771947
vn -72.404259 -66.110039 -19.674456
vn 67.01252 -72.531166 -15.765521
vn 72.403755 -66.110397 -19.675127
vn 72.403824 -66.110367 -19.674994
vn -81.09977 -51.179829 -28.345243
vn -72.405434 -66.108696 -19.674734
vn -81.099716 -51.180271 -28.344585
vn -72.405373 -66.108917 -19.674175
vn 72.404793 -66.109039 -19.675892
vn 81.099785 -51.179924 -28.345036
vn 81.100586 -51.17812 -28.346018
vn 72.405647 -66.10791 -19.676487
vn -59.748589 -70.753105 -37.737328
vn -55.212879 -76.511459 -33.129097
vn -59.748314 -70.753647 -37.73674
vn -55.215061 -76.510208 -33.128307
vn 55.212944 -76.511444 -33.128994
vn 59.747719 -70.755318 -37.734539
vn 59.748043 -70.753502 -37.737461
vn 55.214397 -76.510605 -33.128487
vn -51.84877 -80.127792 -29.853691
vn -51.849056 -80.127686 -29.853479
vn -48.72221 -84.085701 -23.574171
vn 53.562851 -80.34539 -25.993095
vn 53.563618 -80.344215 -25.99514
vn 51.251366 -85.155197 -11.040331
vn 51.251976 -85.155075 -11.038444
vn 50.203426 -86.309616 -5.5013595
vn 51.250786 -85.155968 -11.037113
vn 51.250839 -85.155937 -11.037099
vn -67.555229 -57.34404 -46.346031
vn -59.748276 -70.754097 -37.735939
vn -67.555183 -57.343826 -46.346363
vn -59.747704 -70.755348 -37.734489
vn 67.555931 -57.342716 -46.346615
vn 59.748276 -70.754402 -37.735374
vn 59.748566 -70.753067 -37.737431
vn 67.555603 -57.342323 -46.347588
vn -84.644035 -36.051006 -39.188145
vn -84.644157 -36.052666 -39.186375
vn -81.099541 -51.180439 -28.344797
vn -81.098854 -51.181435 -28.344978
vn 84.644806 -36.050518 -39.18697
vn 84.643974 -36.053326 -39.186169
vn 81.10041 -51.178341 -28.346119
vn 81.099907 -51.17923 -28.345938
vn 41.834427 -78.913818 -44.972069
vn 46.397572 -72.349419 -51.115807
vn 46.397652 -72.34938 -51.115776
vn -59.288227 -68.771873 -41.896721
vn -51.847504 -80.129692 -29.850792
vn -59.286797 -68.773857 -41.895481
vn -51.847244 -80.129974 -29.850523
vn 59.990589 -68.675415 -41.04649
vn 53.563046 -80.344978 -25.99395
vn 53.563381 -80.345474 -25.991713
vn 59.991562 -68.673492 -41.048336
vn -73.179855 -40.133465 -55.081879
vn -67.555733 -57.342644 -46.347004
vn -73.18132 -40.130356 -55.082207
vn -67.555756 -57.343121 -46.346363
vn 73.18042 -40.132576 -55.081787
vn 67.554222 -57.34539 -46.345791
vn 67.555878 -57.342125 -46.34742
vn 73.180702 -40.130901 -55.082623
vn -66.760292 -54.192265 -51.051548
vn -66.759666 -54.194244 -51.050262
vn -59.28722 -68.772552 -41.897026
vn -59.28653 -68.773438 -41.896572
vn 67.026154 -54.410561 -50.467686
vn 59.991241 -68.674232 -41.047543
vn 67.027573 -54.408207 -50.468319
vn 59.991413 -68.673759 -41.048077
vn 37.087711 70.229416 60.764557
vn 3.1407788 72.228027 69.088684
vn 37.091049 70.228401 60.763683
vn 3.1428223 72.229149 69.087418
vn -84.643967 -36.0509 -39.188404
vn -83.015076 -17.393084 -52.971485
vn -83.014717 -17.394686 -52.971519
vn -84.643814 -36.052284 -39.187431
vn 46.397758 -72.348541 -51.116909
vn 52.643162 -61.286957 -58.928829
vn 52.642967 -61.286358 -58.929634
vn 46.397758 -72.34848 -51.116997
vn -5.538259 94.958015 30.859444
vn 31.415188 91.104477 26.70322
vn 31.413391 91.105179 26.702925
vn -5.5384369 94.957733 30.860256
vn 83.015312 -17.393209 -52.971073
vn 84.644218 -36.052174 -39.186722
vn 84.644272 -36.050858 -39.187794
vn 83.01487 -17.39489 -52.971218
vn 47.899323 81.664909 32.194702
vn 3.9282184 80.126984 59.701206
vn 47.900021 81.664444 32.194809
vn 3.9293261 80.12706 59.70105
vn -50.970119 -63.519444 -58.028664
vn -52.643524 -61.284695 -58.93084
vn -50.971977 -63.517315 -58.029373
vn -52.643341 -61.285011 -58.930679
vn -50.971584 -63.519043 -58.027805
vn -50.411724 -62.236649 -59.877014
vn -50.971611 -63.519028 -58.027794
vn 40.234512 71.794273 56.804626
vn 3.9260759 72.208351 69.069077
vn 40.237404 71.793083 56.804085
vn 3.9240942 72.209549 69.067955
vn -39.34166 -61.370831 -68.453323
vn -32.263489 -64.525917 -69.249367
vn -39.340294 -61.373501 -68.451698
vn -32.263477 -64.527328 -69.248039
vn 30.669754 -58.976662 -74.706879
vn 38.648109 -60.734135 -69.409569
vn 30.668753 -58.977573 -74.706589
vn 38.649654 -60.732067 -69.410538
vn -48.760242 76.282005 42.467579
vn -3.1461179 92.85614 36.984322
vn -48.759426 76.282524 42.467602
vn -3.1481504 92.855003 36.987011
vn -21.269066 85.079971 48.052322
vn -10.255961 89.129189 44.167908
vn -21.268833 85.079727 48.052856
vn -40.873585 89.611801 17.293797
vn -5.5323343 97.182114 22.913519
vn -40.875935 89.610863 17.293053
vn -5.5320473 97.182167 22.913357
vn -5.5319982 97.182442 22.912189
vn 13.409983 96.229927 23.663797
vn -5.5305324 97.182556 22.912115
vn 13.408682 96.230522 23.662079
vn 29.06472 95.048996 10.996764
vn -5.5288196 97.182373 22.913279
vn 29.066286 95.048454 10.997354
vn -5.5303869 97.18248 22.912462
vn -7.0972042 83.596214 54.417847
vn -7.0978613 83.596352 54.417542
vn -7.0967636 83.596123 54.418037
vn -7.0966048 83.596199 54.417946
vn 68.59549 36.267868 63.08168
vn 68.601318 36.271088 63.073502
vn 68.599487 36.269947 63.076157
vn 68.594894 36.269329 63.081497
vn -13.365709 61.333549 77.843132
vn -15.780923 76.564255 62.36087
vn -13.365338 61.333813 77.842987
vn -28.303411 58.170979 76.256508
vn 3.1393952 72.227226 69.089592
vn -28.303368 58.170883 76.256599
vn 3.1402423 72.228127 69.088615
vn 55.19318 81.21357 18.922686
vn 31.414253 91.104828 26.703089
vn 31.416548 91.104477 26.701582
vn 55.192715 81.213715 18.923454
vn 0.0014103949 92.23764 38.62923
vn 6.2914791 98.291519 17.297239
vn 0.00160411 98.48632 17.333267
vn -0.0033963472 98.486282 17.333542
vn -6.2931075 98.291405 17.297304
vn -0.0033691525 92.237633 38.62925
vn 23.581242 95.899864 15.720675
vn 12.638696 94.027557 31.608257
vn 12.636304 94.028465 31.606516
vn 23.583025 95.89933 15.721215
vn -52.644913 -61.284435 -58.92989
vn -56.05653 -54.474766 -62.371181
vn -52.64296 -61.287338 -58.928623
vn -56.05407 -54.477821 -62.370735
vn 56.05426 -54.47731 -62.371021
vn 52.643085 -61.286713 -58.929157
vn 52.644039 -61.285336 -58.929741
vn 56.054657 -54.476917 -62.370991
vn 6.3132167 56.807705 82.055038
vn 6.3135176 56.807461 82.055183
vn 15.753046 65.368652 74.018799
vn 1.5728563 99.975235 1.5744165
vn 37.913044 92.412933 4.7381873
vn 1.5731785 99.97525 1.5730575
vn 37.910973 92.413536 4.7430072
vn -0.0012706034 98.486122 17.334438
vn 0.001260452 96.583885 -25.91433
vn -6.2920918 98.290825 17.301023
vn 14.97985 95.388229 -26.013241
vn 6.2918916 98.29081 17.301098
vn -0.0015594065 96.583862 -25.914375
vn 0.0010591 98.48613 17.334455
vn -15.011217 95.581017 -25.277136
vn 23.610487 45.645763 85.784676
vn 32.271164 68.484589 65.333252
vn 23.608376 45.646503 85.784866
vn -39.340813 -61.372154 -68.452621
vn -50.532131 -48.954971 -71.062744
vn -39.340191 -61.372231 -68.452896
vn -50.533463 -48.953659 -71.062706
vn 59.782619 58.994228 54.274483
vn 40.237133 71.793198 56.804127
vn 59.779591 58.995296 54.276653
vn 40.237686 71.794205 56.802471
vn -5.5331182 97.182503 22.911663
vn -28.356066 90.573853 31.500969
vn -5.5330458 97.18161 22.915491
vn -28.353783 90.573456 31.504145
vn -3.1456687 92.855194 36.986721
vn 26.0144 93.811989 22.859545
vn -3.1475096 92.856346 36.9837
vn 26.014412 93.811211 22.862831
vn -21.2687 85.079483 48.053352
vn -45.593163 72.316879 51.879978
vn -21.268459 85.079712 48.053055
vn -45.590637 72.318703 51.87965
vn 38.649143 -60.732037 -69.410828
vn 49.661263 -48.87001 -71.73201
vn 38.648563 -60.734074 -69.409378
vn 49.660538 -48.871208 -71.731689
vn 24.397982 56.662964 78.702278
vn 11.831117 62.318878 77.307068
vn -10.987977 67.484016 72.973793
vn -32.263401 -64.526886 -69.248489
vn -32.185726 -61.228443 -72.216042
vn -32.263325 -64.526909 -69.248505
vn 38.581482 88.970207 24.408474
vn 11.062929 98.768578 11.06257
vn 38.582436 88.969879 24.408167
vn 11.060219 98.769112 11.060492
vn -11.840197 98.679443 11.05337
vn 25.219393 94.573135 -20.491568
vn 25.218639 94.573685 -20.48995
vn -11.838068 98.679756 11.052931
vn -5.5395541 94.957809 30.859804
vn -29.935595 90.596466 29.935616
vn -5.5388017 94.957184 30.861866
vn -29.936058 90.596054 29.936415
vn -11.837732 98.679649 11.054187
vn -38.505447 88.797585 25.145971
vn -38.504261 88.798264 25.145447
vn -11.836711 98.679985 11.052301
vn 11.062518 98.768829 11.060691
vn -25.9559 94.382927 -20.448826
vn 11.063653 98.768501 11.062445
vn -25.955046 94.382828 -20.450378
vn 37.087143 70.230515 60.763634
vn 37.087105 70.232162 60.761745
vn 54.960163 63.596439 54.174473
vn -23.608652 96.015976 14.952067
vn -36.973469 86.536926 33.827847
vn -23.610224 96.015511 14.952493
vn -36.972794 86.537483 33.827152
vn 23.610905 96.014946 14.955066
vn 36.973282 86.536873 33.828197
vn 36.9743 86.536461 33.828117
vn 23.608723 96.015808 14.953041
vn 52.65855 84.881363 4.7150464
vn 29.063618 95.049232 10.99765
vn 52.656776 84.882462 4.7150536
vn 29.064318 95.049194 10.996107
vn -39.359619 -62.188477 -67.700935
vn -40.980919 -58.317135 -70.140404
vn -39.360703 -62.188286 -67.700462
vn -40.980537 -58.319347 -70.138802
vn -38.01754 -62.570042 -68.115028
vn -39.361179 -62.189972 -67.698639
vn -38.01725 -62.569683 -68.115517
vn -39.359676 -62.188015 -67.701302
vn -38.017456 -62.570732 -68.114441
vn -37.841751 -63.857288 -67.009338
vn -38.017555 -62.570709 -68.11441
vn -74.727318 -18.878563 -63.713654
vn -73.180473 -40.131924 -55.082195
vn -74.726311 -18.876785 -63.715347
vn -73.180458 -40.133301 -55.081211
vn 73.180405 -40.132492 -55.081871
vn 74.72715 -18.878334 -63.713909
vn 74.726654 -18.877682 -63.71468
vn 73.180595 -40.130604 -55.082993
vn 40.233597 -62.323479 -67.05999
vn 40.234943 -62.324135 -67.058571
vn 41.862122 -58.450996 -69.505707
vn 41.862564 -58.447639 -69.50827
vn 39.375248 -62.998337 -66.938782
vn 39.375053 -62.999565 -66.937744
vn 40.235928 -62.325275 -67.056923
vn 40.23476 -62.323772 -67.059021
vn 39.374439 -63.001965 -66.935837
vn 39.383541 -63.804127 -66.166229
vn 39.374565 -63.001949 -66.935783
vn -23.60828 96.015991 14.952503
vn -18.094856 94.414856 -27.539242
vn -23.611275 96.014977 14.954258
vn -18.096676 94.4151 -27.537218
vn 18.095701 94.414467 -27.540043
vn 23.60952 96.01548 14.953899
vn 23.609005 96.016037 14.951032
vn 18.096334 94.41497 -27.537907
vn 3.9464877 89.214333 45.002556
vn -2.3567691 93.509262 35.361881
vn 3.9494083 89.214462 45.001995
vn -2.3570642 93.509346 35.361649
vn -13.41584 98.64267 9.4677649
vn -2.3579807 93.510117 35.359581
vn -13.41416 98.642685 9.4701233
vn -2.3572695 93.50901 35.362545
vn -5.4992356 88.830559 45.594833
vn 0.78482133 93.53228 35.370846
vn -5.5009251 88.830894 45.593998
vn 0.78568047 93.533722 35.367031
vn 0.78321433 93.532349 35.37072
vn 11.776816 98.92791 8.6356668
vn 0.78274661 93.53215 35.371265
vn 11.779028 98.92775 8.6344366
vn 3.929235 80.12693 59.701221
vn 3.9293542 80.126846 59.701336
vn -24.420773 67.768501 69.361778
vn 1.5730649 99.975273 1.571798
vn -35.537384 90.819077 -22.113121
vn 1.536417 99.968132 2.00316
vn -35.538654 90.819237 -22.110458
vn 23.583115 95.899147 15.72223
vn 35.286289 90.95578 -21.952732
vn 23.581095 95.899841 15.721027
vn 35.28384 90.956352 -21.954365
vn -56.055061 -54.47747 -62.370148
vn -63.005829 -46.466774 -62.218204
vn -56.055115 -54.475128 -62.372139
vn -63.005806 -46.466217 -62.218639
vn 63.005745 -46.466778 -62.218296
vn 56.055008 -54.477558 -62.37011
vn 56.056015 -54.475319 -62.371193
vn 63.005672 -46.466843 -62.218311
vn 41.071823 48.180828 77.406151
vn 11.833275 62.317894 77.307533
vn 24.398798 56.664955 78.700592
vn -42.519768 84.251663 33.071537
vn -36.971382 86.537415 33.828873
vn -42.519222 84.252022 33.071358
vn -36.971306 86.537285 33.8293
vn 36.972748 86.536949 33.828575
vn 42.517014 84.252991 33.071701
vn 42.520523 84.251335 33.071415
vn 36.971848 86.537338 33.828575
vn -22.122078 63.206272 74.26696
vn -22.122402 63.20533 74.267662
vn 3.9262929 72.208755 69.068665
vn 3.9229348 72.209 69.068596
vn -65.113869 75.309853 9.413249
vn -40.874905 89.61113 17.294123
vn -65.111313 75.311836 9.414978
vn -40.873917 89.611671 17.293678
vn -13.415453 98.642715 9.4676991
vn -27.562061 91.350311 -29.924152
vn -13.416022 98.642418 9.4701414
vn -27.561934 91.350151 -29.92473
vn 11.774845 98.928009 8.6372099
vn 25.910286 91.861404 -29.835201
vn 11.773911 98.928146 8.6368313
vn 25.910955 91.861343 -29.834805
vn -24.397753 -56.664471 -78.701271
vn -20.423801 -57.344658 -79.337616
vn -24.397694 -56.664215 -78.701469
vn -20.424126 -57.342117 -79.339386
vn 24.439672 -57.546764 -78.045311
vn 20.424191 -57.344769 -79.337433
vn 24.439526 -57.546852 -78.045311
vn 20.424274 -57.342022 -79.339401
vn -72.945297 61.181705 30.590569
vn -48.758266 76.283211 42.46767
vn -72.946724 61.180344 30.589874
vn -48.757034 76.284645 42.466526
vn -50.532021 -48.95586 -71.062218
vn -59.24527 -34.759319 -72.675903
vn -50.533508 -48.954082 -71.062393
vn -59.246231 -34.757576 -72.675949
vn -1.5773933 38.624332 92.226204
vn 10.247133 55.178913 82.766441
vn -1.5776187 38.624577 92.226105
vn 10.246166 55.177872 82.767265
vn 49.661686 -48.870541 -71.731354
vn 49.660984 -48.870827 -71.731651
vn 58.907093 -34.559303 -73.04525
vn 58.907604 -34.559181 -73.044891
vn -18.06193 32.979103 92.661446
vn 6.3124018 56.806686 82.055794
vn -18.061239 32.979767 92.661362
vn 6.3117361 56.808083 82.054878
vn 71.554581 68.408028 14.152204
vn 71.552917 68.409424 14.153839
vn 47.901543 81.663803 32.194202
vn 47.899578 81.664261 32.195969
vn -45.590412 72.318329 51.880379
vn -45.592838 72.317276 51.879692
vn -65.937737 57.302547 48.668606
vn -65.938858 57.301941 48.667805
vn 77.998886 61.453094 11.819059
vn 55.192097 81.21402 18.923948
vn 55.195354 81.211945 18.923313
vn 77.997406 61.455273 11.817655
vn -40.980804 -58.317886 -70.139854
vn -43.333084 -46.48328 -77.211052
vn -40.980553 -58.318794 -70.139244
vn -43.333012 -46.485298 -77.209885
vn 41.862602 -58.450554 -69.505783
vn 44.235481 -46.60709 -76.622459
vn 41.862301 -58.449757 -69.506653
vn 44.235874 -46.604939 -76.623535
vn -17.387085 31.614813 93.264099
vn -13.368752 61.330051 77.845367
vn -17.387625 31.614532 93.264091
vn -13.368058 61.333633 77.842667
vn 30.668793 -58.978752 -74.705643
vn 22.07304 -52.822826 -81.991035
vn 30.669054 -58.977551 -74.70649
vn 22.075098 -52.821373 -81.991417
vn 74.090096 66.994682 -4.7298636
vn 52.656979 84.882347 4.7150054
vn 52.65699 84.882332 4.715167
vn 24.396149 56.664341 78.701843
vn 56.509007 35.317688 74.561333
vn 41.070423 48.181915 77.406227
vn 56.507885 35.317997 74.562042
vn 75.456085 36.94445 54.235462
vn 59.782089 58.99432 54.27499
vn 75.457886 36.942608 54.234192
vn 59.780563 58.994785 54.276138
vn -20.423361 -57.342762 -79.339104
vn -19.625532 -47.8862 -85.567238
vn -20.422571 -57.341896 -79.339935
vn -19.625319 -47.887417 -85.566597
vn 20.422821 -57.342117 -79.339714
vn 19.625862 -47.886547 -85.566956
vn 20.423683 -57.343048 -79.338821
vn 19.625362 -47.887989 -85.566284
vn 0.0048062415 -60.126579 -79.904907
vn 0.79015738 -63.236504 -77.46302
vn 0.79032725 -63.236485 -77.463043
vn -62.323952 67.058151 40.235947
vn -62.325294 67.058479 40.233295
vn -61.255825 69.895958 36.909073
vn -61.254822 69.894814 36.912899
vn 3.1570315 -48.138584 -87.594009
vn 3.1568131 -48.136909 -87.594925
vn 7.8710399 -48.012001 -87.36644
vn 7.871253 -48.014038 -87.365311
vn 61.59272 69.489861 37.11459
vn 61.593563 69.488754 37.115322
vn 62.324493 67.05838 40.234688
vn 62.324684 67.057159 40.236458
vn -61.60791 73.457336 28.43388
vn -67.537811 73.037064 -10.209279
vn -61.607998 73.457657 28.432852
vn -67.5392 73.035431 -10.211852
vn -61.256355 69.894714 36.910557
vn -71.148666 67.196854 20.553593
vn -61.256622 69.894234 36.911018
vn -71.149384 67.196396 20.552597
vn -72.605644 -36.303017 -58.399586
vn -63.005646 -46.466274 -62.218754
vn -63.005756 -46.468018 -62.217354
vn -72.605392 -36.30407 -58.399246
vn 70.259949 67.891518 21.313898
vn 61.594318 69.489586 37.112503
vn 61.593021 69.489914 37.114044
vn 70.259796 67.890839 21.316526
vn 63.006306 -46.466274 -62.218105
vn 72.605392 -36.303925 -58.399338
vn 72.605644 -36.302864 -58.39967
vn 63.005768 -46.467892 -62.217426
vn 68.348839 72.278053 -10.213664
vn 62.453724 72.729652 28.459267
vn 62.453564 72.730492 28.457535
vn 68.350113 72.276787 -10.214117
vn 2.3611875 -60.612232 -79.502098
vn 3.9404421 -49.661926 -86.707359
vn 2.3612716 -60.611736 -79.502464
vn 3.9418073 -49.662029 -86.707245
vn 2.361762 -60.609726 -79.50399
vn 0.79051685 -63.235901 -77.463501
vn 2.3618124 -60.611225 -79.502846
vn 0.78991586 -63.233978 -77.465088
vn -2.3614259 -60.612194 -79.502113
vn -3.9417088 -49.658348 -86.709358
vn -2.3612027 -60.612667 -79.501762
vn -3.9415579 -49.658295 -86.709396
vn -0.78818405 -61.500336 -78.848518
vn -2.3617442 -60.609703 -79.503998
vn -2.3615038 -60.611145 -79.502914
vn -0.78847224 -61.500305 -78.848534
vn -1.5744467 -47.217503 -88.136429
vn -7.0880876 -48.039864 -87.418137
vn -1.5739299 -47.218056 -88.136131
vn -7.087604 -48.041679 -87.417175
vn -0.78758842 -60.63139 -79.518639
vn -0.78497857 -58.863209 -80.836296
vn -0.78487599 -58.863209 -80.836304
vn -0.784715 -58.86134 -80.837662
vn -0.78876483 -61.501823 -78.847343
vn -0.78466797 -58.861435 -80.837585
vn -0.78910404 -61.502998 -78.84642
vn -65.113907 75.309631 9.414772
vn -82.055679 56.80687 -6.3123293
vn -65.114044 75.309677 9.4134779
vn 52.659138 84.881035 4.7140894
vn 74.090408 66.994415 -4.728415
vn 74.090332 66.994484 -4.7289219
vn 25.22097 94.572601 -20.492132
vn 40.727703 73.625854 -54.041546
vn 25.221222 94.572739 -20.491203
vn 40.729774 73.624458 -54.041874
vn -25.956577 94.382385 -20.450495
vn -40.073116 73.857567 -54.214436
vn -25.954163 94.382973 -20.450829
vn -40.072586 73.857094 -54.215473
vn -59.884792 73.280083 32.308544
vn -61.60981 73.45507 28.435617
vn -59.885448 73.281181 32.304848
vn -61.609173 73.456787 28.432558
vn 62.452858 72.730637 28.458643
vn 60.735176 72.563599 32.338253
vn 60.734688 72.563698 32.338943
vn 62.452114 72.730309 28.461123
vn -29.852312 -51.84779 -80.128937
vn -24.398062 -56.664097 -78.701431
vn -29.850765 -51.848743 -80.128883
vn -24.394896 -56.664883 -78.701843
vn -29.852587 -51.847385 -80.129112
vn -29.85257 -51.847374 -80.129128
vn -32.361664 -49.720982 -80.501854
vn 30.040678 -52.176422 -79.844711
vn 24.437943 -57.549141 -78.044106
vn 30.040762 -52.176098 -79.844894
vn 24.436878 -57.54681 -78.046173
vn 32.35939 -49.721783 -80.502266
vn 30.042267 -52.174042 -79.84568
vn 30.042294 -52.174068 -79.845657
vn 22.072735 -52.821003 -81.992279
vn 15.747406 -52.761349 -83.476089
vn 22.072701 -52.821281 -81.992104
vn -84.231316 53.529366 -6.300209
vn -71.149757 67.1959 20.552904
vn -71.149681 67.196007 20.55283
vn 70.259636 67.891464 21.315075
vn 81.758324 57.387386 -4.7185459
vn 70.259567 67.891541 21.315031
vn -35.535892 90.819336 -22.114483
vn -33.200562 72.723869 -60.074635
vn -35.536598 90.819046 -22.114498
vn -33.200352 72.722221 -60.076736
vn 35.285427 90.955368 -21.955864
vn 33.901455 72.530754 -59.916473
vn 35.284904 90.955215 -21.957335
vn 33.901302 72.53138 -59.915787
vn -61.339813 76.284721 20.446712
vn -59.885681 73.280716 32.305462
vn -61.341049 76.28363 20.4471
vn -59.884983 73.280731 32.306747
vn -34.539379 81.624809 -46.307907
vn -14.925246 85.607742 -49.482853
vn -14.920506 85.608376 -49.4832
vn -38.446365 30.599825 87.094925
vn 0.79105365 48.15884 87.636185
vn -38.447891 30.60099 87.093849
vn 0.78944862 48.158764 87.63623
vn -59.245403 -34.758873 -72.676003
vn -66.209801 -18.917017 -72.514893
vn -59.246159 -34.758369 -72.675659
vn -66.209869 -18.914623 -72.515472
vn -82.055977 56.806492 -6.3117647
vn -65.112228 75.311081 9.4148455
vn -82.055679 56.806828 -6.3126216
vn 60.733974 72.564095 32.339401
vn 62.297798 75.698692 19.715254
vn 62.295097 75.701309 19.713789
vn 60.734528 72.563728 32.339199
vn -90.591087 40.173557 13.391771
vn -72.946648 61.180256 30.590248
vn -90.589943 40.176361 13.391098
vn -72.944534 61.182346 30.591066
vn -83.381744 41.691383 36.184456
vn -65.936783 57.304031 48.668133
vn -83.381874 41.691341 36.184174
vn -65.937317 57.302898 48.668766
vn 0.78962672 48.160164 87.63546
vn 44.071548 41.70784 79.486824
vn 0.78902394 48.158504 87.636383
vn 44.06963 41.711472 79.485985
vn -21.243595 74.746185 -62.942177
vn -18.096859 94.414841 -27.537985
vn -18.097158 94.415123 -27.536842
vn -21.243845 74.746735 -62.941437
vn 18.096369 94.414581 -27.539217
vn 21.244135 74.743988 -62.944614
vn 18.096504 94.414848 -27.538168
vn 21.242636 74.744637 -62.944328
vn -15.007797 95.581184 -25.278488
vn -47.266743 65.383057 -59.083942
vn -0.00099129975 96.584305 -25.912729
vn -47.265774 65.384872 -59.08271
vn 0.00069849193 96.584297 -25.912725
vn 47.266323 65.383286 -59.084003
vn 14.978086 95.387573 -26.016649
vn 47.264721 65.38533 -59.083042
vn -71.776123 5.5220723 -69.409607
vn -74.726852 -18.876953 -63.714657
vn -71.776131 5.5218 -69.409622
vn -74.726242 -18.880112 -63.714447
vn 74.727028 -18.876995 -63.714451
vn 71.775681 5.5217023 -69.410095
vn 71.775192 5.5222969 -69.410538
vn 74.727158 -18.879515 -63.713535
vn 7.8703671 -48.012676 -87.366135
vn 7.870719 -48.013859 -87.365448
vn 11.846237 -36.334293 -92.40934
vn 11.84771 -36.332222 -92.409958
vn -43.335648 44.933666 78.121628
vn -28.297758 58.1758 76.254929
vn -28.29763 58.175568 76.255157
vn 86.643288 49.623924 5.5141125
vn 86.643829 49.623058 5.5133338
vn 71.553978 68.408432 14.153234
vn 71.55452 68.407944 14.15286
vn -43.413033 12.629862 89.195267
vn -17.389032 31.615147 93.263618
vn -17.388151 31.614069 93.264145
vn -43.412727 12.630337 89.195351
vn -67.643898 25.167736 -69.216248
vn -76.311073 3.9335942 -64.506927
vn -67.644432 25.167681 -69.215736
vn -76.308594 3.9335942 -64.509888
vn -83.015427 -17.393818 -52.970699
vn -83.015091 -17.392044 -52.971794
vn -7.0878558 -48.040676 -87.417709
vn -10.987164 -36.100845 -92.606758
vn -7.0875988 -48.03997 -87.418114
vn -10.986785 -36.099667 -92.607262
vn 76.308083 3.933372 -64.510498
vn 67.64386 25.167751 -69.21627
vn 67.644409 25.167564 -69.215797
vn 76.30938 3.9335225 -64.508972
vn 83.015373 -17.394365 -52.970608
vn 83.014893 -17.39303 -52.971802
vn -27.562592 91.349663 -29.925596
vn -43.418472 67.892014 -59.207355
vn -43.417843 67.891068 -59.208904
vn -27.560711 91.3507 -29.924223
vn 25.908344 91.861488 -29.836649
vn 40.825333 69.087364 -59.667652
vn 25.909767 91.861832 -29.834339
vn 40.823616 69.089447 -59.666409
vn -70.982788 58.362453 -39.436874
vn -67.538094 73.036667 -10.210475
vn -67.539261 73.036041 -10.207119
vn -70.98259 58.362717 -39.436893
vn 71.370331 58.037582 -39.216255
vn 68.349495 72.277725 -10.211683
vn 71.370667 58.038109 -39.214874
vn 68.349625 72.277435 -10.212835
vn 81.758026 57.387917 -4.7173295
vn 70.261215 67.890266 21.313652
vn 81.75782 57.388229 -4.7170949
vn -40.858685 4.7151012 91.15007
vn -40.860882 4.7127752 91.1492
vn -18.061806 32.980701 92.660912
vn -18.060083 32.981327 92.661018
vn -41.742496 81.119911 -40.952713
vn -18.126541 87.482445 -44.924934
vn -41.740765 81.12088 -40.952538
vn -18.12689 87.482407 -44.924881
vn 3.1562433 -48.136829 -87.595009
vn -2.351047 -41.545673 -90.930893
vn -2.3525879 -41.546993 -90.93026
vn 3.1558387 -48.138817 -87.593925
vn -2.3512554 -41.545723 -90.930878
vn -3.9315424 -42.4688 -90.448578
vn -2.3512554 -41.545727 -90.930878
vn -71.147667 67.197693 20.55427
vn -84.230881 53.530239 -6.29843
vn -84.230865 53.530281 -6.2984047
vn 65.797874 24.282848 71.281013
vn 65.797974 24.283445 71.280724
vn 56.509769 35.318314 74.560463
vn 56.510796 35.31778 74.559937
vn 68.618866 11.833347 71.773415
vn 68.618614 11.831538 71.773972
vn 71.705208 -12.606016 68.552551
vn 71.703171 -12.606451 68.554573
vn 81.221756 13.40461 56.774509
vn 75.456528 36.944309 54.234955
vn 81.221405 13.405369 56.774826
vn 75.456505 36.943596 54.235474
vn 95.151993 30.668158 2.358331
vn 77.998283 61.45393 11.818728
vn 77.998222 61.45417 11.817885
vn 95.151176 30.670565 2.3599734
vn 3.9409404 -40.215477 -91.472321
vn -1.5743487 -47.217896 -88.136215
vn 3.9441223 -40.217655 -91.471214
vn -1.5742764 -47.215088 -88.137718
vn 3.9411917 -40.215771 -91.472168
vn 3.9412134 -40.215706 -91.472198
vn 5.4970179 -40.842182 -91.113663
vn -14.921708 85.608673 -49.482296
vn 20.396515 81.575157 -54.124622
vn -14.920643 85.60994 -49.480442
vn 20.394629 81.576355 -54.123543
vn 89.923233 39.438301 -18.932283
vn 74.088898 66.996117 -4.728334
vn 89.923111 39.439041 -18.931339
vn 74.088844 66.996162 -4.7284184
vn -72.492477 -40.187023 -55.945007
vn -72.492905 -40.185947 -55.94524
vn -66.759819 -54.192139 -51.052319
vn -66.758896 -54.194977 -51.050499
vn -72.492134 -40.188381 -55.944466
vn -77.376976 -24.475695 -58.427254
vn -72.492325 -40.187256 -55.945026
vn -77.377068 -24.47583 -58.427078
vn -79.404381 -5.5056839 -60.536186
vn -79.404472 -5.5038309 -60.536247
vn -77.531418 13.450903 -61.708599
vn -77.53167 13.451283 -61.708221
vn -69.44532 26.041544 -67.075981
vn -69.445633 26.040104 -67.07621
vn 11.846831 -36.332962 -92.409767
vn 11.846568 -36.332691 -92.409904
vn 16.499342 -31.423977 -93.489601
vn 16.497826 -31.424105 -93.48983
vn -85.163673 37.062336 37.061176
vn -82.929588 41.078842 37.884186
vn -82.846977 41.209026 37.923515
vn -85.164436 37.061668 37.060131
vn 85.162697 37.061878 37.063911
vn 85.163742 37.061623 37.061745
vn 82.674652 40.94315 38.581879
vn 82.674713 40.943287 38.581589
vn 69.445656 26.040833 -67.07589
vn 77.844246 13.366488 -61.331966
vn 69.443825 26.041597 -67.077492
vn 77.844254 13.36819 -61.331585
vn 79.782524 -5.5311427 -60.034637
vn 79.782448 -5.5318279 -60.034657
vn 78.044632 -24.438604 -57.548145
vn 78.044861 -24.438347 -57.547935
vn 73.410782 -39.468349 -55.254921
vn 73.411041 -39.467697 -55.255047
vn 67.027687 -54.408878 -50.467438
vn 73.410477 -39.467575 -55.255875
vn 67.026749 -54.410309 -50.467155
vn 73.411034 -39.467503 -55.255184
vn -10.987426 -36.100933 -92.606689
vn -14.999763 -30.792091 -93.951332
vn -10.986361 -36.103649 -92.605759
vn -15.000463 -30.79126 -93.9515
vn -11.03335 89.052711 -44.134796
vn -40.873463 85.679794 -31.437765
vn -40.874733 85.678146 -31.440594
vn -11.034682 89.053772 -44.132298
vn 28.364727 -65.405617 70.125221
vn 27.509583 -54.234642 79.384041
vn 27.509031 -54.234787 79.384148
vn 84.828896 44.772449 -28.275194
vn 81.757721 57.388435 -4.7160778
vn 84.830109 44.769058 -28.276945
vn 81.756798 57.38982 -4.7154179
vn -26.780224 14.175965 95.298805
vn -1.5770004 38.62616 92.225441
vn -1.5771183 38.625576 92.225685
vn -26.777798 14.17642 95.299423
vn -94.675537 26.037073 18.93708
vn -83.381424 41.69183 36.18465
vn -83.380852 41.692177 36.185562
vn -94.67598 26.036776 18.935337
vn -23.629618 18.904705 95.311348
vn -23.630154 18.904055 95.311348
vn -33.838326 28.336201 89.733093
vn 37.061234 -37.061909 -85.163834
vn 32.251591 -34.61137 -88.101585
vn 37.061016 -37.061726 -85.164024
vn 32.252468 -34.610901 -88.101448
vn -36.8167 -36.813759 -85.377266
vn -32.251694 -34.611729 -88.10141
vn -36.816013 -36.814568 -85.377205
vn -32.251923 -34.611298 -88.101494
vn -65.33416 54.31218 -52.741219
vn -41.739532 81.120247 -40.955059
vn -65.335503 54.311928 -52.739788
vn -41.741966 81.118996 -40.955044
vn -87.651588 36.323109 -31.588453
vn -82.054047 56.809265 -6.3118987
vn -87.65123 36.325665 -31.586542
vn -82.055153 56.80759 -6.3126283
vn -87.995399 39.282997 -26.714331
vn -84.230835 53.53043 -6.2974567
vn -84.230576 53.530758 -6.2983837
vn -87.995178 39.2841 -26.713469
vn -85.162956 37.062889 37.062263
vn -85.163277 37.063011 37.061424
vn -92.075027 29.117414 25.968533
vn -92.073868 29.118042 25.97197
vn 45.612194 -38.53476 -80.215942
vn 37.059898 -37.063454 -85.16375
vn 45.612736 -38.534809 -80.215614
vn 37.062214 -37.062042 -85.163368
vn -45.749924 -37.860985 -80.458
vn -36.814316 -36.814526 -85.377968
vn -45.749508 -37.861996 -80.457756
vn -36.81535 -36.814877 -85.377373
vn 56.919796 -31.624701 -75.894768
vn 45.613651 -38.534966 -80.215034
vn 56.920815 -31.621355 -75.895409
vn 45.613087 -38.536278 -80.214714
vn -56.71965 -30.72393 -76.412827
vn -45.750648 -37.862347 -80.456955
vn -56.719078 -30.723372 -76.41349
vn -45.750294 -37.861843 -80.45739
vn 85.163269 37.063435 37.061024
vn 85.16423 37.060356 37.061909
vn 92.283615 28.395132 26.027908
vn 92.283424 28.394592 26.02916
vn 32.252083 -34.612606 -88.100906
vn 30.769056 -26.036369 -91.517059
vn 30.76886 -26.036203 -91.517174
vn 32.251556 -34.613537 -88.100739
vn -32.252296 -34.613327 -88.100548
vn -30.768764 -26.037148 -91.516945
vn -32.251392 -34.613178 -88.100945
vn -30.769032 -26.032913 -91.518044
vn 37.86401 52.066422 -76.520615
vn 31.448034 73.116478 -60.539265
vn 37.865822 52.065491 -76.520363
vn 31.445957 73.118736 -60.537613
vn 31.449417 73.116814 -60.538136
vn 31.449789 73.116859 -60.537888
vn 24.440008 85.928062 -44.933887
vn -38.537674 51.909214 -76.290764
vn -31.448341 73.115967 -60.539722
vn -38.536877 51.910133 -76.29055
vn -31.446684 73.117989 -60.538136
vn -24.441431 85.928177 -44.932907
vn -31.449028 73.116425 -60.538815
vn -31.448948 73.116425 -60.538857
vn -90.590546 40.175117 13.390837
vn -95.655266 18.973343 -22.137804
vn -90.590492 40.175022 13.391421
vn -18.127913 87.48288 -44.923542
vn 5.5056601 85.758377 -51.138905
vn -18.126932 87.482681 -44.924309
vn 5.5081501 85.758049 -51.139202
vn 17.349638 83.602158 -52.054493
vn 26.668013 80.790848 -52.551472
vn 26.66865 80.790489 -52.551685
vn 17.353643 83.602448 -52.052681
vn -54.441158 17.36565 82.064583
vn -38.446972 30.599506 87.094772
vn -38.447948 30.601074 87.093788
vn 72.530602 44.148808 -52.8223
vn 71.371269 58.037525 -39.214619
vn 71.37085 58.036522 -39.216858
vn 72.53067 44.150345 -52.820911
vn -73.150925 43.263 -52.699657
vn -70.982941 58.363049 -39.435719
vn -70.982475 58.363609 -39.435741
vn -73.151237 43.261932 -52.700096
vn 49.628479 51.202793 -70.109116
vn 40.825134 69.087173 -59.667999
vn 49.628506 51.202877 -70.109032
vn 40.823883 69.089592 -59.66605
vn -11.035104 89.053047 -44.133644
vn 17.350874 83.60199 -52.054337
vn 17.350033 83.602585 -52.053669
vn -11.032072 89.054688 -44.13113
vn -72.386711 8.6540117 68.449036
vn -43.415092 12.627629 89.19458
vn -72.385559 8.6544008 68.450218
vn -43.412735 12.631046 89.195244
vn -69.998398 14.156713 -69.998642
vn -69.921448 0.001548318 -71.491203
vn -69.999748 14.155658 -69.997513
vn -69.920456 -0.00073521532 -71.492165
vn -66.20919 -18.919344 -72.514832
vn -66.209724 -18.918087 -72.514687
vn -55.855358 47.988724 -67.655464
vn -43.418091 67.892326 -59.207272
vn -55.854595 47.98912 -67.655807
vn -43.418755 67.890564 -59.20882
vn 0.79000068 -32.328907 94.626724
vn 12.593484 2.3616245 99.175735
vn 12.595325 2.3606315 99.175522
vn 0.7886067 -32.327934 94.627075
vn 23.611996 45.648117 85.783005
vn 23.610897 45.647243 85.783775
vn 95.130531 30.664206 3.1445863
vn 86.643806 49.62307 5.5137882
vn 86.643288 49.623917 5.5144968
vn 95.13176 30.66028 3.1456988
vn 45.016338 69.494637 -56.071621
vn 45.015396 69.496239 -56.070381
vn 26.669905 80.78904 -52.553284
vn 26.667076 80.790253 -52.55286
vn 5.5087342 85.757782 -51.139591
vn 27.555784 84.170891 -46.432121
vn 5.5071487 85.75795 -51.139465
vn 27.535816 84.184074 -46.420052
vn -21.244457 74.745483 -62.942707
vn -17.320824 55.897629 -81.089119
vn -17.319736 55.896992 -81.089783
vn -21.243364 74.744041 -62.944794
vn 17.320829 55.897655 -81.089096
vn 21.244379 74.745514 -62.942715
vn 17.319839 55.897057 -81.089706
vn 21.24329 74.744026 -62.944839
vn -43.954388 -7.8485637 -89.478554
vn -35.450737 15.754101 -92.168617
vn -43.953487 -7.8476024 -89.47908
vn -35.450508 15.753852 -92.168739
vn -46.306499 -25.901659 -84.763268
vn -46.30603 -25.900517 -84.763878
vn -46.306412 -25.901701 -84.763298
vn -45.593887 -36.949348 -80.968781
vn -46.306526 -25.900049 -84.763748
vn -45.594414 -36.947159 -80.96949
vn -43.332092 -46.483875 -77.211258
vn -43.332626 -46.484375 -77.210655
vn -95.656158 18.973804 -22.133537
vn -90.590294 40.174522 13.394264
vn -95.655846 18.974781 -22.13405
vn -50.52985 6.3172455 86.062935
vn -26.775902 14.177094 95.29985
vn -26.78005 14.177141 95.298683
vn -50.531471 6.3168902 86.062004
vn 44.896458 -7.8749075 -89.007256
vn 36.135952 15.710879 -91.909523
vn 44.897327 -7.8754697 -89.006783
vn 36.136555 15.709808 -91.909477
vn 47.231014 -25.977942 -84.228119
vn 47.231178 -25.978653 -84.227814
vn 46.514332 -37.050323 -80.397072
vn 47.230782 -25.979168 -84.227882
vn 47.231304 -25.977444 -84.228111
vn 46.506927 -37.048496 -80.402199
vn 44.235809 -46.607147 -76.622223
vn 44.235825 -46.607433 -76.622032
vn -98.59024 16.563776 2.3671112
vn -94.676949 26.034185 18.933975
vn -98.590462 16.56292 2.3642752
vn -94.675919 26.037395 18.934725
vn -86.91568 11.063624 48.200233
vn -72.383385 8.654212 68.452538
vn -72.385666 8.6539574 68.450157
vn -86.916679 11.059811 48.199276
vn -28.344149 51.178379 -81.101059
vn -33.20071 72.72258 -60.076107
vn -28.345024 51.179813 -81.099854
vn -33.199032 72.723213 -60.076279
vn 29.252838 51.391579 -80.642288
vn 33.901192 72.531479 -59.915722
vn 29.251373 51.389744 -80.643974
vn 33.899681 72.530182 -59.918152
vn -47.295807 48.872112 -73.311821
vn -40.072678 73.85733 -54.21508
vn -47.296635 48.874634 -73.309608
vn -40.072529 73.856941 -54.215721
vn -97.149292 20.534472 11.846988
vn -92.074539 29.117117 25.970589
vn -92.074257 29.118065 25.970608
vn -97.143211 20.556507 11.858615
vn 92.282578 28.396076 26.030521
vn 97.209778 19.757732 12.644832
vn 92.284241 28.394131 26.026731
vn 97.209549 19.758341 12.645592
vn -90.388565 14.934186 40.085876
vn -93.811592 7.0950198 33.897552
vn -90.389526 14.934125 40.083733
vn -93.811111 7.0970302 33.898472
vn 90.672005 14.981864 39.422478
vn 95.166557 7.0778203 29.886976
vn 95.16642 7.0798521 29.886921
vn 90.672997 14.980885 39.420555
vn 84.829025 44.772484 -28.274761
vn 84.973747 32.258553 -41.699516
vn 84.829765 44.769356 -28.277473
vn 84.973618 32.257732 -41.700375
vn -40.862041 4.7132506 91.148666
vn -56.093781 -18.962307 80.584846
vn -56.092789 -18.96138 80.585754
vn -40.859459 4.7152615 91.149727
vn 96.604782 8.6391182 24.349125
vn 91.631699 -10.26927 38.706253
vn 91.631226 -10.269287 38.707367
vn 96.605072 8.6395283 24.347845
vn 89.186928 -22.099234 39.462822
vn 91.6315 -10.270017 38.70652
vn 91.63134 -10.269984 38.706909
vn 81.213379 -0.00010793383 58.347122
vn 81.220428 13.403995 56.776527
vn 81.212662 -0.00037587516 58.348148
vn 81.220947 13.403529 56.775883
vn 76.7192 -3.1641285 64.06366
vn 76.718254 -3.1631377 64.06485
vn 66.189232 -3.9401753 74.856277
vn 66.187538 -3.9380782 74.857872
vn 52.144188 0.78902858 85.325043
vn 52.143867 0.78967857 85.325226
vn 39.404205 9.4578228 91.421318
vn 39.406338 9.4555454 91.420631
vn -50.532948 6.3154874 86.061249
vn -67.891266 0.78974146 73.417664
vn -67.891487 0.78945261 73.417465
vn -50.532406 6.3152971 86.061562
vn -76.403824 -19.692339 61.438328
vn -76.403877 -19.693476 61.437885
vn -98.590675 16.561457 2.3657935
vn -97.804245 10.255022 -18.142849
vn -98.590675 16.561466 2.3656955
vn 19.714138 -7.0961366 -97.78035
vn 19.711212 -7.0978003 -97.780815
vn 14.126099 13.338542 -98.094521
vn 14.125249 13.340244 -98.094421
vn 18.972689 -22.13578 -95.655861
vn 18.973425 -22.134184 -95.656082
vn 16.497021 -31.425577 -93.489479
vn 16.498432 -31.425571 -93.489227
vn -18.953632 -7.1086497 -97.92971
vn -13.356522 13.353889 -98.200188
vn -18.955826 -7.1069269 -97.92942
vn -13.355372 13.354764 -98.200226
vn -18.071375 -22.00252 -95.860909
vn -18.073118 -21.998785 -95.861435
vn -14.998555 -30.791542 -93.951706
vn -15.000502 -30.790678 -93.951691
vn 44.042526 -4.7200418 89.654755
vn 44.042526 -4.7200437 89.654755
vn 44.042526 -4.7200413 89.654755
vn 66.79567 27.505127 -69.150612
vn 72.530846 44.149395 -52.821487
vn 66.794739 27.502573 -69.152534
vn 72.530838 44.149933 -52.82103
vn -70.229874 41.825897 57.605206
vn -65.33313 68.483292 32.274174
vn -65.333336 68.482674 32.275028
vn -70.230286 41.822842 57.606915
vn 90.67131 14.981521 39.424217
vn 90.67131 14.981551 39.424198
vn 92.225113 13.402925 36.261383
vn -65.091881 25.881214 -71.366745
vn -71.775665 5.5227089 -69.410034
vn -71.775459 5.5209579 -69.410385
vn -65.092407 25.879896 -71.366737
vn -90.388313 14.934417 40.086365
vn -90.388313 14.93382 40.086575
vn -92.855934 13.377656 34.623867
vn -89.486786 25.119787 -36.893238
vn -89.486862 25.118492 -36.893967
vn -87.99559 39.283051 -26.713631
vn -87.995529 39.283863 -26.71262
vn 71.776588 5.5217094 -69.409172
vn 65.092918 25.879515 -71.366417
vn 71.776428 5.5204859 -69.409409
vn 65.092125 25.882217 -71.366142
vn -68.521042 26.779596 -67.732719
vn -73.151108 43.262794 -52.699593
vn -73.150269 43.26078 -52.702412
vn -68.521072 26.778713 -67.733025
vn 48.622707 31.36972 -81.558411
vn 49.627628 51.204926 -70.108162
vn 48.62133 31.3699 -81.559151
vn 49.627541 51.202995 -70.109619
vn 98.744064 12.639159 9.4795628
vn 96.605354 8.6407251 24.346331
vn 98.744057 12.639501 9.4791775
vn 96.605202 8.6400566 24.347189
vn -58.042747 29.021204 -76.084221
vn -55.855053 47.989246 -67.655342
vn -58.042801 29.01996 -76.084648
vn -55.855434 47.988262 -67.655724
vn -99.29882 11.821326 0.00078634551
vn -97.149307 20.534515 11.846757
vn -97.149185 20.53545 11.846127
vn -99.298721 11.822117 0.0016068405
vn 97.210075 19.756636 12.644251
vn 99.249527 11.815426 3.1508789
vn 97.211075 19.75774 12.634879
vn 99.249428 11.815677 3.1527426
vn -96.110542 1.5736082 27.573326
vn -86.915329 11.06206 48.20121
vn -96.110504 1.5755788 27.573326
vn -86.915848 11.061431 48.200424
vn -99.444283 -10.257938 2.3687341
vn -99.443916 -10.261563 2.3677442
vn 98.467651 16.54488 5.5127234
vn 95.130798 30.663353 3.1446388
vn 95.131935 30.659822 3.1450286
vn 98.467949 16.542606 5.5141106
vn 98.744141 12.639056 9.4788513
vn 98.744148 12.638927 9.4789076
vn 48.739254 63.677307 -59.746838
vn 20.395689 81.575592 -54.124283
vn 48.741268 63.675159 -59.747486
vn 20.394644 81.57634 -54.123531
vn -54.392563 -22.043095 80.966362
vn -64.025391 -4.741385 76.669868
vn -54.288757 -22.031002 81.039276
vn -64.024498 -4.7424068 76.670555
vn -67.465363 -3.145288 73.746407
vn -57.407017 81.786224 -3.9302661
vn -65.331734 68.483788 32.275913
vn -65.202614 68.624313 32.238522
vn 82.726341 21.273918 -51.997807
vn 84.973572 32.258305 -41.70002
vn 84.973755 32.25922 -41.698959
vn 82.725044 21.271681 -52.00079
vn -97.804886 10.253549 -18.140291
vn -98.590347 16.563568 2.3650165
vn -97.804787 10.253871 -18.140656
vn -12.595373 -58.255119 80.297554
vn -12.595365 -58.2551 80.297569
vn -12.59537 -58.255112 80.297554
vn -9.4785719 -12.638222 98.744263
vn -8.7009039 1.5776994 99.608253
vn -9.4820967 -12.63896 98.743835
vn -8.6961069 1.581202 99.608627
vn -23.630053 18.904152 95.311356
vn -23.632076 18.906435 95.310402
vn 44.069229 41.710094 79.486931
vn 44.069195 41.709946 79.487022
vn 63.754242 28.302807 71.654358
vn 23.692556 30.012291 -92.400902
vn 29.253262 51.389736 -80.643295
vn 23.692783 30.009005 -92.401909
vn 29.253614 51.391125 -80.642288
vn 37.860245 27.607994 -88.342522
vn 37.865265 52.067131 -76.519516
vn 37.861382 27.607294 -88.342255
vn 37.865311 52.064209 -76.521477
vn -22.724257 30.562395 -92.463783
vn -28.346651 51.181164 -81.098434
vn -22.724995 30.561628 -92.463844
vn -28.346325 51.179268 -81.099747
vn -37.8592 27.607695 -88.343056
vn -38.538574 51.90847 -76.290817
vn -37.860809 27.607372 -88.342468
vn -38.537476 51.907413 -76.292084
vn 39.407272 9.4567814 91.42012
vn 35.45042 15.756657 92.168304
vn 35.449726 15.755547 92.168747
vn 39.404819 9.458004 91.421036
vn 35.451027 15.757071 92.167992
vn 35.450977 15.757117 92.168007
vn 37.824337 18.912386 90.618111
vn -80.202347 21.229574 -55.829098
vn -87.651642 36.325607 -31.58544
vn -80.203369 21.232065 -55.826679
vn -87.651733 36.325005 -31.585894
vn 93.942986 16.57921 -29.997402
vn 96.218147 10.252989 -25.237762
vn 93.943314 16.578648 -29.996716
vn 96.218529 10.2523 -25.236593
vn 93.942986 16.57667 -29.998796
vn 75.857307 25.287485 -60.051731
vn 93.9431 16.577024 -29.998283
vn 83.641792 27.6166 -47.343163
vn 58.907444 -34.55917 -73.045021
vn 58.907402 -34.559376 -73.044945
vn 65.831169 -18.810659 -72.886322
vn 65.832481 -18.807981 -72.885826
vn 65.832741 -18.807938 -72.885605
vn 65.832489 -18.811169 -72.885002
vn 69.514084 -0.79354966 -71.882973
vn 69.513535 -0.7906065 -71.883545
vn 69.997894 14.150969 -70.000313
vn 69.998627 14.156928 -69.998375
vn 62.835987 21.993196 -74.618607
vn 62.836369 21.992825 -74.618408
vn 62.836414 21.992525 -74.618446
vn 44.165741 22.872047 -86.753998
vn 62.835426 21.992062 -74.619415
vn 44.167198 22.86969 -86.753883
vn -97.125298 23.686775 2.3696935
vn -98.906525 6.2808814 13.343494
vn -97.125282 23.686821 2.3693943
vn -98.906448 6.279109 13.344936
vn -87.970383 40.845856 -24.348043
vn -97.124573 23.689686 2.3695505
vn -97.124535 23.68988 2.3694146
vn -98.906471 6.2790394 13.344844
vn -97.822655 -3.1550267 20.512728
vn -98.906136 6.2810297 13.346324
vn -97.82312 -3.1556067 20.510521
vn -96.482292 -7.1171083 25.308342
vn -96.482559 -7.1171536 25.307383
vn -97.859146 11.049223 -17.363771
vn -96.676704 18.077925 -18.077768
vn -96.676788 18.078581 -18.076641
vn -97.859535 11.048732 -17.361959
vn -85.677017 31.443399 -40.874954
vn -96.676674 18.077909 -18.077833
vn -96.677055 18.075592 -18.078064
vn -85.678452 31.440092 -40.874489
vn -97.859482 11.048774 -17.362204
vn -99.08065 7.8626451 -11.009247
vn -97.859344 11.048687 -17.363098
vn -99.080421 7.8648601 -11.00974
vn -99.29895 11.82026 -0.0010114794
vn -99.298843 11.821197 0.00028343132
vn 96.703239 25.15991 3.9322851
vn 87.791756 41.127888 -24.517427
vn 96.7033 25.159668 3.9325562
vn 87.791893 41.126827 -24.518736
vn 96.703163 25.160366 3.931329
vn 87.791512 41.127712 -24.518616
vn -72.028992 24.268585 -64.983528
vn -85.029114 19.68206 -48.812576
vn -72.029892 24.271301 -64.981544
vn -85.029099 19.681623 -48.812767
vn -65.340355 68.4786 32.269501
vn -57.409489 81.784233 -3.9359078
vn -57.412304 81.782379 -3.9336047
vn 99.240265 7.875711 -9.4521284
vn 96.218719 10.25246 -25.235792
vn 99.240265 7.8763843 -9.4515448
vn 96.218384 10.25381 -25.23653
vn 99.240166 7.8769312 -9.4522181
vn 99.249336 11.816457 3.1529472
vn 99.249496 11.815616 3.1508512
vn 99.240334 7.8756056 -9.4514713
vn -87.970856 40.843868 -24.349707
vn -97.124672 23.689152 2.3713446
vn -87.971077 40.843418 -24.349667
vn -85.029816 19.682352 -48.811226
vn -89.610954 17.29471 -40.875065
vn -85.029694 19.681942 -48.811615
vn -89.610992 17.293213 -40.875614
vn -89.486694 25.120384 -36.893047
vn -89.486755 25.119093 -36.893772
vn -62.358238 -22.101486 -74.986504
vn -56.719601 -30.722397 -76.41349
vn -62.356926 -22.100874 -74.987778
vn -56.718616 -30.722198 -76.414299
vn 71.704247 -12.609412 68.55291
vn 69.420738 -33.132267 63.898464
vn 71.703949 -12.606389 68.55381
vn 69.420349 -33.133209 63.898399
vn 77.154701 -37.791454 51.175743
vn 77.154289 -37.790897 51.176781
vn -79.227783 8.630106 60.402657
vn -82.635361 -25.18565 50.369446
vn -82.636414 -25.186405 50.367348
vn -79.2286 8.6294937 60.401672
vn -75.990746 -49.353786 42.303772
vn -82.635582 -25.185173 50.369308
vn -82.636787 -25.184893 50.367466
vn 66.272926 21.302025 -71.792229
vn 76.521263 18.932571 -61.530922
vn 75.855621 25.286781 -60.054176
vn 76.520325 18.93294 -61.53199
vn -71.793571 40.235901 -56.804546
vn -67.643639 25.167526 -69.216576
vn -67.642853 25.171221 -69.215988
vn -71.794441 40.235577 -56.80365
vn 76.520203 18.933151 -61.532055
vn 82.725807 21.271597 -51.999615
vn 76.521782 18.932825 -61.530178
vn 82.726196 21.273312 -51.998302
vn -83.57943 -11.825614 -53.615631
vn -86.42511 1.5729833 -50.281471
vn -83.579597 -11.825713 -53.615303
vn -79.693916 -24.458239 -55.23291
vn -79.692612 -24.461874 -55.233166
vn -86.423943 1.5707873 -50.283562
vn -73.474037 17.379736 -65.570656
vn -73.473213 17.379303 -65.571701
vn -73.471573 17.380302 -65.573273
vn -33.140247 22.882225 -91.53212
vn -73.473923 17.380789 -65.570488
vn -33.140476 22.883144 -91.531799
vn -72.605812 -36.301453 -58.400345
vn -79.69252 -24.462507 -55.233021
vn -79.69313 -24.461542 -55.232586
vn -72.605362 -36.302521 -58.400234
vn 67.644005 25.167603 -69.216187
vn 71.79377 40.236473 -56.803902
vn 67.642792 25.171341 -69.216011
vn 71.7939 40.237427 -56.803043
vn 83.577866 -11.828819 -53.617329
vn 86.423347 1.5700265 -50.284584
vn 86.423988 1.5708072 -50.283466
vn 73.47403 17.379791 -65.570663
vn 73.473183 17.379436 -65.571701
vn 83.578033 -11.828201 -53.617241
vn 79.69223 -24.461956 -55.233696
vn 79.692772 -24.461411 -55.233158
vn 79.693817 -24.45809 -55.233128
vn 72.6064 -36.301243 -58.399754
vn 79.69368 -24.458096 -55.233307
vn 72.605392 -36.302021 -58.400486
vn 73.474121 17.380762 -65.570297
vn 33.140312 22.882206 -91.532097
vn 73.471695 17.380373 -65.573105
vn 33.140572 22.88294 -91.531822
vn 27.510029 -54.233147 79.384911
vn 27.510246 -54.232048 79.385574
vn 22.891405 -7.102879 97.085182
vn 22.892561 -7.1062794 97.084663
vn 96.703888 25.157398 3.9321158
vn 98.713432 5.5288906 15.003008
vn 98.713478 5.5279679 15.003044
vn 96.70327 25.160091 3.930217
vn 98.781235 -6.3226542 14.222951
vn 98.780907 -6.3208227 14.226032
vn 98.84549 -5.4906316 14.121724
vn 98.845276 -5.4911447 14.122958
vn 48.871529 27.589972 -82.766945
vn 83.64167 27.616783 -47.343235
vn 39.285381 26.712248 -87.99498
vn 75.856682 25.2878 -60.052399
vn -62.849968 0.0010606352 77.780975
vn -57.519119 -18.912649 79.585556
vn -57.518459 -18.912092 79.586159
vn -87.971199 40.84362 -24.348873
vn -71.793854 40.23658 -56.803699
vn -71.795135 40.235901 -56.802559
vn -87.971436 40.843327 -24.348459
vn -56.092041 -18.960104 80.586586
vn -62.931232 -40.907104 66.077728
vn -62.931667 -40.90377 66.079391
vn -56.093777 -18.962465 80.584808
vn 71.793983 40.236519 -56.803566
vn 87.791557 41.127514 -24.518774
vn 71.79512 40.235783 -56.802685
vn 87.792084 41.127247 -24.517307
vn -39.294521 29.08049 -87.236847
vn -85.678009 31.441916 -40.874001
vn -85.678795 31.44227 -40.872086
vn -39.297016 29.076897 -87.236923
vn -96.482811 -7.1177015 25.306217
vn -96.029999 -7.8733902 26.762842
vn -96.483147 -7.1179218 25.304903
vn -96.030075 -7.8706737 26.763351
vn -96.958939 -6.3040457 23.64793
vn -96.030205 -7.8711839 26.762701
vn -96.030228 -7.8730302 26.762138
vn -96.958893 -6.3071184 23.647261
vn -93.811813 7.0940847 33.897179
vn -96.958633 -6.3054152 23.648785
vn -96.958755 -6.3067884 23.647938
vn -93.811974 7.0955758 33.896427
vn 66.157768 -22.0529 -71.671608
vn 56.920441 -31.624424 -75.894394
vn 66.15918 -22.052979 -71.67028
vn 56.921272 -31.621737 -75.894897
vn 68.802002 -20.559105 -69.596039
vn 66.158844 -22.05212 -71.670868
vn 66.158859 -22.052269 -71.670799
vn -72.029922 24.271235 -64.981499
vn -59.257137 29.233477 -75.059952
vn -59.259243 29.234415 -75.057922
vn -72.02916 24.270376 -64.982681
vn 57.650028 28.429171 -76.604561
vn 75.856003 25.285864 -60.054062
vn 48.870514 27.590506 -82.767372
vn 66.271301 21.301535 -71.793861
vn -67.733261 26.780022 -68.520325
vn -65.334229 54.313683 -52.739578
vn -65.334274 54.313938 -52.739265
vn -67.732384 26.78001 -68.521202
vn -66.230598 11.038203 -74.105782
vn -67.733223 26.777298 -68.521439
vn -67.733757 26.777117 -68.520988
vn 99.422752 10.255057 -3.1540112
vn 95.152107 30.667772 2.3588567
vn 95.152107 30.667698 2.3596931
vn 99.48748 6.3154192 -7.8967981
vn 98.982521 1.5699543 -14.141973
vn 98.194153 -1.5711234 -18.853117
vn 99.487427 6.3156023 -7.8971119
vn 98.983017 1.5721567 -14.138353
vn 96.724632 -7.0765877 -24.377588
vn 96.724548 -7.0764523 -24.377993
vn 95.131592 -18.866695 -24.372721
vn 95.131317 -18.868635 -24.372255
vn 95.13134 -18.867374 -24.373148
vn 94.464478 -28.339016 -16.533691
vn 95.131874 -18.867014 -24.371372
vn 94.46508 -28.338387 -16.531324
vn 45.014118 69.497231 -56.07016
vn 58.215469 38.549633 -71.588295
vn 58.215488 38.547604 -71.589378
vn 45.016705 69.494873 -56.07103
vn 58.216499 38.546661 -71.589066
vn 51.088661 7.073875 -85.673264
vn 51.090069 7.0749154 -85.67234
vn 58.215256 38.548553 -71.589058
vn -59.064888 33.865093 -73.242706
vn -65.093063 25.87821 -71.366737
vn -65.09243 25.881405 -71.366165
vn -59.065098 33.865108 -73.242523
vn 65.093575 25.878048 -71.366333
vn 59.067184 33.86433 -73.241219
vn 65.092415 25.880713 -71.366425
vn 59.067177 33.86422 -73.241272
vn -68.804008 -20.563379 -69.592766
vn -68.802353 -20.55979 -69.595474
vn 98.495476 -7.091907 15.759022
vn 98.845741 -5.4921613 14.119324
vn 98.845657 -5.4916863 14.120114
vn 98.495369 -7.0919514 15.759648
vn 98.422073 -6.2992902 16.535282
vn 98.495491 -7.0904245 15.759556
vn 98.49514 -7.0917778 15.761151
vn 98.422119 -6.2983379 16.535339
vn 95.166161 7.078928 29.887976
vn 95.166298 7.0779996 29.887754
vn 98.42234 -6.2981925 16.534048
vn 98.422096 -6.2995124 16.53503
vn -46.57859 23.68281 -85.261719
vn -62.836872 21.993261 -74.617844
vn -62.836521 21.993238 -74.618149
vn -46.579342 23.683163 -85.261215
vn -62.837036 21.992218 -74.618011
vn -69.998299 14.155654 -69.99897
vn -62.836582 21.9923 -74.61837
vn -69.998589 14.154947 -69.998802
vn -56.889145 11.851909 -81.382767
vn -68.520775 26.778608 -67.733376
vn -56.889091 11.852119 -81.382774
vn -68.520645 26.777384 -67.734001
vn 45.609493 64.480873 -61.335068
vn 49.444054 66.710403 -55.722595
vn 45.439812 68.944336 -56.408352
vn 55.944782 40.18536 -72.493576
vn 47.26696 65.385612 -59.080921
vn 55.946411 40.186726 -72.49157
vn 47.265335 65.384514 -59.08345
vn -55.945564 40.18705 -72.492043
vn -47.26683 65.38559 -59.081055
vn -55.944031 40.185619 -72.494003
vn -47.26535 65.384438 -59.083515
vn -49.536274 14.152441 -85.708015
vn -58.043446 29.019255 -76.084435
vn -49.538879 14.154068 -85.706238
vn -58.04327 29.020981 -76.083916
vn 53.616833 11.827833 -83.578331
vn 66.794777 27.50544 -69.151352
vn 53.617584 11.829051 -83.57769
vn 66.794373 27.501947 -69.153137
vn -39.448502 -45.760109 79.685806
vn -54.28825 -22.03089 81.03965
vn -39.449371 -45.759602 79.685669
vn -54.287697 -22.03093 81.040016
vn -51.013786 -40.025776 76.128387
vn -57.520802 -18.909466 79.585098
vn -51.014446 -40.027321 76.127121
vn -57.522827 -18.912199 79.582985
vn -71.370743 -39.213478 58.038944
vn -76.404877 -19.693083 61.436771
vn -76.405426 -19.690752 61.436848
vn -71.370926 -39.214565 58.038002
vn -56.671185 26.762135 -77.92411
vn -69.444557 26.040722 -67.077087
vn -56.66988 26.762291 -77.924995
vn -69.443405 26.040205 -67.078476
vn -56.670254 26.760523 -77.925331
vn -50.98967 14.905852 -84.722298
vn -56.670326 26.760427 -77.925316
vn -50.991081 14.902872 -84.721977
vn 54.900406 26.66514 -79.214378
vn 46.406826 14.94535 -87.310043
vn 54.900604 26.665558 -79.214088
vn 46.407528 14.945341 -87.309669
vn 69.44413 26.041731 -67.077118
vn 54.900898 26.664631 -79.214195
vn 54.899567 26.666616 -79.214455
vn 69.444847 26.042568 -67.07608
vn -49.550571 83.368271 -24.381788
vn -57.409088 81.784775 -3.9303689
vn -57.408844 81.784943 -3.9304383
vn 37.806072 14.965636 -91.360435
vn 48.621128 31.36907 -81.559586
vn 37.804798 14.963749 -91.361275
vn 48.620804 31.368546 -81.55999
vn -7.0683627 -0.78571111 -99.74678
vn -7.7985892 12.565668 -98.900383
vn -7.0710211 -0.79176617 -99.746552
vn -7.8490062 12.558333 -98.897316
vn -8.6497765 20.384365 -97.517471
vn -7.090734 -15.757909 -98.495743
vn -7.0920973 -15.758676 -98.495506
vn -7.0733638 -27.50526 -95.88237
vn -7.0735159 -27.505894 -95.882172
vn -5.5256152 -37.897247 -92.375671
vn -7.0737801 -27.505648 -95.882225
vn -7.073307 -27.508678 -95.881386
vn -5.5272202 -37.898304 -92.375153
vn -3.9405987 -49.662243 -86.707169
vn -3.9409258 -49.662243 -86.707153
vn 18.951494 -42.641365 88.445206
vn 18.953165 -42.644737 88.44323
vn -6.2820411 -25.129171 96.587059
vn -6.2836485 -25.128059 96.587257
vn 7.842546 12.559257 -98.897728
vn 7.0684619 -0.78568017 -99.74678
vn 7.079669 -0.81473213 -99.74575
vn 7.8489704 12.558412 -98.897316
vn 8.6495895 20.445385 -97.504723
vn 7.0934653 -15.761861 -98.494904
vn 7.0896497 -15.761275 -98.495277
vn 7.0734248 -27.507263 -95.88179
vn 7.0736313 -27.505362 -95.882317
vn 7.0735545 -27.505989 -95.882126
vn 5.5271001 -37.897858 -92.375343
vn 7.073226 -27.508432 -95.881462
vn 5.5272093 -37.898209 -92.375191
vn 3.9418287 -49.658554 -86.709236
vn 3.9407861 -49.658443 -86.709343
vn 93.031433 15.766977 -33.114265
vn 93.084167 8.6747799 -35.497673
vn 92.898888 18.108145 -32.278328
vn 89.922539 39.440407 -18.931227
vn 93.031593 15.767609 -33.113552
vn 92.898735 18.107929 -32.278915
vn 89.923782 39.437679 -18.930983
vn 93.558678 7.0768323 -34.593235
vn 93.08345 8.6784611 -35.498672
vn 93.031784 15.768321 -33.112633
vn 92.821671 -8.6515846 -36.184086
vn 92.820908 -8.6537571 -36.185532
vn 92.821083 -8.652956 -36.185257
vn 89.220108 -26.844933 -36.319736
vn 92.822189 -8.6522598 -36.182602
vn 89.220428 -26.844259 -36.319439
vn -91.497299 3.1563308 -40.227882
vn -97.804443 10.253531 -18.14267
vn -91.497078 3.1546507 -40.228481
vn -97.804916 10.251741 -18.141115
vn -83.082054 0.78385442 -55.648537
vn -91.497864 3.1561072 -40.226597
vn -91.496773 3.1544085 -40.229218
vn -83.081779 0.78336918 -55.648918
vn -78.458557 -1.5694591 -61.982178
vn -78.458374 -1.5687612 -61.982422
vn -78.116898 -17.359837 -59.969879
vn -78.117599 -17.358738 -59.96928
vn 84.438965 -37.885246 37.878323
vn 77.154961 -37.791344 51.175423
vn 77.155479 -37.789845 51.175758
vn -59.065254 33.863724 -73.243057
vn -59.258385 29.232794 -75.059227
vn -59.066807 33.865517 -73.240967
vn -59.256847 29.234259 -75.059883
vn 59.066021 33.864586 -73.242043
vn 48.871613 27.587564 -82.7677
vn 59.066742 33.864933 -73.241272
vn 57.650696 28.429871 -76.603783
vn -22.838596 -15.74994 96.074638
vn -9.4793844 -12.639247 98.744072
vn -22.83836 -15.748719 96.074905
vn -9.4801702 -12.638516 98.74408
vn -81.016975 11.798918 -57.419827
vn -95.655991 18.97201 -22.135838
vn -81.01651 11.798836 -57.420498
vn -95.655464 18.974699 -22.135803
vn -74.727783 7.0782628 -66.073105
vn -81.01593 11.798058 -57.421478
vn -81.017921 11.798101 -57.418644
vn -74.726883 7.0793257 -66.074028
vn -82.116524 -14.214557 -55.270447
vn -74.726173 7.0804248 -66.074684
vn -74.727219 7.0803914 -66.073517
vn -82.117188 -14.210361 -55.270531
vn -82.115952 -14.2111 -55.272175
vn -80.005363 -40.004253 -44.707977
vn -80.005173 -40.002834 -44.709579
vn -82.116562 -14.212087 -55.271015
vn -71.370277 -39.214989 58.038521
vn -72.325394 -26.728477 63.675938
vn -72.324715 -26.727083 63.677303
vn -71.370735 -39.215057 58.037884
vn -73.985695 7.085403 66.902267
vn -72.325066 -26.728292 63.676411
vn -72.325447 -26.727228 63.676414
vn -73.985954 7.0815897 66.90239
vn -73.985535 7.0836058 66.902649
vn -70.231148 41.82169 57.606682
vn -73.986176 7.081902 66.902122
vn -70.230415 41.823032 57.606628
vn -47.219765 -30.690853 82.633934
vn -48.970505 -29.223244 82.145554
vn -48.981934 -21.331356 84.532501
vn 93.394455 -35.316948 5.4942851
vn 95.554085 -29.220104 -3.9496346
vn 93.394646 -35.316498 5.4939609
vn -99.444138 -10.259524 2.3675611
vn -95.656387 -28.458321 -6.3229184
vn -95.656494 -28.457926 -6.3231883
vn -99.444107 -10.25998 2.367455
vn -89.965935 -43.402119 -4.7313762
vn -95.655762 -28.460112 -6.3243423
vn -95.655647 -28.460241 -6.3255143
vn -40.036438 15.700791 -90.280502
vn -46.576767 23.682827 -85.262711
vn -46.579739 23.684813 -85.260529
vn -40.036469 15.7015 -90.280373
vn -50.989597 14.904385 -84.72261
vn -56.88871 11.851916 -81.383095
vn -50.99004 14.904423 -84.722343
vn -56.88858 11.851553 -81.383224
vn -19.625259 -47.887245 -85.566711
vn -19.624956 -40.041168 -89.507347
vn -19.62608 -47.886906 -85.566711
vn -19.62462 -40.043064 -89.506577
vn -19.624386 -29.827511 -93.408791
vn -19.623737 -29.828922 -93.408485
vn -19.676205 -9.442935 -97.58934
vn -19.673449 -9.4381685 -97.590347
vn -17.339014 17.340532 -96.946701
vn -17.339417 17.339399 -96.946838
vn -16.486643 23.55072 -95.778679
vn -16.486485 23.552391 -95.77829
vn 46.40704 14.943871 -87.310181
vn 53.616993 11.828148 -83.578194
vn 46.407574 14.944828 -87.309738
vn 53.616692 11.825559 -83.578735
vn 19.674852 -9.4430017 -97.5896
vn 19.673277 -9.4465017 -97.589577
vn 17.339367 17.340376 -96.946678
vn 19.623411 -29.823833 -93.410172
vn 17.339611 17.339632 -96.946754
vn 19.624748 -29.827217 -93.408806
vn 16.486795 23.550644 -95.778679
vn 16.485981 23.55209 -95.778458
vn 19.62953 -40.042107 -89.505936
vn 19.624952 -40.041164 -89.507347
vn 19.625233 -47.887314 -85.566666
vn 19.626097 -47.886631 -85.566856
vn -49.537487 14.154732 -85.70694
vn -40.038223 15.701486 -90.279587
vn -40.038872 15.701761 -90.279243
vn -49.537228 14.153066 -85.707382
vn 95.554283 -29.219734 -3.9480631
vn 93.394386 -35.31715 5.4943757
vn 95.554268 -29.2197 -3.9484975
vn 44.166721 22.872929 -86.753265
vn 31.503981 14.963528 -93.720825
vn 44.165943 22.872427 -86.753799
vn 31.502539 14.964084 -93.721214
vn -6.2821908 -25.127714 96.58744
vn -6.2836065 -25.127279 96.587448
vn -26.74926 -14.94663 95.18969
vn -26.747173 -14.947852 95.190079
vn 79.227806 8.6300697 60.402626
vn 82.635399 -25.185757 50.36932
vn 79.228577 8.6294794 60.401695
vn 82.636551 -25.18651 50.367043
vn 82.636711 -25.183533 50.368267
vn 75.655739 -49.649128 42.55788
vn 82.637337 -25.18339 50.367325
vn 50.381542 27.553852 -81.868713
vn 48.182434 48.968761 -72.667137
vn 50.380672 27.551125 -81.870163
vn 48.181316 48.97274 -72.665207
vn 50.380371 27.55378 -81.869453
vn 45.493759 8.6304522 -88.633133
vn 50.381065 27.554487 -81.86879
vn 45.493164 8.6299324 -88.633492
vn 45.493191 8.6278229 -88.633682
vn 38.637928 11.829532 -91.472244
vn 45.494205 8.6290398 -88.633057
vn 38.639633 11.827356 -91.471809
vn 38.638458 11.827187 -91.472336
vn 32.375301 23.688951 -91.600624
vn 38.637611 11.827029 -91.47271
vn 32.37767 23.690792 -91.599312
vn 36.135422 15.708734 -91.910088
vn 32.377453 23.688946 -91.599861
vn 32.376842 23.688595 -91.600166
vn 36.134563 15.711314 -91.910004
vn 40.729515 73.623856 -54.0429
vn 48.181095 48.972206 -72.665703
vn 40.726982 73.625732 -54.042255
vn 48.181957 48.970989 -72.665947
vn -38.639717 11.825917 -91.471962
vn -44.236885 8.6904917 -89.261261
vn -38.63913 11.828514 -91.471878
vn -44.235477 8.6891766 -89.262077
vn -44.235653 8.690774 -89.261848
vn -48.871189 27.588602 -82.767601
vn -44.235741 8.6879673 -89.262077
vn -48.871178 27.590038 -82.767136
vn -48.872627 27.587591 -82.767097
vn -47.296543 48.875099 -73.309349
vn -47.296246 48.875076 -73.309563
vn -48.870953 27.587246 -82.768204
vn -69.088455 3.1404254 -72.228279
vn -80.203896 21.231009 -55.826336
vn -69.089165 3.1405737 -72.227577
vn -80.2034 21.229052 -55.827782
vn -64.72715 -20.524687 -73.410736
vn -64.728058 -20.521908 -73.410706
vn 90.535934 -41.729092 7.8693762
vn 93.394669 -35.316692 5.4926643
vn 93.394691 -35.316532 5.4932489
vn 18.953218 -42.643192 88.443954
vn 32.378586 -57.648319 75.02198
vn 32.377899 -57.647346 75.023033
vn 18.954021 -42.643566 88.443611
vn 50.426174 60.667313 61.454685
vn 54.273598 77.872253 31.468828
vn 50.424721 60.666485 61.456699
vn 31.504932 14.96478 -93.720291
vn 37.805183 14.965718 -91.360786
vn 31.50346 14.963957 -93.720932
vn 37.805012 14.964499 -91.361061
vn -26.749125 -14.94675 95.189697
vn -26.746523 -14.947438 95.190315
vn -22.835976 -15.750128 96.075241
vn -22.835827 -15.749889 96.075317
vn -38.638596 11.827723 -91.472198
vn -32.375824 23.689785 -91.60022
vn -32.375301 23.689919 -91.600372
vn -38.638535 11.827551 -91.472252
vn 12.638132 9.4777088 -98.744362
vn 23.691412 30.008984 -92.402267
vn 12.638636 9.4788895 -98.744186
vn 23.691732 30.009142 -92.402145
vn -10.994586 9.4255266 -98.945847
vn -22.725027 30.558207 -92.464966
vn -10.993804 9.4235363 -98.946106
vn -22.724846 30.561056 -92.464058
vn 95.554642 -29.218849 -3.946018
vn 94.464973 -28.339945 -16.529287
vn 95.554657 -29.218515 -3.9478772
vn 94.464081 -28.341612 -16.531469
vn 39.336128 -36.974728 -84.175644
vn 38.421364 -32.933784 -86.250587
vn 39.333828 -36.975471 -84.176392
vn 38.421402 -32.930389 -86.251862
vn 39.504276 -41.082088 -82.168579
vn 39.504631 -41.084587 -82.16716
vn 39.339844 -44.846375 -80.256958
vn -38.421257 -32.933197 -86.250862
vn -39.335415 -36.974678 -84.175995
vn -39.333706 -36.975609 -84.176392
vn -38.421089 -32.933403 -86.250854
vn -39.503704 -41.082104 -82.168831
vn -39.503532 -41.084831 -82.167557
vn -39.338516 -44.846725 -80.257423
vn 61.621685 -18.166967 -76.633736
vn 61.393822 -12.59219 -77.924553
vn 61.620922 -18.171551 -76.633255
vn 61.393654 -12.592185 -77.92469
vn 60.533504 -22.793705 -76.263641
vn 60.536026 -22.799623 -76.259865
vn 59.807098 -26.756256 -75.546104
vn 59.807621 -26.757067 -75.54541
vn 60.622414 -29.129189 -74.002792
vn 60.622208 -29.128918 -74.003052
vn 61.469448 -29.158306 -73.289162
vn 61.466812 -29.158875 -73.291138
vn -61.620564 -18.171902 -76.633461
vn -61.395542 -12.595391 -77.922676
vn -61.621563 -18.161922 -76.635017
vn -61.39555 -12.594885 -77.922752
vn -60.526634 -22.778624 -76.273605
vn -60.534172 -22.803488 -76.260178
vn -59.806221 -26.758089 -75.546143
vn -59.807785 -26.757507 -75.545128
vn -60.61964 -29.129532 -74.004921
vn -60.621429 -29.129114 -74.003624
vn -61.467815 -29.158499 -73.290451
vn -61.467945 -29.158348 -73.290398
vn 24.380068 -14.156242 95.943802
vn 24.311096 -10.195 96.462593
vn 24.314768 -10.195869 96.461578
vn 24.377306 -14.154703 95.944725
vn 21.999088 -4.7135272 97.436249
vn 22.000021 -4.7139888 97.43602
vn 18.075092 4.7156549 98.239784
vn 22.002096 -4.7143736 97.435524
vn 22.000534 -4.7151003 97.43586
vn 18.075176 4.7151761 98.239777
vn 9.4855614 17.389572 98.018501
vn 9.4856005 17.390097 98.01841
vn -49.468536 -49.467419 71.455154
vn -51.013935 -40.026257 76.128044
vn -49.468693 -49.469658 71.453499
vn -50.895927 -40.194691 76.118279
vn -33.140293 22.882772 -91.53196
vn -6.2857924 12.57246 -99.007179
vn -6.2861366 12.571212 -99.007309
vn -33.142982 22.882893 -91.53096
vn -5.5128174 10.25226 -99.320183
vn -6.2865591 12.573597 -99.006989
vn -6.2871943 12.573636 -99.006943
vn -5.5134535 10.247013 -99.320694
vn -9.467226 33.132645 -93.875458
vn -9.4658966 33.134941 -93.874779
vn -9.4671583 33.131439 -93.875885
vn -17.32056 55.896374 -81.090034
vn -9.4673128 33.131096 -93.875977
vn -17.319834 55.896896 -81.089828
vn 33.140747 22.882492 -91.53186
vn 6.2858343 12.572506 -99.007172
vn 33.138977 22.882498 -91.532494
vn 6.286489 12.571363 -99.007278
vn 6.2864914 12.573629 -99.006989
vn 5.5232434 10.241777 -99.320694
vn 6.2871108 12.573677 -99.006943
vn 5.518394 10.247307 -99.320389
vn 9.4672499 33.132614 -93.875458
vn 9.4659109 33.134911 -93.874779
vn 9.4672785 33.131107 -93.875984
vn 17.320444 55.89642 -81.090034
vn 9.4671812 33.131405 -93.8759
vn 17.319481 55.897034 -81.089806
vn -58.166565 -53.453552 61.31369
vn -58.170025 -53.452202 61.311584
vn -62.931126 -40.90712 66.07785
vn -62.931763 -40.905445 66.078262
vn 8.6717663 22.86142 -96.964714
vn 7.8563652 11.784491 -98.991943
vn 8.6697388 22.860464 -96.965118
vn 7.8564115 11.784004 -98.991989
vn 7.8560114 11.783193 -98.992119
vn 12.640417 9.4801159 -98.743843
vn 7.8566208 11.782599 -98.992142
vn 12.639664 9.4796543 -98.743973
vn -35.450119 15.753293 -92.168991
vn -32.376904 23.688774 -91.600098
vn -35.449791 15.754591 -92.168892
vn -32.376106 23.689095 -91.600304
vn 16.486526 23.553101 -95.778122
vn 21.343872 9.4857788 -97.234039
vn 16.486614 23.55431 -95.777809
vn 21.350054 9.4848118 -97.23278
vn 29.210356 4.7359686 -95.521339
vn 29.209761 4.7363663 -95.521507
vn 37.862362 27.607372 -88.341805
vn 37.861847 27.608505 -88.341667
vn -6.2922587 11.797172 -99.102142
vn -10.994527 9.4233694 -98.946037
vn -6.2920847 11.797221 -99.102142
vn -10.992503 9.4225397 -98.946358
vn -6.2911382 11.796472 -99.102287
vn -7.8898311 22.877316 -97.027718
vn -6.2930346 11.798156 -99.101967
vn -7.889997 22.877136 -97.027748
vn -16.487156 23.554041 -95.777779
vn -21.326342 10.30872 -97.154083
vn -16.486706 23.552881 -95.77813
vn -21.326332 10.269705 -97.158218
vn -29.209173 4.7365603 -95.521667
vn -29.20866 4.7369843 -95.521812
vn -37.860195 27.60747 -88.342705
vn -37.859718 27.608576 -88.342583
vn 3.1379011 29.009865 95.648209
vn 9.4855976 17.389166 98.01857
vn 9.4860573 17.388912 98.018578
vn 3.1382964 29.009115 95.648422
vn 0.78684616 -32.330696 94.626152
vn -15.787148 -62.356892 76.566216
vn -15.787157 -62.35854 76.564857
vn 0.78690499 -32.331661 94.625816
vn 3.1370168 29.00569 95.649506
vn 2.3625662 36.300518 93.148758
vn 3.1367972 29.005682 95.649513
vn -63.972389 -59.229671 48.983448
vn -68.523476 -67.731865 26.775497
vn -68.523834 -67.731377 26.775816
vn -63.714748 -18.876364 -74.726929
vn -61.469452 -29.157787 -73.28936
vn -63.714695 -18.876286 -74.727005
vn -61.469887 -29.157427 -73.289131
vn -64.705032 -8.6783552 -75.749229
vn -63.715466 -18.876738 -74.726242
vn -63.715424 -18.87668 -74.72628
vn 14.125587 13.342353 -98.094086
vn 8.6699915 22.862822 -96.964539
vn 14.125222 13.342425 -98.094124
vn 8.6712284 22.861565 -96.964737
vn 32.378975 -57.649822 75.020668
vn 45.9188 -71.256126 53.047413
vn 45.922253 -71.256065 53.044502
vn 32.377415 -57.647346 75.023239
vn -7.8888416 22.876188 -97.028061
vn -13.354246 13.353586 -98.200531
vn -13.355017 13.353247 -98.20047
vn -7.8864465 22.877781 -97.027885
vn -58.167213 -53.452679 61.313828
vn -52.739376 -54.313576 65.33448
vn -52.740074 -54.313396 65.334038
vn -58.169056 -53.452557 61.312206
vn 14.174043 20.471766 -96.850395
vn 14.174 20.472311 -96.850288
vn 2.2429411 19.7202 -98.010612
vn -52.73978 -54.313927 65.333847
vn -49.012348 -54.548149 67.987419
vn -49.012497 -54.548008 67.987427
vn -52.738808 -54.314209 65.334404
vn -30.768377 -26.034197 -91.517914
vn -28.426567 -7.893569 -95.549057
vn -30.768665 -26.036406 -91.517174
vn -28.367237 -7.9161243 -95.564827
vn -29.098188 15.728811 -94.371078
vn -29.097954 15.728813 -94.371147
vn -29.097694 15.729688 -94.371071
vn -38.650097 20.506199 -89.920334
vn -29.09758 15.730124 -94.371048
vn -38.650146 20.50642 -89.920258
vn -38.649147 20.509783 -89.919914
vn -47.456341 6.3272662 -87.794426
vn -38.650227 20.50634 -89.920242
vn -47.45583 6.3278136 -87.794662
vn -50.594975 3.9513409 -86.165741
vn -50.594574 3.9524443 -86.165924
vn -52.631706 23.567909 -81.697357
vn -52.632278 23.568155 -81.696915
vn -52.631165 23.566496 -81.698112
vn -55.94598 40.185524 -72.492569
vn -52.631168 23.568171 -81.697624
vn -55.94577 40.188271 -72.491203
vn 48.739326 63.677948 -59.746094
vn 48.73856 63.67733 -59.747372
vn 61.450546 50.42395 -60.67334
vn 28.428415 -7.8981161 -95.548126
vn 29.098051 15.728668 -94.37114
vn 28.423019 -7.8981514 -95.549728
vn 29.097752 15.728591 -94.371239
vn 30.768351 -26.034239 -91.517921
vn 30.76877 -26.036289 -91.517189
vn 29.097324 15.730154 -94.371124
vn 38.650112 20.506235 -89.920319
vn 29.097462 15.729719 -94.371147
vn 38.650192 20.506458 -89.920227
vn 38.65023 20.506336 -89.920235
vn 47.456284 6.3272705 -87.794456
vn 38.649162 20.509779 -89.919914
vn 47.455818 6.3279395 -87.794662
vn 50.594921 3.9513631 -86.165771
vn 50.59454 3.9523993 -86.165962
vn 52.061264 23.664301 -82.034286
vn 52.061398 23.664982 -82.034019
vn 52.060455 23.665321 -82.034531
vn 55.945801 40.185543 -72.492683
vn 52.060722 23.663048 -82.035004
vn 55.945534 40.188068 -72.491501
vn -49.467796 -49.4678 71.455406
vn -49.013893 -54.546684 67.987465
vn -49.014122 -54.546844 67.987206
vn -49.468197 -49.468506 71.454628
vn -26.074331 77.42202 -57.671143
vn -33.046879 82.615837 -45.634712
vn -26.074059 77.422577 -57.670521
vn -33.04562 82.615311 -45.636562
vn -39.449234 -45.761742 79.684509
vn -25.997103 -63.80917 72.474419
vn -39.449169 -45.76025 79.685387
vn -25.997852 -63.808716 72.474541
vn -48.981728 -21.330133 84.532913
vn -48.972569 -29.224108 82.144012
vn -52.550686 -26.66469 80.79245
vn -38.706795 10.269311 -91.631462
vn -14.172515 20.473228 -96.850327
vn -14.175017 20.471367 -96.850365
vn -38.704945 10.268635 -91.632332
vn -14.171486 20.472124 -96.850716
vn -14.171494 20.472042 -96.850739
vn -3.1611269 19.753937 -97.978516
vn -29.235649 64.798492 -70.330864
vn 4.7058077 62.781769 -77.693657
vn -29.234451 64.798347 -70.331505
vn 4.7055721 62.78075 -77.694504
vn -76.566422 -31.573389 -56.041981
vn -78.118919 -17.358948 -59.967484
vn -78.118286 -17.35927 -59.968216
vn 45.921818 -71.255119 53.046173
vn 53.661697 -76.546021 35.512386
vn 45.920166 -71.256363 53.045929
vn 61.394447 -12.59316 -77.923904
vn 55.021732 -5.5020304 -83.320686
vn 61.395985 -12.593147 -77.922699
vn 55.021847 -5.5043302 -83.320457
vn 38.45842 9.417367 -91.827362
vn 38.458714 9.4165611 -91.827301
vn -61.394302 -12.593552 -77.923958
vn -55.021606 -5.5019884 -83.32077
vn -55.025246 -5.4957142 -83.318779
vn -61.394848 -12.59366 -77.9235
vn -38.704998 10.269989 -91.632149
vn -38.70612 10.268923 -91.63179
vn 72.243004 -69.104294 -2.3545508
vn 72.243004 -69.104294 -2.3545542
vn 72.243011 -69.104294 -2.3545411
vn -74.612419 -63.619892 -19.634039
vn -80.005829 -40.00161 -44.70948
vn -74.614586 -63.617115 -19.634804
vn -80.005737 -40.002987 -44.708427
vn -74.614464 -63.616829 -19.636244
vn -68.520355 -67.733986 26.778126
vn -68.520889 -67.733795 26.777231
vn -74.615646 -63.615467 -19.636173
vn 38.45628 9.4168596 -91.828308
vn 14.171687 20.472855 -96.850525
vn 38.455685 9.417346 -91.828499
vn 14.170747 20.473328 -96.850571
vn 51.251022 74.113266 -43.365391
vn 44.986511 80.501373 -38.674843
vn 51.250351 74.11322 -43.366268
vn 82.531128 -44.017982 -35.3699
vn 89.220398 -26.843449 -36.32011
vn 82.531929 -44.016098 -35.370399
vn 89.220268 -26.844799 -36.319424
vn 57.472481 -70.858025 -40.939678
vn 82.531105 -44.017262 -35.370827
vn 57.47123 -70.856956 -40.943249
vn 82.532524 -44.0158 -35.36937
vn 66.773071 51.845154 -53.417572
vn 66.773285 51.845066 -53.417404
vn 64.466309 58.913742 -48.716187
vn -39.297779 29.079191 -87.235817
vn 8.6868305 4.7378302 -99.509254
vn 8.6888075 4.7390895 -99.509018
vn -39.297218 29.077887 -87.236504
vn 29.917658 -13.385158 -94.476295
vn 8.687377 4.7383623 -99.509178
vn 8.6884041 4.7369347 -99.509155
vn 29.917917 -13.386141 -94.476089
vn -8.6873169 4.7381196 -99.509209
vn 39.284019 26.71306 -87.995331
vn -8.6858253 4.7370129 -99.509377
vn 48.873566 27.588974 -82.766083
vn -8.6886158 4.7375965 -99.509117
vn -29.916277 -13.382625 -94.477097
vn -8.6868763 4.7402368 -99.509125
vn -29.917288 -13.38341 -94.476662
vn -44.023788 -68.393127 58.17461
vn -49.52879 -78.621193 36.954121
vn -49.529423 -78.620842 36.953999
vn 23.67738 -3.9456763 -97.076332
vn 29.096714 -15.728201 -94.371628
vn 29.097731 -15.728483 -94.371292
vn 23.679462 -3.9456651 -97.075829
vn 22.141708 7.1452827 -97.255798
vn 33.823132 -19.665157 -92.028679
vn 29.099884 -15.729021 -94.370529
vn 29.096838 -15.728171 -94.371597
vn 33.822018 -19.662294 -92.029701
vn 36.139149 -25.924782 -89.564873
vn 33.822636 -19.664606 -92.028969
vn 33.821945 -19.665314 -92.029076
vn 36.14101 -25.925282 -89.56398
vn 36.139862 -25.926275 -89.564156
vn 38.420898 -32.931469 -86.251686
vn 36.13945 -25.925514 -89.564545
vn 38.420868 -32.933365 -86.250969
vn -29.096645 -15.728237 -94.371651
vn -23.677313 -3.9456842 -97.076347
vn -29.097763 -15.728486 -94.371262
vn -23.67934 -3.9457352 -97.075859
vn -22.140335 7.1214423 -97.257858
vn -29.099438 -15.728909 -94.370674
vn -33.823055 -19.665442 -92.028641
vn -29.097059 -15.728133 -94.371536
vn -33.822411 -19.662767 -92.029449
vn -33.822746 -19.664095 -92.029053
vn -36.14043 -25.928221 -89.56337
vn -33.821602 -19.665531 -92.02916
vn -36.139996 -25.925571 -89.564308
vn -38.420784 -32.931393 -86.251755
vn -36.139244 -25.925724 -89.564568
vn -36.139084 -25.925175 -89.564796
vn -38.420521 -32.933762 -86.250969
vn 4.707572 62.780636 -77.694473
vn 4.7078705 62.781185 -77.694008
vn 23.612942 55.884434 -79.494408
vn -29.236448 64.797302 -70.331627
vn -59.87196 50.419636 -62.235107
vn -29.236946 64.796371 -70.33226
vn -59.87392 50.417934 -62.234592
vn -64.846977 -51.404068 -56.147049
vn -64.728188 -20.522564 -73.4104
vn -64.848389 -51.401676 -56.147621
vn -64.726761 -20.523497 -73.4114
vn 28.364727 65.402306 -70.128304
vn 28.364077 65.402512 -70.128387
vn 27.513069 79.384369 -54.232407
vn -54.422504 -13.40931 82.815346
vn -54.421116 -13.409699 82.816193
vn -55.783279 -26.72308 78.575462
vn 51.249123 74.114784 -43.365021
vn 67.043221 53.635185 -51.268631
vn 51.248669 74.115181 -43.364899
vn 67.041542 53.635937 -51.27005
vn -59.962147 -78.896317 -13.413136
vn -49.530933 -78.620155 36.953445
vn -59.962116 -78.896263 -13.413509
vn -49.529793 -78.621376 36.952393
vn 66.772125 51.847218 -53.416759
vn 75.574265 29.916204 -58.254192
vn 75.575317 29.913479 -58.254246
vn 66.772102 51.845352 -53.41861
vn -25.998137 -63.80806 72.475021
vn -15.788496 -62.358021 76.565002
vn -15.78618 -62.357605 76.565819
vn -25.997749 -63.807304 72.475815
vn -64.844719 -51.404938 -56.148884
vn -59.959602 -78.898254 -13.413159
vn -64.845535 -51.4039 -56.148857
vn -59.961311 -78.897263 -13.411337
vn 63.899986 -69.419525 -33.131878
vn 62.962555 -59.811588 -49.581154
vn 62.961872 -59.812096 -49.581421
vn -53.714973 -46.607162 70.302734
vn -47.220398 -30.690994 82.633522
vn -53.714508 -46.604965 70.304543
vn -48.969059 -29.224913 82.145813
vn 63.846725 -41.779427 -64.638031
vn 63.874371 -31.542471 -70.179321
vn 63.872993 -31.53997 -70.181694
vn 63.847595 -41.778488 -64.637772
vn 45.607922 64.480057 -61.337101
vn 45.440357 68.943665 -56.408726
vn 37.057457 59.923016 -70.964615
vn 59.060295 38.588413 -70.871834
vn 45.60767 64.47979 -61.337566
vn 59.059864 38.586124 -70.873436
vn 49.444233 66.711128 -55.721581
vn -44.084492 -23.617167 -86.595528
vn -29.917971 -13.384892 -94.476242
vn -44.083527 -23.618727 -86.595596
vn -29.918327 -13.382527 -94.476463
vn 44.08382 -23.618725 -86.595451
vn 29.91814 -13.384789 -94.476196
vn 44.084812 -23.617018 -86.595406
vn 29.918522 -13.38236 -94.476425
vn 75.574837 29.912241 -58.255486
vn 80.402786 14.976871 -57.542011
vn 80.40345 14.975945 -57.541363
vn 75.574425 29.915562 -58.254299
vn -14.981318 52.826878 -83.575592
vn -26.074112 77.42379 -57.668865
vn -26.073736 77.421455 -57.672161
vn -14.981047 52.826908 -83.575623
vn 62.958992 -59.81279 -49.584221
vn 63.848991 -41.776257 -64.63784
vn 63.849281 -41.777615 -64.636673
vn 62.958015 -59.816326 -49.581207
vn 63.873417 -31.542494 -70.180191
vn 47.349361 -18.938627 -86.019569
vn 47.350151 -18.939177 -86.019028
vn 63.872932 -31.540241 -70.181633
vn 66.207817 -3.1514215 -74.877182
vn 61.46999 -29.157084 -73.289192
vn 66.207741 -3.1507933 -74.877289
vn 61.468143 -29.159235 -73.289879
vn 66.841339 22.817608 -70.792595
vn -52.657921 -28.293819 -80.166092
vn -44.085999 -23.617815 -86.594597
vn -52.65683 -28.296463 -80.165871
vn -44.084908 -23.616974 -86.595367
vn 44.085209 -23.617851 -86.594986
vn 52.658115 -28.294254 -80.16581
vn 52.658157 -28.293375 -80.166084
vn 44.085224 -23.61688 -86.59523
vn -49.516075 57.379726 65.235909
vn -48.722553 64.442039 58.935005
vn -49.516247 57.379551 65.235939
vn 74.686966 27.517332 -60.536381
vn 70.991859 18.932512 -67.835953
vn 74.687157 27.51527 -60.537075
vn 70.991341 18.931519 -67.836754
vn 74.687401 27.518171 -60.535465
vn 67.043999 53.63385 -51.269009
vn 74.687607 27.515842 -60.536251
vn 67.043747 53.635303 -51.267834
vn 35.353252 -3.1425126 -93.489418
vn 51.088268 7.0734882 -85.673538
vn 51.089626 7.0742188 -85.672668
vn 35.353859 -3.1419621 -93.489212
vn 33.155487 -8.6843805 -93.943047
vn 33.157639 -8.682888 -93.942429
vn 47.349644 -18.940241 -86.019066
vn 47.351093 -18.941525 -86.017982
vn 26.734459 44.033287 -85.710793
vn 28.365957 65.399452 -70.130486
vn 28.607645 65.433029 -70.000862
vn 26.736292 44.033165 -85.710274
vn -50.189598 -6.2739062 86.264946
vn -34.652378 3.939018 93.721375
vn -50.189102 -6.2726622 86.265335
vn -34.654629 3.9365478 93.72065
vn -31.52445 7.8811641 94.573242
vn -31.52494 7.8806105 94.573112
vn -45.549168 18.061657 87.172546
vn -45.550465 18.064754 87.171204
vn -10.220684 56.624092 -81.787834
vn 3.9328828 57.406624 -81.786385
vn 3.9332151 57.406338 -81.786568
vn -10.222475 56.62291 -81.788422
vn 3.9332397 57.407295 -81.785896
vn 24.447418 50.467529 -82.797043
vn 3.9328735 57.40757 -81.785713
vn 24.447792 50.465897 -82.797935
vn -49.520111 57.377731 65.234619
vn -59.599052 42.347267 68.225082
vn -49.520374 57.378441 65.233795
vn -59.60025 42.347054 68.224174
vn -61.423347 -46.460583 63.785477
vn -61.162334 -50.184113 61.161453
vn -61.162151 -50.184685 61.161167
vn -61.423145 -46.460609 63.785637
vn -53.715179 -46.605762 70.303497
vn -61.421978 -46.461796 63.785908
vn -53.715263 -46.60656 70.302902
vn -61.421436 -46.461563 63.786617
vn 44.159119 19.713734 87.529083
vn 51.872318 -10.217806 84.881439
vn 44.158073 19.712471 87.529892
vn 51.872276 -10.21801 84.881439
vn 53.53809 -23.616215 81.092216
vn -74.221313 37.901196 -55.269325
vn -59.873688 50.41914 -62.23386
vn -59.873348 50.41795 -62.235142
vn -63.048512 31.523664 70.930557
vn -45.549221 18.063128 87.172195
vn -63.048832 31.522444 70.930809
vn -45.548176 18.061848 87.173012
vn 25.980896 39.365204 -88.178085
vn 26.735188 44.0336 -85.710388
vn 26.735199 44.0331 -85.710655
vn 25.981831 39.365837 -88.177513
vn 70.990189 18.931173 -67.838066
vn 59.059448 38.587685 -70.872925
vn 59.058792 38.586433 -70.874161
vn 70.99292 18.931585 -67.835098
vn -61.495197 -1.5774349 -78.840675
vn -61.493607 -1.5751997 -78.84198
vn -59.891571 -18.123098 -78.003563
vn 12.638268 -9.477644 98.744354
vn -4.7267418 -29.929197 95.299011
vn -4.7264023 -29.930153 95.298714
vn 12.639432 -9.4799032 98.743996
vn 12.604517 -34.660942 92.950241
vn -13.414865 -9.4683971 98.642746
vn 12.603468 -34.658123 92.951424
vn -13.414894 -9.4688234 98.642708
vn -60.759365 -28.40662 -74.171188
vn -52.659286 -28.293987 -80.165131
vn -60.758389 -28.407936 -74.171478
vn -52.657902 -28.293592 -80.166183
vn -68.433784 -25.172075 -68.433784
vn -60.759319 -28.40732 -74.170944
vn -60.758286 -28.406452 -74.172127
vn -68.433945 -25.171101 -68.433983
vn 60.757267 -28.406239 -74.173035
vn 52.65646 -28.293427 -80.167198
vn 52.657974 -28.29484 -80.165703
vn 60.758133 -28.408205 -74.17157
vn 60.757427 -28.40527 -74.173264
vn 68.434029 -25.171238 -68.433846
vn 60.759823 -28.405708 -74.17115
vn 68.433746 -25.170219 -68.434517
vn -34.547916 22.746534 91.044144
vn -23.666864 38.652401 89.13961
vn -23.666809 38.652405 89.139618
vn 23.666454 38.653812 89.139099
vn 34.516907 22.77717 91.048256
vn 23.665495 38.653244 89.13961
vn -57.366306 -62.078041 53.436188
vn -61.162533 -50.183445 61.1618
vn -61.162579 -50.182903 61.162201
vn -57.364635 -62.080505 53.435104
vn -63.04829 31.524332 70.93045
vn -59.598438 42.347736 68.225327
vn -63.047916 31.523296 70.931244
vn -59.599869 42.346359 68.22493
vn 54.573204 25.309217 79.882469
vn 50.4259 60.668266 61.453976
vn 50.423759 60.669685 61.454327
vn 54.574383 25.307686 79.882156
vn -28.281515 -41.633034 86.410912
vn 2.5704503e-05 -32.328758 94.630081
vn -0.00034719706 -32.331287 94.629219
vn -28.280554 -41.632938 86.411285
vn 84.396004 -18.142509 50.479332
vn 75.412605 7.8550525 65.2015
vn 75.414803 7.8563423 65.198807
vn 84.395477 -18.140074 50.481098
vn 70.545258 21.940037 67.394363
vn -57.473743 -15.744418 80.304924
vn -70.20813 -5.5227599 70.995186
vn -70.206429 -5.5208936 70.997025
vn -57.472931 -15.747051 80.305008
vn -84.251854 14.171736 51.96909
vn -70.207687 -5.5230532 70.995613
vn -70.20652 -5.5236783 70.996719
vn -84.251785 14.17101 51.969398
vn -88.797043 25.146372 38.506393
vn -84.252205 14.175447 51.967514
vn -84.25248 14.172383 51.967911
vn -88.797379 25.146118 38.505829
vn 14.94236 62.913128 -76.280167
vn 25.133532 64.399803 -72.256279
vn 14.94205 62.911385 -76.28167
vn 25.133747 64.400459 -72.255623
vn 50.426208 60.668079 61.453896
vn 54.278137 77.871841 31.462046
vn 54.275227 77.873688 31.462488
vn 94.585136 15.764328 28.374924
vn 69.066772 64.365181 32.968246
vn 81.274704 57.611691 8.6784906
vn 71.663246 29.923931 62.999496
vn 53.050732 -55.425781 64.137375
vn 47.263725 -59.084587 65.384628
vn 47.263584 -59.084278 65.385017
vn 33.742107 -82.398842 -45.518135
vn 57.471611 -70.857224 -40.942261
vn 57.471634 -70.857452 -40.941837
vn -71.094475 18.17038 67.936829
vn -79.228233 8.6297865 60.402107
vn -79.228409 8.6302958 60.40181
vn -71.095863 18.170158 67.93544
vn 71.094551 18.170607 67.936699
vn 79.228355 8.6297255 60.401951
vn 71.095444 18.170052 67.935905
vn 79.228035 8.6302309 60.40229
vn -57.36512 -62.078926 53.436409
vn -39.496536 -81.366501 42.655769
vn -39.499477 -81.363861 42.658096
vn -57.36652 -62.078392 53.435539
vn -54.421593 -13.407045 82.816299
vn -47.225658 16.531069 86.582115
vn -47.225262 16.528856 86.582748
vn -54.420841 -13.408695 82.816528
vn -23.670948 -90.741867 34.721752
vn -39.496212 -81.365189 42.658596
vn -39.497238 -81.365616 42.656834
vn 65.060081 74.466843 -14.895507
vn 73.536644 64.048409 22.139635
vn 65.060493 74.46653 -14.89535
vn -4.7249346 -29.927238 95.299728
vn -4.7245936 -29.927589 95.299629
vn -18.951715 -42.643307 88.444237
vn 81.278641 57.605827 8.6804533
vn 69.072975 64.361641 32.962128
vn 66.07476 74.725883 -7.0828919
vn 47.267681 -59.082409 65.383751
vn 29.088671 -65.253151 69.970535
vn 47.267361 -59.081799 65.384529
vn 29.088671 -65.252266 69.971352
vn 67.893562 0.77907628 73.415649
vn 67.893578 0.77907926 73.415642
vn 67.893593 0.7790876 73.415627
vn -26.014545 -14.978147 95.388145
vn -1.5709476 -25.909969 96.572273
vn -1.5708551 -25.908831 96.572586
vn -26.013807 -14.976709 95.388565
vn -87.504547 38.629322 29.167238
vn -83.527283 49.641949 23.640396
vn -87.504478 38.629398 29.167377
vn 29.989746 26.832296 -91.54586
vn 39.381016 19.687763 -89.785995
vn 29.989037 26.832153 -91.546127
vn 39.380032 19.68947 -89.786057
vn -0.79233211 10.261344 -99.468979
vn -14.981379 52.827641 -83.575104
vn -0.78898686 10.263446 -99.468781
vn -14.980343 52.825798 -83.576462
vn 12.639065 -9.480135 98.744019
vn 16.559198 3.1545627 98.568977
vn 12.639125 -9.4800253 98.744011
vn 16.558104 3.1546965 98.569138
vn 12.62003 16.564281 97.80777
vn 12.620793 16.563908 97.807732
vn 12.620516 16.56398 97.807762
vn 5.5256343 31.5742 94.72348
vn 12.620349 16.56213 97.80809
vn 5.5248566 31.576511 94.722755
vn -16.55991 3.1539953 98.568855
vn -13.415134 -9.467824 98.642769
vn -13.415325 -9.4698296 98.64254
vn -16.560068 3.1540177 98.568832
vn -12.620166 16.564213 97.807755
vn -12.620732 16.564041 97.807732
vn -5.5258503 31.57436 94.723419
vn -12.620558 16.564156 97.807724
vn -12.620059 16.562588 97.808044
vn -5.5249462 31.576319 94.722809
vn 39.357628 38.575653 -83.44397
vn 24.445263 50.465561 -82.798897
vn 39.358177 38.573883 -83.444527
vn 24.444536 50.465706 -82.799004
vn 33.761318 49.464951 -80.083664
vn 24.438166 41.774784 -87.507965
vn 33.760643 49.465649 -80.083519
vn 27.499643 -18.85635 94.27729
vn 12.639544 -9.4790192 98.744064
vn 12.63965 -9.4799356 98.743973
vn 27.498144 -18.857903 94.27742
vn 73.536377 64.049057 22.13863
vn 65.059837 74.46711 -14.895207
vn 73.537025 64.048454 22.138216
vn -14.189293 -9.459341 98.535179
vn -15.779677 -13.413169 97.83194
vn -15.780754 -13.412719 97.831818
vn -14.188284 -9.4588737 98.535378
vn 81.276794 57.608242 8.681756
vn 66.074028 74.727058 -7.077426
vn 59.978043 74.184258 -29.988813
vn -32.998581 -4.714026 94.280815
vn -16.482248 -10.203068 98.103172
vn -32.997433 -4.7146158 94.281181
vn -16.480631 -10.202511 98.103493
vn -41.815193 -26.824152 86.786835
vn -41.815586 -26.823252 86.786926
vn 73.535706 64.049637 22.13921
vn 80.254326 39.34164 44.849503
vn 80.253967 39.342548 44.84938
vn 73.536316 64.048706 22.13987
vn -40.145699 -7.0858645 91.313271
vn -29.156071 -18.91293 93.766853
vn -29.15534 -18.910107 93.767654
vn -40.145538 -7.0843349 91.313461
vn -29.887844 7.0805974 95.166069
vn -40.146523 -7.0849929 91.312981
vn -40.146507 -7.0833826 91.313103
vn -29.88891 7.0794969 95.165825
vn -29.916971 18.108019 93.68605
vn -29.916492 18.106976 93.686394
vn -32.260006 22.02936 92.054329
vn -32.258076 22.031803 92.054428
vn 54.237194 -56.589584 62.096268
vn 49.381607 -40.756634 76.813766
vn 54.236721 -56.589832 62.096447
vn 11.037296 -66.226768 74.109314
vn 11.037512 -66.226227 74.109772
vn 3.9346595 -64.510017 76.308418
vn -88.773056 27.494701 36.924034
vn -86.303886 34.521824 36.876598
vn -86.303909 34.521866 36.876503
vn -88.773056 27.494287 36.924389
vn 65.061096 74.466103 -14.894739
vn 61.955948 72.93409 -29.018599
vn 65.061279 74.465981 -14.894588
vn -88.797897 25.146973 38.50404
vn -87.505379 38.626179 29.168955
vn -87.505051 38.626648 29.169327
vn -88.797768 25.146929 38.504398
vn -11.026174 -33.080429 93.723587
vn -6.3052015 -10.242565 99.274033
vn -11.025878 -33.077305 93.724709
vn -6.3028679 -10.242712 99.274162
vn 9.4477787 -14.95929 98.422356
vn 9.4488258 -14.960567 98.422058
vn 32.200394 -22.777212 91.893051
vn 9.4487505 -14.959258 98.422264
vn 9.4472036 -14.961923 98.422012
vn 32.20153 -22.776749 91.892769
vn 34.525177 -9.4149437 93.377571
vn 26.778286 7.0883179 96.086838
vn 34.526424 -9.4145231 93.377151
vn 26.776398 7.0880189 96.087372
vn 26.769337 18.8962 94.479286
vn 26.769262 18.895781 94.479393
vn 29.131702 22.830198 92.898476
vn 29.129808 22.82906 92.899345
vn 32.199924 -22.77672 91.893326
vn 34.526329 -9.4142809 93.377213
vn 34.526516 -9.4151192 93.37706
vn 32.200939 -22.776138 91.89312
vn 29.090382 -65.251854 69.971016
vn 11.034809 -66.227325 74.109207
vn 29.091879 -65.25267 69.969643
vn 11.033792 -66.227776 74.108932
vn 19.736403 -13.422219 97.109818
vn -29.156807 -18.911573 93.766907
vn 19.738331 -13.424648 97.1091
vn -29.154419 -18.912037 93.767563
vn 12.60351 -34.65802 92.951462
vn 38.616489 -50.437759 77.232109
vn 38.615379 -50.436508 77.233482
vn 12.603138 -34.658649 92.951271
vn -49.613224 74.80191 -44.081779
vn -43.304928 70.07618 -56.69228
vn -43.305515 70.075829 -56.692265
vn -55.972492 -3.9406712 82.774094
vn -35.544361 -7.1069198 93.199196
vn -35.541546 -7.1088996 93.200119
vn -55.970753 -3.9418583 82.775215
vn -57.407688 -22.806002 78.639954
vn -57.407768 -22.806902 78.639641
vn 7.8402629 -21.95846 97.24379
vn -35.541981 -7.1076846 93.200043
vn -35.544167 -7.1072946 93.199226
vn 7.8421474 -21.957977 97.243759
vn -63.005775 -46.466339 62.218578
vn -57.408237 -22.807356 78.639153
vn -57.407372 -22.806719 78.639984
vn -63.006187 -46.467995 62.216934
vn -3.1471126 -27.56238 96.075035
vn 26.014133 -14.978158 95.388252
vn -3.151768 -27.562445 96.07486
vn 26.013029 -14.977033 95.388725
vn -26.036068 -18.934553 94.676315
vn -3.151258 -27.561775 96.075073
vn -3.1487913 -27.563015 96.074799
vn -26.03594 -18.936363 94.675995
vn 25.134081 64.40155 -72.254524
vn 37.862648 45.7505 -80.456909
vn 37.860924 45.75016 -80.457893
vn 25.134396 64.400085 -72.25573
vn -71.094505 18.16992 67.936913
vn -64.622208 21.277637 73.288689
vn -64.621658 21.276239 73.289581
vn -71.09581 18.167501 67.936203
vn -29.872068 7.8601079 95.109818
vn -30.753654 -15.769917 93.837746
vn -30.753208 -15.76917 93.838005
vn -29.869669 7.8595591 95.110611
vn -31.480356 25.970367 91.29364
vn -31.480274 25.969879 91.2938
vn -21.953173 -22.737307 94.873985
vn -30.754549 -15.76983 93.837471
vn -30.753502 -15.770323 93.837723
vn -21.95401 -22.739325 94.873291
vn 29.8696 7.8594966 95.110657
vn 31.480234 25.9704 91.293655
vn 31.563095 25.961792 91.267509
vn 29.871962 7.8600836 95.109871
vn 30.752838 -15.769302 93.838112
vn 30.75329 -15.770013 93.837845
vn 14.181616 -23.636374 96.125977
vn 30.753109 -15.770338 93.837852
vn 30.754105 -15.769848 93.837608
vn 14.183244 -23.635818 96.12587
vn 64.620308 21.277836 73.290314
vn 71.096786 18.167913 67.935066
vn 64.620811 21.278988 73.289536
vn 71.09642 18.168228 67.935364
vn -58.21542 -38.548725 71.588821
vn -50.19186 -6.2738118 86.263641
vn -58.216572 -38.547508 71.588547
vn -50.189526 -6.271575 86.265175
vn 33.758373 49.464901 -80.08493
vn 46.663124 54.573578 -69.600861
vn 33.758633 49.465412 -80.084503
vn 46.6651 54.572876 -69.600067
vn 14.176911 -10.240942 98.458817
vn 30.545965 -25.848215 91.645042
vn 30.548763 -25.848629 91.64399
vn 31.572569 -18.152664 93.132446
vn 32.998554 -4.714026 94.280815
vn 8.6438122 -11.003091 99.016235
vn 8.6454172 -11.001023 99.016319
vn 32.997425 -4.7146211 94.281181
vn 42.46336 -26.737259 86.498451
vn 42.462837 -26.73764 86.498589
vn -21.952585 -22.73958 94.873581
vn 8.6445017 -11.002399 99.016258
vn 8.6431236 -11.001163 99.016518
vn -21.95343 -22.738352 94.873672
vn 6.3098245 -10.242662 99.273735
vn 11.026029 -33.080444 93.723595
vn 11.025798 -33.077305 93.724731
vn 6.3028378 -10.242711 99.27417
vn 7.1083255 -14.218125 98.7285
vn 7.1086087 -14.217793 98.728523
vn 7.1085544 -14.216428 98.728729
vn -1.5685365 -25.908657 96.572678
vn 7.1080794 -14.217474 98.728607
vn -1.5723614 -25.910149 96.572212
vn 39.37888 19.690439 -89.786354
vn 36.259659 13.400245 -92.226196
vn 39.378796 19.691473 -89.786163
vn 36.261505 13.399315 -92.225601
vn -25.90218 -12.560802 95.766922
vn 14.184403 -23.638809 96.124969
vn 14.180906 -23.635725 96.126251
vn -25.905958 -12.560154 95.765976
vn 7.8433456 -21.957767 97.243706
vn 37.081474 -15.779903 91.520264
vn 37.081566 -15.780842 91.520058
vn 7.8408256 -21.957081 97.244064
vn -37.75946 -15.731428 91.250999
vn -26.792496 -25.216311 92.985489
vn -26.792585 -25.215723 92.985611
vn -37.758125 -15.732262 91.251411
vn 64.534889 -35.415348 67.683098
vn 69.901146 -44.768536 55.763855
vn 68.673286 -41.047199 59.992565
vn 64.931526 -19.003145 73.639496
vn 83.577026 -14.978525 52.825401
vn 79.386063 -27.509573 54.231701
vn 75.479355 -15.72224 63.684212
vn 75.479599 -15.725012 63.683228
vn 64.930367 -19.003181 73.640518
vn 58.25296 -12.590586 80.299873
vn -40.891357 3.1412942 91.203239
vn -44.092922 11.80969 88.973846
vn -44.093311 11.810606 88.973526
vn -40.885353 3.1459577 91.205757
vn -26.016533 -14.976911 95.387802
vn -26.014683 -14.978642 95.388031
vn -44.094486 11.810169 88.973015
vn -51.13604 17.307489 84.175751
vn -44.093937 11.811872 88.973061
vn -51.135391 17.307322 84.176178
vn 46.663628 54.573334 -69.6007
vn 51.896549 54.256416 -66.052925
vn 46.680553 54.620506 -69.552322
vn 51.896851 54.257046 -66.05217
vn 40.895016 3.1388538 91.201675
vn 44.092899 11.809702 88.973862
vn 40.885086 3.1458988 91.205887
vn 44.093216 11.810732 88.973557
vn 26.016459 -14.976896 95.387817
vn 26.014599 -14.978635 95.388054
vn 51.135994 17.307552 84.175751
vn 44.094814 11.810387 88.972832
vn 44.094051 11.812003 88.972977
vn 51.135094 17.307232 84.176369
vn 18.924049 19.714102 -96.193741
vn 29.9869 26.833143 -91.546539
vn 18.92337 19.711304 -96.194435
vn 29.988998 26.834517 -91.545441
vn 23.607618 -8.6569376 -96.787086
vn 18.925014 19.712772 -96.193817
vn 18.923544 19.712233 -96.194214
vn 23.608244 -8.6562681 -96.78698
vn 38.615734 -50.437504 77.232666
vn 55.219769 -47.332081 68.632713
vn 55.221504 -47.331997 68.631393
vn 38.616051 -50.437325 77.23262
vn -3.9441547 -10.255595 99.394501
vn -0.00027529895 -32.331181 94.629257
vn -3.9441578 -10.254534 99.394608
vn -0.0020578504 -32.332756 94.628708
vn -3.9432149 -10.255394 99.394562
vn -14.138436 -2.3559594 98.967438
vn -3.9448829 -10.254287 99.394592
vn -14.138171 -2.3562281 98.967468
vn -20.415003 10.209065 97.360168
vn -20.414204 10.207027 97.36055
vn -20.414997 10.208355 97.360245
vn -26.006552 26.008171 92.990501
vn -20.414289 10.207521 97.360489
vn -26.006186 26.004223 92.991714
vn 3.9441566 -10.254766 99.394585
vn 18.14373 -23.664368 95.450523
vn 18.141859 -23.664711 95.450798
vn 3.9444621 -10.255681 99.394478
vn 14.138669 -2.3559215 98.9674
vn 3.943424 -10.255218 99.394569
vn 3.9451857 -10.254576 99.394562
vn 14.137978 -2.35658 98.967491
vn 20.414955 10.208495 97.360245
vn 20.413691 10.2054 97.360832
vn 26.00635 26.008032 92.990601
vn 20.414555 10.20811 97.360352
vn 20.414011 10.207519 97.360542
vn 26.006227 26.004234 92.991692
vn 51.897449 54.25679 -66.05191
vn 57.642715 53.69767 -61.59446
vn 51.897942 54.257317 -66.051102
vn 57.645763 53.697037 -61.592163
vn -68.434456 -25.170156 -68.433823
vn -73.262039 -18.907085 -65.384979
vn -68.432808 -25.172823 -68.434486
vn -73.260895 -18.905895 -65.38662
vn -74.561172 -17.273476 -64.36039
vn -73.261871 -18.906431 -65.385368
vn -73.261826 -18.906364 -65.385437
vn 73.262177 -18.907009 -65.38485
vn 68.434647 -25.170162 -68.43364
vn 68.432953 -25.172823 -68.434341
vn 73.260941 -18.905777 -65.386604
vn 73.261414 -18.907095 -65.385681
vn 74.560638 -17.273561 -64.360962
vn 73.261421 -18.907148 -65.385643
vn -15.778578 -13.411911 97.832291
vn -26.792679 -25.217793 92.985031
vn -26.792149 -25.214275 92.986137
vn -15.779664 -13.411426 97.832176
vn 12.639311 -9.4795923 98.744041
vn 25.174803 -29.895327 92.046181
vn 25.175173 -29.89571 92.045952
vn 12.638457 -9.4772329 98.744377
vn -14.189005 -9.459734 98.535194
vn -26.832548 -29.988152 91.546303
vn -26.83148 -29.989777 91.546082
vn -14.189212 -9.4593248 98.53521
vn -64.62191 21.277512 73.289009
vn -59.103321 20.4891 78.019203
vn -59.102623 20.488382 78.019913
vn -64.620743 21.278757 73.289665
vn 59.104149 20.489328 78.018501
vn 64.619766 21.278206 73.290672
vn 59.10247 20.488281 78.020042
vn 64.621315 21.274996 73.29026
vn -43.30611 70.076859 -56.690525
vn -31.478518 57.451408 -75.554207
vn -43.306843 70.076973 -56.689812
vn -31.479778 57.451694 -75.553467
vn -26.036158 -18.936317 94.675941
vn -41.732319 -14.173778 89.76368
vn -41.731949 -14.17396 89.763817
vn -26.035849 -18.933006 94.676682
vn -70.109581 -51.204185 49.626385
vn -52.693069 -83.3703 16.517694
vn -68.59317 -36.284451 63.074684
vn 55.972527 -3.9405937 82.774078
vn 39.406731 -9.4554386 91.420479
vn 39.404697 -9.4580317 91.421089
vn 55.970825 -3.9418085 82.775177
vn 57.508881 -22.057966 78.779266
vn 57.50959 -22.057465 78.778885
vn 3.1451099 -25.164219 96.730927
vn 39.403976 -9.4577999 91.421425
vn 39.404507 -9.456336 91.421341
vn 3.1452551 -25.165432 96.730598
vn 57.508205 -22.057026 78.780022
vn 62.154938 -43.271748 65.30175
vn 57.508286 -22.059996 78.779137
vn 62.155437 -43.273003 65.300453
vn 3.1440213 -25.167427 96.730118
vn -18.101725 -17.315022 96.811768
vn 3.1462145 -25.165936 96.730446
vn -18.103813 -17.315254 96.811325
vn -20.428356 9.4213247 97.43676
vn -20.430048 9.4290638 97.435661
vn -20.526611 30.000425 93.159187
vn -20.525097 30.000574 93.159454
vn -20.443115 39.320477 89.643616
vn -20.445353 39.317566 89.644394
vn -20.515905 48.13475 85.218216
vn -20.51572 48.132591 85.219475
vn 70.604256 -5.4918509 70.603676
vn 79.554146 16.541023 58.288345
vn 79.554214 16.539274 58.288761
vn 70.602867 -5.4914126 70.605095
vn -0.78904182 32.327942 -94.627068
vn 14.941898 62.913322 -76.280098
vn -0.78759789 32.332169 -94.625641
vn 14.942184 62.910919 -76.282013
vn 70.884995 -28.355909 64.585274
vn 68.349091 -10.212182 72.278008
vn 70.88472 -28.355755 64.585678
vn 68.3507 -10.21156 72.276596
vn 71.662338 29.92498 63.000042
vn 68.34977 -10.21298 72.277267
vn 68.348717 -10.211621 72.278458
vn 94.58493 15.765177 28.37517
vn -43.916218 -64.304413 62.740002
vn -55.013794 -25.933325 79.378494
vn -55.180096 -25.89386 79.275887
vn -49.582695 -62.960606 59.812355
vn -50.44236 -8.6711025 85.909142
vn -55.01405 -25.937431 79.376976
vn -55.014587 -25.934769 79.377464
vn -50.442314 -8.6693678 85.90934
vn -25.903255 -12.560156 95.766708
vn -50.441273 -8.6687527 85.910019
vn -50.442505 -8.6703949 85.909134
vn -25.902431 -12.561499 95.766762
vn 19.740004 -13.421859 97.109146
vn 48.914764 -8.6776171 86.787354
vn 48.915886 -8.6785059 86.786629
vn 19.736355 -13.422203 97.109833
vn 54.293495 -26.784845 79.591385
vn 48.915722 -8.6801157 86.78656
vn 48.916389 -8.6806326 86.786148
vn 54.349571 -26.780193 79.55468
vn 43.907475 -61.942791 65.07859
vn 54.349182 -26.780979 79.554672
vn 54.329212 -26.787939 79.565964
vn 50.425041 -60.668194 61.45475
vn 20.445187 39.317822 89.64431
vn 20.515711 48.134628 85.21833
vn 20.515867 48.132854 85.219284
vn 20.445757 39.316971 89.644554
vn 20.510895 30.002117 93.162102
vn 20.52655 30.000364 93.159203
vn 20.42984 9.4294157 97.435661
vn 20.428392 9.4211712 97.43676
vn 18.103289 -17.315525 96.811386
vn 18.104809 -17.31728 96.810768
vn 5.5110049 -24.401682 96.820396
vn 5.5094094 -24.40131 96.820564
vn 5.5114574 -24.401138 96.820503
vn -16.481178 -10.201214 98.103546
vn 5.5101295 -24.401636 96.820457
vn -16.482115 -10.203664 98.103127
vn -66.208176 -28.376926 69.362999
vn -28.280121 -41.63353 86.411133
vn -66.209282 -28.375099 69.362717
vn -28.28072 -41.634537 86.410461
vn -66.606155 11.754387 73.657677
vn -58.835632 31.377047 74.524147
vn -58.835369 31.379812 74.523193
vn -66.606689 11.753873 73.65728
vn -66.604942 11.75594 73.658539
vn -67.893837 0.77829051 73.415405
vn -66.604744 11.755927 73.658714
vn 72.336922 -34.603798 59.749016
vn 22.753742 -97.26297 -4.7099376
vn 73.896759 -50.313198 44.809032
vn 79.554489 16.541201 58.287838
vn 79.554184 16.542439 58.287903
vn 80.255249 39.340652 44.848713
vn 80.25547 39.341118 44.847927
vn 52.657406 28.293564 -80.166519
vn 39.362282 38.571224 -83.443825
vn 52.656864 28.293327 -80.166977
vn 39.360722 38.574081 -83.44323
vn -59.104774 20.4895 78.017998
vn -51.136631 17.308075 84.175262
vn -51.136028 17.307013 84.175842
vn -59.104465 20.489065 78.018326
vn 51.136581 17.307884 84.175339
vn 59.104748 20.489445 78.018013
vn 51.136024 17.307009 84.175858
vn 59.104698 20.489124 78.018135
vn 62.452454 41.109272 -66.405716
vn 57.645428 53.695755 -61.593582
vn 57.645248 53.696938 -61.592735
vn 62.452744 41.108772 -66.405746
vn 54.421661 -13.409181 82.81591
vn 43.348419 -18.125973 88.274368
vn 54.421787 -13.408075 82.816017
vn 43.349411 -18.127569 88.273552
vn -58.360683 -15.772308 79.657181
vn -58.364422 -11.043482 80.446472
vn -58.36348 -11.040223 80.447617
vn -58.360527 -15.773037 79.657143
vn 18.145123 -23.664845 95.450142
vn 63.619637 -29.05941 71.47094
vn 63.618298 -29.060179 71.471809
vn 18.141121 -23.665434 95.45076
vn 84.395569 -18.140764 50.480686
vn 87.679222 -46.6045 11.84801
vn 87.679832 -46.602528 11.851213
vn 84.39576 -18.140877 50.48032
vn 54.997658 -17.285685 81.709633
vn 61.996555 -10.988358 77.689644
vn 61.996651 -10.987817 77.689651
vn 54.997318 -17.283701 81.710274
vn -94.464577 28.33968 16.532013
vn -95.581245 29.227453 3.1591234
vn -95.581512 29.226717 3.1580043
vn -94.464775 28.339331 16.531528
vn 43.34766 -18.127987 88.274323
vn 30.546347 -25.848961 91.644714
vn 43.347706 -18.12948 88.274002
vn 30.548807 -25.848808 91.643929
vn 82.825424 0.78372693 56.029766
vn 90.446815 -3.931891 42.472496
vn 82.836548 0.78883499 56.013233
vn 90.44677 -3.9310763 42.472679
vn 86.393097 -3.1422079 50.262886
vn 83.57737 -14.97867 52.824821
vn 83.575264 -14.981011 52.827518
vn 75.478218 -15.722717 63.685444
vn 86.390984 -3.141597 50.266575
vn 36.260147 13.400455 -92.22596
vn 11.786506 22.788574 -96.652771
vn 36.259033 13.40003 -92.226471
vn 11.785251 22.786861 -96.653328
vn 87.627258 -14.99721 45.788071
vn 66.704437 -29.820297 68.273483
vn 66.703346 -29.821407 68.274055
vn 87.627052 -14.998267 45.788101
vn 27.497849 -18.856533 94.277763
vn 66.702621 -29.820251 68.275276
vn 66.704216 -29.821081 68.273361
vn 27.498537 -18.857136 94.277451
vn -31.570921 -18.153563 93.132835
vn -47.418907 -24.49922 84.564987
vn -50.360935 -33.834869 79.491997
vn 47.419098 -24.499378 84.564827
vn 31.571079 -18.153763 93.132744
vn 50.364006 -33.837517 79.48893
vn -31.480822 57.45237 -75.552521
vn -18.062548 42.40794 -88.742958
vn -31.478945 57.451393 -75.554039
vn -18.061199 42.406803 -88.743767
vn 99.422325 10.25843 3.1572549
vn 97.48922 16.509478 14.94288
vn 97.489487 16.509027 14.941578
vn 99.422516 10.256968 3.156059
vn 97.109612 19.735954 13.424443
vn 55.221439 -47.333492 68.630424
vn 67.172165 -41.092186 61.638733
vn 67.169945 -41.093685 61.640141
vn 55.221619 -47.3307 68.632202
vn -53.644615 -29.977726 78.889732
vn -41.730816 -14.171841 89.764687
vn -41.733467 -14.174903 89.762962
vn -53.644733 -29.979307 78.889076
vn 67.171364 -41.092289 61.639538
vn 68.673615 -41.046814 59.992451
vn 67.17263 -41.090855 61.639133
vn 64.534691 -35.415588 67.683167
vn -97.258209 18.976826 -13.443258
vn -95.580788 29.22893 3.1596401
vn -95.580772 29.228895 3.1602306
vn 58.390987 -29.195511 75.750336
vn 70.754753 -25.156418 66.037254
vn 70.75502 -25.15871 66.036102
vn 58.391834 -29.19603 75.749504
vn 54.998093 -17.282484 81.709999
vn 58.389919 -29.19507 75.751335
vn 58.391972 -29.195965 75.74942
vn 54.997017 -17.286596 81.709877
vn 73.02597 -0.78709584 68.312439
vn 81.385323 -22.122923 53.730865
vn 81.385361 -22.123419 53.730587
vn 73.024689 -0.78544164 68.313789
vn 54.570927 25.309496 79.883926
vn 54.571663 25.309872 79.883308
vn -71.509857 -25.14827 65.22197
vn -58.364582 -11.042871 80.446449
vn -71.510086 -25.147463 65.222031
vn -58.362568 -11.040362 80.448242
vn 59.198425 -78.142075 19.732336
vn 54.236233 -56.591183 62.095631
vn 54.236595 -56.59193 62.09465
vn 59.197487 -78.143059 19.731226
vn 54.422577 -13.408912 82.815369
vn 63.070721 -27.593557 72.53054
vn 63.070232 -27.591322 72.53183
vn 54.420822 -13.407437 82.816765
vn -92.019547 -36.181072 14.944316
vn -91.247894 -32.251881 25.172165
vn -91.24781 -32.251442 25.173044
vn -92.021004 -36.1782 14.942238
vn 72.991623 -25.116518 63.571888
vn 61.99696 -10.987956 77.689384
vn 61.996651 -10.987611 77.68969
vn 72.992233 -25.116451 63.571182
vn -77.306313 -22.876392 59.16423
vn -89.467491 -14.12596 42.379528
vn -77.306564 -22.876493 59.163853
vn -89.467018 -14.125281 42.380764
vn -58.361404 -15.772484 79.656616
vn -77.306633 -22.877441 59.163383
vn -77.307938 -22.874866 59.162682
vn -58.360939 -15.775792 79.656288
vn -95.581642 29.226164 3.1596642
vn -97.258415 18.975563 -13.443522
vn -97.258545 18.975515 -13.442742
vn -0.78588796 37.678963 92.626549
vn -0.78613162 37.679012 92.626534
vn 8.6905909 25.276831 96.361572
vn 8.6894045 25.27619 96.361847
vn 0.78659654 37.679462 92.626343
vn 0.78645796 37.67942 92.626366
vn -8.6826525 25.271633 96.363655
vn -8.6896305 25.275972 96.361893
vn 72.111557 25.864502 -64.272469
vn 70.760284 40.098484 -58.181561
vn 72.111725 25.866217 -64.271614
vn 70.760422 40.097919 -58.18177
vn 72.111145 25.865944 -64.272354
vn 90.505753 -1.5746845 -42.499767
vn 72.111305 25.86587 -64.272202
vn 90.507164 -1.5726017 -42.496838
vn 94.58548 15.763186 28.374453
vn 90.505997 -1.575851 -42.499195
vn 90.505768 -1.5722083 -42.499794
vn 99.38517 -0.78939229 -11.043671
vn 99.385208 -0.78915292 -11.0434
vn 94.58519 15.76485 28.374449
vn 81.279572 57.604523 8.6803341
vn -71.12236 -25.28615 65.591301
vn -63.068558 -27.593676 72.532387
vn -71.121834 -25.286144 65.591896
vn -63.070465 -27.592943 72.531013
vn -69.766014 -21.948826 68.197876
vn -63.070415 -27.592907 72.531044
vn -63.069809 -27.593628 72.531319
vn -69.76548 -21.946667 68.199142
vn -88.011986 -22.787573 41.648716
vn -95.189819 -14.94848 26.747721
vn -88.012283 -22.789124 41.647251
vn -95.189926 -14.948151 26.747553
vn -88.011551 -22.78948 41.64859
vn -51.869709 -27.507685 80.949745
vn -88.011322 -22.788198 41.649788
vn -51.870216 -27.506407 80.94986
vn -14.176684 -10.239893 98.458961
vn -51.871014 -27.506809 80.949203
vn -51.872509 -27.507166 80.94812
vn -31.569962 -18.153126 93.13324
vn -39.473255 -70.259499 59.206985
vn -39.473328 -70.259552 59.20686
vn -47.311035 -63.081425 61.501221
vn 49.566994 -63.7271 59.008221
vn 62.963825 -49.578655 59.812302
vn 62.963753 -49.579464 59.811726
vn 49.564732 -63.728302 59.008812
vn 72.658226 -47.385029 49.753796
vn 69.901497 -44.768101 55.76376
vn 71.704758 -47.277233 51.218048
vn 78.897385 -13.413428 59.960697
vn 95.509979 -19.73315 22.100885
vn 95.509819 -19.73386 22.100866
vn 78.896454 -13.412304 59.962147
vn 70.603958 -5.4910011 70.604034
vn 78.896423 -13.411444 59.962395
vn 78.898232 -13.412628 59.959736
vn 70.604492 -5.4896383 70.603607
vn 11.788496 22.787891 -96.652695
vn -18.064537 42.409191 -88.741951
vn 11.788443 22.787184 -96.652863
vn -18.062342 42.407829 -88.743042
vn -93.084297 -8.675374 35.4972
vn -93.031982 -15.768933 33.111794
vn -92.899147 -18.107691 32.27787
vn -93.031731 -15.766109 33.113857
vn -89.921913 -39.441662 18.931576
vn -92.899445 -18.106993 32.277393
vn -89.922737 -39.440434 18.93022
vn -93.083443 -8.680397 35.498203
vn -93.558731 -7.0766129 34.593109
vn -93.031731 -15.767328 33.113285
vn -92.821625 8.6515779 36.184193
vn -92.821503 8.6532145 36.184128
vn -88.772148 27.497253 36.924358
vn -92.820763 8.6539307 36.185837
vn -92.821922 8.6512337 36.183491
vn -88.773926 27.495537 36.92136
vn 70.884979 -28.352791 64.58667
vn 62.960358 -49.581768 59.813381
vn 62.961567 -49.581085 59.812679
vn 70.885536 -28.354633 64.585266
vn -77.224243 -7.8798203 -63.04224
vn -68.713936 -15.007305 -71.085701
vn -68.713936 -15.007029 -71.085777
vn -77.224823 -7.8809085 -63.04142
vn -80.457069 -17.353277 56.793682
vn -85.888168 -19.699255 47.277515
vn -80.457016 -17.353668 56.793663
vn -85.887756 -19.697647 47.278946
vn 70.760658 40.097332 -58.1819
vn 76.282814 20.446997 -61.342087
vn 70.761421 40.096813 -58.181328
vn 76.284256 20.446566 -61.340431
vn 65.304871 -5.5077438 -75.531067
vn 63.048065 -17.340641 -75.65873
vn 63.048512 -17.338322 -75.65889
vn 65.304039 -5.5074949 -75.531784
vn 67.063026 -1.5785093 -74.162376
vn 67.063095 -1.5782464 -74.162331
vn 66.232719 -1.577574 -74.904861
vn 66.230797 -1.5758961 -74.906601
vn 67.721642 -7.0848279 -73.236496
vn 67.722054 -7.0851774 -73.236076
vn 53.675682 -27.626837 -79.722504
vn 53.67543 -27.628101 -79.722221
vn 63.548233 -32.951679 -69.826988
vn 63.0481 -17.33914 -75.65905
vn 63.048328 -17.338707 -75.658958
vn 63.548248 -32.951385 -69.827118
vn -66.210144 -28.375507 69.361725
vn -81.664467 -32.193184 47.90107
vn -66.208038 -28.375631 69.36367
vn -81.664772 -32.194542 47.899654
vn 87.33345 -25.178267 41.700375
vn 87.431526 -36.23312 32.293797
vn 87.43116 -36.233208 32.294682
vn 87.334389 -25.176071 41.69976
vn 87.333717 -25.178564 41.69968
vn 79.382721 -27.514782 54.233936
vn 83.576439 -14.981412 52.825542
vn 87.334358 -25.177641 41.698875
vn 14.960342 -29.132891 -94.485252
vn -0.78818798 10.260325 -99.469109
vn -0.78883469 10.261848 -99.468956
vn 14.959499 -29.132568 -94.485481
vn -69.766121 -21.948967 68.197723
vn -80.457863 -17.353323 56.79253
vn -69.765823 -21.94886 68.198067
vn -80.456985 -17.354113 56.793552
vn 47.972366 22.019934 -84.933937
vn 37.86348 45.750553 -80.456467
vn 47.971684 22.019478 -84.934441
vn 37.861931 45.750282 -80.457367
vn 88.092392 -17.30475 44.048576
vn 91.756775 -14.902073 36.859524
vn 88.092445 -17.303783 44.048851
vn 91.757133 -14.901407 36.858887
vn 92.051788 -16.52249 35.404476
vn 92.051506 -16.522678 35.405098
vn -97.067421 -9.4699812 22.096046
vn -95.190254 -14.947486 26.746782
vn -95.190521 -14.94796 26.745518
vn -97.067146 -9.4694557 22.097473
vn 63.616882 -29.06052 71.472916
vn 88.093857 -17.303284 44.046234
vn 63.618748 -29.061497 71.470856
vn 88.093956 -17.302689 44.046234
vn -97.067413 -9.471034 22.095663
vn -98.670517 -7.8911967 14.207676
vn -97.067383 -9.4700756 22.096138
vn -98.669968 -7.8957481 14.209012
vn -73.096626 36.942032 -57.377434
vn -78.007927 37.034451 -50.430275
vn -73.096733 36.941746 -57.377483
vn 67.874832 -26.04417 68.663742
vn 65.334061 -54.315132 52.738274
vn 67.874977 -26.042841 68.664108
vn 65.333168 -54.315685 52.738831
vn 67.874214 -26.044231 68.664322
vn 66.227654 -11.03781 74.108467
vn 67.874695 -26.044041 68.66391
vn -83.569954 -34.690636 42.574879
vn -74.089653 -39.409897 54.383667
vn -74.088104 -39.408775 54.386604
vn -83.571892 -34.68853 42.5728
vn -74.598145 -40.831684 52.610752
vn -74.089745 -39.409313 54.383961
vn -74.59613 -40.83363 52.612099
vn -74.089058 -39.409054 54.38509
vn -74.597633 -40.833271 52.610249
vn -74.597649 -40.833256 52.610233
vn -74.714615 -42.473106 51.124981
vn 83.569847 -34.690758 42.575001
vn 74.088562 -39.409023 54.385796
vn 83.570572 -34.689957 42.574226
vn 74.088211 -39.408047 54.386993
vn -99.417229 -10.307808 3.1565814
vn -95.151543 -30.669371 -2.3605719
vn -99.546425 -6.3208466 7.1102095
vn -95.151093 -30.670887 -2.359468
vn -99.089897 -1.572327 13.368615
vn -99.546509 -6.320673 7.1092391
vn -98.193977 1.5701083 18.854076
vn -99.089928 -1.5730774 13.368342
vn -96.775368 6.2961946 24.390263
vn -96.775452 6.2946911 24.390305
vn -95.131165 18.869364 24.37232
vn -95.130821 18.870625 24.372686
vn -94.46492 28.338287 16.532379
vn -95.131081 18.869867 24.372252
vn -95.13131 18.868822 24.372152
vn -94.465302 28.337746 16.531132
vn 97.24839 -16.475317 16.471617
vn 98.422012 -9.4494429 14.960474
vn 97.249474 -16.470079 16.470516
vn 92.272446 -33.122356 19.715584
vn 92.271461 -33.124523 19.716537
vn 98.422455 -9.447875 14.958567
vn 98.897331 -7.849052 12.558251
vn 98.897118 -7.850564 12.559007
vn 58.46188 30.811539 75.052345
vn 64.158951 21.386215 73.663155
vn 58.462196 30.812508 75.05172
vn 64.158104 21.38611 73.663902
vn 62.156071 -43.272747 65.300011
vn 65.938278 -48.668587 57.301941
vn 62.155956 -43.272892 65.300026
vn -97.258194 18.976892 -13.443219
vn -96.895401 9.4531488 -22.84552
vn -97.258347 18.976437 -13.442747
vn 99.422226 10.259498 3.1564794
vn 96.751671 -2.3572037 -25.170555
vn 99.422226 10.25951 3.1566226
vn 92.271545 -33.123413 19.718027
vn 81.381706 -41.873779 40.293968
vn 81.379852 -41.876137 40.295269
vn 92.271889 -33.123604 19.716152
vn 74.089561 -39.40942 54.384132
vn 81.38047 -41.874554 40.295685
vn 81.380508 -41.875458 40.294647
vn 74.088974 -39.40897 54.385265
vn 43.419922 -3.9459691 89.995224
vn 43.942692 -21.969687 87.099777
vn 43.942505 -21.970179 87.099747
vn 43.419437 -3.9468937 89.995415
vn 42.625034 -30.699026 85.092178
vn 43.942219 -21.971298 87.099617
vn 43.941448 -21.971285 87.100014
vn 40.037231 15.699917 90.280304
vn 40.037201 15.700909 90.280151
vn 37.775311 30.694191 87.35498
vn 37.775528 30.6926 87.355446
vn -43.942753 -21.969753 87.099731
vn -43.419907 -3.9458711 89.995232
vn -43.942101 -21.970215 87.099953
vn -43.942242 -21.971165 87.099632
vn -42.555664 -30.735844 85.113579
vn -43.941471 -21.971153 87.100021
vn -43.419418 -3.9469569 89.995422
vn -40.037312 15.699568 90.280334
vn -40.037159 15.700442 90.280258
vn -37.775375 30.693142 87.355324
vn -37.775085 30.6924 87.355705
vn 59.201706 -78.139053 19.734411
vn 65.449829 -65.44944 -37.85091
vn 65.450104 -65.449234 -37.850796
vn 10.247747 33.108475 93.801979
vn 10.248804 33.10622 93.802666
vn 22.890001 -7.1022592 97.085556
vn 22.89048 -7.1026435 97.085419
vn 97.513794 -10.223009 19.660875
vn 90.446854 -3.9321287 42.472397
vn 97.513985 -10.224374 19.659224
vn 90.446976 -3.9311318 42.472267
vn 56.094044 18.963089 -80.58448
vn 62.453194 41.107368 -66.406181
vn 56.093765 18.960739 -80.585228
vn 62.453293 41.10849 -66.405426
vn -73.096718 36.942383 -57.377094
vn -66.740517 31.407396 -67.522438
vn -73.097916 36.941376 -57.376209
vn -66.740593 31.406921 -67.522583
vn 68.570862 6.3055396 -72.513985
vn 52.658947 28.291857 -80.166122
vn 68.570358 6.3058853 -72.514435
vn 52.657856 28.293209 -80.166351
vn 68.572212 6.306077 -72.512657
vn 75.363846 -32.187874 -57.308224
vn 68.571434 6.3057261 -72.513428
vn 75.362556 -32.187817 -57.309933
vn -36.90617 21.985872 90.302589
vn -32.260338 22.030754 92.053894
vn -32.259144 22.030115 92.054459
vn -36.906231 21.985563 90.302628
vn -16.499224 31.425705 93.489052
vn -9.4146614 34.526546 93.37709
vn -9.4161148 34.524597 93.37767
vn -16.497444 31.425106 93.489555
vn 71.703842 -47.276836 51.219727
vn 69.901497 -44.769054 55.76302
vn 73.008057 -50.24054 46.321835
vn -87.970619 -24.3512 40.843479
vn -85.887589 -19.697456 47.279305
vn -87.970757 -24.347847 40.845173
vn -85.887177 -19.698936 47.279442
vn -33.833225 -63.729321 69.2379
vn -41.81583 -26.82675 86.785736
vn -41.814404 -26.825981 86.786652
vn 0.78989267 -67.068314 74.170197
vn 35.368538 -62.094074 69.952782
vn 42.462875 -26.736753 86.498848
vn 0.78982264 -67.069229 74.169357
vn 42.462891 -26.73605 86.499046
vn 65.450455 -65.449471 -37.849789
vn 63.548893 -32.953014 -69.825768
vn 63.547749 -32.95385 -69.826416
vn 65.452042 -65.447678 -37.850132
vn 25.174395 -29.894491 92.04657
vn 43.906956 -61.942207 65.079498
vn 25.847185 -63.447552 72.844559
vn 25.174728 -29.89492 92.046326
vn -26.012665 -64.636086 71.732262
vn -26.83185 -29.987431 91.546753
vn -26.832008 -29.989471 91.546028
vn -43.915703 -64.306114 62.73864
vn -39.957401 28.987703 86.966187
vn -36.90741 21.988634 90.301399
vn -36.9076 21.987171 90.301689
vn -39.957161 28.989891 86.965569
vn 68.675156 -41.046394 59.990974
vn 69.900558 -44.767921 55.765095
vn 72.657013 -47.385963 49.754681
vn 14.960771 -29.132044 -94.485428
vn 20.463989 -45.65247 -86.585648
vn 14.958509 -29.132706 -94.485588
vn -90.955704 6.2949766e-05 41.557919
vn -90.041084 11.845656 41.860256
vn -90.041527 11.846451 41.859097
vn -90.956078 -4.2217056e-05 41.557098
vn -89.466614 -14.127944 42.380726
vn -89.46653 -14.128273 42.380779
vn -63.007599 -46.467175 62.216106
vn -66.744827 -54.964142 50.240124
vn -63.007278 -46.467434 62.216236
vn 90.955582 7.6410332e-05 41.558193
vn 90.041313 11.846424 41.859573
vn 90.041 11.845775 41.860428
vn 90.95594 -3.367212e-05 41.557407
vn 87.626831 -15.000145 45.787926
vn 87.627762 -15.000142 45.786144
vn -87.728249 -14.22385 -45.84145
vn -79.720505 -11.841259 -59.198174
vn -87.727776 -14.228009 -45.841042
vn -79.721222 -11.840314 -59.197403
vn -79.720917 -11.83952 -59.197975
vn -75.383171 -16.489836 -63.603962
vn -79.71978 -11.83952 -59.199532
vn -75.381813 -16.490484 -63.605381
vn -77.261055 -26.802729 -57.552959
vn -77.261185 -26.803333 -57.552505
vn 59.199673 -78.141319 19.731497
vn 65.450508 -65.448135 -37.851986
vn 59.200554 -78.140465 19.732241
vn 62.10944 -76.258781 18.083601
vn 51.134445 -84.176971 17.306337
vn 51.134323 -84.176926 17.306795
vn 62.109726 -76.259338 18.080231
vn -13.393738 11.027374 98.483536
vn -11.78665 22.788006 96.652901
vn -13.391535 11.032275 98.483276
vn -11.786364 22.785778 96.653458
vn -24.432146 -2.3640151 96.940605
vn -10.254472 4.7329783 99.360176
vn -31.570539 -18.153345 93.133011
vn -14.177028 -10.240417 98.458862
vn -24.433029 -2.3644962 96.940384
vn -32.282516 5.5111246 94.485268
vn -37.78754 -9.4471521 92.102402
vn -32.282703 5.510849 94.485229
vn -36.096066 23.542015 90.237724
vn -36.095844 23.540735 90.238136
vn -37.78677 -9.4464378 92.102798
vn -31.572372 -18.153133 93.132423
vn -24.432976 -2.3648038 96.940384
vn -47.419365 -24.500544 84.564339
vn -44.847595 40.913361 79.465652
vn -36.095573 23.540703 90.238266
vn -36.096199 23.538963 90.238472
vn -44.847454 40.913559 79.465637
vn 29.127525 22.830225 92.899773
vn 33.779751 23.567886 91.123451
vn 29.129326 22.833345 92.898445
vn 33.778488 23.568068 91.123878
vn -69.594185 -57.731167 42.705498
vn -70.705086 -70.69883 1.5703466
vn -70.963654 -59.923824 37.057953
vn -77.225098 -7.8798771 -63.041191
vn -83.673126 -14.208015 -52.886089
vn -83.672943 -14.207544 -52.886501
vn -77.224609 -7.8813562 -63.041592
vn -77.262459 -26.805098 -57.54998
vn -77.26207 -26.805548 -57.550282
vn -78.556427 -33.77903 -51.844616
vn 25.849566 -63.44558 72.845436
vn 14.169767 -62.985592 76.367744
vn 11.026011 -33.079189 93.72403
vn 11.026818 -33.078781 93.724091
vn -14.099996 -63.456478 75.989899
vn -26.011108 -64.637733 71.731331
vn -11.026081 -33.079018 93.724083
vn -11.026435 -33.078541 93.724213
vn -83.672279 -14.208426 -52.887321
vn -91.649467 -6.3208551 -39.502167
vn -91.649506 -6.320704 -39.502121
vn -83.672401 -14.205772 -52.887852
vn -92.881798 -7.8717928 -36.207825
vn -92.882065 -7.8723631 -36.206985
vn -92.881973 -7.8728757 -36.207153
vn -87.728661 -14.226569 -45.839813
vn -92.881523 -7.8701501 -36.208885
vn -87.728958 -14.228025 -45.838772
vn 31.572405 -18.153227 93.132385
vn 37.786705 -9.4468288 92.102776
vn 24.433119 -2.3645716 96.940353
vn 47.419384 -24.500738 84.564285
vn 32.282791 5.5109596 94.485184
vn 24.432894 -2.3647275 96.940407
vn 37.787304 -9.4469585 92.102516
vn 32.282818 5.5107236 94.485191
vn 36.095814 23.542137 90.237801
vn 36.095055 23.541044 90.23838
vn 36.095345 23.540768 90.238342
vn 44.847416 40.913612 79.46563
vn 36.096512 23.539377 90.238235
vn 44.847332 40.913994 79.465477
vn 31.56892 -18.152405 93.133743
vn 24.433426 -2.3660061 96.940247
vn 10.250696 4.7312818 99.360641
vn 14.177545 -10.240809 98.45874
vn 14.165793 11.019684 98.376312
vn 14.166409 11.017838 98.376427
vn 12.561453 22.764931 96.560707
vn 12.560012 22.767092 96.560379
vn 7.8806186 31.525064 94.573067
vn 7.8821645 31.522772 94.573708
vn 63.070004 -27.593065 72.531342
vn 69.991013 -66.843719 25.162983
vn 70.139839 -67.775459 22.065609
vn 63.071018 -27.593924 72.530159
vn -81.66539 -32.194672 47.898514
vn -79.36631 -60.509991 -6.2872562
vn -81.665169 -32.195713 47.898178
vn -77.979813 -58.286736 22.84301
vn 87.431625 -36.232311 32.294426
vn 80.838585 -56.511208 16.480444
vn 80.839706 -56.509182 16.481926
vn 87.431229 -36.234512 32.293022
vn 77.404366 -34.754978 52.921211
vn 72.991333 -25.116529 63.572208
vn 72.991203 -25.116089 63.572536
vn 77.404274 -34.755116 52.921268
vn -36.132683 -10.210206 -92.683235
vn -34.720455 -23.672523 -90.741951
vn -36.129242 -10.211405 -92.684441
vn -34.718269 -23.67082 -90.743225
vn 62.110584 -76.257996 18.082954
vn 74.200478 -65.516701 14.207478
vn 74.199638 -65.517731 14.207046
vn 62.110317 -76.258179 18.083075
vn -88.921692 -45.640041 3.1493471
vn -92.020065 -36.179642 14.94458
vn -88.920982 -45.641582 3.1474361
vn -92.020813 -36.178555 14.942572
vn -71.509041 -25.147219 65.223274
vn -76.54454 -35.513569 53.66304
vn -71.508736 -25.144861 65.224503
vn -76.546646 -35.511215 53.661579
vn 81.385162 -22.124022 53.73064
vn 87.39856 -37.007607 31.494892
vn 87.398575 -37.008076 31.49431
vn 81.385841 -22.123363 53.7299
vn -91.520027 -15.780092 -37.081963
vn -92.584137 -3.1382847 -37.660706
vn -92.584145 -3.1390729 -37.660633
vn -91.520317 -15.779035 -37.08173
vn -83.145851 12.550786 -54.122505
vn -92.583511 -3.138979 -37.662193
vn -92.584023 -3.1394172 -37.660877
vn -83.145905 12.551644 -54.122231
vn -83.147011 12.550241 -54.120853
vn -73.893204 8.6477308 -66.82074
vn -73.893639 8.6478367 -66.820244
vn -83.146988 12.549251 -54.121105
vn -73.8965 8.647831 -66.81707
vn -71.493774 -0.0074182693 -69.918808
vn -73.896912 8.6476755 -66.816635
vn 33.779297 23.566618 91.12394
vn 36.162445 30.659542 88.046974
vn 33.756454 23.554188 91.135628
vn 36.162743 30.658421 88.047241
vn -30.002895 -31.583796 -90.012718
vn -35.379318 -26.733089 -89.630592
vn -35.378677 -26.732189 -89.631119
vn -30.001947 -31.583124 -90.013275
vn -53.644173 -29.978453 78.889763
vn -65.449348 -72.547615 21.289127
vn -65.347824 -71.651733 24.406771
vn -53.643082 -29.978531 78.890488
vn -66.73912 31.407497 -67.523758
vn -59.251839 11.060349 -79.792778
vn -59.252884 11.061689 -79.791824
vn -66.738777 31.405066 -67.52523
vn 5.52596 31.573549 94.723679
vn 0.00023543835 44.720562 89.443108
vn 5.5254912 31.572441 94.724075
vn -0.00018626451 44.721256 89.44278
vn -5.5263433 31.573553 94.723656
vn -0.000259839 44.720615 89.443092
vn -3.0780211e-05 44.721249 89.44278
vn -5.5253367 31.57238 94.724091
vn 37.081734 -15.778801 91.520348
vn 45.549263 7.0686164 88.742889
vn 45.548862 7.0666175 88.743256
vn 37.080296 -15.779973 91.520721
vn 47.935131 25.146038 84.082703
vn 47.934269 25.145168 84.08345
vn 73.410507 -1.5768665 -67.885292
vn 47.972691 22.022005 -84.933212
vn 73.409737 -1.5792875 -67.886055
vn 47.973236 22.018782 -84.933762
vn -35.379932 -26.730766 -89.631058
vn -44.085415 -23.618374 -86.594734
vn -44.084816 -23.616306 -86.595596
vn -35.378132 -26.733868 -89.630844
vn -78.625854 -59.755295 -15.725177
vn -88.922379 -45.638824 3.1480103
vn -78.626617 -59.753994 -15.726244
vn 75.362648 -32.189255 -57.309029
vn 71.048729 -51.312698 -48.156902
vn 75.363899 -32.188721 -57.307682
vn 98.590446 -16.562939 -2.3650606
vn 97.514145 -10.224381 19.658426
vn 97.514053 -10.22468 19.658752
vn -88.919777 -45.64397 3.146313
vn -78.624733 -59.756538 -15.725993
vn -88.919792 -45.643951 3.146287
vn -70.145622 -59.901058 38.619385
vn -70.701996 -70.701935 1.5705314
vn -69.59436 -57.731873 42.704304
vn -21.188334 -80.830139 54.932178
vn -39.473183 -70.25882 59.207825
vn -21.18881 -80.829918 54.932289
vn -39.471645 -70.259506 59.208046
vn -34.719006 -23.673435 -90.742264
vn -34.719162 -23.673237 -90.742256
vn -40.216972 -31.540434 -85.952301
vn 74.200996 -65.515739 14.209135
vn 80.839119 -56.51001 16.482063
vn 80.839195 -56.509567 16.483074
vn 74.201599 -65.515678 14.206347
vn -98.467705 -16.544378 -5.5130835
vn -95.152153 -30.66757 -2.3594077
vn -98.467979 -16.542515 -5.5139642
vn -95.152016 -30.668085 -2.3582251
vn -98.642342 -13.416237 -9.4706039
vn -98.642227 -13.416435 -9.4714651
vn -58.216286 -38.546375 71.589401
vn -45.015038 -69.496216 56.070698
vn -58.214802 -38.550091 71.588608
vn -45.012932 -69.497673 56.070564
vn -47.226807 16.528746 86.581924
vn -39.957355 28.989477 86.965622
vn -39.957039 28.989853 86.965645
vn -47.227509 16.527199 86.581818
vn 5.523582 52.065556 85.197838
vn 23.664564 38.653831 89.139603
vn 5.5231991 52.065884 85.197655
vn 23.664518 38.652264 89.140297
vn -23.66503 38.654007 89.139404
vn -5.5229383 52.065495 85.197891
vn -5.5229135 52.066116 85.19751
vn -23.666899 38.655033 89.138466
vn -44.084469 -23.616211 -86.59581
vn -58.075638 -26.682617 -76.910706
vn -59.886761 -18.12303 -78.007248
vn -44.085354 -23.61636 -86.595322
vn -30.730549 40.974472 85.887863
vn -31.480507 25.971479 91.293259
vn -30.730331 40.974483 85.887939
vn -96.417847 -8.6222601 -25.084988
vn -98.64241 -13.415933 -9.470273
vn -98.642654 -13.415365 -9.4687176
vn -96.418228 -8.6204586 -25.084106
vn -65.238014 -7.0731316 -75.458412
vn -67.160034 -9.4801855 -73.482353
vn -64.317574 8.6315126 -76.083809
vn 96.751251 -2.3594015 -25.17201
vn 87.272911 -12.580191 -47.171772
vn 87.272636 -12.579991 -47.172371
vn 96.751648 -2.3599837 -25.170452
vn 99.422455 10.256849 3.1576974
vn 96.751976 -2.3583155 -25.169308
vn 96.751747 -2.3580868 -25.170166
vn 73.411331 -1.5782355 -67.884354
vn 88.330933 -10.253895 -45.7439
vn 73.410728 -1.5807047 -67.884956
vn 69.285637 -61.411896 -37.789959
vn 65.612144 -69.566536 -29.249689
vn 65.612473 -69.56675 -29.248423
vn 69.285957 -61.410797 -37.791138
vn -11.786336 22.789503 96.65258
vn -7.0984454 31.541685 94.629456
vn -11.786993 22.786745 96.65316
vn -7.0972085 31.543139 94.629066
vn -68.713043 -15.007284 -71.086563
vn -45.593979 -36.945072 -80.970673
vn -45.592224 -36.94598 -80.971245
vn -68.719673 -15.019539 -71.07756
vn 87.67823 -46.605782 11.85017
vn 76.339058 -59.809071 -24.397221
vn 76.338089 -59.810497 -24.396709
vn 87.678513 -46.606003 11.847346
vn 0.00019248109 36.321705 93.170471
vn 0.0025965273 36.321472 93.170555
vn 10.249469 33.105801 93.802742
vn 10.246469 33.108517 93.802109
vn -61.981499 -76.890274 15.69016
vn -52.696377 -83.368553 16.515953
vn -70.109619 -51.202599 49.627979
vn 36.16238 30.657316 88.047768
vn 36.162254 30.65925 88.04715
vn 44.15855 19.713097 87.52951
vn 44.158894 19.711361 87.529739
vn -78.627403 -59.753792 -15.723102
vn -67.531738 -66.735817 -31.397383
vn -78.626968 -59.754513 -15.722557
vn 50.190437 -6.2735777 -86.264496
vn 67.499481 -0.78437358 -73.778076
vn 50.190769 -6.2747483 -86.264221
vn 67.500023 -0.78657353 -73.777542
vn 76.283859 20.445948 -61.34116
vn 76.283165 20.448502 -61.34116
vn -83.851151 -25.312073 -48.252312
vn -91.519608 -15.780027 -37.083057
vn -91.519669 -15.779634 -37.083073
vn -83.850563 -25.313316 -48.252674
vn -81.304398 -12.630348 -56.833698
vn -81.209503 0.78788596 -58.347195
vn -81.209625 0.78958005 -58.347015
vn -81.304153 -12.630162 -56.834091
vn -76.310509 3.9342849 -64.507561
vn -76.309792 3.9337344 -64.508461
vn -65.328888 4.7217374 -75.563492
vn -65.330467 4.7233381 -75.562027
vn -51.216663 -0.78678077 -85.885002
vn -51.217293 -0.78764284 -85.884628
vn -36.132561 -10.210526 -92.683235
vn -36.131435 -10.210431 -92.683701
vn -9.4160957 34.52602 93.377129
vn 1.5740365 36.998669 92.890366
vn 1.5747322 36.996811 92.89109
vn -9.4161282 34.526691 93.3769
vn 56.058216 19.0086 -80.598679
vn 40.859066 -4.7157493 -91.149864
vn 40.861355 -4.7130928 -91.148979
vn 56.093575 18.961597 -80.585167
vn -70.963135 -59.923798 37.059044
vn -70.702766 -70.701134 1.5713464
vn -77.978424 -58.288876 22.842373
vn -37.758793 -15.734504 91.25074
vn -37.758167 -15.734398 91.251022
vn -46.489819 7.0902505 88.252045
vn -46.489437 7.0905461 88.252235
vn -48.856712 25.21833 83.528786
vn -48.857487 25.217543 83.528557
vn -48.856895 25.216133 83.529343
vn -48.856529 25.216679 83.529381
vn -48.167107 36.324963 79.752281
vn -48.168476 36.321373 79.75309
vn -45.765728 46.555965 75.749847
vn -45.766594 46.55434 75.750328
vn -58.077232 -26.681814 -76.909782
vn -67.161011 -9.4811125 -73.481354
vn -65.237656 -7.0731893 -75.458717
vn -59.886543 -18.123112 -78.007393
vn -90.380226 5.4993877 -42.44022
vn -96.417435 -8.6222153 -25.086533
vn -90.380547 5.5014052 -42.43927
vn -96.418243 -8.6231155 -25.083195
vn -90.380875 5.500555 -42.438663
vn -86.75386 12.616574 -48.110195
vn -90.380768 5.5003071 -42.438946
vn 94.676422 -26.035759 -18.934427
vn 98.590393 -16.563061 -2.3664646
vn 98.591576 -16.55596 -2.3665977
vn 94.676216 -26.035679 -18.935598
vn 97.513901 -10.225068 19.659266
vn 98.590134 -16.564537 -2.3665648
vn 98.590149 -16.564468 -2.3667243
vn -48.748764 -2.359055 -87.28112
vn -48.748768 -2.3590364 -87.28112
vn -48.748768 -2.359051 -87.28112
vn -79.367767 -60.507999 -6.2880745
vn -70.70562 -70.698334 1.5693184
vn -61.341362 -62.127861 -48.758244
vn 73.895683 -50.314453 44.809395
vn 22.745663 -97.264977 -4.707294
vn 64.606544 -75.638 10.241432
vn -20.486891 -0.82090402 -97.875504
vn -0.78733116 32.332077 -94.625671
vn -20.520321 -0.78921473 -97.868752
vn -0.78835076 32.329578 -94.626511
vn -26.820004 -44.965672 -85.198456
vn -26.821581 -44.963566 -85.199074
vn -7.0958772 31.54467 94.628647
vn 0.0014532357 36.321053 93.170708
vn -7.0989423 31.544847 94.628365
vn -0.00061518513 36.322891 93.169983
vn 72.723221 -9.4860106 -67.980499
vn 87.271179 -12.580929 -47.174786
vn 72.722687 -9.487009 -67.980927
vn 87.271332 -12.579432 -47.174919
vn 1.5746855 36.998611 92.890388
vn 7.8805404 31.525017 94.57309
vn 7.8804865 31.523476 94.573608
vn 1.5738554 36.997162 92.890976
vn 67.886917 -65.515701 -33.152058
vn 76.338837 -59.810444 -24.394556
vn 76.338997 -59.810379 -24.394154
vn 67.885223 -65.517479 -33.152008
vn 26.780001 -14.176032 -95.298859
vn 50.19138 -6.2738614 -86.263931
vn 26.780106 -14.175277 -95.298943
vn 50.190712 -6.2737546 -86.264328
vn 90.493217 -40.12925 -14.164118
vn 95.509895 -19.733761 22.100653
vn 95.509857 -19.733891 22.100712
vn -95.151794 -30.668747 -2.3591208
vn -87.046089 -49.0644 -3.9572725
vn -95.151634 -30.669239 -2.3588879
vn -87.046677 -49.063427 -3.9569707
vn -45.014912 -69.496155 56.070877
vn -45.014534 -69.496796 56.070358
vn -26.671101 -80.789406 52.552097
vn -26.669334 -80.789757 52.552448
vn -31.480009 25.970438 91.293724
vn -33.883137 34.672283 87.462936
vn -31.479889 25.972023 91.293312
vn -33.882938 34.669525 87.464104
vn 31.480194 25.970612 91.293617
vn 33.881454 34.668621 87.465042
vn 33.882912 34.669483 87.464127
vn 31.479982 25.972439 91.293159
vn 43.412354 -12.631413 -89.195374
vn 72.722351 -9.4866657 -67.981339
vn 72.7229 -9.4866543 -67.980751
vn 43.414818 -12.627406 -89.194748
vn -58.83411 31.379986 74.524124
vn -47.280293 37.823544 79.586143
vn -47.279255 37.822365 79.587318
vn -58.835625 31.377089 74.524139
vn -0.00050850213 44.722591 89.442101
vn 5.5235853 52.065437 85.197891
vn 0.00029960647 44.721474 89.442665
vn 5.529901 52.020172 85.225136
vn -5.5237389 52.066055 85.197502
vn 0.00061867759 44.722733 89.442032
vn 0.00046007335 44.721325 89.442749
vn -5.5208626 52.0653 85.198158
vn 47.280228 37.823578 79.586159
vn 58.463142 30.809473 75.052238
vn 47.279137 37.822392 79.587372
vn 58.462227 30.811834 75.051964
vn -17.350248 -83.601624 52.055149
vn 10.995982 -88.743088 44.763306
vn -17.349205 -83.602646 52.053856
vn 10.996667 -88.742874 44.763538
vn -47.278278 37.823128 79.58754
vn -37.739952 36.952805 84.912827
vn -37.739407 36.953121 84.912926
vn -47.291237 37.820263 79.5812
vn 37.846924 36.2715 85.158615
vn 47.278126 37.823021 79.587669
vn 37.847973 36.27103 85.158348
vn 47.341873 37.806408 79.557671
vn 66.078285 -62.931915 -40.905186
vn 67.627487 -70.771339 -20.443592
vn 61.574703 -58.409286 -52.885841
vn -26.6686 -80.789864 52.552677
vn -17.349733 -83.601898 52.054874
vn -26.66758 -80.790604 52.552055
vn -17.352356 -83.602173 52.05357
vn 67.885193 -65.518021 -33.150986
vn 65.613594 -69.565384 -29.249142
vn 65.61264 -69.566704 -29.248161
vn 67.884842 -65.518074 -33.151634
vn 95.509254 -19.736132 22.101305
vn 90.491692 -40.1329 -14.163458
vn 90.491638 -40.132702 -14.164431
vn -33.048172 -45.634945 -82.615196
vn -33.048363 -45.635593 -82.614761
vn -47.136604 -38.49313 -79.349983
vn -77.979881 -58.28648 22.843494
vn -70.70208 -70.701782 1.5723929
vn -79.368057 -60.507935 -6.2849278
vn 39.39127 -22.837959 -89.032326
vn 30.003172 -31.584608 -90.012344
vn 30.002859 -31.584305 -90.01255
vn -33.882927 34.66991 87.463943
vn -33.882477 34.669586 87.464264
vn -37.740387 36.952702 84.912659
vn -37.739742 36.95256 84.913002
vn 33.882488 34.669556 87.464272
vn 37.850758 36.270096 85.157501
vn 37.848221 36.270641 85.158394
vn 33.88279 34.669312 87.464241
vn -4.7373772 -43.404182 -89.964615
vn -35.369389 -44.01548 -82.532692
vn -35.36755 -44.015244 -82.533592
vn -4.7335682 -43.40514 -89.964371
vn 32.364861 -41.045544 -85.251259
vn -4.7332077 -43.403728 -89.965065
vn -4.7365208 -43.404999 -89.964272
vn 32.364605 -41.046383 -85.250961
vn -95.897324 -20.434671 19.650093
vn -83.571228 -34.689198 42.57357
vn -95.896416 -20.438246 19.650818
vn -83.571068 -34.689941 42.573284
vn -99.811485 -3.9289095 4.7150021
vn -95.897339 -20.435589 19.649071
vn -95.897034 -20.436155 19.650024
vn -99.811478 -3.9298949 4.7145095
vn -99.422234 8.6798611 -6.3151121
vn 95.896599 -20.437237 19.650991
vn 83.57003 -34.691444 42.574093
vn 83.570877 -34.689907 42.573654
vn 95.896561 -20.438251 19.65015
vn 95.896965 -20.436602 19.649828
vn 99.811378 -3.9300125 4.7162971
vn 95.89608 -20.438221 19.652456
vn 99.811401 -3.9290493 4.7167239
vn 99.42244 8.6803617 -6.3111005
vn -90.040604 11.847312 41.860836
vn -88.011574 22.790956 41.647736
vn -88.011879 22.78705 41.649246
vn -90.040291 11.846432 41.861755
vn -85.952057 31.543278 40.215237
vn -88.011253 22.790171 41.648842
vn -88.012878 22.786955 41.647179
vn -85.951523 31.544041 40.215797
vn 90.040413 11.847552 41.861183
vn 88.012138 22.786469 41.649017
vn 90.040115 11.846603 41.862091
vn 88.011703 22.787247 41.649506
vn 85.951958 31.54332 40.215416
vn 88.011459 22.78981 41.648643
vn 85.951599 31.543823 40.215794
vn 88.01104 22.790476 41.649132
vn 16.539879 -88.210083 44.106842
vn -3.1564758 -87.594254 48.138161
vn -3.1569734 -87.593628 48.139259
vn 16.53936 -88.210335 44.106529
vn 25.847662 -63.446629 72.8452
vn 33.008636 -77.80764 53.445316
vn 14.172353 -62.982883 76.369499
vn 87.398743 -37.006702 31.495476
vn 82.054916 -56.808006 6.3120136
vn 82.056229 -56.806255 6.3108697
vn 87.398544 -37.007431 31.495173
vn -78.896652 -13.410747 59.962242
vn -71.121887 -25.288656 65.590874
vn -71.123619 -25.287247 65.589516
vn -78.899643 -13.412898 59.957836
vn -81.089996 5.5102158 58.258499
vn -81.089966 5.5100884 58.258526
vn -79.495277 23.613531 55.882908
vn -79.495995 23.613539 55.881908
vn -79.495514 23.612333 55.88311
vn -79.495544 23.613939 55.882378
vn -74.669922 38.511391 54.233521
vn -74.669281 38.512825 54.233406
vn -68.434425 53.487511 49.556202
vn -74.668274 38.515301 54.233036
vn -74.6689 38.513988 54.233097
vn -68.433464 53.489716 49.555145
vn -3.1557546 -87.594307 48.138115
vn -22.873047 -86.753426 44.166355
vn -22.870682 -86.753952 44.166561
vn -3.1551201 -87.594841 48.137207
vn -59.250832 11.05872 -79.79377
vn -54.174538 -11.776369 -83.225227
vn -59.252022 11.060256 -79.792648
vn -54.176857 -11.77992 -83.223206
vn 53.676586 -27.627714 -79.721603
vn 32.363419 -41.046196 -85.251495
vn 32.363689 -41.045895 -85.251541
vn 53.674461 -27.628736 -79.722672
vn 74.318222 38.740677 54.552364
vn 74.318863 38.738953 54.552731
vn 68.012611 53.776855 49.823029
vn 68.01223 53.778488 49.821781
vn 78.849846 23.656395 56.772152
vn 74.318512 38.739082 54.55312
vn 74.318024 38.73904 54.553799
vn 78.850365 23.656305 56.771465
vn 80.718018 5.4851584 58.775105
vn 78.851006 23.652966 56.771965
vn 78.850327 23.656767 56.771336
vn 80.717659 5.4870467 58.775444
vn 78.896835 -13.412436 59.961632
vn 78.896797 -13.412627 59.961628
vn 70.754318 -25.156921 66.037537
vn 70.755539 -25.156815 66.03627
vn -14.102416 -63.45686 75.989143
vn -32.358997 -80.500763 49.724487
vn -26.015377 -64.635902 71.731453
vn -61.340923 -62.127056 -48.759823
vn -70.700226 -70.70369 1.5708085
vn -65.449989 -72.546463 21.291048
vn 2.3606129 -85.864471 51.202755
vn -21.189613 -80.829437 54.932713
vn 2.3599074 -85.864548 51.20266
vn -21.18804 -80.829803 54.932766
vn 0.79111308 -67.068779 74.169754
vn 0.78999549 -78.847931 61.50106
vn 35.372086 -62.091549 69.953239
vn -65.348686 -71.649696 24.410456
vn -70.700821 -70.703056 1.5722659
vn -66.857285 -68.431442 -29.107391
vn -67.707512 -41.725163 -60.619358
vn -83.84922 -25.314714 -48.254242
vn -83.849625 -25.313395 -48.25425
vn -67.707466 -41.725826 -60.618931
vn 41.742962 -81.119072 40.953907
vn 65.333565 -54.315346 52.738674
vn 65.334534 -54.31271 52.740192
vn 41.741692 -81.119934 40.953476
vn 23.608824 -8.656786 -96.786789
vn 23.607216 -8.6576014 -96.787109
vn 32.347404 -26.827696 -90.740944
vn 67.722588 -54.335758 -49.611244
vn 69.286194 -61.411812 -37.789047
vn 69.286789 -61.410851 -37.789524
vn 67.724022 -54.335499 -49.609577
vn 70.140129 -67.775444 22.064734
vn 67.62561 -70.772949 -20.444208
vn 66.078438 -62.932888 -40.903454
vn 1.5764341 -38.623623 -92.226517
vn 26.777351 -14.177518 -95.299377
vn 1.5761912 -38.625702 -92.225647
vn 26.777262 -14.177181 -95.299461
vn -33.832897 -63.729477 69.237923
vn 0.78609586 -78.849091 61.499626
vn 0.78711903 -67.069229 74.169388
vn 94.676903 -26.034729 -18.933519
vn 83.383125 -41.690197 -36.182598
vn 94.676605 -26.035006 -18.934607
vn 83.381783 -41.691078 -36.184681
vn -35.371082 -44.016308 -82.531517
vn -30.716892 -45.681561 -83.484528
vn -30.716858 -45.681831 -83.48439
vn -35.368393 -44.016777 -82.532425
vn -45.595161 -36.945206 -80.969948
vn -45.595314 -36.945152 -80.969879
vn 25.292307 56.903988 78.244705
vn 30.620655 40.040176 86.366425
vn 30.621225 40.043018 86.364914
vn 25.29244 56.905186 78.24379
vn 30.62104 40.041592 86.365623
vn 30.620167 40.04166 86.365906
vn 31.480238 25.972275 91.293121
vn 70.889427 -67.73233 -19.672815
vn 67.628143 -70.770653 -20.443783
vn 69.990845 -66.843445 25.16419
vn 10.996299 -88.741714 44.765945
vn 40.771164 -85.464012 32.149895
vn 10.995802 -88.742897 44.763725
vn 40.771667 -85.464333 32.148388
vn -26.005846 26.005983 92.991318
vn -25.996691 40.964451 87.441902
vn -26.005264 26.00461 92.991859
vn -25.996334 40.963539 87.442436
vn 26.006168 26.006042 92.991211
vn 25.996035 40.964504 87.442047
vn 25.996229 40.963688 87.44239
vn 26.004616 26.004717 92.99202
vn -89.886162 -39.462311 19.057903
vn -74.089417 -66.995514 4.7286563
vn -74.088081 -66.996941 4.7292824
vn -89.923187 -39.438343 18.932411
vn 50.425549 -60.66906 61.453484
vn 33.010811 -77.808487 53.442734
vn 43.909569 -61.943527 65.076492
vn 43.908688 -61.943241 65.077354
vn 33.008568 -77.807899 53.444977
vn 25.84831 -63.445168 72.846245
vn -96.238625 11.833141 -24.456156
vn -91.545547 7.8916068 -39.460541
vn -91.546089 7.8920431 -39.459225
vn -96.239143 11.831939 -24.454718
vn -91.546272 7.8917875 -39.458839
vn -89.57708 6.2873344 -44.00473
vn -91.54631 7.8916326 -39.458782
vn 96.239464 11.83218 -24.453293
vn 91.545753 7.8913255 -39.46014
vn 96.23867 11.835447 -24.454811
vn 91.545326 7.8910384 -39.461189
vn 89.593658 6.2607708 -43.974747
vn 91.546234 7.8927879 -39.458717
vn 91.546333 7.892406 -39.458584
vn -95.151169 -30.670599 -2.3595586
vn -77.99823 -61.454075 -11.818291
vn -95.151596 -30.669386 -2.3588424
vn -77.997803 -61.454788 -11.817372
vn -81.304085 -12.630612 -56.834072
vn -75.457687 -36.941547 -54.235218
vn -81.304504 -12.629295 -56.833775
vn -75.458054 -36.94186 -54.234489
vn -90.447433 39.324394 16.518248
vn -86.679733 49.641434 4.7278705
vn -86.679314 49.642151 4.7278442
vn -90.448021 39.324429 16.514954
vn 47.935223 25.145657 84.082756
vn 47.25705 36.230976 80.337341
vn 47.257122 36.231205 80.337196
vn 47.935062 25.146709 84.082535
vn 44.868183 46.441418 76.354706
vn 44.868244 46.443878 76.353165
vn 90.447632 39.325466 16.514637
vn 87.540611 48.106621 4.7320266
vn 90.447479 39.325027 16.516512
vn 87.540688 48.106632 4.7308512
vn -43.917442 -64.307602 62.735897
vn -32.359608 -80.502823 49.720745
vn -49.582054 -62.962147 59.811268
vn -26.010683 -64.637268 71.731918
vn -32.356552 -80.501984 49.724102
vn -43.91478 -64.308411 62.736927
vn -17.28142 48.697754 85.614731
vn -0.78492314 37.6782 92.626862
vn -17.279924 48.697205 85.615341
vn -0.78700113 37.679993 92.626122
vn 0.78358835 37.678841 92.626617
vn 17.281532 48.697342 85.614944
vn 17.280943 48.699577 85.613792
vn 0.78300685 37.680496 92.625954
vn 41.741459 -81.12011 40.953354
vn 16.538839 -88.210381 44.106644
vn 16.539036 -88.210274 44.106792
vn 41.740807 -81.120331 40.953602
vn 18.062319 -32.980686 -92.660812
vn 40.85918 -4.716424 -91.14978
vn 18.059132 -32.982574 -92.660751
vn 40.860332 -4.7147651 -91.149345
vn -85.952126 31.54253 40.215672
vn -86.552551 36.194912 34.620529
vn -86.552795 36.194092 34.620842
vn -85.951393 31.544197 40.215923
vn 85.95211 31.54163 40.216434
vn 86.552521 36.193913 34.621658
vn 85.95179 31.542923 40.216061
vn 86.553215 36.192795 34.621101
vn -88.265503 38.616028 26.795609
vn -90.447296 39.324997 16.517622
vn -90.447441 39.325195 16.516376
vn -88.265633 38.616177 26.794949
vn 88.265411 38.616039 26.795891
vn 90.447281 39.324623 16.518486
vn 88.265518 38.616386 26.795015
vn 90.447464 39.324745 16.517265
vn 69.990311 -66.843475 25.165573
vn 67.625137 -70.772629 -20.446905
vn 70.141594 -67.77359 22.065769
vn -72.471535 -67.742569 -12.602509
vn -87.046463 -49.063759 -3.957298
vn -87.047295 -49.062424 -3.9556231
vn -72.47065 -67.743324 -12.603444
vn 17.3873 -31.615633 -93.263786
vn 43.415638 -12.628488 -89.194199
vn 17.387974 -31.613577 -93.264359
vn 43.414127 -12.62866 -89.194901
vn -86.552635 36.195438 34.619789
vn -88.265717 38.61623 26.794586
vn -88.265404 38.616341 26.795435
vn -86.552193 36.195488 34.620895
vn 86.552406 36.193779 34.622124
vn 88.265724 38.6161 26.794746
vn 86.552193 36.195663 34.620667
vn 88.265747 38.6161 26.794661
vn -65.449135 -72.547485 21.290253
vn -70.702461 -70.701447 1.5711215
vn -65.349243 -71.650238 24.407391
vn -49.574749 -86.557457 -7.0817194
vn 22.746132 -97.26516 -4.7011843
vn -59.741276 -80.177979 -1.5720353
vn -37.86245 45.748505 80.458122
vn -39.345631 53.51075 74.756409
vn -39.345772 53.510689 74.756378
vn 36.271854 45.723907 81.201454
vn 38.448612 53.357388 75.330559
vn 38.449722 53.356934 75.330299
vn -55.125046 -27.563261 -78.74958
vn -52.062149 -39.438335 -75.724174
vn -55.126785 -27.560814 -78.749214
vn -52.060944 -39.439705 -75.724281
vn -55.125271 -27.561815 -78.749924
vn -54.174335 -11.775399 -83.225502
vn -54.175991 -11.776948 -83.224197
vn -55.12352 -27.563284 -78.750641
vn 14.922482 -85.605385 49.487755
vn 2.3630121 -85.862862 51.20533
vn 2.3629858 -85.863014 51.205078
vn -51.17445 -77.155762 -37.79105
vn -51.174492 -77.155731 -37.791061
vn -51.176598 -77.156418 -37.786812
vn 53.68396 -74.980576 -38.677456
vn 53.683968 -74.980568 -38.677464
vn 53.672241 -74.988907 -38.677567
vn 27.63035 -93.144699 -23.677658
vn 22.749254 -97.264206 -4.7059932
vn 50.281548 -85.632393 -11.783885
vn 30.003347 -31.582794 -90.012932
vn 0.78748018 -47.221573 -88.144783
vn 30.005917 -31.583117 -90.011955
vn 0.78859377 -47.22126 -88.144943
vn -25.996738 40.962826 87.44265
vn -17.280855 48.698475 85.614426
vn -25.996655 40.964489 87.441902
vn -17.28063 48.698826 85.614265
vn 17.280806 48.69838 85.614502
vn 25.997076 40.963444 87.442245
vn 25.997543 40.965199 87.441292
vn 17.280464 48.699249 85.614059
vn 0.78755504 -47.221355 -88.144905
vn -33.044594 -45.63604 -82.616028
vn 0.78521222 -47.221104 -88.145058
vn -33.046715 -45.634846 -82.615829
vn 83.38073 -41.69278 -36.185146
vn 65.937126 -57.303341 -48.668488
vn 65.938988 -57.301453 -48.668194
vn 83.382576 -41.690422 -36.18362
vn 90.491341 -40.133514 -14.16403
vn 72.944717 -61.182072 -30.59123
vn 72.946358 -61.180603 -30.590242
vn 90.492668 -40.130653 -14.163612
vn 65.112526 -75.310852 -9.4146147
vn 82.055847 -56.806488 6.313602
vn 82.056038 -56.806271 6.3130202
vn -20.490419 -95.358536 -22.065615
vn -52.695686 -83.369072 16.515482
vn -61.981762 -76.889931 15.690721
vn -25.178671 57.436989 77.891113
vn -25.177032 57.435982 77.892387
vn -30.729887 40.974957 85.887871
vn -30.731232 40.974586 85.887566
vn 64.607239 -75.636909 10.245096
vn 22.747267 -97.264648 -4.7063355
vn 22.869198 -94.625374 -22.870054
vn 20.51524 48.133339 85.21917
vn 21.269823 56.719486 79.5644
vn 21.270416 56.719601 79.564163
vn 20.515289 48.134899 85.218285
vn -20.515116 48.134991 85.218262
vn -20.442759 48.141491 85.231987
vn -21.174665 57.250233 79.20887
vn -21.174725 57.250309 79.208794
vn -48.920296 -41.818901 -76.537468
vn -52.06004 -39.438717 -75.725418
vn -52.060818 -39.439045 -75.724693
vn -31.597059 -53.717548 -78.205193
vn -20.454992 -58.22578 -78.68515
vn -48.919868 -41.819611 -76.537354
vn -31.598795 -53.716797 -78.205009
vn -67.706924 -41.725185 -60.619995
vn -54.343014 -49.607784 -67.719299
vn -54.335533 -49.613274 -67.721291
vn -67.705093 -41.725307 -60.621933
vn -99.811523 -3.928623 4.7144308
vn -99.422615 8.6777287 -6.3118973
vn -99.42263 8.6778536 -6.3116078
vn -96.239052 11.832906 -24.454582
vn -99.422279 8.6812258 -6.312572
vn -99.422356 8.6796188 -6.3136086
vn -96.239197 11.834173 -24.453356
vn -74.089828 -66.994911 4.7305388
vn -52.658142 -84.88166 -4.7140956
vn -74.089989 -66.99482 4.7294917
vn 42.471222 57.414299 69.998512
vn 44.867645 46.444286 76.353279
vn 44.867664 46.441341 76.355064
vn 42.471794 57.41592 69.996864
vn 99.422401 8.6796465 -6.312789
vn 99.81134 -3.9312043 4.7161202
vn 99.422394 8.6795578 -6.3129735
vn 99.422462 8.6787672 -6.3129292
vn 96.239632 11.831966 -24.452724
vn 99.422371 8.6798391 -6.3130021
vn 96.239433 11.831373 -24.453804
vn -45.765858 46.55426 75.750816
vn -45.766258 46.554455 75.750465
vn -43.348892 57.535545 69.358009
vn -43.348587 57.535374 69.358353
vn 82.055458 -56.807457 6.3097672
vn 65.112617 -75.310944 -9.413106
vn 65.112457 -75.310905 -9.4145107
vn -37.77533 30.69198 87.355743
vn -37.775646 30.693651 87.355019
vn -38.578236 42.515644 81.878815
vn -38.578129 42.515392 81.879005
vn -38.577225 42.516407 81.878891
vn -38.577885 42.513496 81.880096
vn -39.408794 54.382938 74.090775
vn -39.409653 54.382896 74.090347
vn 37.775547 30.692951 87.355316
vn 37.775013 30.694101 87.355125
vn 38.577904 42.514481 81.879562
vn 38.532413 42.515839 81.900291
vn 38.577908 42.51384 81.879898
vn 38.578144 42.5126 81.88044
vn 39.408665 54.383266 74.090607
vn 39.409916 54.383266 74.089943
vn -59.781773 -58.994946 -54.274632
vn -75.45845 -36.940964 -54.234573
vn -59.780174 -58.995983 -54.275249
vn -75.45636 -36.942253 -54.236584
vn 82.472588 56.553257 -0.00059530663
vn 87.540298 48.107239 4.7317414
vn 87.54026 48.107285 4.7318535
vn -52.659626 -84.880737 -4.7141132
vn -74.089531 -66.995407 4.728343
vn -52.659702 -84.880638 -4.7149258
vn 13.367391 -61.331181 -77.844704
vn 17.387316 -31.616613 -93.263458
vn 17.388786 -31.614573 -93.263863
vn 13.367382 -61.331909 -77.844147
vn 21.269606 56.717968 79.565544
vn 25.291983 56.904327 78.244576
vn 25.292019 56.90382 78.244926
vn 21.269386 56.720112 79.564072
vn -21.174713 57.248909 79.209808
vn -21.174377 57.249073 79.209778
vn -25.175985 57.436882 77.892059
vn -25.176966 57.436401 77.892113
vn -19.710701 -96.194504 -18.923653
vn 22.749306 -97.264275 -4.7041512
vn -49.57325 -86.558327 -7.0815434
vn -77.974632 -61.525894 -11.59831
vn -55.108208 -81.090721 -19.681971
vn -77.999794 -61.452442 -11.816555
vn -55.109531 -81.089622 -19.682812
vn -48.857891 -81.953316 -29.942612
vn -72.471016 -67.743126 -12.602392
vn -72.47171 -67.742348 -12.602589
vn -48.856129 -81.952995 -29.946379
vn 45.592197 -72.317734 -51.879646
vn 65.937454 -57.302982 -48.668465
vn 45.591263 -72.317711 -51.880489
vn 65.938614 -57.301838 -48.668251
vn -86.67955 49.641655 4.7285995
vn -80.566895 59.236599 -0.0038056925
vn -86.679451 49.641792 4.7290125
vn 50.280643 -85.632957 -11.783574
vn 22.747147 -97.26474 -4.7050004
vn 20.40559 -95.745781 -20.40477
vn -6.3127279 -56.808479 -82.054535
vn 18.060822 -32.981678 -92.660744
vn 18.061581 -32.97921 -92.661476
vn -6.3122063 -56.807663 -82.05513
vn 1.5751749 -38.625031 -92.225945
vn -9.4663773 -55.222282 -82.830482
vn -9.4677 -55.220203 -82.831718
vn 1.575809 -38.624725 -92.226067
vn 72.944847 -61.181908 -30.591209
vn 50.244568 -73.009079 -46.315834
vn 50.243599 -73.009186 -46.316742
vn 72.944687 -61.182133 -30.591177
vn 38.450001 53.359829 75.328125
vn 40.216286 61.508034 67.818977
vn 40.217392 61.509438 67.817047
vn 38.449535 53.357117 75.330276
vn -39.346794 53.511353 74.755379
vn -39.346157 53.511051 74.75592
vn -41.749065 61.4389 66.949799
vn -41.747475 61.439655 66.950111
vn -3.9242864 -72.208244 -69.069305
vn 21.993618 -62.836544 -74.618019
vn -3.9232984 -72.208916 -69.068657
vn 21.991762 -62.836746 -74.618401
vn 65.110855 -75.312332 -9.4141207
vn 40.876984 -89.610435 -17.292795
vn 40.876068 -89.610764 -17.293285
vn 65.111908 -75.311546 -9.4133539
vn -41.746773 61.439167 66.950996
vn -41.746994 61.43874 66.951248
vn -43.348957 57.535885 69.357697
vn -43.34856 57.535172 69.358528
vn 40.217793 61.509323 67.816902
vn 42.47121 57.413971 69.99881
vn 42.471046 57.414673 69.998329
vn 40.217472 61.508144 67.818153
vn 11.825572 -91.471352 -38.641277
vn -52.693039 -83.369736 16.520679
vn -20.489264 -95.358589 -22.066473
vn 22.864555 -94.626183 -22.871304
vn 22.741121 -97.266083 -4.7064252
vn 27.624645 -93.14502 -23.683018
vn 20.491163 -63.047413 -74.86747
vn 14.912052 -66.711319 -72.987892
vn 14.889756 -66.687874 -73.013863
vn -4.7255173 -81.121933 -58.282944
vn -4.7267909 -81.120552 -58.284748
vn 24.427608 -67.773514 -69.354477
vn -62.057037 52.630737 58.128571
vn -44.847713 40.912937 79.465805
vn -44.847404 40.911858 79.466537
vn -62.056244 52.632427 58.12788
vn 44.847401 40.912899 79.465996
vn 62.056862 52.630688 58.128803
vn 44.84697 40.911751 79.466827
vn 62.056263 52.632 58.128223
vn -52.656071 -84.882851 -4.715878
vn -29.064592 -95.049042 -10.996787
vn -29.062826 -95.049492 -10.997559
vn -52.657413 -84.882065 -4.7150207
vn 29.939186 -90.595055 -29.93626
vn 5.5245056 -94.723846 -31.573284
vn 5.5236297 -94.723656 -31.574026
vn 29.936182 -90.595772 -29.937124
vn -0.00082992483 -96.967514 -24.439804
vn 22.746635 -97.264954 -4.7033167
vn -19.711432 -96.194214 -18.924404
vn 20.403505 -95.746429 -20.403864
vn 22.748545 -97.264359 -4.7060833
vn -0.00091135735 -96.969444 -24.432091
vn 3.1376214 -89.398476 -44.69976
vn -30.57342 -90.933502 -28.219912
vn -30.573772 -90.933151 -28.220701
vn 3.1380382 -89.398567 -44.699535
vn -59.78278 -58.994312 -54.274227
vn -40.237095 -71.793106 -56.804272
vn -59.782444 -58.993443 -54.275524
vn -40.236141 -71.793602 -56.804337
vn 28.35358 -90.573662 -31.503773
vn 5.5300832 -97.182381 -22.912958
vn 5.5333095 -97.182327 -22.912355
vn 28.352085 -90.573685 -31.505041
vn 45.593243 -72.316338 -51.880665
vn 22.019785 -84.93441 -47.971626
vn 22.019571 -84.935043 -47.970566
vn 45.592754 -72.31675 -51.880516
vn -6.3107476 -56.806717 -82.055901
vn -6.3116326 -56.806091 -82.056259
vn -15.731843 -65.379364 -74.013832
vn -20.458788 -58.225147 -78.684631
vn -31.598387 -53.71983 -78.203072
vn 9.43822 -69.998688 -70.789154
vn 39.409004 54.384506 74.089516
vn 39.409542 54.38332 74.090096
vn 42.409397 65.96994 62.043613
vn 42.408825 65.97126 62.042583
vn -39.409451 54.383331 74.090141
vn -39.409149 54.384571 74.089378
vn -42.409439 65.970024 62.043488
vn -42.408939 65.971916 62.041824
vn -55.097218 -81.139427 -19.511261
vn -31.413427 -91.105034 -26.703375
vn -55.107338 -81.091324 -19.681927
vn -31.413734 -91.104904 -26.703455
vn 50.244446 -73.008102 -46.317528
vn 3.1385331 -89.398392 -44.699879
vn 3.1395242 -89.399002 -44.698555
vn 50.244556 -73.008026 -46.317513
vn 15.78719 -76.564384 -62.359131
vn 13.367033 -61.329956 -77.845757
vn 13.365802 -61.330139 -77.84581
vn -23.679192 -71.028366 -66.289261
vn -26.821974 -44.966419 -85.197441
vn -26.822979 -44.966373 -85.197151
vn -3.1562495 -72.62075 -68.675064
vn 14.912957 -66.708511 -72.990257
vn -3.1557395 -72.620605 -68.67524
vn 14.91041 -66.710114 -72.989326
vn -29.065931 -95.048599 -10.996983
vn 5.5288897 -97.182671 -22.912004
vn 5.527741 -97.18235 -22.913628
vn -29.065022 -95.048889 -10.996923
vn 5.4976473 -97.396278 -21.99411
vn -13.432624 -96.407799 -22.91507
vn -13.433976 -96.407074 -22.917318
vn 5.4980731 -97.396317 -21.993851
vn 40.876492 -89.610687 -17.292667
vn 5.4957123 -97.396759 -21.992468
vn 5.4972587 -97.396408 -21.993589
vn 40.873142 -89.611992 -17.293783
vn 10.251195 -89.130119 -44.167118
vn 22.020414 -84.934311 -47.9715
vn 22.020651 -84.934502 -47.971054
vn 50.250084 66.739876 54.961056
vn 56.649147 60.582413 55.862736
vn 50.250076 66.739868 54.961098
vn -4.7254353 -81.121658 -58.283337
vn -48.8573 -81.952927 -29.944704
vn -48.856434 -81.952896 -29.946144
vn -4.7267089 -81.122688 -58.281792
vn -40.235176 -71.794388 -56.80402
vn -3.9237247 -72.208923 -69.068626
vn -40.235916 -71.793823 -56.804222
vn -3.9230928 -72.206863 -69.070801
vn -68.434776 53.486702 49.556591
vn -61.509125 67.817627 40.216846
vn -61.509369 67.816017 40.219219
vn -68.433693 53.488983 49.555599
vn 68.012001 53.778667 49.82193
vn 68.012955 53.776134 49.823345
vn 60.620041 67.706779 41.725323
vn 60.620438 67.706383 41.725384
vn -31.416277 -91.104202 -26.702839
vn 5.5240927 -94.723442 -31.574598
vn -31.415352 -91.104408 -26.70322
vn 5.525188 -94.72274 -31.576492
vn -21.277267 -73.290993 -64.61972
vn -21.277313 -73.290573 -64.620178
vn -28.315973 -72.372795 -62.931591
vn -3.1582184 -72.621185 -68.6745
vn -21.279011 -73.290901 -64.619247
vn -3.1591222 -72.619873 -68.67585
vn -21.277733 -73.29232 -64.618065
vn -79.261459 51.793163 32.172802
vn -85.466072 47.048077 21.955147
vn -79.261475 51.793156 32.172775
vn 85.468201 47.0448 21.953911
vn 79.26104 51.793495 32.173302
vn 79.261032 51.79353 32.173279
vn 58.318806 70.138474 40.981861
vn 58.318665 70.138519 40.981983
vn 60.503929 65.258392 45.613789
vn 42.409874 65.971397 62.04174
vn 50.251125 66.738358 54.961937
vn 42.408852 65.970467 62.04343
vn 50.251244 66.738319 54.961884
vn -48.18203 72.666618 48.969944
vn -42.409168 65.971291 62.042339
vn -42.408485 65.970726 62.043404
vn -48.180374 72.667496 48.970245
vn -62.057156 52.630062 58.129036
vn -79.260704 51.793232 32.174541
vn -79.260139 51.794544 32.173813
vn -62.056561 52.631176 58.12867
vn 79.260765 51.793198 32.174442
vn 62.057201 52.630093 58.128963
vn 79.260239 51.794483 32.173695
vn 62.056602 52.631184 58.128616
vn -48.180573 72.665833 48.972519
vn -54.234798 75.457954 36.94162
vn -54.233639 75.4589 36.941399
vn -48.180897 72.666962 48.970535
vn -56.016422 78.897125 25.246862
vn -56.01701 78.896523 25.247442
vn -61.50872 67.817986 40.216892
vn -61.508423 67.817856 40.217548
vn 60.619682 67.707245 41.725075
vn 58.318417 70.139908 40.979927
vn 58.318108 70.139816 40.980541
vn 60.620247 67.706161 41.726051
vn -54.235107 75.45797 36.941147
vn -55.018837 77.033829 32.229134
vn -54.235416 75.457756 36.941143
vn -55.141014 81.922348 15.75425
vn -57.475048 80.304688 15.74088
vn -55.141006 81.922356 15.754233
vn -56.016846 78.897087 25.246004
vn -56.017567 78.895851 25.248329
vn -55.140419 81.922791 15.754088
vn -55.141659 81.921921 15.754235
vn 91.135147 -9.4278412 -40.068718
vn 90.990387 -10.981215 40.002026
vn 39.249191 -82.421448 40.819187
vn 40.280449 -80.562996 -43.440636
vn 37.690437 -11.781146 -91.872932
vn 37.67894 0.78451633 -92.626587
vn 92.627296 0.78558755 -37.677124
vn 92.618347 1.5696316 37.674625
vn 37.676384 0.78458816 92.627625
vn 37.805016 -14.961434 91.361572
vn 1.7126746e-05 -20.396242 -97.897873
vn -2.1026246e-06 0.0024398384 -100
vn 0.0021879978 -89.284309 -45.036777
vn 0.0020322022 -90.516869 42.505245
vn -0.0021597019 -89.285133 -45.035156
vn 40.280697 -80.561684 -43.442848
vn 39.246998 -82.422592 40.818977
vn 1.1734664e-05 -23.694613 97.152283
vn -0.0020246457 -90.516678 42.505676
vn -1.5010143e-05 0.683936 99.997658
vn -91.136162 -9.4289551 -40.066132
vn -40.28014 -80.5644 -43.43832
vn -39.247879 -82.423004 40.817284
vn -90.989426 -10.981358 40.004154
vn -40.280632 -80.562859 -43.440716
vn -37.691246 -11.779308 -91.872841
vn -40.280682 -80.561684 -43.44286
vn -39.246994 -82.422607 40.818958
vn -37.804306 -14.96662 91.361015
vn -91.135201 -9.425827 -40.06908
vn 87.696564 33.181274 -34.760838
vn 40.142803 83.432938 -37.782272
vn 40.140892 83.43486 37.780056
vn 87.694862 33.183098 34.76339
vn 39.405548 34.676941 -85.115875
vn 2.636807e-06 36.323608 -93.169724
vn -0.001900519 91.542854 -40.248047
vn 40.142925 83.432465 -37.78318
vn 0.0018981213 91.542412 -40.249058
vn -0.0019015502 91.9543 39.298935
vn 40.142998 83.432472 37.783108
vn 0.0019143582 91.954178 39.299221
vn -2.0255613e-05 37.000484 92.902977
vn 39.296555 35.366627 84.882172
vn -87.694412 33.183605 34.764034
vn -40.143612 83.432137 37.783184
vn -40.139729 83.435524 -37.779842
vn -87.695023 33.182152 -34.763866
vn -92.618019 1.569925 37.67543
vn -92.62635 0.78358781 -37.679508
vn -37.676441 0.78472048 92.627602
vn -39.406433 34.677872 -85.115097
vn -87.695419 33.184273 -34.760853
vn -40.143463 83.433434 -37.780521
vn -39.297981 35.368156 84.880875
vn -38.603298 -17.33325 90.605415
vn -1.2164665e-05 -10.28045 99.470154
vn 8.8359229e-06 -10.96951 -99.39653
vn -38.605415 -17.333382 -90.604507
vn -40.142937 83.432457 -37.78318
vn -40.142944 83.432495 37.783096
vn 91.10997 -21.208555 -35.343613
vn 38.603432 -17.333317 -90.60537
vn 91.110481 -21.205729 35.343964
vn 91.109917 -21.205456 35.345596
vn 38.606613 -17.332676 90.604126
vn -91.110733 -21.207409 -35.342327
vn -91.109238 -21.206518 -35.346722
vn -91.109985 -21.207703 35.344109
vn -37.678875 0.78531635 -92.626595
vn -92.626122 0.78392124 -37.680061
vn -7.8454359e-06 100 -3.2538337e-05
vn 2.8591099e-05 100 -3.253833e-05
vn -7.8454423e-06 99.999992 -3.253833e-05
vn -4.428198e-05 100 -3.2538337e-05
vn 0.0031411648 -0.0011425473 -100
vn -0.0039872816 -0.00030239436 -100
vn 0.0018596649 -0.0039867065 -100
vn 0.0039241519 0.00021616605 -100
vn -0.0031918287 100 -0.0026657186
vn 100 -0.0040274221 -0.00056922372
vn 100 0.0037461517 -0.0012278563
vn -0.0040103542 -100 -0.00051418925
vn 0.0032693148 -100 -0.0025914111
vn -100 -0.00071227597 -0.0029101968
vn -100 -0.0022888184 -0.00011026822
vn 0.0038932215 100 -0.00055869436
vn 0.0023514032 100 0.0033489517
vn 0.0030398369 100 -0.0034278533
vn 100 -0.0022247434 0.00016689337
vn 100 -0.00016391277 6.6937459e-06
vn 99.999992 -0.0006206329 0.0029355288
vn 100 -0.0021368265 3.5274679e-05
vn 0.0022828579 -100 -0.0033540102
vn 0.0019520461 -100 0.023767576
vn -1.2636979e-06 -100 3.2538337e-05
vn -2.5273957e-06 -100 3.2538337e-05
vn -1.263698e-06 -100 3.2538337e-05
vn 0 -100 3.253833e-05
vn -0.0020056963 -100 0.0034417573
vn -0.0024139876 -100 -0.0033800798
vn -99.999992 0.0021666288 0.0001892444
vn -100 0.00060573267 0.0029444695
vn -0.0024527311 100 -0.0034469229
vn -0.003039838 100 0.0033286526
vn -1.4779685e-05 99.999992 -4.8784597e-05
vn 5.9004611e-05 100 -4.8784605e-05
vn -1.4779685e-05 99.999992 -4.8784594e-05
vn -8.8563982e-05 100 -4.8784597e-05
vn -0.0039989292 100 0.00062743807
vn -0.0030942261 -0.0006855526 99.999992
vn -0.00083148479 -0.0028518089 100
vn -0.0032186508 -100.00002 0.0026388965
vn -0.00045374036 0.0042392812 99.999992
vn 0.0039334856 -100.00002 0.00062425947
vn 0.00083744526 0.0029030195 100.00002
vn 0.0032663345 100 0.0027016797
vn -7.8454405e-06 99.999992 -3.2538333e-05
vn 2.8591106e-05 100 -3.2538337e-05
vn -7.8454432e-06 99.999992 -3.2538333e-05
vn -4.4281991e-05 100 -3.2538337e-05
vn 0.0032246113 -0.0011506757 -99.999992
vn -0.003940952 -0.00024576994 -100
vn -0.0029340386 0.0021577873 -100
vn 0.0012053676 0.0045822063 -99.999992
vn -0.0031501055 100 -0.0026776395
vn 100 0.00052899076 -0.002913177
vn 99.999992 0.0020854175 -0.00016391311
vn -0.0039145504 -100 -0.00057379389
vn -0.0031590462 -100 -0.00043670324
vn -100 0.0045264619 0.0011593096
vn -100 -0.0043332577 0.00049471925
vn -0.0024190913 100 0.0013724961
vn 0.0024467707 100 0.0033454597
vn 100 -0.0022299588 0.00015199221
vn 100 -0.00062212301 0.0028803945
vn 0.0022828579 -100 -0.0033660708
vn 0.0020712602 -100 0.0034291153
vn 7.8454414e-06 -100 3.2538337e-05
vn 1.5690885e-05 -100 3.253833e-05
vn 7.8454423e-06 -100 3.2538333e-05
vn 0 -100 3.2538337e-05
vn 0.0019282103 -100 0.0034222282
vn 0.0015616417 -100 -0.0033615574
vn -100 0.00019371521 0.00074356789
vn -100 -0.001642108 -1.1017345e-05
vn -100 -0.0016354026 -0.00069737405
vn -99.999992 -0.0019848347 -2.0584126e-05
vn 0.0015228987 100 -0.0034416802
vn 0.00088810839 100 0.0033385244
vn -1.4779687e-05 99.999992 -4.8784594e-05
vn 5.9004611e-05 100 -4.8784597e-05
vn -8.8563982e-05 100 -4.8784605e-05
vn -0.0039707078 99.999992 0.00056783343
vn -0.0030450523 -0.00066767121 100
vn -0.00076889992 -0.0028898069 100
vn -0.0032424927 -99.999992 0.0025375686
vn -0.0033013523 -0.0001744428 100
vn -0.0024567496 -99.999992 -0.0015185275
vn 0.0024557114 0.0031619272 100
vn -0.0031262636 99.999985 0.00056783343
vn -26.877859 -92.494087 -26.877972
vn 0.00049769878 -99.999985 0.00011091444
vn 0.0010728836 -100 -0.00015954164
vn -31.550667 -92.286453 -22.085419
vn -50.144894 -70.504936 -50.145245
vn -57.997288 -70.536301 -40.754704
vn -65.253853 -38.520172 -65.254349
vn -75.644455 -38.61039 -52.793503
vn -70.709908 0.00066871184 -70.711449
vn -81.849586 0.00020968707 -57.451229
vn -70.710686 -0.00067089661 -70.710663
vn -81.849548 -0.00021797625 -57.451283
vn -65.252686 38.524246 -65.253128
vn -75.64463 38.609627 -52.793816
vn -50.142128 70.508797 -50.142574
vn -57.997112 70.536423 -40.754726
vn -26.878548 92.493683 -26.878637
vn -31.549046 92.287292 -22.084257
vn 0.00053495169 99.999992 0.0011564293
vn 0.0018522143 100 0.0025079646
vn 0.00063329935 -100 0.0012866161
vn -34.714237 -92.306168 -16.567827
vn -63.826393 -70.919579 -29.94339
vn -83.443413 -38.573891 -39.360565
vn -90.51722 0.0023064804 -42.504505
vn -90.51725 -0.0023240554 -42.504406
vn -83.44371 38.573277 -39.360516
vn -63.826298 70.91964 -29.943413
vn -34.712296 92.306931 -16.567715
vn 0.0026673079 100 0.0020706155
vn 0.00026524067 -100 0.0010910383
vn -37.079826 -92.303329 -10.255782
vn -68.358742 -70.714035 -18.072283
vn -89.140366 -38.651123 -23.666157
vn -96.584282 0.00090251392 -25.912821
vn -96.584274 -0.00092511351 -25.912895
vn -89.140526 38.650555 -23.666456
vn -68.358742 70.714073 -18.072191
vn -37.078003 92.304024 -10.25612
vn -0.0018268824 100 0.00042701748
vn 0.0011861324 -100 -0.00076564634
vn -37.937279 -92.470345 -3.1615696
vn -70.173416 -70.964104 -6.3078604
vn -91.951736 -38.511303 -7.858624
vn -99.62706 0.00042476744 -8.6285172
vn -99.627052 -0.00048122313 -8.6284361
vn -91.951881 38.510872 -7.8588629
vn -70.17347 70.964012 -6.3080692
vn -37.935482 92.471107 -3.1612184
vn -0.0013768673 100 -0.0010347865
vn 0.0013142824 -100 -0.00096196914
vn -37.937527 -92.470261 3.1616356
vn -70.177246 -70.960327 6.3075051
vn -91.951729 -38.511318 7.8585916
vn -99.626976 0.00050357502 8.6294117
vn -99.626953 -0.00042849258 8.6295013
vn -91.951927 38.510765 7.8589101
vn -70.173332 70.964172 6.3078527
vn -37.93552 92.471085 3.161237
vn -0.0013783574 99.999992 0.0010055505
vn 0.00053346157 -100 -0.0011161962
vn -37.079967 -92.303276 10.255886
vn -68.358727 -70.714043 18.072308
vn -89.14032 -38.651211 23.666187
vn -96.584488 0.00094001455 25.912121
vn -96.584473 -0.00088761287 25.912117
vn -89.140549 38.650536 23.666433
vn -68.358688 70.714149 18.072044
vn -37.078022 92.304039 10.255966
vn -0.0015437603 100 0.0013222047
vn 0.00076144934 -99.999992 0.00042681905
vn -34.714088 -92.306206 16.567953
vn -63.82634 -70.919601 29.943392
vn -83.44352 -38.573738 39.360447
vn -90.517654 0.0024127171 42.503574
vn -90.517647 -0.0024227097 42.503597
vn -83.443565 38.573513 39.360603
vn -63.826233 70.919685 29.943472
vn -34.712372 92.306908 16.567591
vn -0.0014871359 100 0.0014432766
vn 0.0012621284 -100 0.00021596762
vn -31.550676 -92.286423 22.085569
vn -58.000912 -70.532692 40.755787
vn -75.644463 -38.610401 52.793491
vn -81.848976 0.00011962873 57.452106
vn -81.848946 -0.00010165351 57.452156
vn -75.644524 38.609951 52.793732
vn -57.993626 70.539932 40.75362
vn -31.553125 92.285233 22.087013
vn -0.0019624829 99.999992 0.00021616605
vn -0.00086640939 -99.999992 -0.00053030113
vn -26.876694 -92.493988 26.879465
vn -50.337505 -70.787025 49.5513
vn -65.251564 -38.523315 65.254791
vn -70.711891 -0.0014748368 70.70945
vn -70.711365 0.00047683215 70.709991
vn -65.253601 38.523216 65.252823
vn -50.336002 70.78727 49.55249
vn -26.880772 92.493355 26.877579
vn 0.00018179417 99.999992 -0.0020182631
vn -1.1135419e-05 100 -1.6292068e-05
vn -0.0001682419 100 -1.6292068e-05
vn -0.00056344608 100 -1.6292068e-05
vn 0.00031281851 100 -1.6292068e-05
vn 0.00048108713 100 -1.6292068e-05
vn 0.00016624828 100 -1.6292068e-05
vn -0.00016624825 100 -1.6292068e-05
vn -0.00035474575 100 -1.6292068e-05
vn -0.00018769199 100 -1.6292068e-05
vn -0.00018781539 100 -1.6292068e-05
vn 0.00028035996 100 -1.6292068e-05
vn 0.00046955742 100 -1.6292068e-05
vn -0.00025025444 100 -1.6292068e-05
vn -0.00036283751 100 -1.6292068e-05
vn -0.00011083111 100 -1.6292068e-05
vn 0.00011083111 100 -1.6292068e-05
vn 0.00011015468 99.999992 -1.6292066e-05
vn -0.00015197901 100 -1.6292068e-05
vn 0.0002252128 100 -1.6292068e-05
vn 1.1575124e-08 100 -1.6292068e-05
vn -0.00030042176 100 -1.6292068e-05
vn 0.00026368283 99.999992 -1.6292066e-05
vn -0.00025110555 100 -1.6292068e-05
vn -0.00044332491 100 -1.6292068e-05
vn 0.00044332483 100 -1.6292068e-05
vn 0.00012476378 100 -1.6292068e-05
vn -0.00038880954 100 -1.6292068e-05
vn 0.00030042155 100 -1.6292068e-05
vn 0.00024454633 100 -1.6292068e-05
vn -0.00013350038 100 -1.6292068e-05
vn 0 100 -1.6292068e-05
vn -0.0001334992 100 -1.6292068e-05
vn -0.00013349968 100 -1.6292068e-05
vn 0.00013350144 100 -1.6292068e-05
vn 2.6361757e-09 99.999992 -1.6292066e-05
vn 0.00026700227 100 -1.6292068e-05
vn 26.877844 -92.494118 -26.877907
vn 0.00018179417 -99.999992 0.0013171635
vn -0.0010229647 -100.00002 0.00033964726
vn 22.08519 -92.286537 -31.550594
vn 49.551781 -70.786621 -50.337608
vn 40.754745 -70.536224 -57.997341
vn 65.254257 -38.520081 -65.253998
vn 52.793503 -38.61042 -75.644455
vn 70.711334 0.00065680285 -70.710022
vn 57.451351 0.00015132285 -81.84951
vn 70.710579 -0.00072379573 -70.710777
vn 57.451458 -0.00016160152 -81.849434
vn 65.254395 38.519341 -65.254311
vn 52.793861 38.609592 -75.644623
vn 49.55183 70.786613 -50.337566
vn 40.75473 70.536407 -57.997124
vn 26.878654 92.493637 -26.878647
vn 22.085152 92.286552 -31.550562
vn -0.0010311604 100 0.00096569443
vn -0.0021308661 100 0.0024394193
vn -0.0010110438 -100 0.00064512109
vn 16.567793 -92.306168 -34.714268
vn 29.94355 -70.919342 -63.826572
vn 39.360683 -38.574051 -83.443268
vn 42.503105 0.0020863165 -90.517876
vn 42.504715 -0.0021478483 -90.517113
vn 39.360512 38.573357 -83.443665
vn 29.943621 70.919579 -63.826279
vn 16.567711 92.306297 -34.713951
vn -0.00047534704 100 0.0013829269
vn -0.00091567636 -100 0.00088204956
vn 10.255806 -92.303246 -37.080029
vn 18.072462 -70.713936 -68.358803
vn 23.666061 -38.6516 -89.14019
vn 25.91308 0.00056317454 -96.584229
vn 25.913111 -0.00058645004 -96.584213
vn 23.666225 38.650665 -89.140533
vn 18.072357 70.714073 -68.358696
vn 10.255096 92.30246 -37.082195
vn 0.0012263656 100 -0.0016092262
vn 0.00075363077 -100 0.0012754402
vn 3.1615045 -92.470192 -37.93766
vn 6.3079691 -70.964066 -70.173424
vn 7.8602157 -38.507072 -91.953369
vn 8.6284904 0.00037641427 -99.62706
vn 8.6285505 -0.00038950538 -99.627045
vn 7.858798 38.510899 -91.951881
vn 6.3075991 70.960548 -70.177032
vn 3.1612508 92.470718 -37.936424
vn -0.00087656081 100 0.0016928711
vn 0.00097863376 -100 0.0011174879
vn -3.1617544 -92.470215 -37.937634
vn -6.3078737 -70.964104 -70.173401
vn -7.8602328 -38.507019 -91.953392
vn -8.6295223 0.00030637885 -99.626961
vn -8.6294613 -0.00044911003 -99.626968
vn -7.8588104 38.511005 -91.951843
vn -6.307868 70.964203 -70.173302
vn -3.1610153 92.471291 -37.935055
vn 0.00036191195 100.00002 0.00025341896
vn 0.0012911856 -99.999985 0.00091781234
vn -10.256081 -92.303207 -37.080044
vn -18.072306 -70.713951 -68.358826
vn -23.665936 -38.651443 -89.140282
vn -25.912157 0.00052070618 -96.584473
vn -25.912178 -0.00065723062 -96.584473
vn -23.666386 38.650871 -89.140404
vn -18.072136 70.714043 -68.358788
vn -10.25603 92.303703 -37.078815
vn 0.00099949539 100 0.0015721717
vn 0.0015154481 -99.999992 0.00066598272
vn -16.567974 -92.306137 -34.714249
vn -29.943354 -70.91951 -63.826473
vn -39.360538 -38.574097 -83.443321
vn -42.503956 0.0020617296 -90.517464
vn -42.503933 -0.0021277319 -90.517494
vn -39.360527 38.573524 -83.443588
vn -29.943434 70.919563 -63.826389
vn -16.567841 92.306412 -34.713562
vn -8.6426735e-05 100 0.0013933578
vn -0.00052750111 -100 0.0013380251
vn -22.085363 -92.286446 -31.550735
vn -40.754581 -70.536301 -57.997364
vn -52.79348 -38.610531 -75.644417
vn -57.452328 -7.5919743e-05 -81.848816
vn -57.452248 3.8014605e-06 -81.848877
vn -52.793724 38.609871 -75.644569
vn -40.754654 70.536354 -57.99725
vn -22.08666 92.285454 -31.552727
vn -9.4622374e-05 100 -0.00053187227
vn 26.876917 -92.493858 26.879635
vn 0.00076442957 -100 -0.00052014971
vn -0.00015944242 -100 -0.001178036
vn 31.550646 -92.286446 22.085506
vn 49.745461 -71.067238 49.747738
vn 57.997299 -70.536209 40.754841
vn 65.253387 -38.523148 65.253059
vn 75.644379 -38.610561 52.793499
vn 70.711288 -0.00051113812 70.71006
vn 81.849304 3.2456861e-05 57.451649
vn 70.712044 0.0014480259 70.709305
vn 81.849289 -6.6635854e-05 57.451664
vn 65.251633 38.52359 65.254555
vn 75.644478 38.609947 52.793812
vn 49.744892 71.067116 49.748489
vn 57.997131 70.536392 40.754726
vn 26.880175 92.493568 26.877426
vn 31.550608 92.286507 22.085291
vn 0.00098310411 100 0.00049854303
vn -0.0024929643 100 -0.0015257797
vn 0.00022500753 -100.00002 -0.0011594095
vn 34.714119 -92.30619 16.567909
vn 63.826454 -70.919479 29.943478
vn 83.443153 -38.574234 39.360741
vn 90.517067 0.0020692456 42.504837
vn 90.517075 -0.0020397496 42.504795
vn 83.443466 38.57362 39.360676
vn 63.826256 70.91967 29.943438
vn 34.714024 92.306313 16.567518
vn -0.0010684133 100 -0.0004543862
vn -0.00067800283 -100 -0.0010826685
vn 37.079941 -92.303276 10.255883
vn 68.358932 -70.713829 18.072382
vn 89.140175 -38.651512 23.666189
vn 96.584251 0.0005183118 25.912989
vn 96.584236 -0.00053072994 25.913033
vn 89.140411 38.650978 23.666237
vn 68.35881 70.713974 18.072277
vn 37.082253 92.302422 10.255238
vn -0.0031366944 100 -0.00036348912
vn -0.0017002225 -99.999992 0.00080512231
vn 37.937832 -92.470131 3.1616435
vn 70.173752 -70.963753 6.3079324
vn 91.953377 -38.507061 7.8601737
vn 99.627045 5.1310494e-06 8.6284895
vn 99.627052 -6.8629713e-05 8.6284065
vn 91.951767 38.511215 7.8586941
vn 70.173523 70.963966 6.307971
vn 37.936558 92.470657 3.1614001
vn -0.0017657876 99.999992 -0.00079376018
vn -0.0012665987 -100 -0.00078278268
vn 37.937691 -92.4702 -3.1616099
vn 70.173615 -70.96389 -6.3079081
vn 91.953346 -38.507126 -7.8601179
vn 99.626961 0.00011258797 -8.6294222
vn 99.626961 -4.3874232e-05 -8.6294937
vn 91.951767 38.511196 -7.8588109
vn 70.173508 70.963997 -6.3078785
vn 37.934944 92.471336 -3.1612167
vn 2.8312206e-05 100 0.00033091396
vn -0.00096261501 -100 0.0011845431
vn 37.079994 -92.303246 -10.255836
vn 68.358871 -70.71386 -18.072439
vn 89.140259 -38.651451 -23.665979
vn 96.584496 0.0004927321 -25.912083
vn 96.584053 -0.00054587907 -25.913725
vn 89.140404 38.650906 -23.666359
vn 68.358887 70.713913 -18.072287
vn 37.078571 92.303818 -10.256003
vn -0.0010967255 99.999992 0.0011825063
vn -0.00074654818 -99.999992 0.001259794
vn 34.714298 -92.30616 -16.567713
vn 63.826424 -70.919525 -29.943443
vn 83.443291 -38.574074 -39.360619
vn 90.517464 0.0020114374 -42.503963
vn 90.517456 -0.0020401883 -42.503986
vn 83.443535 38.573662 -39.360481
vn 63.82653 70.919449 -29.943377
vn 34.713535 92.30645 -16.567665
vn -0.0010937452 100.00002 0.00017593292
vn -0.0011131167 -100.00002 -0.0001282492
vn 31.550785 -92.286438 -22.085279
vn 57.993603 -70.539963 -40.753609
vn 75.644501 -38.610329 -52.793488
vn 81.84864 8.1536869e-05 -57.452583
vn 81.848785 -0.00013080465 -57.45237
vn 75.644653 38.609749 -52.793701
vn 57.997177 70.536346 -40.754772
vn 31.548515 92.287521 -22.084038
vn 0.00061839819 100 -0.00021745774
vn 0.00017544119 -100 1.6292068e-05
vn 0 -100 1.6292068e-05
vn -0.00071524788 -100 1.6292068e-05
vn -0.0039741206 -100 1.6292068e-05
vn -0.00040898545 -100 1.6292068e-05
vn 0.0001532497 -100 1.6292068e-05
vn -0.00029873269 -100 1.6292068e-05
vn 0.00023723132 -100 1.6292068e-05
vn 0.00047866124 -100 1.6292068e-05
vn 0.00016420489 -100 1.6292068e-05
vn -0.00010565396 -100 1.6292068e-05
vn -7.0095186e-05 -100 1.6292068e-05
vn 0.00014730237 -100 1.6292068e-05
vn 0.00026846342 -100 1.6292068e-05
vn 0.00011353851 -100 1.6292068e-05
vn 0.0001519248 -100 1.6292068e-05
vn -0.00018255011 -100 1.6292068e-05
vn -3.7835856e-05 -99.999992 1.6292066e-05
vn -0.00045056132 -100 1.6292068e-05
vn -0.00019440161 -100 1.6292068e-05
vn -7.6610457e-05 -100 1.6292068e-05
vn 0.00041561242 -100 1.6292068e-05
vn -5.9296064e-05 -100 1.6292068e-05
vn -0.00024642001 -100 1.6292068e-05
vn -9.8266457e-05 -100 1.6292068e-05
vn 1.0100775e-05 -100 1.6292068e-05
vn 5.8358801e-05 -100 1.6292068e-05
vn -0.0002769281 -100 1.6292068e-05
vn 0.00015308138 -100 1.6292068e-05
vn -3.8566995e-06 -100 1.6292068e-05
vn 0.00024984812 -100 1.6292068e-05
vn -0.00010909321 -100 1.6292068e-05
vn -0.00070109224 -100 1.6292068e-05
vn -0.0016826881 -100 1.6292068e-05
vn 0.00018205564 -100 1.6292068e-05
vn -0.00020451665 -100 1.6292068e-05
vn 0.00012743588 -100 1.6292068e-05
vn -0.00037092401 -100 1.6292068e-05
vn 0.00019942617 -100 1.6292068e-05
vn 0.00011889076 -100 1.6292068e-05
vn 1.0508057e-05 -100 1.6292068e-05
vn -0.00014652462 -99.999992 1.6292066e-05
vn -0.00014477174 -100 1.6292068e-05
vn 0.00047742977 -99.999992 1.6292066e-05
vn 0.00025078445 -100 1.6292068e-05
vn -0.00044472609 -100 1.6292068e-05
vn 0.00029512707 -100 1.6292068e-05
vn -0.00012630083 -99.999992 1.6292066e-05
vn 7.255633e-05 -100 1.6292068e-05
vn 0.00026538721 -100 1.6292068e-05
vn 0.0002331758 -100 1.6292068e-05
vn 8.3437524e-05 -100 1.6292068e-05
vn -2.5957075e-05 -100 1.6292068e-05
vn -0.00020058276 -100 1.6292068e-05
vn 2.420312e-05 -100 1.6292068e-05
vn -0.00012419428 -100 1.6292068e-05
vn 1.4588242e-05 -100 1.6292068e-05
vn 0.00019444285 -100 1.6292068e-05
vn -0.00017416138 -99.999992 1.6292066e-05
vn 3.6126577e-05 -100 1.6292068e-05
vn -2.7121212e-05 -100 1.6292068e-05
vn 2.135768e-05 -100 1.6292068e-05
vn -6.4215579e-05 -100 1.6292068e-05
vn 3.4192301e-05 -100 1.6292068e-05
vn -1.0026829e-05 -100 1.6292068e-05
vn -0.00015675693 -100 1.6292068e-05
vn 0.00080327428 -100 1.6292068e-05
vn -0.00020465122 -100 1.6292068e-05
vn -0.00089010963 -100 1.6292068e-05
vn 0.00037235839 -100 1.6292068e-05
vn 3.5035213e-05 -100 1.6292068e-05
vn -1.1917437e-05 -100 1.6292068e-05
vn 0.0001784597 -100 1.6292068e-05
vn 0.00022808037 -100 1.6292068e-05
vn 0.00011931964 -100 1.6292068e-05
vn -0.0002240394 -100 1.6292068e-05
vn 0.00018568803 -100 1.6292068e-05
vn -4.9257578e-05 -100 1.6292068e-05
vn -0.00025663711 -100 1.6292068e-05
vn 0.00066041411 -100 1.6292068e-05
vn -0.00031056287 -100 1.6292068e-05
vn -8.4625055e-05 -100 1.6292068e-05
vn -4.4470398e-05 -100 1.6292068e-05
vn 0.00012572759 -100 1.6292068e-05
vn -0.00030427467 -100 1.6292068e-05
vn -0.00014777116 -100 1.6292068e-05
vn 0.00024555583 -100 1.6292068e-05
vn -8.0486643e-05 -100 1.6292068e-05
vn 0.0040842192 -100 1.6292068e-05
vn 0.00014227573 -100 1.6292068e-05
vn -0.00034957376 -100 1.6292068e-05
vn 0.00024432311 -100 1.6292068e-05
vn 0.00046068494 -99.999992 1.6292066e-05
vn -0.00011830663 -100 1.6292068e-05
vn -0.00090628839 -100 1.6292068e-05
vn -4.5911594e-05 -100 1.6292068e-05
vn 5.810881e-07 -100 1.6292068e-05
vn -0.0005987109 -99.999992 1.6292066e-05
vn 0.0003259189 -100 1.6292068e-05
vn -26.878538 -92.493759 26.878378
vn 0.00015199184 -99.999992 -0.0023261704
vn 0.0011309981 -99.999985 -0.0014440217
vn -22.085234 -92.286522 31.550596
vn -50.338787 -70.787224 49.54974
vn -40.754707 -70.536293 57.997272
vn -65.252853 -38.52317 65.253571
vn -52.793449 -38.610523 75.644432
vn -70.710083 -0.00052745931 70.711273
vn -57.451385 0.000103487 81.84948
vn -70.709389 0.0014673949 70.711967
vn -57.451351 -0.00010140397 81.84951
vn -65.254295 38.52356 65.2519
vn -52.793526 38.609974 75.644653
vn -50.338501 70.787209 49.550018
vn -40.754917 70.536423 57.996964
vn -26.877171 92.493591 26.880402
vn -22.085276 92.286499 31.550661
vn 1.7974526e-05 99.999992 0.0013865591
vn 0.0018104911 100 -0.0023825965
vn -0.0011280179 -100 0.00075240945
vn -16.567846 -92.305725 34.715401
vn -29.943434 -70.919571 63.826389
vn -39.360661 -38.573769 83.44342
vn -42.504269 -0.0026950291 90.517326
vn -42.504517 -0.0023202649 90.51722
vn -39.360489 38.573315 83.443703
vn -29.943621 70.919662 63.826187
vn -16.567566 92.306389 34.713791
vn 9.0152025e-05 100.00002 -0.001233717
vn 0.00048838556 -100 0.00074793911
vn -10.255704 -92.30307 37.080521
vn -18.0723 -70.714058 68.358749
vn -23.666208 -38.65107 89.140373
vn -25.91297 0.00089415902 96.584251
vn -25.913084 -0.00089398032 96.584221
vn -23.666395 38.650551 89.140541
vn -18.072193 70.714264 68.358536
vn -10.255188 92.302513 37.082039
vn 0.0002592802 100 -0.002953311
vn 6.7423272e-05 -99.999992 0.0021307669
vn -3.1612868 -92.470558 37.936817
vn -6.3077836 -70.963989 70.173538
vn -7.8602715 -38.506618 91.953552
vn -8.6284637 0.00040217137 99.627045
vn -8.6284351 -0.0004203727 99.62706
vn -7.8588181 38.510868 91.951897
vn -6.3079844 70.964165 70.173332
vn -3.1615024 92.470802 37.936211
vn 0.00089257956 100 -0.0017194948
vn -0.0006005168 -100 0.00063916063
vn 3.1617637 -92.469986 37.938164
vn 6.3078613 -70.963951 70.173569
vn 7.8586092 -38.511387 91.951706
vn 8.6294231 0.00045060014 99.626968
vn 8.6295166 -0.00038311983 99.626961
vn 7.858839 38.510803 91.95192
vn 6.3078671 70.964211 70.173286
vn 3.1610425 92.47139 37.934818
vn -0.00035465212 99.999992 -0.00021447751
vn 0.00082105398 -99.999992 -0.00066171074
vn 10.255818 -92.303627 37.079075
vn 18.072168 -70.714005 68.35881
vn 23.666224 -38.651089 89.140366
vn 25.912146 0.00092247128 96.584473
vn 25.912153 -0.00087013841 96.584473
vn 23.666344 38.650536 89.140572
vn 18.072159 70.714211 68.358604
vn 10.255935 92.303787 37.078632
vn -0.00093504786 100 -0.0015004477
vn 0.0011071563 -100 0.00084181642
vn 16.567474 -92.30571 34.715626
vn 29.943716 -70.919426 63.826401
vn 39.360653 -38.573685 83.443459
vn 42.503567 0.0023817967 90.51767
vn 42.503635 -0.0024245728 90.517632
vn 39.360298 38.573254 83.443817
vn 29.943409 70.919716 63.826214
vn 16.567745 92.306427 34.713577
vn 0.00018626451 100 -0.0013648472
vn -0.00029802322 -99.999992 -0.00049332762
vn 22.086479 -92.285629 31.552326
vn 40.754757 -70.536316 57.997215
vn 52.793385 -38.610302 75.644592
vn 57.452129 0.00021152034 81.848961
vn 57.452171 -0.0002571212 81.84893
vn 52.793556 38.609787 75.64473
vn 40.754639 70.536545 57.997025
vn 22.084011 92.28743 31.548788
vn 0.00034123659 100 0.00047395614
vn -0.001366064 -100 -0.0003825934
vn 26.879623 -92.49398 26.876537
vn 49.748558 -71.067017 49.744961
vn 65.251457 -38.52277 65.255211
vn 70.709381 -0.001488218 70.711967
vn 70.710152 0.00037907841 70.711189
vn 65.253296 38.522648 65.253448
vn 49.747894 71.066948 49.745708
vn 26.879042 92.493919 26.877352
vn -0.00048577785 100 0.0012517967
vn -40.226791 -91.496597 3.1903207
vn -81.646713 -57.306011 7.059484
vn -81.809212 -57.422684 3.1443973
vn -38.484863 -91.89241 8.6429939
vn -40.901882 -91.23909 1.5696225
vn -12.600927 -99.19046 1.5713056
vn -13.369712 -99.102226 0.001185424
vn -11.816239 -99.221138 3.9421918
vn -5.5035772 -99.845337 0.78674459
vn -13.371687 -99.101959 2.7205215e-05
vn -5.5016608 -99.836143 1.5728984
vn -10.221482 -98.949654 10.221814
vn -35.40913 -86.558601 35.409035
vn -4.7266893 -99.776337 4.7266331
vn -1.5802106 -99.984459 0.7818948
vn -5.4995379 -99.848656 5.6073004e-06
vn -5.5036044 -99.845337 -0.78669256
vn -1.5801836 -99.984451 -0.78183228
vn -1.5737289 -99.987617 5.3359217e-05
vn -0.78473473 -99.996925 1.6231297e-05
vn -0.78920853 -99.993774 -0.78925186
vn -1.5764227 -99.975143 -1.5764391
vn -0.7818588 -99.984459 -1.5802048
vn -5.0451878e-09 -100 1.6292068e-05
vn -0.78575265 -99.99382 0.78594214
vn -1.5764931 -99.975143 1.5764028
vn 1.6506416e-05 -99.996925 -0.78472114
vn 2.0363721e-07 -99.987617 -1.5737348
vn 2.2706954e-05 -99.848396 -5.5042453
vn -0.78656512 -99.845329 -5.5037165
vn 0.78185815 -99.984451 -1.5802073
vn 8.9634188e-05 -99.101929 -13.371892
vn 0.78252351 -99.845505 -5.5010653
vn 0.7892645 -99.993774 -0.78919393
vn 1.5727224 -99.836174 -5.501502
vn 1.5764532 -99.975151 -1.5764416
vn 1.5802215 -99.984451 -0.78184372
vn 0.7847352 -99.996925 4.9108188e-05
vn 0.78580195 -99.99382 0.78589076
vn 1.5737488 -99.987617 1.6290051e-05
vn 1.5802221 -99.984451 0.78187925
vn 5.5042648 -99.848396 3.8141588e-05
vn -3.2832806e-05 -99.996925 0.78475648
vn -0.78185928 -99.984451 1.5802394
vn 0.7818563 -99.984451 1.5802418
vn 1.8457895e-05 -99.987617 1.5737697
vn -1.6519334e-05 -99.848663 5.4995122
vn -1.572736 -99.836174 5.5015078
vn -0.78659153 -99.845329 5.5037379
vn -3.9457469 -99.220581 11.819762
vn -1.5737964 -99.190948 12.596833
vn -8.6387005 -91.892303 38.48608
vn -30.562172 -54.074997 78.369942
vn -3.1517241 -91.495598 40.232098
vn -7.0949407 -56.776688 82.012627
vn -7.8763642 -15.749969 98.437294
vn -3.1469729 -57.424057 81.808159
vn -1.57245 -91.239693 40.900414
vn -0.0010625808 -99.102226 13.369724
vn -1.5731308 -57.444763 81.83902
vn -3.9272282 -18.081783 98.273216
vn -10.261459 -1.5758461 99.459633
vn -0.0067543094 -91.249069 40.909733
vn 1.4183899e-05 -99.1026 13.366911
vn -5.4972553 -3.1475735 99.799164
vn -1.571705 -19.610617 98.04567
vn -0.0014877308 -58.345531 81.214523
vn -2.1629967e-05 -91.250694 40.906132
vn -0.78560954 -20.522919 97.86824
vn -0.00014800129 -58.346226 81.214027
vn 0.0059612794 -91.249588 40.908604
vn 0.78254461 -99.845505 5.5010839
vn 0.0010349555 -99.102226 13.369696
vn 0.0027584084 -58.344585 81.215218
vn 1.5692466 -91.239632 40.900715
vn 1.5688604 -99.189949 12.605239
vn 1.5726752 -99.836166 5.5015144
vn 3.1574867 -91.50972 40.199505
vn 1.5764997 -99.975136 1.576427
vn 3.9493251 -99.220055 11.822979
vn 4.7267208 -99.776337 4.7265596
vn 5.4972415 -99.836357 1.5750232
vn -99.722137 -2.3564134 -7.0668163
vn -99.125488 -3.9442713 -12.592913
vn -99.726044 -3.9307973 -6.2661991
vn -99.23645 -5.5159421 -11.031752
vn -68.802963 -25.309256 -68.011719
vn -95.1287 -10.222296 -29.086695
vn -70.303329 -15.003221 -69.515068
vn -29.91589 -18.104002 -93.687157
vn -99.176125 -8.6541042 -9.4447823
vn -93.741043 -21.268761 -27.572771
vn -27.491783 -28.274754 -91.895271
vn -9.4436188 -19.67556 -97.589401
vn -63.706676 -45.614902 -62.13485
vn -99.697708 -5.4962344 -5.4916487
vn -97.623535 -20.47374 -7.1043124
vn -99.543205 -8.6911755 -3.9514568
vn -77.09922 -56.643311 -29.107496
vn -97.661674 -21.266832 -3.1493285
vn -81.380188 -57.677788 -7.1090217
vn -38.484608 -91.892807 -8.639842
vn -81.80584 -57.427589 -3.1426084
vn -34.67075 -87.463264 -33.883873
vn -29.129774 -60.620464 -74.004173
vn -10.228333 -98.948257 -10.228605
vn -7.8606477 -29.869301 -95.110641
vn -8.6658697 -92.168617 -37.813343
vn -7.0887141 -62.216049 -77.967392
vn -4.7274685 -20.499506 -97.76207
vn -5.5093699 -17.312138 -98.335838
vn -3.1612971 -31.607256 -94.820816
vn -2.3597677 -21.272936 -97.682617
vn -3.1444774 -18.088408 -98.300163
vn -1.5698009 -32.331734 -94.616028
vn -3.1576447 -62.342091 -78.124855
vn -0.78287113 -62.368607 -78.163574
vn -3.1460419 -91.905373 -39.287491
vn -1.5829645 -91.531487 -40.242771
vn -0.00097716891 -62.851273 -77.779915
vn -3.9529197 -99.219528 -11.826241
vn -1.5687003 -99.189972 -12.60502
vn 0.00036914845 -91.543282 -40.247086
vn -0.00094322697 -99.102234 -13.369678
vn -1.5727341 -99.836166 -5.5014853
vn 9.5370706e-05 -91.545708 -40.241554
vn -4.7267332 -99.776337 -4.726604
vn -11.816268 -99.22113 -3.9421937
vn -5.501668 -99.836159 -1.5729029
vn -40.225811 -91.49826 -3.1548364
vn -12.605071 -99.189964 -1.5687612
vn -40.899429 -91.240128 -1.573768
vn -81.843391 -57.454651 -0.78962886
vn -13.36974 -99.102226 -0.0011826643
vn -12.673148 79.833504 -58.872765
vn -16.244694 95.810989 -23.58741
vn -19.595436 77.372124 -60.245941
vn -10.305021 46.317005 -88.025795
vn -18.184898 45.208202 -87.324272
vn -20.545492 76.651611 -60.847454
vn -19.65653 94.334755 -26.731524
vn -20.41474 97.360489 -10.206583
vn -12.490515 77.862228 -61.493587
vn 1.9551731 47.13694 -88.171921
vn -13.640654 94.990875 -28.118778
vn -14.73274 98.081863 -12.763014
vn -17.491964 98.187706 -7.2942233
vn -0.28420067 79.2453 -60.992622
vn 11.601688 44.645836 -88.725136
vn -2.2298069 95.517303 -29.520721
vn -3.6462958 98.666458 -15.862985
vn -6.9992676 99.20295 -10.477797
vn 8.4136944 76.985649 -63.264679
vn 4.4482527 94.768822 -31.608274
vn 2.6967607 98.3022 -18.149506
vn -10.550043 99.425339 1.8164659
vn -18.941978 98.187141 0.69746387
vn -12.349218 98.947731 7.5395141
vn 1.4576042 99.234863 -12.260345
vn 0.064996429 99.983284 -1.8277007
vn -6.2573419 99.771271 2.5572107
vn -16.352047 98.581314 3.7860997
vn -15.423899 98.792725 -1.4488391
vn 6.3871527 99.665291 -5.1025295
vn -2.4757149 99.647263 -8.0185108
vn 12.008278 99.273476 -0.76098669
vn 10.748737 98.937019 -9.7944136
vn 11.57975 98.544418 -12.44619
vn 8.2576532 98.941162 -11.935664
vn 5.9059362 99.384529 -9.3721752
vn 15.836972 98.086128 -11.327088
vn 16.445633 98.586548 -3.1991436
vn 4.1598415 99.648788 -7.2675447
vn 3.8463082 99.757614 -5.7986593
vn 16.273024 98.10743 -10.493888
vn 13.176423 98.774277 -8.3681078
vn 9.3475924 98.816368 -12.163424
vn 49.003014 86.262741 -12.547671
vn 53.220455 83.870422 -11.547131
vn 19.59341 97.569122 -9.8166265
vn 57.933418 80.499565 -12.788195
vn 21.291882 97.154434 -10.376532
vn 14.015267 98.354927 -11.396503
vn 14.711393 98.7024 -6.4352016
vn 17.232841 98.32756 -5.8923926
vn 16.789772 98.024902 -10.450871
vn 24.357281 86.384995 -44.09486
vn 4.8627338 94.953354 -30.987341
vn 16.771223 80.322121 -57.158394
vn 18.536682 48.028172 -85.730309
vn 9.402463 76.376839 -63.860584
vn 13.379738 43.692589 -88.949089
vn 13.073961 28.240177 -95.034538
vn 72.702293 48.133347 -48.96487
vn 43.940666 52.577381 -72.834297
vn 55.205841 75.810623 -34.714046
vn 49.738907 34.206684 -79.724167
vn 88.209419 43.627171 -17.769852
vn 31.975969 84.810715 -42.245506
vn 79.007759 30.860868 -52.965847
vn 94.679367 25.7701 -19.280039
vn 27.610773 35.309544 -89.391731
vn 97.176582 23.426321 -2.8142045
vn 26.646637 53.885098 -79.914665
vn 88.874466 45.400124 -6.3369393
vn 98.009453 19.740164 -2.1151521
vn 88.643501 45.599266 -7.9395237
vn 98.854813 14.955658 2.0135391
vn 98.33065 18.091297 -1.9461129
vn 98.912987 14.199671 3.8200276
vn 99.10601 13.215244 -1.8319125
vn 95.63533 21.277931 -20.028303
vn 96.428886 14.230941 -22.337175
vn 79.308243 25.323078 -55.398056
vn 79.585167 17.240191 -58.0429
vn 50.66185 17.965219 -84.324554
vn 51.061855 27.659149 -81.410431
vn 30.246874 17.443199 -93.706253
vn 28.673935 28.178438 -91.562981
vn 17.602352 21.411417 -96.081787
vn 15.676392 28.805197 -94.469635
vn 12.791946 25.930092 -95.728775
vn 16.776028 32.117699 -93.204178
vn 12.467571 28.433317 -95.058434
vn 11.953883 26.942194 -95.557426
vn 12.59342 28.190178 -95.11425
vn 11.293106 24.682371 -96.245758
vn 11.411996 17.139294 -97.857086
vn 3.5100439 21.86598 -97.516968
vn 3.6887434 25.718483 -96.565788
vn 3.6710191 28.498131 -95.782982
vn -7.396575 25.986614 -96.280769
vn -7.5400577 20.195621 -97.648773
vn -7.611105 30.631268 -94.888344
vn -16.532953 25.058481 -95.387291
vn -16.227301 19.430862 -96.742523
vn -21.211443 23.948486 -94.744629
vn -16.385872 29.859034 -94.020966
vn -20.677887 27.674343 -93.843254
vn -22.660463 26.044189 -93.852028
vn -18.950203 43.742268 -87.906227
vn -20.705709 44.215717 -87.271103
vn -4.0393424 12.862455 99.087036
vn -0.130641 14.128004 98.996887
vn -3.8443775 16.407295 98.569885
vn -6.7684641 16.086882 98.465233
vn 2.573859 10.203685 99.444756
vn 2.365556 15.33622 98.788689
vn -7.2316937 20.288845 97.652786
vn -10.552662 19.823256 97.445786
vn -0.49008751 18.222679 98.324432
vn -4.0040212 21.939501 97.481415
vn -10.28256 26.315811 95.925728
vn -15.028919 24.603249 95.753914
vn -7.5356679 27.330431 95.897133
vn -15.2677 43.537117 88.721008
vn -31.964674 40.037846 85.879166
vn -10.94847 45.049503 88.604019
vn -30.864817 71.791397 62.396767
vn -53.797733 64.920776 53.768929
vn -16.07041 74.005074 65.306877
vn -33.206642 87.949173 34.091969
vn -63.504517 70.46447 31.653381
vn -18.143194 90.944336 37.415932
vn -11.232519 73.681297 66.670052
vn -36.627441 90.84021 20.161526
vn -67.122826 71.920433 17.943724
vn -39.395939 90.59861 15.487175
vn -21.484526 94.860283 23.236654
vn -23.829483 95.598923 17.117262
vn -24.111418 96.170418 13.034174
vn -11.200781 98.697243 11.549649
vn -7.5088778 99.583366 5.1742129
vn -15.286911 97.384315 16.81085
vn -2.900902 99.90062 3.3840482
vn -4.6895266 99.873634 -1.8071307
vn -9.4510231 99.435097 4.8311286
vn -6.5925417 99.579529 6.3604183
vn -8.6084957 99.601273 2.3406227
vn -8.6772146 99.5597 3.5457182
vn -16.676081 98.511864 4.1620111
vn -11.164701 98.404366 13.853866
vn -14.253044 95.350449 26.554485
vn -12.923596 90.366928 40.82645
vn -11.59229 95.31987 27.923861
vn -10.123093 89.440369 43.565388
vn -9.1356792 98.796707 12.479931
vn -7.8043623 95.443291 28.803984
vn -9.383523 99.282578 7.4106121
vn -4.3287878 98.990814 13.493728
vn -6.4975457 89.371834 44.389835
vn -10.841545 97.9925 16.731171
vn -9.6142359 73.498871 67.122894
vn -8.066699 46.304356 88.265694
vn -3.8282864 29.496187 95.474167
vn -4.3683949 48.268414 87.470428
vn -5.7264557 75.138519 65.737427
vn 0.21560135 23.353397 97.234619
vn 0.44053271 30.929127 95.095703
vn -0.49052379 49.582645 86.840775
vn 2.5699148 19.616215 98.023476
vn 3.1995223 24.946356 96.785538
vn 3.5205104 32.311871 94.570335
vn -2.4098785 75.456779 65.577957
vn -2.9393852 89.37854 44.753052
vn -3.7652035 94.986801 31.037565
vn -1.4497646 90.663246 42.167221
vn -0.71161723 95.638771 29.201359
vn -1.7955003 98.121269 19.209221
vn 0.58861125 92.53167 37.914936
vn -0.14542323 77.305954 63.43317
vn 2.158386 51.619713 85.619781
vn 0.65653259 78.491325 61.957092
vn 3.6196456 53.569588 84.363487
vn 1.2920108 82.878853 55.941273
vn 2.5897806 96.488266 26.140154
vn 1.6865038 95.673851 29.046026
vn 4.3279896 34.792957 93.652107
vn 3.6241093 57.71846 81.580902
vn 4.4721956 27.333725 96.087799
vn 5.0046024 37.830822 92.432594
vn 1.2613765 85.441055 51.944557
vn 5.3714747 59.379555 80.282112
vn 3.8073578 20.77977 97.743073
vn 3.7066057 29.301479 95.538902
vn 3.7569125 16.151405 98.615494
vn 3.1873279 22.560091 97.369835
vn 7.4455118 40.743317 91.01947
vn 5.7578816 32.233406 94.487312
vn 4.5385237 10.646224 99.328026
vn 4.7124734 4.3703494 99.793243
vn 2.6287477 16.926374 98.522018
vn 7.0004277 3.3943539 99.696892
vn 4.2538166 24.651325 96.820534
vn 8.3211136 -1.0510396 99.647652
vn 3.5438426 10.489818 99.385139
vn 4.9094019 16.291981 98.54171
vn 7.8323989 6.8386774 99.45797
vn 16.429401 -1.3271036 98.632217
vn 16.994503 -4.9388251 98.421516
vn 40.923191 -5.122324 91.099144
vn 13.268381 0.17897168 99.115685
vn 39.47266 -2.4424605 91.847382
vn 76.645248 -5.2528605 64.014954
vn 74.558075 -4.4981294 66.489555
vn 95.120941 -5.5309958 30.354828
vn 93.527611 -6.7076201 34.750496
vn 33.475189 -2.4318054 94.199257
vn 69.281166 -4.7660198 71.954178
vn 29.587948 2.7886069 95.481819
vn 68.042664 -1.6018262 73.26413
vn 90.77182 -5.9233198 41.53783
vn 97.361443 -10.242405 20.392214
vn 25.607296 12.782322 95.816902
vn 64.455231 3.8122241 76.360931
vn 89.58844 -5.724875 44.058315
vn 96.523315 -9.3423042 24.41254
vn 98.274139 -13.260344 12.89787
vn 98.699371 -10.405818 12.253707
vn 96.388802 -6.0188999 25.941713
vn 99.067375 -11.989427 6.4736853
vn 89.112648 -3.6784434 45.226158
vn 99.420609 -2.2333324 10.514461
vn 62.831982 16.033339 76.125381
vn 97.656631 -3.2388051 21.276569
vn 89.726372 7.6930542 43.474075
vn 24.028917 23.361073 94.217155
vn 60.499828 33.115036 72.409698
vn 23.592161 34.635258 90.795433
vn 23.696266 44.390968 86.417183
vn 56.951557 48.159687 66.612038
vn 87.569962 27.877565 39.425156
vn 98.291183 4.7979441 17.771347
vn 81.67704 46.635708 33.970158
vn 49.41938 63.076115 59.825832
vn 19.559677 59.40963 78.025101
vn 95.316406 25.974911 15.494717
vn 70.088142 64.55201 30.342886
vn 12.312852 85.329491 50.668255
vn 33.166229 82.846367 45.127384
vn 88.506714 44.168865 14.685777
vn 39.462631 88.533867 24.585711
vn 0.72365928 97.690163 21.356667
vn 8.2665882 97.502533 20.613558
vn 4.4782085 97.404915 22.18618
vn 2.2430489 98.210258 18.700657
vn 1.7403491 97.109505 23.805803
vn 4.663568 95.96936 27.715233
vn -4.6666532 96.745186 24.871513
vn -18.247713 97.80722 10.038368
vn -6.8426661 99.118515 11.344578
vn -2.0011332 96.118813 27.51671
vn 6.0321774 95.208145 29.983723
vn 2.4352241 99.73336 6.8793573
vn 1.6501824 96.403366 26.526764
vn 11.135972 97.858223 17.313522
vn 19.204706 94.315239 27.125931
vn 44.861118 87.916008 16.070366
vn 75.999825 63.03194 15.842984
vn 79.121384 60.509193 8.8569021
vn 91.501068 40.238682 2.8988471
vn 50.71146 83.961929 19.46134
vn 18.396402 95.569572 22.978893
vn 96.93383 24.572731 -0.11683511
vn 5.2288694 99.811569 3.2110941
vn 99.666473 8.071084 1.2038312
vn 99.836334 0.77624899 5.666131
vn 99.485481 9.9955635 -1.6510626
vn 99.966866 1.9435654 1.6871468
vn 99.549141 -8.4657888 4.2777758
vn 99.896812 -4.4473386 0.9205786
vn 98.566483 16.018169 -5.2980132
vn 99.881828 4.8597975 -0.050874043
vn 99.262482 12.122674 0.026786659
vn 96.31179 26.357687 -5.4140148
vn 98.47319 17.402142 0.44273549
vn 99.26918 11.650944 -3.1441834
vn 91.633286 39.923775 -3.0715168
vn 96.263252 27.03023 1.6597843
vn 99.260895 11.918264 -2.2868168
vn 99.052643 13.361717 3.168586
vn 93.004532 36.603939 3.2108724
vn 79.199219 60.907356 4.2161751
vn 50.664001 84.927544 14.84825
vn 81.68972 57.539551 3.9988122
vn 18.623295 98.227188 2.1430476
vn 53.152973 84.654419 2.8964238
vn 97.483292 20.52249 8.7083244
vn 90.238815 42.492397 7.1660552
vn 33.060722 93.913429 -9.3411818
vn 13.430429 98.440826 -11.359099
vn 66.311852 74.850113 -0.44646803
vn 35.41328 93.390533 -4.9098711
vn 94.914261 31.40597 -2.2245038
vn 71.007812 70.39325 -1.6373879
vn 99.453392 9.3703747 -4.6063395
vn 92.143066 38.225998 -6.9590521
vn 49.461273 86.777336 -4.8248978
vn 99.703354 4.0085011 -6.5706096
vn 99.288551 9.6973543 -6.9097452
vn 99.361053 9.3177767 -6.3688369
vn 99.705338 6.2968354 -4.3811007
vn 99.283188 11.939648 -0.54175603
vn 99.030998 13.041994 -4.7714238
vn 99.848854 5.0917525 -2.0683608
vn 99.530502 8.8931255 -3.8199699
vn 99.042946 13.801672 0.10220128
vn 99.974953 -1.9850613 -1.0337229
vn 99.640778 8.2971163 -1.6946971
vn 99.384087 10.871016 2.1504834
vn 99.941833 1.1065736 -3.2255876
vn 99.911324 4.1391792 0.77102238
vn 99.946045 -0.0084485728 -3.2846038
vn 99.503822 9.6287317 -2.5054204
vn 99.745499 -4.6684847 -5.3888516
vn 99.820908 -5.6546659 -1.9518107
vn 99.598091 -7.5860667 -4.7615628
vn 99.7379 -7.1997905 0.7186597
vn 99.697563 -7.6025839 -1.6109008
vn 99.504601 -8.7399502 -4.7378025
vn 99.487045 -9.7235394 2.7896461
vn 99.677216 -7.9460406 1.1466688
vn 99.518951 -8.8178034 4.2689734
vn 99.198868 -10.073455 7.6231399
vn 99.493095 -8.9977818 4.4904852
vn 99.532562 -9.5274324 -1.5802561
vn 99.395027 -10.250545 -3.9440908
vn 99.459579 -10.26148 -1.5792321
vn 99.53186 -9.5374117 1.5639426
vn 99.376282 -11.039217 1.578661
vn 99.468773 -10.263434 -0.78950495
vn 99.277016 -11.039772 4.7115459
vn 99.459663 -10.260965 1.5778095
vn -55.20507 82.818138 -9.6724672
vn -21.838465 97.194801 -8.7322445
vn -14.965307 98.367348 -9.9951754
vn -8.5700083 99.587944 -2.965816
vn -24.994638 96.760811 -3.5515914
vn -27.767706 96.057114 -1.4092667
vn -73.074165 68.161522 3.7645638
vn -38.773407 92.120628 3.2269447
vn -72.975845 67.891464 8.0794268
vn -93.489037 35.183331 4.6833315
vn -8.1969595 99.614075 -3.1378641
vn -10.743698 98.97007 -9.4604588
vn -6.891367 99.12574 -11.251578
vn -14.202767 97.444397 -17.403185
vn -9.365077 99.557777 -0.73670864
vn -6.3762689 97.88414 -19.443193
vn -21.926004 80.000381 -55.849712
vn -12.287394 98.720383 -10.163972
vn -14.613589 98.18576 -12.083031
vn -17.781948 98.192436 -6.4844732
vn -16.711222 98.593422 -0.27034861
vn -14.872986 98.719727 5.7627063
vn -14.508222 98.921684 2.0029409
vn -6.0770402 99.769997 -3.0025425
vn -3.6344125 99.884933 -3.1289115
vn -16.006603 98.710518 0.14603359
vn -45.545395 88.581451 8.8851509
vn -24.612526 96.684334 6.8092389
vn -71.082726 69.765884 8.9424171
vn -42.648201 89.675934 11.80498
vn -93.17907 35.851498 5.6860042
vn -98.856995 14.854775 2.5749416
vn -98.837509 14.610099 4.2062602
vn -69.220261 70.917252 13.390302
vn -92.464676 36.541515 10.723849
vn -98.515602 15.268182 7.8459239
vn -99.648842 7.6625719 3.3753152
vn -99.386093 8.2345581 7.3889861
vn -91.472511 37.734612 14.452621
vn -97.904228 15.399214 13.327632
vn -98.708534 7.3329554 14.24262
vn -87.660736 36.398743 31.475801
vn -93.506668 14.5604 32.318691
vn -93.789314 7.0543399 33.967636
vn -98.811012 0.65938282 15.360588
vn -93.680885 2.2499309 34.911755
vn -70.979408 11.754175 69.453316
vn -71.345253 6.6151962 69.757401
vn -70.243034 17.138399 69.081078
vn -66.754173 36.544182 64.872185
vn -33.795486 20.906971 91.764717
vn -35.431625 15.39328 92.236908
vn -16.119944 17.839705 97.066437
vn -36.224369 11.160391 92.537781
vn -37.256207 8.1467981 92.442444
vn -17.207113 13.908015 97.521713
vn -17.606827 10.595046 97.865952
vn -17.806953 6.2582221 98.202583
vn -10.81452 6.9895473 99.167511
vn -10.960192 1.7188641 99.38269
vn -10.690081 11.456359 98.76474
vn -10.240306 14.668162 98.386887
vn -6.9825745 1.8148648 99.73941
vn -6.9525352 -2.5291152 99.725945
vn -3.7640054 -2.4737456 99.898499
vn -7.0911536 8.0554953 99.422462
vn -3.7834179 1.9333135 99.909698
vn -0.48772982 -2.2975965 99.972404
vn -6.9853811 12.716259 98.94191
vn -3.9570029 8.1250467 99.59079
vn -0.54687917 2.8805795 99.957008
vn 2.5414777 -1.3403398 99.95871
vn 2.4304953 -4.5408783 99.867264
vn 5.1669827 -3.9312153 99.789009
vn 4.4964399 -1.0329614 99.893524
vn 8.3594246 -4.1940174 99.561691
vn 3.0245366 3.8305125 99.880821
vn -0.043245375 9.1087809 99.58429
vn -53.315319 82.128067 -20.309105
vn -47.481331 74.224937 -47.288273
vn -31.657753 42.565674 -84.769981
vn -65.425507 41.156174 -63.448181
vn -37.664028 24.166292 -89.428253
vn -71.749458 20.325125 -66.625099
vn -41.184132 18.794491 -89.166344
vn -73.374489 15.865215 -66.064209
vn -44.342083 14.038213 -88.525185
vn -75.114822 11.338114 -65.032372
vn -24.965221 21.789827 -94.350098
vn -27.458921 16.416653 -94.744392
vn -21.545408 18.501049 -95.882767
vn -21.804832 9.2812033 -97.151482
vn -28.840034 8.4631948 -95.376228
vn -20.963472 -2.5650046 -97.744331
vn -45.710316 6.7678728 -88.683495
vn -27.957054 -2.7015114 -95.974495
vn -19.243439 -12.548458 -97.325363
vn -75.453636 5.4036999 -65.402977
vn -94.242218 4.591928 -33.125767
vn -45.312496 -2.066514 -89.120743
vn -26.242521 -11.712633 -95.781761
vn -17.740202 -17.316544 -96.878395
vn -74.910851 -1.1827359 -66.234177
vn -94.243637 -0.49805003 -33.43486
vn -98.827194 0.29680014 -15.267558
vn -24.810562 -15.851385 -95.567612
vn -16.461859 -19.57004 -96.67482
vn -44.04512 -10.127868 -89.204567
vn -22.698639 -18.013813 -95.70932
vn -14.150301 -21.225389 -96.691536
vn -42.686211 -14.434361 -89.272263
vn -74.31086 -8.2966719 -66.400757
vn -93.701103 -5.7739172 -34.449474
vn -98.625359 -3.4521501 -16.159271
vn -73.466125 -11.338948 -66.889145
vn -93.379196 -7.8266282 -34.915146
vn -98.384598 -5.9715657 -16.876375
vn -40.910645 -15.844741 -89.862473
vn -72.423401 -12.795734 -67.757812
vn -93.048759 -8.8573904 -35.545399
vn -98.39193 -6.4991331 -16.636963
vn -71.552536 -14.1527 -68.410042
vn -39.274166 -17.27984 -90.326897
vn -21.220701 -18.862682 -95.884727
vn -1.5798429 -15.79982 -98.731308
vn -3.9380472 -12.58545 -99.126678
vn -1.5768521 -12.596531 -99.190933
vn -3.9372568 -15.7841 -98.667938
vn -4.7039561 -7.0660458 -99.639084
vn -0.00054460776 -16.564648 -98.618523
vn -7.8898988 -7.0981464 -99.435226
vn -2.3536334 -7.0694618 -99.722031
vn -7.853785 -11.79091 -98.991371
vn -0.7861129 -18.855005 -98.203209
vn -14.982573 -7.1100726 -98.615265
vn -0.00036857231 -18.857042 -98.205963
vn -7.0982099 -14.991829 -98.614716
vn -14.160683 -11.791563 -98.287498
vn -13.427992 -15.004415 -97.951813
vn -33.928524 -13.414083 -93.107018
vn -35.300934 -6.275578 -93.351288
vn -11.842992 -16.580212 -97.902206
vn -32.153969 -15.681577 -93.382065
vn -34.724689 -11.04717 -93.124413
vn -70.550781 -12.586298 -69.743629
vn -70.673622 -10.99356 -69.888344
vn -71.025047 -4.7349477 -70.235481
vn -70.839432 -8.6551113 -70.049019
vn -94.201881 -6.2886791 -32.961483
vn -93.942162 -4.7370706 -33.947495
vn -94.021904 -2.3699279 -33.974464
vn -94.569817 -7.8725443 -31.536848
vn -99.052971 -3.143641 -13.365193
vn -98.991348 -0.78900164 -14.145334
vn -99.688377 -0.785101 -7.8492098
vn 5.5035939 -99.845329 0.78667623
vn 11.822955 -99.22007 3.949357
vn 12.600877 -99.190475 1.5712347
vn 10.235445 -98.9468 10.235579
vn 8.6371098 -91.892822 38.48518
vn 37.136425 -92.441307 8.6887188
vn 38.610912 -92.191437 3.1520107
vn 33.885822 -87.462227 34.671448
vn 29.9081 -55.090858 77.913422
vn 7.0976868 -56.776955 82.012192
vn 3.1417356 -57.423847 81.808502
vn 0.78552973 -57.448151 81.847984
vn 1.577369 -19.765869 98.014389
vn 0.78769886 -20.521833 97.868446
vn 9.5949508e-05 -21.276396 97.710358
vn 3.9304044 -18.082529 98.272957
vn 7.8608556 -16.515072 98.313065
vn 2.3674572 -5.4934325 99.82093
vn 5.4999309 -3.9279089 99.771347
vn 0.77870047 -6.2883921 99.799042
vn 3.93066 -1.5665932 99.910423
vn 1.5730839 -2.3597388 99.959778
vn -0.005007314 -6.2988448 99.801422
vn -0.0010916439 -3.1450608 99.950531
vn 2.3590512 -2.3628011 99.944237
vn -0.78868639 -6.2848577 99.799194
vn -1.5797032 -2.3627052 99.959602
vn -0.0039852979 -2.3542302 99.972282
vn -2.3641906 -1.5759294 99.959625
vn -2.3582346 -4.7170515 99.860832
vn -3.9273565 -1.5769275 99.9104
vn -7.0671515 0.0011687776 99.749962
vn -5.5022659 -0.7831369 99.845436
vn -9.4765778 0.0037837045 99.549957
vn -13.368234 1.5740089 99.08992
vn -33.967957 3.1625044 94.000938
vn -36.311123 2.3702826 93.144432
vn -15.803373 1.5749439 98.730812
vn -37.676525 0.78687286 92.627525
vn -71.883011 1.5767337 69.500702
vn -72.2435 -2.3587375 69.103661
vn -18.094627 -0.78292853 98.346184
vn -38.599621 -3.9384372 92.165924
vn -11.039907 -1.5738881 99.376266
vn -18.833139 -4.7177186 98.097168
vn 77.46698 -63.236588 0.0018567659
vn 39.29007 -91.944626 -1.5731844
vn 77.768639 -62.845676 -1.5686045
vn 39.277599 -91.909668 -3.1437671
vn 94.382912 -33.034107 -0.7833997
vn 94.383118 -33.03347 0.78558296
vn 97.708267 -21.271177 0.79549867
vn 77.743034 -62.81863 -3.1368868
vn 37.136425 -92.441254 -8.6891155
vn 94.618454 -32.324169 -1.5799636
vn 97.706535 -21.279663 -0.78014612
vn 98.45871 -17.329166 2.362922
vn 98.634628 -15.773878 4.7321424
vn 97.682724 -21.271942 -2.3646212
vn 94.873398 -31.363335 -3.9217203
vn 77.965576 -62.218899 -7.0836978
vn 97.762238 -20.497889 -4.73103
vn 98.346214 -18.094063 -0.79072309
vn 73.290184 -61.468998 -29.156654
vn 33.131306 -88.344048 -33.13076
vn 95.110474 -29.869171 -7.863131
vn 61.40094 -49.597198 -61.400673
vn 28.433308 -61.608559 -73.457016
vn 91.34967 -29.924417 -27.563864
vn 97.514442 -19.656858 -10.224504
vn 27.496914 -30.639551 -91.132523
vn 7.8996224 -30.815462 -94.805077
vn 9.4373674 -20.431284 -97.434593
vn 29.233118 -21.32896 -93.222855
vn 67.094093 -31.571152 -67.094292
vn 68.574455 -22.068411 -69.357986
vn 93.159592 -20.524548 -30.000555
vn 92.898064 -18.10887 -32.280293
vn 97.677162 -17.329201 -12.604451
vn 97.613815 -15.742773 -14.956964
vn 98.239426 -17.293228 -7.0681963
vn 98.373672 -15.738464 -8.6556816
vn 98.64431 -13.401651 -9.4707289
vn 98.301056 -18.08173 -3.1545751
vn 98.666878 -15.786551 -3.9536064
vn 98.741135 -15.796956 -0.80321276
vn 98.992332 -13.348023 -4.7272363
vn 99.433769 -9.497859 -4.766221
vn 99.099014 -13.370448 -0.78638238
vn 98.814583 -15.022158 3.1643846
vn 99.126411 -12.588206 3.9358199
vn 99.549805 -9.4782915 -0.010136764
vn 99.437828 -9.4685087 4.7398214
vn 98.836746 -13.441001 7.1160483
vn 98.85714 -11.770588 9.419035
vn 99.098663 -8.653944 10.225707
vn 99.273712 -6.293654 10.252801
vn 98.679802 -11.841186 11.049074
vn 98.670204 -14.20849 7.8937478
vn 98.535042 -9.4598465 14.190006
vn 98.566231 -10.248903 13.403574
vn 98.11869 -8.6338844 17.267874
vn 97.085434 -7.1038527 22.890068
vn 97.568069 -7.869154 20.458458
vn 98.492409 -8.6682358 14.970203
vn -97.532158 -22.022709 -1.5738995
vn -81.213799 -58.346546 -0.00063518627
vn -41.556694 -90.956268 -0.010217528
vn -97.372269 -22.77371 0.0014167245
vn -81.215195 -58.344589 0.00033458805
vn -97.543983 -22.026651 0.00043369865
vn -41.543766 -90.962173 -0.0013449265
vn -97.542664 -22.018383 0.78449923
vn -81.21273 -58.348042 -0.00058239955
vn -40.906597 -91.250488 0.00068690896
vn -97.859146 -20.520584 1.5791899
vn -81.848022 -57.448112 0.78427953
vn -99.701294 -7.0579457 3.1362839
vn -98.130325 -18.842566 3.923492
vn -99.737564 -4.7115307 5.4973636
vn -98.182144 -17.279469 7.8541384
vn -99.42247 -3.1565304 10.257154
vn -99.679291 -1.5563077 7.8495927
vn -99.102119 -0.00029371449 13.370464
vn -99.678452 -7.8573484 1.5711058
vn -99.839088 -3.1431842 4.7198477
vn -99.618317 -8.6927099 0.79145032
vn -99.838814 -4.7223182 3.1478565
vn -99.549576 -9.4805126 -0.00076981168
vn -99.836609 -5.4954772 1.5658351
vn -99.53772 -9.4733877 -1.5807368
vn -99.848022 -5.5111346 -0.0053824768
vn -99.820259 -5.5140796 -2.3474689
vn -99.894753 -3.932934 -2.3601582
vn -99.922501 -3.9360847 -0.027485756
vn -99.922577 -3.1475878 2.3602035
vn -99.860802 -2.3609619 4.7162061
vn -99.922737 -2.3546197 -3.1465836
vn -99.971985 -2.366785 -0.002723749
vn -99.944214 -2.3609805 2.3625946
vn -99.8358 -1.5751138 5.507513
vn -99.91967 -0.79217535 -3.9283593
vn -99.987572 -1.5759848 0.001406973
vn -99.938095 -1.5707412 3.1479566
vn -99.79911 -0.78591889 6.2866225
vn -99.546173 -0.79027957 9.4833889
vn -99.99691 -0.0003282679 -0.78585881
vn -99.947342 -0.7873435 3.1479809
vn -99.747208 -0.78878075 7.0621753
vn -99.468872 -0.78849906 10.262691
vn -99.919479 0.78241748 -3.9351068
vn -99.972061 -0.0012322203 2.3636837
vn -99.536819 -1.5819974 9.482522
vn -99.798859 -0.79050225 6.289854
vn -99.99379 0.78707957 -0.78755134
vn -15.089865 9.6987 -98.377998
vn -6.968504 11.024903 -99.145813
vn 2.7624586 -0.7549234 -99.958984
vn 3.3047528 14.138648 -98.940277
vn 12.308702 3.0042281 -99.194107
vn 12.035675 -9.6366596 -98.80423
vn 16.068354 4.9220233 -98.577782
vn 14.65035 17.353182 -97.387016
vn 15.2796 -7.3170929 -98.55452
vn 14.993814 -14.420406 -97.812256
vn 20.192375 11.238884 -97.293129
vn 21.32703 2.4658275 -97.668198
vn 20.163916 -8.5153217 -97.575134
vn 20.752285 -15.464715 -96.59288
vn 20.093203 -15.629609 -96.705627
vn 27.668306 -14.145387 -95.049324
vn 25.26321 -15.062483 -95.57663
vn 30.083891 -10.139618 -94.826935
vn 45.551918 -13.466977 -87.998085
vn 42.581032 -15.766383 -89.097008
vn 76.372765 -14.1679 -62.979927
vn 28.609735 -15.560247 -94.54821
vn 48.150208 -13.414202 -86.611877
vn 77.986313 -11.959329 -61.441906
vn 95.415024 -9.5508623 -28.368195
vn 95.263 -11.022955 -28.345324
vn 98.893158 -7.8994241 -12.559469
vn 95.700294 -10.560356 -27.017267
vn 98.939819 -8.1037064 -12.051587
vn 78.814926 -12.815573 -60.199398
vn 49.215298 -15.886869 -85.588928
vn 79.457977 -16.661356 -58.385178
vn 95.53598 -15.281999 -25.285089
vn 80.716705 -13.188303 -57.540264
vn 51.387882 -11.131952 -85.060951
vn 98.634811 -13.238721 -9.7932358
vn 96.208801 -12.598058 -24.190004
vn 81.588058 1.0731374 -57.812088
vn 51.876278 2.228601 -85.462776
vn 30.125177 2.6136312 -95.318642
vn 30.019342 9.9435482 -94.868141
vn 50.464283 11.311806 -85.588539
vn 80.53582 11.773449 -58.097916
vn 97.463875 0.33809909 -22.375837
vn 96.973808 11.143212 -21.723488
vn 99.289368 -9.8387518 -6.6948152
vn 99.935165 1.9556259 -3.0227461
vn 99.546829 -7.6578388 -5.6378121
vn 99.859337 -4.8731866 -2.0890608
vn 99.432526 -7.1525884 -7.874949
vn 99.371681 -7.9377708 -7.8905702
vn 98.838943 -9.4908419 -11.865402
vn 99.298134 -9.4635668 -7.0937462
vn 98.838745 -9.493228 -11.865133
vn 99.350754 -9.4626789 -6.3155041
vn 98.991302 -7.8602028 -11.787282
vn 99.492523 -7.8569174 -6.2854037
vn 99.499168 -9.481679 -3.1644304
vn 99.642036 -7.8474407 -3.1434188
vn 99.691513 -4.7152929 -6.2745414
vn 99.860855 -4.7132688 -2.365114
vn 99.774323 -2.3585451 -6.286572
vn 99.691704 -7.8461266 0.0026750239
vn 99.944252 -2.3614368 -2.3601608
vn 99.642876 -3.1392288 -7.8385229
vn 99.885468 -4.7190375 0.78949571
vn 99.591377 -8.7058163 2.4010439
vn 99.79866 -5.503056 3.1533835
vn 99.968941 -2.3644612 0.78762221
vn 99.922539 -2.3620951 -3.1474202
vn 99.468216 -5.5351548 -8.6854191
vn 98.548737 -6.3053842 -15.760352
vn 99.969032 -2.36094 0.78732336
vn 98.104324 -10.198147 -16.478491
vn 92.869202 -11.006196 -35.414326
vn 99.771202 -5.487504 -3.9487624
vn 99.10466 -9.4415874 -9.440505
vn 92.387825 -14.217056 -35.529812
vn 69.835754 -15.693324 -69.833267
vn 97.831993 -13.412299 -15.780134
vn 69.155785 -18.079683 -69.932838
vn 34.583378 -14.157637 -92.755333
vn 92.555344 -16.614491 -34.021561
vn 33.036919 -17.298342 -92.786476
vn 14.122968 -13.341575 -98.094566
vn 13.414073 -15.78761 -97.830536
vn 69.214844 -20.447847 -69.218422
vn 31.524109 -18.914351 -92.997192
vn 11.829855 -18.116838 -97.631111
vn 7.0893636 -15.761039 -98.495346
vn 5.5027666 -18.072147 -98.199379
vn 3.9417088 -15.790981 -98.666656
vn 3.1418746 -18.846727 -98.157677
vn 4.7225471 -21.251984 -97.601494
vn 2.3543174 -22.01696 -97.517754
vn 0.79243511 -18.857273 -98.202736
vn 0.78665262 -22.025354 -97.541092
vn 3.1605921 -31.607655 -94.820702
vn 1.5724728 -32.331856 -94.615944
vn -0.00013438694 -22.027163 -97.543861
vn 0.78809375 -33.03413 -94.382851
vn -0.77957952 -22.040276 -97.537781
vn -0.0042730654 -33.049564 -94.380753
vn -0.78233552 -33.033173 -94.38324
vn 4.6100842e-05 -62.852276 -77.779121
vn 0.001796172 -62.851147 -77.780029
vn 0.0020690984 -91.542656 -40.248489
vn 0.0009681629 -99.102226 -13.369709
vn 1.5774511 -91.5317 -40.242527
vn 0.78713864 -62.848667 -77.778061
vn 1.5737705 -99.190956 -12.596684
vn 3.1451681 -91.90715 -39.283363
vn 3.1518991 -62.34597 -78.121994
vn 3.9493184 -99.220062 -11.822963
vn 8.662405 -92.169128 -37.812893
vn 7.0541649 -62.695206 -77.585762
vn 4.7267241 -99.776337 -4.726532
vn 10.228496 -98.948219 -10.228649
vn 5.5059724 -99.835953 -1.5708057
vn 11.822985 -99.22007 -3.9492774
vn 5.5036006 -99.845337 -0.78663617
vn 13.367057 -99.102585 -0.00012648301
vn 12.596711 -99.190956 -1.5737808
vn 13.366391 -99.102661 -0.0045037954
vn 39.956387 -91.67054 -0.0045370553
vn -99.810097 5.8835044 -1.8242584
vn -99.756447 6.318357 -2.9545627
vn -99.541451 8.5837069 -4.2210622
vn -99.903122 4.3950891 0.22208358
vn -99.875954 4.9650173 -0.3784146
vn -99.955551 2.9010439 0.68728459
vn -99.940201 1.011502 3.3063462
vn -99.919342 3.1867585 -2.4433804
vn -99.950768 2.6938405 1.6094749
vn -99.867477 -2.0894759 4.7034979
vn -99.689438 6.2753987 -4.7576699
vn -99.971695 -1.8612787 1.482217
vn -99.858017 2.0958767 -4.8975401
vn -99.631302 -3.9952953 7.5921264
vn -99.951019 -1.824663 -2.5424478
vn -99.888596 -4.4865408 1.462903
vn -99.871323 -4.3914189 -2.5368428
vn -99.783279 -4.5985851 4.706212
vn -99.839149 -5.1317844 -2.4099865
vn -99.892715 -4.3633208 1.551621
vn -99.794792 -4.3311272 4.7159553
vn -99.712006 -5.1040263 -5.6093473
vn -99.737648 -4.3831291 -5.761167
vn -99.812721 -1.9397097 -5.8013215
vn -99.369621 -5.8067989 -9.5895414
vn -99.386467 -5.1280932 -9.7996778
vn -99.491402 -2.2088463 -9.8276548
vn -99.589432 1.6041235 -8.9090843
vn -99.482574 5.2209239 -8.7153702
vn -98.785782 4.0431194 -15.000712
vn -99.380615 7.8195267 -7.8960185
vn -98.822182 7.1020112 -13.554966
vn -94.419548 8.3257198 -31.868994
vn -98.494438 11.220634 -13.150734
vn -99.077835 11.466395 -7.2182856
vn -99.22879 11.220696 -5.2669659
vn -93.926819 11.674676 -32.271568
vn -99.573265 7.9413004 -4.7012486
vn -93.513206 17.219437 -30.963991
vn -97.683983 17.797586 -11.877902
vn -98.111801 18.203472 -6.5350995
vn -86.530151 41.994884 -27.367153
vn -89.550819 43.322815 -10.187509
vn -98.443375 16.49172 -6.0767136
vn -90.32444 42.237999 -7.57932
vn 2.3656619 -15.795527 -98.716286
vn 3.9257436 -6.2836375 -99.725143
vn 1.5662247 -7.083549 -99.736504
vn -0.0017975826 -16.567236 -98.618088
vn 7.893703 -6.315249 -99.487724
vn 4.7087679 -14.125727 -98.885254
vn 0.00070563983 -22.772425 -97.372559
vn -3.1485629 -22.019554 -97.494743
vn 3.1438742 -22.013638 -97.496239
vn -3.9345336 -25.163643 -96.702171
vn -7.8871617 -23.595703 -96.855736
vn -0.0067411866 -25.913271 -96.58416
vn -9.4321556 -23.58602 -96.719864
vn -4.732049 -25.156027 -96.668404
vn 4.7238631 -24.412777 -96.859177
vn 0.78231478 -25.182674 -96.774063
vn 6.3192344 -19.728498 -97.830742
vn 8.6957245 -12.64811 -98.815018
vn 8.6849604 -22.112473 -97.137077
vn 14.997175 -5.5288248 -98.714317
vn 14.155149 -0.7856155 -98.98996
vn 11.037555 -17.375036 -97.858482
vn 16.57498 -11.841093 -97.903305
vn 36.046581 -1.5672772 -93.264076
vn 36.254807 -6.2958183 -92.983604
vn 35.375278 -1.5681366 -93.520752
vn 37.693264 -11.773108 -91.872795
vn 73.274719 -6.3046713 -67.757408
vn 18.911747 -15.75976 -96.922531
vn 72.623856 -3.1512947 -68.672005
vn 71.851021 -3.1574271 -69.479942
vn 14.212556 -18.960693 -97.151924
vn 70.966492 -6.3081803 -70.170967
vn 35.332951 -4.7175388 -93.43087
vn 94.581665 -3.1513917 -32.316826
vn 94.313919 -3.9302161 -33.006622
vn 70.278732 -11.058426 -70.275261
vn 34.755932 -10.266206 -93.20211
vn 93.607803 -6.2958059 -34.611294
vn 98.918594 -3.9287267 -14.130631
vn 99.053574 -3.1454318 -13.360173
vn 99.052689 -5.5038548 -12.580648
vn 94.991249 -6.2821527 -30.613674
vn 94.97921 -9.4229336 -29.835524
vn 74.112846 -11.045334 -66.221504
vn 40.072605 -14.930438 -90.395073
vn 95.048584 -10.998354 -29.065491
vn 74.931526 -14.199479 -64.681068
vn 22.064837 -16.543053 -96.122154
vn 17.307735 -18.105446 -96.812378
vn 11.821657 -21.285709 -96.990555
vn 6.3061819 -23.649487 -96.958405
vn 7.9159126 -20.004061 -97.65847
vn 14.091745 -17.72176 -97.403107
vn 1.6183181 -21.711584 -97.601173
vn -5.4558897 -22.563864 -97.268211
vn 1.8891981 -18.418243 -98.271049
vn 10.330935 -15.617819 -98.23114
vn -5.2129593 -18.772192 -98.083786
vn -10.93587 -21.043156 -97.14727
vn -11.497715 -18.865273 -97.528992
vn -12.960487 -13.468747 -98.237564
vn -5.7112479 -14.03353 -98.845551
vn 2.9478524 -12.764741 -99.138145
vn -6.7315021 -2.2581496 -99.74762
vn -13.917306 -2.5209107 -98.99472
vn -3.9359059 0.78427583 -99.919441
vn -7.0706859 -0.0038896918 -99.74971
vn -3.9288912 -4.2894371e-06 -99.922791
vn -71.454071 -3.1396108 -69.888893
vn -70.838417 -8.6590471 -70.049568
vn -34.664349 -3.9248612 -93.717552
vn -1.5732626 -1.5731701 -99.975243
vn -1.5750692 0.79007339 -99.984459
vn -7.109961 -5.5396109 -99.592979
vn -14.125669 -4.7054029 -98.885422
vn -1.5733435 -0.0044592735 -99.987617
vn -35.434723 -10.2512 -92.9478
vn -14.935567 -11.00279 -98.264275
vn -3.9254944 -6.269258 -99.726067
vn -8.6310291 -12.549878 -98.833229
vn -17.38073 -15.808784 -97.20079
vn -36.182846 -14.940593 -92.019447
vn -10.257467 -18.139212 -97.804665
vn -4.7117052 -14.130129 -98.884483
vn -1.5697362 -7.0685682 -99.737511
vn -6.3017039 -20.480618 -97.677193
vn -12.604776 -21.269766 -96.895401
vn -18.947863 -18.957481 -96.341019
vn -2.376889 -15.797795 -98.715652
vn 0.0032763076 -7.0629907 -99.750244
vn 4.1490421e-05 0.00191647 -100
vn -0.00045992201 0.7841146 -99.996918
vn 1.5745262 -0.00083503901 -99.987602
vn 1.5731282 0.78615481 -99.984528
vn -0.00021101441 -1.5714332 -99.987656
vn 1.5774312 -2.35835 -99.95974
vn -0.00021943124 -7.846014 -99.691734
vn 1.5734288 -7.8471799 -99.679222
vn 0.00011927914 -12.596875 -99.203423
vn 1.5796075 -12.601456 -99.190277
vn 1.5772285 -16.562841 -98.606209
vn 3.9339156 -12.587876 -99.126526
vn 3.9616964 -7.9046283 -99.608345
vn 3.9324944 -2.3596294 -99.894783
vn 7.8454638 -12.56593 -98.896637
vn 7.8861871 -7.8851967 -99.376213
vn 3.9339156 0.78785229 -99.919487
vn 7.8452868 -3.1360316 -99.642441
vn 3.9320781 -0.0037883709 -99.922653
vn 7.076057 0.0015589806 -99.749336
vn 14.985253 -8.6649494 -98.490402
vn 14.89754 -3.9168155 -98.806496
vn 7.0664816 -0.78912205 -99.746887
vn 14.144267 -0.78293097 -98.991554
vn 78.985764 -60.818535 7.8965244
vn 78.81205 -61.471375 3.1512387
vn 96.604836 -24.348326 8.6408119
vn 39.295193 -91.942513 1.568663
vn 96.015282 -27.545649 4.7225337
vn 13.369844 -99.102203 0.0011198911
vn 78.155151 -62.364231 1.5734414
vn 39.295643 -91.955719 -0.00050184788
vn 98.496231 -11.818168 12.602541
vn 94.511932 -8.6629286 31.503119
vn 95.381363 -29.946617 2.3656642
vn 77.775642 -62.851692 0.78324324
vn 39.295784 -91.95565 1.6180638e-07
vn 94.856339 -31.619267 1.5796983
vn 98.615143 -14.988168 7.0999227
vn 77.082527 -63.704659 0.0018155877
vn 98.376862 -17.313877 4.7139544
vn 97.999916 -19.758532 2.3701241
vn 98.769066 -11.065204 11.055828
vn 98.249016 -8.6466951 16.503475
vn 93.607735 -6.2941866 34.611778
vn 92.760506 -5.5032272 36.948647
vn 71.08683 -2.3743176 70.292412
vn 70.632599 -4.7077856 70.631966
vn 33.98526 0.00027545239 94.047874
vn 71.451035 -3.1281641 69.892525
vn 37.001644 -0.79079163 92.899162
vn 16.567289 0.00037309233 98.618065
vn 71.421539 -4.7066097 69.834152
vn 18.850248 -2.3556895 98.179016
vn 11.045094 -2.3642027 99.360031
vn 38.608429 -3.1543739 92.192398
vn 11.798278 -6.291759 99.102036
vn 7.1157737 -5.5338211 99.592888
vn 19.728043 -6.3067479 97.831635
vn 39.481346 -7.1070175 91.600838
vn 11.843005 -11.049056 98.679588
vn 7.0894794 -10.235976 99.221786
vn 3.9471884 -9.4735489 99.471962
vn 3.9270937 -5.5003309 99.771355
vn 0.001722516 -9.4731045 99.550278
vn 19.625074 -11.769279 97.346497
vn 3.1507742 -13.365282 99.052719
vn 0.00020516454 -12.598562 99.203201
vn -3.1445279 -13.364161 99.05307
vn -3.1629562 -9.4729176 99.500053
vn -6.2783113 -13.348759 98.905983
vn 6.3226147 -14.224309 98.781029
vn 11.005572 -14.935486 98.263977
vn -5.5118108 -16.546085 98.467484
vn -9.4788294 -17.391712 98.018776
vn -2.3676023 -16.560793 98.590752
vn -8.6802549 -18.931406 97.807243
vn -7.8036101e-05 -16.568529 98.617867
vn -4.708848 -18.833694 98.097496
vn -15.752661 -18.917517 96.922562
vn -16.554104 -18.128166 96.939835
vn -7.8950987 -18.940359 97.872002
vn -2.3578084 -18.094631 98.32103
vn -4.7088776 -18.83499 98.097244
vn -36.252014 -18.125822 91.417969
vn -37.852528 -14.192387 91.464546
vn -15.0134 -18.177874 97.181076
vn -71.832451 -11.057596 68.686455
vn -72.084717 -7.0396094 68.950981
vn -35.527237 -18.943441 91.536667
vn -71.166428 -14.233856 68.794891
vn -92.984352 -6.3113074 36.25021
vn -93.098434 -3.9457321 36.292057
vn -92.823044 -8.6546402 36.179817
vn -70.618988 -15.674513 69.04541
vn -97.983345 -3.9181564 19.593628
vn -98.045845 -1.5727497 19.609652
vn -99.052971 -3.1434102 13.365164
vn -98.070686 -5.5135427 18.754789
vn -99.02565 -3.9304707 13.359317
vn -99.500511 -3.1563931 9.4700794
vn -99.509529 -4.734777 8.6854515
vn -99.771286 -3.928792 5.5003796
vn -99.054039 -5.5042992 12.569762
vn -98.102989 -7.0569577 18.055525
vn -99.533356 -5.5345783 7.9043779
vn -99.102005 -6.2924223 11.798196
vn -92.685646 -10.207419 36.127266
vn -99.821213 -2.3495355 -5.4958816
vn -99.697586 -5.4950094 -5.4953556
vn -99.537346 -1.5862559 -9.4762821
vn -99.721886 -7.0726218 -2.3502617
vn -99.546722 -7.1087036 -6.3178978
vn -99.774208 -6.2883449 -2.3588634
vn -99.821266 -5.4907684 -2.3598042
vn -99.95974 -2.3610275 -1.5735157
vn -99.836334 -5.4998741 1.5680345
vn -99.799194 -6.2852778 0.78376371
vn -99.691483 -6.2788467 4.7100487
vn -99.79895 -6.2885895 0.78935397
vn -99.832893 -5.5602469 1.5737947
vn -99.69165 -6.2531924 4.7404518
vn -99.487267 -6.3145633 7.8999195
vn -99.735252 -5.5377898 4.7129712
vn -99.532433 -5.5513263 7.9042988
vn -99.147537 -5.5123997 11.805879
vn -99.174149 -4.9698567 11.823228
vn -99.55526 -5.0726714 7.9385319
vn -99.128952 -5.4825182 11.974608
vn -99.538811 -5.4099636 7.9219394
vn -99.201485 -5.9399428 11.12579
vn -98.184166 -6.6152892 17.779385
vn -98.281555 -5.4954505 17.622007
vn -93.200035 -5.4193211 35.838337
vn -99.335342 -4.4212441 10.627422
vn -99.781921 -2.1805193 6.2299552
vn -93.642395 -1.7838486 35.041683
vn -71.528679 2.9972401 69.818794
vn -98.60154 -2.7365215 16.439268
vn -99.553024 -1.9368838 9.2435074
vn -99.885818 -0.17651419 4.7740655
vn -99.648483 1.8578373 8.1688251
vn -99.89975 2.7480302 3.5338426
vn -99.885902 4.6167617 1.2211092
vn -99.634361 8.4381685 1.3387411
vn -99.760277 6.9030137 -0.48453978
vn -98.87767 13.985932 -5.2538056
vn -99.260368 12.133154 0.40571958
vn -91.76062 39.19315 -6.624742
vn -93.267075 35.74308 -4.8666744
vn -94.764809 31.887424 1.6800148
vn -60.26461 79.344139 -8.5255556
vn -63.887302 76.731125 -5.545054
vn -66.60746 74.535164 -2.8206432
vn -37.664211 -17.260424 -91.013649
vn -70.70031 -14.925078 -69.128197
vn -70.926552 -12.613157 -69.356567
vn -92.940643 -10.241845 -35.456161
vn -92.867195 -11.018063 -35.415901
vn -98.308815 -7.8839531 -16.529409
vn -93.016754 -9.4606276 -35.47364
vn -98.118301 -8.6345015 -17.269724
vn -99.218193 -7.1262217 -10.24532
vn -93.351379 -6.2760043 -35.300602
vn -93.766853 -2.3668482 -34.672401
vn -98.312111 -7.8641315 -16.519238
vn -98.469337 -5.5111141 -16.535316
vn -98.732201 -1.5843189 -15.793796
vn -99.160988 -7.8536739 -10.267314
vn -99.221085 -7.1004448 -10.23517
vn -99.320595 -5.5167975 -10.2461
vn -99.646729 -6.3426452 -5.5045891
vn -99.546417 -7.1154184 -6.3151693
vn -99.81543 -5.5962372 -2.3581765
vn -99.969017 -0.78755188 2.3613341
vn -99.820427 -2.3539813 5.508182
vn -98.982613 -1.5715699 14.141135
vn -99.101692 -0.0035283356 13.373627
vn -99.623428 -0.7858457 8.6344261
vn -99.738625 -1.5603719 7.0548658
vn -99.2043 0.0066430331 12.589971
vn -99.471962 0.00010109072 10.262907
vn -98.206055 -0.00018486877 18.856588
vn -98.345749 0.78926837 18.096722
vn -98.614708 0.7873587 16.568634
vn -93.168152 -0.79138219 36.318996
vn -93.521988 1.5727007 35.371803
vn -93.767853 2.3653753 34.669819
vn -94.359138 2.3600016 33.026989
vn -71.842827 3.1595912 69.488312
vn -95.40284 -0.78781724 29.961258
vn -71.454659 3.1459558 69.888008
vn -71.091858 1.5773987 70.309738
vn -30.676218 0.7845434 95.175392
vn -95.095406 -14.148609 27.507853
vn -70.140335 -12.614139 70.15139
vn -28.259928 -13.345733 94.990883
vn -65.450653 -37.848171 65.450203
vn -78.251343 -54.538902 30.037239
vn -38.466518 -9.4074583 91.824966
vn -6.2887897 -2.3546579 99.774277
vn -11.796759 -4.735136 99.188782
vn -3.1520922 -2.3671267 99.922272
vn -7.0606999 -4.7065191 99.639336
vn -18.139696 -10.255144 97.804817
vn -10.991894 -9.4207735 98.946587
vn -17.272713 -14.919132 97.360527
vn -7.0969501 -9.4574862 99.298485
vn -10.253925 -14.176977 98.457458
vn -3.9208918 -5.4959254 99.771843
vn 0.0028133364 -3.1541193 99.950241
vn 0.00067509274 -5.512495 99.847946
vn 3.148432 -3.145318 99.900917
vn 5.5078344 -1.5682476 99.835884
vn 7.0617437 -2.3684371 99.722221
vn 7.0699377 -0.78549081 99.746681
vn 9.4882793 -0.78571296 99.545746
vn 11.039012 -2.3655622 99.360672
vn 14.139557 0.002196925 98.995323
vn 28.375647 -15.764063 94.584961
vn 30.675068 -1.5738888 95.165977
vn 63.849663 -41.775387 64.637741
vn 69.248291 -17.311136 70.035713
vn 75.921127 -57.731613 30.050657
vn 93.534676 -21.223822 28.298704
vn -98.103523 -7.0610509 18.051052
vn -92.945518 -10.24009 35.443901
vn -70.700142 -14.924356 69.12854
vn -99.050003 -7.0757704 11.791135
vn -98.102692 -7.0746832 18.050238
vn -92.757454 -9.435442 36.152874
vn -35.564049 -18.176641 91.677734
vn -99.486343 -6.3231068 7.9047561
vn -99.7369 -5.4938717 4.7296252
vn -99.937981 -3.1507363 1.5726793
vn -99.987617 -0.0012796143 -1.5738487
vn -99.885521 0.78712773 -4.7183218
vn -99.888565 0.0016255764 -4.7196879
vn -99.688385 0.78492457 -7.8491263
vn -99.613693 1.5698756 -8.6399508
vn -98.879822 0.7891131 -14.905016
vn -94.042763 0.78305709 -33.990376
vn -98.869766 1.5655941 -14.910332
vn -99.623367 0.78556108 -8.6353559
vn -71.487961 -0.78375185 -69.920349
vn -94.021935 2.370194 -33.97438
vn -98.878769 0.78708798 -14.912102
vn -94.036934 1.5814061 -33.978737
vn -71.480949 1.5732673 -69.914215
vn -35.365959 -1.5723828 -93.5242
vn -14.895126 -2.3512919 -98.856491
vn -34.685097 0.79322916 -93.788673
vn -71.480331 1.5647902 -69.915047
vn -7.8391128 -2.3456523 -99.664673
vn -14.144116 0.76785183 -98.991692
vn -34.682209 0.77541423 -93.789886
vn -3.9332423 -2.3593729 -99.894768
vn -7.0707426 0.78476602 -99.746635
vn -14.143398 -0.0015253132 -98.994766
vn 97.808388 -8.6793337 18.92585
vn 96.668289 -7.8568897 24.362082
vn 92.054016 -6.2946167 38.554337
vn 98.728371 -7.1088915 14.218759
vn 97.807465 -8.6782446 18.93119
vn 91.48632 -8.6760063 39.433235
vn 96.718704 -9.4358883 23.589359
vn 98.906654 -6.2859435 13.340238
vn 71.663017 -7.8792167 69.298843
vn 91.275826 -11.01887 39.335857
vn 98.119003 -8.6364002 17.264858
vn 96.910202 -11.029791 22.062561
vn 39.271469 -12.566851 91.103386
vn 71.705841 -12.604728 68.552124
vn 18.883854 -16.52556 96.800339
vn 38.603912 -17.330046 90.605774
vn 91.466644 -14.191579 37.847767
vn 71.581703 -17.304752 67.650627
vn 17.391964 -19.775372 96.469971
vn 10.234242 -18.90024 97.662888
vn 5.5059013 -17.305758 98.337158
vn 37.915848 -21.280071 90.053024
vn 2.3697636 -16.564306 98.590096
vn 0.00046570785 -18.093319 98.349533
vn 2.36096 -18.851257 98.178696
vn -2.3664 -18.85186 98.178444
vn -0.0014301855 -18.857033 98.205963
vn 4.7360458 -19.743853 97.917053
vn 1.5703105 -18.852249 98.194328
vn 8.6500893 -20.444248 97.504913
vn 4.734745 -19.738827 97.918129
vn 16.562698 -21.312532 96.288376
vn 8.6623383 -19.692511 97.658432
vn 1.5703889 -18.095907 98.336525
vn 4.70825 -18.065689 98.241852
vn -0.0034020457 -18.092577 98.34967
vn 2.3553839 -14.139157 98.967339
vn -0.78774959 -14.912894 98.878632
vn -2.3658874 -17.338856 98.456917
vn -2.3575475 -14.138741 98.967354
vn -4.7272038 -17.307817 98.377304
vn -5.4905539 -14.118809 98.845909
vn -8.6455774 -16.506021 98.248688
vn -9.469677 -13.415301 98.642563
vn -15.706964 -16.491053 97.372147
vn -36.134399 -15.711626 91.910011
vn -15.795229 -12.635906 97.932861
vn -9.4517088 -8.6589289 99.175034
vn -6.3036842 -9.457962 99.351959
vn -70.857567 -13.380514 69.283234
vn -36.300148 -12.624564 92.319664
vn -16.505272 -8.6463671 98.248741
vn -10.232153 -4.794693 99.35952
vn -37.134743 -8.6907387 92.44178
vn -71.073448 -11.059801 69.471199
vn -92.821465 -8.6523752 36.184437
vn -17.295565 -4.7953062 98.37616
vn -98.1036 -7.0567741 18.052305
vn -99.101028 -6.2937284 11.805737
vn -98.198112 -5.5013108 18.079386
vn -92.986557 -6.3053355 36.245598
vn -71.652534 -7.8687568 69.310875
vn -98.224358 -4.8803816 18.115139
vn -93.059586 -4.8219943 36.285816
vn -37.570198 -4.8472619 92.547195
vn -71.773872 -5.6294432 69.403328
vn -98.129303 -5.4756651 18.456884
vn -93.012054 -5.5509701 36.303501
vn -93.154419 -5.9146476 35.878544
vn -71.706482 -4.8783388 69.529732
vn -71.877312 -3.6959379 69.42617
vn -37.703289 -2.9404786 92.573311
vn -37.750927 -0.54337835 92.598991
vn -71.960274 -1.3842148 69.424782
vn -37.53244 3.7919939 92.611748
vn -18.099712 1.281377 98.340019
vn -18.124357 -2.6544471 98.307999
vn -10.972522 -2.5843499 99.362595
vn -6.2521815 -4.7576375 99.690887
vn -3.1909902 -9.5387068 99.492874
vn -3.1147504 -4.7425952 99.838905
vn -0.78784525 -9.4836025 99.546165
vn -0.73583621 -4.6834149 99.88755
vn 2.3662715 -9.4780178 99.521698
vn 4.7090769 -14.127271 98.885002
vn 4.7402596 -8.6884022 99.508995
vn 8.6870594 -18.157007 97.953339
vn 8.6797285 -14.199286 98.605492
vn 16.475851 -20.398298 96.501068
vn 16.548445 -18.13361 96.939781
vn 9.3339415 -8.9795313 99.157677
vn 17.289288 -14.154409 97.47171
vn 37.775166 -22.82296 89.733772
vn 37.848804 -22.074297 89.889885
vn 38.71191 -19.74869 90.063179
vn 71.5355 -20.436054 66.820938
vn 71.796043 -21.306408 66.267357
vn 72.920212 -21.156872 65.077087
vn 91.911385 -15.71268 36.130463
vn 92.669464 -16.492222 33.769447
vn 93.154022 -16.585434 32.361294
vn 97.303421 -11.868412 19.778463
vn 97.44313 -13.358289 18.066343
vn 98.422546 -9.450223 14.956457
vn 98.58503 -11.040845 12.613033
vn 97.707275 -13.393667 16.549837
vn 98.678741 -11.850184 11.04892
vn 99.138924 -7.0824099 11.014222
vn 99.175713 -8.6585569 9.4449377
vn 99.08062 -11.008893 7.8635144
vn 98.762024 -11.855438 10.271827
vn 99.13839 -11.018754 7.082623
vn 98.050385 -12.659504 15.028651
vn 99.213791 -10.310858 7.0928431
vn 93.950722 -15.002289 30.79273
vn 98.937187 -10.387539 10.175054
vn 98.24231 -11.194446 14.937671
vn 74.001907 -18.891945 64.55085
vn 94.640656 -11.99207 29.988935
vn 40.064285 -14.976938 90.391068
vn 75.543076 -15.054224 63.770004
vn 17.060322 -9.4879036 98.076126
vn 40.842335 -9.8892965 90.741966
vn 76.291504 -9.9563599 63.878613
vn 94.9618 -9.0620623 30.002289
vn 98.498566 -8.3859072 15.090125
vn 98.361816 -7.487021 16.398067
vn 98.98539 -9.2137575 10.816615
vn 98.859535 -9.5556793 11.639704
vn 99.298187 -8.9219437 7.7633247
vn 99.27784 -11.026423 4.7252197
vn 99.3974 -9.4725647 5.5160589
vn 99.54612 -7.1054487 6.330977
vn 99.574684 -4.733017 7.9044633
vn 99.838699 -3.1518328 4.7221007
vn 99.438782 -4.7256851 9.4655609
vn 99.838989 -3.1449177 4.7207699
vn 99.697647 -5.4954791 5.4936714
vn 99.848717 -5.4984164 0.0079749729
vn 40.226788 -91.496597 3.1903207
vn 81.809219 -57.422672 3.1444054
vn 81.646721 -57.305992 7.0594921
vn 38.484905 -91.892395 8.6429949
vn 40.901852 -91.239105 1.5696088
vn 12.600924 -99.190453 1.5712999
vn 13.369736 -99.102226 0.0012121036
vn 11.816232 -99.221138 3.9421988
vn 5.5035887 -99.845329 0.78673726
vn 13.37652 -99.101311 -1.1032535e-06
vn 5.5016766 -99.836143 1.5729327
vn 10.221485 -98.949661 10.221809
vn 35.409103 -86.558609 35.409069
vn 4.7266898 -99.776337 4.7266335
vn 1.5802023 -99.984451 0.78188616
vn 5.4995379 -99.848656 1.6267411e-05
vn 5.5036211 -99.845329 -0.78668278
vn 1.5802023 -99.984451 -0.78185159
vn 1.5737293 -99.987617 3.4634788e-05
vn 0.78473473 -99.996925 3.2775977e-05
vn 0.78921843 -99.993774 -0.78924197
vn 1.5764434 -99.975143 -1.5764178
vn 0.78186214 -99.984451 -1.5802081
vn 5.0451878e-09 -100 1.6292068e-05
vn 0.78574324 -99.99382 0.78595167
vn 1.5765032 -99.975143 1.5763927
vn -1.7439015e-05 -99.996925 -0.78472126
vn -1.8706673e-05 -99.987617 -1.573735
vn -2.7636997e-05 -99.848404 -5.5042453
vn 0.78655583 -99.845329 -5.5037313
vn -0.78185815 -99.984451 -1.5802077
vn -9.6682925e-05 -99.102577 -13.367057
vn -0.78251755 -99.845505 -5.5010753
vn -0.78925472 -99.993774 -0.78920382
vn -1.5727497 -99.836174 -5.501514
vn -1.5764358 -99.975143 -1.5764591
vn -1.5802248 -99.984451 -0.781847
vn -0.7847352 -99.996925 3.2542997e-05
vn -0.78580773 -99.99382 0.7858851
vn -1.5737488 -99.987617 3.4747944e-05
vn -1.5802224 -99.984459 0.78187919
vn -5.509088 -99.848137 4.4812361e-05
vn 1.625143e-05 -99.996925 0.78475648
vn 0.78186131 -99.984451 1.5802417
vn -0.78185666 -99.984459 1.580242
vn 0 -99.987617 1.5737697
vn -2.1320215e-05 -99.848663 5.4995127
vn 1.5727431 -99.836166 5.5015116
vn 0.79073894 -99.845154 5.5062208
vn 3.9457428 -99.220581 11.819765
vn 1.5763174 -99.191429 12.592668
vn 8.6387014 -91.892281 38.486122
vn 30.562166 -54.075039 78.369911
vn 3.1575222 -91.498878 40.22419
vn 7.094933 -56.776707 82.012619
vn 7.8763671 -15.750032 98.437286
vn 3.1470187 -57.424034 81.808174
vn 1.5724521 -91.2397 40.900398
vn 0.001093767 -99.102226 13.369754
vn 1.5731357 -57.444771 81.839012
vn 3.9222534 -18.081163 98.273529
vn 10.261444 -1.5758475 99.459641
vn 0.0067650974 -91.249077 40.90971
vn -3.8812868e-05 -99.103256 13.362077
vn 5.4972496 -3.1475685 99.799171
vn 1.5717036 -19.610619 98.045677
vn 0.0015317462 -58.345558 81.214508
vn 1.4228135e-05 -91.250694 40.906136
vn 0.78561407 -20.52293 97.868233
vn -0.00041361491 -58.350426 81.211006
vn -0.010279465 -91.248451 40.911125
vn -0.78255254 -99.845512 5.501071
vn -0.0010540243 -99.102226 13.369714
vn -0.0027630012 -58.344578 81.21521
vn -1.5692482 -91.239632 40.900688
vn -1.5663519 -99.189461 12.609411
vn -1.572648 -99.836166 5.5015016
vn -3.1591225 -91.517944 40.180637
vn -1.5764937 -99.975143 1.5764329
vn -3.9529324 -99.219528 11.826254
vn -4.7266603 -99.776337 4.7266207
vn -5.4972477 -99.836365 1.5750356
vn 99.722137 -2.3564126 -7.0668125
vn 99.726028 -3.9307957 -6.2662001
vn 99.125496 -3.944284 -12.592885
vn 99.23645 -5.5159259 -11.03176
vn 68.80304 -25.309252 -68.011642
vn 70.30336 -15.003211 -69.515038
vn 95.1287 -10.222265 -29.086674
vn 29.914984 -18.099207 -93.688377
vn 99.176605 -8.649291 -9.4441414
vn 93.741051 -21.26873 -27.572765
vn 27.487391 -28.277529 -91.895729
vn 9.4477911 -19.673048 -97.589508
vn 63.706707 -45.614902 -62.13483
vn 99.697701 -5.4962225 -5.4916458
vn 97.617828 -20.483944 -7.1531558
vn 99.543205 -8.6911707 -3.9514601
vn 77.099152 -56.643436 -29.10743
vn 97.660828 -21.271143 -3.1469603
vn 81.380173 -57.677795 -7.1090274
vn 38.484638 -91.892784 -8.6398773
vn 81.80584 -57.427586 -3.1426125
vn 34.671844 -87.460915 -33.888813
vn 29.129749 -60.62067 -74.004005
vn 10.235254 -98.946831 -10.2355
vn 7.8606291 -29.86928 -95.110657
vn 8.665864 -92.168587 -37.813381
vn 7.0887156 -62.216068 -77.967384
vn 4.7274833 -20.499544 -97.762054
vn 5.5071316 -17.307922 -98.336708
vn 3.156456 -31.606272 -94.82132
vn 2.3597782 -21.272945 -97.682617
vn 3.1444843 -18.088415 -98.300163
vn 1.574049 -32.329288 -94.616806
vn 3.1576459 -62.342113 -78.12484
vn 0.77820987 -62.366879 -78.165009
vn 3.1477795 -91.903404 -39.291935
vn 1.5829656 -91.531494 -40.24276
vn 0.00097349111 -62.85128 -77.779922
vn 3.9565291 -99.218987 -11.829516
vn 1.573696 -99.190964 -12.596667
vn -0.00037434802 -91.543282 -40.247093
vn 0.00091161346 -99.102226 -13.369647
vn 1.5706083 -99.835953 -5.5058351
vn -0.00010274234 -91.545708 -40.241554
vn 4.7095914 -99.777962 -4.7094402
vn 11.816273 -99.221146 -3.9421928
vn 5.5016789 -99.836151 -1.5729259
vn 40.225815 -91.49826 -3.1548145
vn 12.596728 -99.190956 -1.5737761
vn 40.899437 -91.240112 -1.5737802
vn 81.843384 -57.45467 -0.78958064
vn 13.369714 -99.102226 -0.0011536923
vn 12.669847 79.836388 -58.869572
vn 19.605114 77.353806 -60.266323
vn 16.234764 95.816498 -23.571859
vn 10.304876 46.317268 -88.025681
vn 20.545494 76.651604 -60.847462
vn 18.182093 45.21217 -87.3228
vn 19.65654 94.334755 -26.731522
vn 20.414789 97.360474 -10.206608
vn 12.487075 77.862625 -61.493771
vn -1.9490653 47.129417 -88.176071
vn 13.640198 94.991028 -28.118479
vn 14.732449 98.081924 -12.762843
vn 17.49192 98.187714 -7.2941732
vn 0.26960137 79.251434 -60.984718
vn -11.623965 44.647713 -88.721275
vn 2.2299242 95.514488 -29.529837
vn 3.6462958 98.666458 -15.862985
vn 7.009284 99.20192 -10.480905
vn -8.4259033 76.984543 -63.264416
vn -4.4137111 94.768745 -31.613335
vn -2.6035161 98.316452 -18.085846
vn 10.533734 99.427238 1.8073698
vn 18.942364 98.187065 0.69721591
vn 12.353967 98.947144 7.5393252
vn -1.4131151 99.234169 -12.2713
vn -0.061311398 99.983345 -1.8243506
vn 6.2560596 99.771156 2.564687
vn 16.35218 98.581345 3.784795
vn 15.425128 98.792534 -1.449162
vn -6.374619 99.665543 -5.1132693
vn 2.4423397 99.651047 -7.9816289
vn -11.962429 99.278946 -0.76849169
vn -10.737166 98.940605 -9.7709074
vn -11.485107 98.560493 -12.406596
vn -8.3117027 98.920914 -12.065112
vn -5.9079647 99.392242 -9.2885942
vn -15.925092 98.057983 -11.44662
vn -16.435471 98.587837 -3.2116508
vn -4.1609468 99.649513 -7.2568817
vn -3.8406692 99.758034 -5.7951441
vn -16.210825 98.111694 -10.550129
vn -13.173553 98.775688 -8.3559532
vn -9.3453522 98.814987 -12.17633
vn -48.99155 86.267914 -12.556912
vn -53.225624 83.870384 -11.523575
vn -19.568447 97.568916 -9.8682518
vn -57.724125 80.657059 -12.742223
vn -21.296209 97.153786 -10.373717
vn -13.938334 98.363205 -11.419443
vn -14.735974 98.696442 -6.4701996
vn -17.249699 98.326187 -5.8659172
vn -16.80624 98.016266 -10.505346
vn -24.387562 86.40274 -44.04332
vn -4.9342899 94.955307 -30.970039
vn -16.693514 80.290443 -57.225613
vn -18.59343 47.946716 -85.763611
vn -9.3885632 76.390114 -63.846737
vn -13.377698 43.690819 -88.950264
vn -13.060369 28.330284 -95.009583
vn -72.697708 48.13427 -48.970764
vn -55.202206 75.831749 -34.673653
vn -43.90295 52.579914 -72.855209
vn -49.762405 34.163303 -79.728119
vn -88.201218 43.619232 -17.829943
vn -31.980288 84.855263 -42.152672
vn -79.001961 30.851685 -52.979836
vn -94.690079 25.734793 -19.274542
vn -27.639309 35.320599 -89.378548
vn -97.17424 23.431131 -2.8547759
vn -26.652309 53.918591 -79.890182
vn -88.901253 45.351868 -6.3066392
vn -98.027405 19.645813 -2.1611428
vn -88.678345 45.524467 -7.9796553
vn -98.842468 15.028612 2.0750849
vn -98.330956 18.094387 -1.9013855
vn -98.92746 14.041152 4.0254831
vn -99.09288 13.305512 -1.887578
vn -95.591759 21.385225 -20.121851
vn -96.439919 14.18948 -22.315939
vn -79.291855 25.250628 -55.454556
vn -79.603294 17.202766 -58.029133
vn -50.642628 17.990128 -84.33078
vn -50.952358 27.762915 -81.443703
vn -30.219868 17.414898 -93.720222
vn -28.667715 28.164806 -91.569122
vn -17.501032 21.479763 -96.085037
vn -15.684968 28.80752 -94.467514
vn -12.676017 25.954929 -95.737457
vn -16.788683 32.137844 -93.194954
vn -12.466801 28.425293 -95.060928
vn -11.946495 26.901907 -95.56971
vn -12.621739 28.23872 -95.096092
vn -11.257289 24.667118 -96.25386
vn -11.411793 17.298285 -97.829132
vn -3.5810478 21.87475 -97.512413
vn -3.6727834 25.714848 -96.567368
vn -3.6945755 28.5602 -95.763588
vn 7.3798223 25.956959 -96.290054
vn 7.5090132 20.22509 -97.645073
vn 7.6425629 30.659994 -94.876534
vn 16.532234 25.046772 -95.390488
vn 16.214886 19.442028 -96.742363
vn 21.238449 23.956551 -94.736542
vn 16.346115 29.835283 -94.035416
vn 20.715586 27.674623 -93.834854
vn 22.592716 26.012777 -93.877075
vn 18.898773 43.752918 -87.912003
vn 20.74991 44.240299 -87.248131
vn 4.0442729 12.870723 99.085762
vn 3.8360119 16.417126 98.568573
vn 0.10348096 14.108221 98.999741
vn 6.7607641 16.058619 98.470375
vn -2.3639958 15.333521 98.789146
vn -2.5458717 10.196225 99.446243
vn 7.23418 20.28912 97.652527
vn 10.549522 19.830305 97.444679
vn 0.49845475 18.209351 98.326859
vn 4.007267 21.937599 97.481705
vn 10.293087 26.321728 95.922981
vn 15.01889 24.60947 95.753883
vn 7.5428233 27.333925 95.895569
vn 15.260736 43.54858 88.716576
vn 31.97504 40.039577 85.874504
vn 10.951318 45.064899 88.595833
vn 30.857246 71.779816 62.413841
vn 53.800667 64.920097 53.766811
vn 16.058592 74.014267 65.29937
vn 33.20512 87.948502 34.095131
vn 63.497631 70.4702 31.654446
vn 18.14706 90.939247 37.426407
vn 11.235478 73.68959 66.66037
vn 36.623596 90.841019 20.164873
vn 67.122635 71.920601 17.943741
vn 39.395885 90.598587 15.487451
vn 21.484919 94.860466 23.235508
vn 23.8319 95.597328 17.122837
vn 24.111303 96.170761 13.031902
vn 11.2011 98.697235 11.54945
vn 7.5008683 99.584145 5.1705217
vn 15.287124 97.385925 16.801342
vn 2.8824406 99.900398 3.4062467
vn 4.692246 99.873337 -1.8160913
vn 9.4422684 99.436066 4.8282194
vn 6.5979877 99.578568 6.369719
vn 8.598731 99.602287 2.3335614
vn 8.6562271 99.562363 3.5221632
vn 16.662724 98.514 4.1650033
vn 11.161175 98.406853 13.839032
vn 14.251582 95.351196 26.552599
vn 12.916307 90.37162 40.818371
vn 11.588212 95.321617 27.919607
vn 10.123302 89.439659 43.56678
vn 9.1350279 98.796997 12.478159
vn 7.8037128 95.443398 28.803816
vn 9.3848009 99.282234 7.4135628
vn 4.3294263 98.990799 13.493675
vn 6.4938278 89.373497 44.387016
vn 10.840524 97.994339 16.721012
vn 9.6234512 73.501793 67.118378
vn 8.0762444 46.303398 88.265343
vn 3.8281724 29.496384 95.474113
vn 4.369628 48.268257 87.470467
vn 5.7496104 75.134506 65.73999
vn -0.22970255 23.357185 97.233681
vn -0.43439242 30.926672 95.09655
vn 0.4920058 49.580624 86.841927
vn -2.582135 19.641418 98.018105
vn -3.2127607 24.941813 96.78627
vn -3.5071335 32.294224 94.576866
vn 2.4253712 75.438286 65.598633
vn 2.9426374 89.378403 44.75312
vn 3.7766185 94.980705 31.054842
vn 1.4232429 90.662231 42.170311
vn 0.669038 95.634026 29.217901
vn 1.799931 98.130898 19.15951
vn -0.66362154 92.508095 37.971184
vn 0.13805035 77.299271 63.441326
vn -2.16064 51.613285 85.623604
vn -0.6409384 78.506081 61.938549
vn -3.6478295 53.561481 84.367432
vn -1.2983844 82.873802 55.948616
vn -2.58675 96.488602 26.139212
vn -1.6880732 95.667656 29.066309
vn -4.33289 34.794407 93.651344
vn -3.6169529 57.73016 81.572952
vn -4.4251246 27.359083 96.082764
vn -5.0296721 37.843712 92.425949
vn -1.2781277 85.432709 51.95787
vn -5.3575363 59.336132 80.315125
vn -3.8159721 20.727722 97.753784
vn -3.6799631 29.264608 95.551231
vn -3.7508595 16.138451 98.617851
vn -3.1223691 22.558523 97.372307
vn -7.3708944 40.686039 91.051163
vn -5.752944 32.253471 94.480766
vn -4.5545344 10.654236 99.326447
vn -4.7031856 4.3568478 99.794273
vn -2.596463 16.930674 98.522133
vn -6.9312663 3.3784287 99.702263
vn -4.3712935 24.691401 96.805092
vn -8.3305979 -1.0522481 99.646851
vn -3.5219274 10.433018 99.391899
vn -4.9019513 16.359289 98.53093
vn -7.8952856 6.9177065 99.447525
vn -16.399618 -1.2948481 98.637604
vn -16.997698 -4.9429569 98.420753
vn -40.905235 -5.1261315 91.106987
vn -13.253999 0.18100403 99.117599
vn -39.475925 -2.4363952 91.846146
vn -76.641937 -5.2566481 64.018593
vn -74.55928 -4.4968791 66.488281
vn -95.120583 -5.5414653 30.354013
vn -93.527596 -6.7076206 34.750492
vn -33.471767 -2.4326448 94.200447
vn -69.281799 -4.7657366 71.953598
vn -29.540861 2.7516851 95.497467
vn -68.016281 -1.6124616 73.288383
vn -90.759125 -5.9205809 41.565971
vn -97.369644 -10.226623 20.360939
vn -25.562876 12.765401 95.831017
vn -64.480301 3.7543731 76.342628
vn -89.588181 -5.7224116 44.059162
vn -96.518883 -9.3051291 24.444241
vn -98.273438 -13.247065 12.916969
vn -98.700836 -10.381443 12.262568
vn -96.381035 -6.0388694 25.965906
vn -99.071518 -11.978723 6.4299474
vn -89.113113 -3.7119405 45.222519
vn -99.420006 -2.2624774 10.513884
vn -62.85355 15.996068 76.115417
vn -97.6567 -3.2376597 21.276396
vn -89.738815 7.7259865 43.442551
vn -24.006489 23.368076 94.221146
vn -60.503555 33.079067 72.423027
vn -23.56945 34.610748 90.810677
vn -23.699492 44.41066 86.406174
vn -56.890846 48.108009 66.701218
vn -87.559418 27.887558 39.441494
vn -98.302116 4.7314925 17.728748
vn -81.693893 46.602165 33.975647
vn -49.631058 63.105743 59.618992
vn -19.594856 59.427319 78.002792
vn -95.319054 25.984808 15.461801
vn -70.085052 64.553062 30.347786
vn -12.319624 85.176598 50.923237
vn -33.141567 82.865593 45.110199
vn -88.504684 44.171413 14.690346
vn -39.293449 88.61879 24.550678
vn -0.6999355 97.694603 21.337151
vn -8.2642784 97.506866 20.594
vn -4.4840345 97.415283 22.139439
vn -2.2466323 98.212379 18.689047
vn -1.7557461 97.108253 23.809805
vn -4.671586 95.987221 27.651953
vn 4.5805912 96.734207 24.93012
vn 18.246183 97.80632 10.049829
vn 6.8039975 99.123726 11.322232
vn 1.9421842 96.102791 27.576836
vn -5.9815383 95.231522 29.919558
vn -2.5094936 99.722435 7.0097589
vn -1.6475817 96.432083 26.422338
vn -11.100498 97.86158 17.31732
vn -19.209251 94.304703 27.159317
vn -44.851166 87.919418 16.079458
vn -76.010628 63.022842 15.827377
vn -79.127762 60.497318 8.8809328
vn -91.507347 40.223007 2.9182544
vn -50.745911 83.94281 19.453913
vn -18.376612 95.576042 22.967848
vn -96.9533 24.495327 -0.18993375
vn -5.203711 99.813728 3.1847131
vn -99.666626 8.0598717 1.2653124
vn -99.834564 0.85231292 5.6863227
vn -99.480164 10.051525 -1.6324679
vn -99.967216 1.9019834 1.7136736
vn -99.550896 -8.4544115 4.2591872
vn -99.897987 -4.4293966 0.87903148
vn -98.567558 16.004084 -5.3203001
vn -99.881317 4.8700919 -0.068106808
vn -99.262451 12.12286 0.024160994
vn -96.299644 26.386562 -5.4888606
vn -98.472092 17.408237 0.45093024
vn -99.269272 11.638029 -3.1889231
vn -91.658058 39.862625 -3.1258852
vn -96.261993 27.034861 1.6572676
vn -99.261185 11.915822 -2.287328
vn -99.052574 13.361404 3.1717558
vn -93.004211 36.604111 3.2182775
vn -79.214935 60.880981 4.3010774
vn -50.635868 84.970535 14.697556
vn -81.699364 57.524944 4.0118971
vn -18.61912 98.228088 2.1377828
vn -53.149342 84.657875 2.8619845
vn -97.486099 20.509695 8.707037
vn -90.246651 42.470955 7.1944404
vn -33.059589 93.913406 -9.3454409
vn -13.424462 98.442337 -11.352996
vn -66.341476 74.823296 -0.53216624
vn -35.417774 93.388809 -4.9103746
vn -94.91687 31.400269 -2.1932938
vn -71.048828 70.350113 -1.7102985
vn -99.455688 9.3360624 -4.6263733
vn -92.158127 38.192635 -6.9429212
vn -49.468361 86.77314 -4.8273649
vn -99.705292 3.9800477 -6.558547
vn -99.287537 9.695797 -6.9265895
vn -99.360695 9.3226604 -6.3671746
vn -99.70462 6.3097987 -4.3787327
vn -99.284714 11.926742 -0.54587215
vn -99.031128 13.039524 -4.7755361
vn -99.85305 5.0282617 -2.0209744
vn -99.530579 8.889945 -3.8254297
vn -99.042809 13.802581 0.10104697
vn -99.975891 -1.965397 -0.97974938
vn -99.64093 8.2945948 -1.6978459
vn -99.38443 10.866796 2.1561437
vn -99.942566 1.1791131 -3.1769631
vn -99.911469 4.1360407 0.77014762
vn -99.944641 -0.064886943 -3.3263359
vn -99.500534 9.6550722 -2.5341053
vn -99.749809 -4.6312704 -5.3410454
vn -99.821091 -5.6533437 -1.946751
vn -99.597466 -7.5884709 -4.7707443
vn -99.737938 -7.1992168 0.71908998
vn -99.697586 -7.6023278 -1.6114368
vn -99.504478 -8.738945 -4.7425351
vn -99.48806 -9.7168255 2.7764273
vn -99.677811 -7.9384155 1.1478133
vn -99.519058 -8.8125467 4.2774982
vn -99.200821 -10.044058 7.6364174
vn -99.493668 -8.9927769 4.4878235
vn -99.532555 -9.5274668 -1.5801752
vn -99.394524 -10.255336 -3.9442186
vn -99.459389 -10.263956 -1.5750997
vn -99.53215 -9.5338144 1.5671768
vn -99.376282 -11.039206 1.5786395
vn -99.467293 -10.277736 -0.79053569
vn -99.277016 -11.039783 4.7115097
vn -99.459648 -10.260985 1.5777938
vn 55.209785 82.814789 -9.6742067
vn 14.975368 98.365753 -9.9958391
vn 21.828524 97.198944 -8.7109089
vn 8.5633163 99.588341 -2.9719095
vn 27.773417 96.055656 -1.3952047
vn 24.993469 96.761604 -3.538239
vn 38.769318 92.12207 3.2350364
vn 73.06636 68.170891 3.7464473
vn 72.975716 67.891685 8.0787516
vn 93.488571 35.184109 4.6868081
vn 8.2060337 99.61322 -3.1413651
vn 10.74835 98.969421 -9.4618673
vn 6.8912916 99.125755 -11.251486
vn 14.193903 97.44545 -17.40448
vn 9.3738947 99.556931 -0.74068683
vn 6.3657455 97.885147 -19.441589
vn 21.919434 79.920357 -55.966728
vn 12.292583 98.720215 -10.159266
vn 14.609056 98.186981 -12.078602
vn 17.777296 98.19355 -6.4805984
vn 16.711222 98.593422 -0.27034867
vn 14.873735 98.719589 5.7632399
vn 14.509334 98.921593 1.9996885
vn 6.0664554 99.770615 -3.0037251
vn 3.6404059 99.884705 -3.1290867
vn 16.00754 98.710373 0.14425822
vn 45.551369 88.578125 8.8877115
vn 24.613657 96.68428 6.805759
vn 71.086281 69.762459 8.9409618
vn 42.647621 89.676323 11.804117
vn 93.18251 35.842182 5.6883831
vn 98.857857 14.848482 2.5777547
vn 98.83654 14.615606 4.2097282
vn 69.21846 70.919762 13.386196
vn 92.463898 36.543308 10.724483
vn 98.51577 15.269543 7.8412337
vn 99.648499 7.6677165 3.3738103
vn 99.386055 8.2380905 7.3855252
vn 91.472542 37.734249 14.453321
vn 97.904297 15.400051 13.326213
vn 98.70874 7.3343687 14.240492
vn 87.661171 36.398788 31.474579
vn 93.508163 14.559017 32.315014
vn 93.789505 7.0541019 33.967163
vn 98.811676 0.65628326 15.356508
vn 93.679222 2.2539544 34.915936
vn 70.996887 11.749928 69.436172
vn 71.342102 6.6118951 69.760933
vn 70.249809 17.143269 69.072968
vn 66.745293 36.541115 64.883057
vn 33.787094 20.902765 91.768768
vn 35.429985 15.403063 92.235909
vn 16.128222 17.838715 97.065247
vn 36.229805 11.159611 92.535744
vn 37.263573 8.1395512 92.440102
vn 17.208607 13.917115 97.520149
vn 17.593096 10.612857 97.866486
vn 17.803888 6.2841301 98.201485
vn 10.871404 6.9429073 99.164558
vn 10.978848 1.7184371 99.380646
vn 10.710903 11.437962 98.764626
vn 10.250765 14.659081 98.387154
vn 6.9679508 1.8242881 99.740257
vn 6.9420056 -2.5496311 99.726151
vn 3.774101 -2.4537792 99.898621
vn 7.0991063 8.0569878 99.421776
vn 3.7787108 1.9348592 99.909859
vn 0.51805049 -2.2914131 99.972397
vn 6.9946198 12.715912 98.941299
vn 3.9574075 8.1233606 99.590912
vn 0.54745811 2.8862371 99.956848
vn -2.5273924 -1.3354069 99.959145
vn -2.4309623 -4.5393023 99.867325
vn -5.171349 -3.9290426 99.788872
vn -4.4996715 -1.0374624 99.893326
vn -8.3675041 -4.189992 99.56118
vn -3.0029564 3.8551717 99.880524
vn 0.045166306 9.1111765 99.584068
vn 53.438622 82.051605 -20.294079
vn 47.462048 74.22728 -47.303967
vn 31.630987 42.593887 -84.765808
vn 65.772469 41.235195 -63.036819
vn 37.704865 24.17025 -89.409966
vn 71.644226 20.326096 -66.737938
vn 41.182312 18.799253 -89.166168
vn 73.293373 15.852272 -66.157288
vn 44.330051 14.038649 -88.531151
vn 75.077309 11.366467 -65.07074
vn 24.923695 21.749571 -94.370361
vn 27.497049 16.379662 -94.739738
vn 21.591047 18.532331 -95.866455
vn 21.804832 9.2812033 -97.151482
vn 28.828323 8.4730558 -95.378891
vn 20.948395 -2.5330715 -97.748398
vn 45.716965 6.7658668 -88.680229
vn 27.959904 -2.7064893 -95.973534
vn 19.208284 -12.545356 -97.332718
vn 75.453941 5.4140873 -65.401756
vn 94.244415 4.6107421 -33.11692
vn 45.312492 -2.066514 -89.120743
vn 26.237982 -11.721628 -95.781906
vn 17.743509 -17.315495 -96.877975
vn 74.91288 -1.1828018 -66.23188
vn 94.233971 -0.41769785 -33.463173
vn 98.821983 0.23041703 -15.302439
vn 24.813608 -15.855715 -95.566109
vn 16.461893 -19.569422 -96.674942
vn 44.043041 -10.127081 -89.205688
vn 22.701893 -18.014841 -95.708359
vn 14.150294 -21.225391 -96.691528
vn 42.688446 -14.431971 -89.271576
vn 74.312073 -8.3030891 -66.398613
vn 93.729355 -5.7631435 -34.37434
vn 98.625359 -3.4521499 -16.159271
vn 73.466805 -11.341069 -66.888039
vn 93.379196 -7.8266282 -34.915146
vn 98.383423 -5.9584394 -16.887857
vn 40.912121 -15.845751 -89.861618
vn 72.426826 -12.793472 -67.754585
vn 93.050636 -8.8594141 -35.539978
vn 98.39122 -6.5137148 -16.63541
vn 71.554573 -14.156475 -68.40715
vn 39.283405 -17.278839 -90.323067
vn 21.216364 -18.860905 -95.886032
vn 1.584029 -15.804399 -98.730492
vn 1.5768573 -12.596517 -99.190933
vn 3.938035 -12.585423 -99.126678
vn 3.9372542 -15.784107 -98.667931
vn 4.7012591 -7.0701022 -99.638908
vn 0.0012853241 -16.55994 -98.619324
vn 7.8898916 -7.0981493 -99.435234
vn 2.3535979 -7.0694356 -99.722031
vn 7.8538046 -11.790919 -98.991371
vn 0.78128314 -18.855156 -98.203209
vn 14.976917 -7.1181102 -98.61554
vn 0.0027042581 -18.866245 -98.204216
vn 7.0982151 -14.991835 -98.614708
vn 14.160675 -11.79154 -98.287506
vn 13.427989 -15.004416 -97.951805
vn 33.931084 -13.409779 -93.106705
vn 35.300938 -6.275579 -93.35128
vn 11.842992 -16.580212 -97.902206
vn 32.150089 -15.678946 -93.38385
vn 34.724674 -11.047165 -93.12442
vn 70.550781 -12.586298 -69.743629
vn 70.671326 -10.99787 -69.889984
vn 71.021484 -4.7362776 -70.238998
vn 70.839432 -8.6551065 -70.049019
vn 94.201881 -6.2886767 -32.961479
vn 93.942162 -4.7370892 -33.947487
vn 94.021896 -2.3699331 -33.974472
vn 94.570923 -7.8753228 -31.532814
vn 99.052597 -3.1403272 -13.368743
vn 98.991356 -0.78901124 -14.145324
vn 99.688057 -0.78279251 -7.8534603
vn -5.5036011 -99.845337 0.78667241
vn -11.826243 -99.219528 3.9529557
vn -12.60087 -99.190475 1.5712224
vn -10.235507 -98.9468 10.235517
vn -8.6371145 -91.892845 38.485149
vn -37.136414 -92.441315 8.6887083
vn -38.610916 -92.191444 3.1519754
vn -33.885818 -87.462227 34.671459
vn -29.908148 -55.090714 77.913506
vn -7.0976772 -56.776951 82.012199
vn -3.141737 -57.423866 81.808487
vn -0.7854917 -57.448177 81.847961
vn -1.5831167 -19.75786 98.015915
vn -0.78769064 -20.52182 97.868446
vn -0.00011567667 -21.276394 97.710358
vn -3.9304316 -18.082569 98.272934
vn -7.8608618 -16.515059 98.313065
vn -2.3710876 -5.4902153 99.821022
vn -5.5047522 -3.9273629 99.771103
vn -0.77870351 -6.2884035 99.799042
vn -3.9288085 -1.5621479 99.910583
vn -1.5731072 -2.3597224 99.95977
vn 0.0068647955 -6.303318 99.801147
vn 0.0028051098 -3.1405547 99.950676
vn -2.3590732 -2.3628218 99.944252
vn 0.78870422 -6.2848892 99.799194
vn 1.5843619 -2.363971 99.959503
vn 0.0039897305 -2.3542323 99.972275
vn 2.3641915 -1.5759269 99.959625
vn 2.3582249 -4.717061 99.86084
vn 3.9315298 -1.5744866 99.910286
vn 7.0671635 0.0011864814 99.749962
vn 5.5006695 -0.77858889 99.845558
vn 9.4802437 0.00065785338 99.549614
vn 13.368249 1.5740252 99.08992
vn 33.967953 3.1625051 94.000938
vn 36.314114 2.3848927 93.142891
vn 15.807157 1.5719491 98.730255
vn 37.676517 0.78686512 92.627541
vn 71.882996 1.5767157 69.500702
vn 72.243515 -2.3587439 69.103638
vn 18.093493 -0.77823037 98.34642
vn 38.603191 -3.9352603 92.164574
vn 11.0376 -1.5696762 99.376602
vn 18.832359 -4.722465 98.097092
vn -77.46698 -63.236588 0.0018567039
vn -77.768623 -62.845688 -1.5686204
vn -39.290085 -91.944618 -1.5732181
vn -39.277302 -91.909622 -3.1489131
vn -94.382896 -33.034138 -0.78339934
vn -94.382256 -33.035847 0.78984588
vn -97.70871 -21.268957 0.79979169
vn -77.745026 -62.816387 -3.1326232
vn -37.136471 -92.441223 -8.6891661
vn -94.618454 -32.324169 -1.5799562
vn -97.706535 -21.279652 -0.78013873
vn -98.45871 -17.329176 2.3629425
vn -98.633835 -15.778435 4.7336082
vn -97.683647 -21.267942 -2.3620567
vn -94.873398 -31.363344 -3.9217184
vn -77.965576 -62.218903 -7.083703
vn -97.76223 -20.497911 -4.7310567
vn -98.346512 -18.092274 -0.79520702
vn -73.290192 -61.468975 -29.156654
vn -33.135296 -88.341461 -33.133644
vn -95.110718 -29.869745 -7.8581657
vn -61.400913 -49.597202 -61.4007
vn -28.433365 -61.608391 -73.45713
vn -91.349648 -29.924454 -27.563879
vn -97.514435 -19.656866 -10.224537
vn -27.496937 -30.639606 -91.132507
vn -7.8996224 -30.815504 -94.805069
vn -9.4373713 -20.431255 -97.434601
vn -29.233133 -21.328981 -93.222847
vn -67.094162 -31.571156 -67.094223
vn -68.574455 -22.068394 -69.357986
vn -93.159584 -20.524548 -30.000584
vn -92.898071 -18.108864 -32.280304
vn -97.67717 -17.329168 -12.60443
vn -97.613106 -15.747565 -14.956503
vn -98.239426 -17.293226 -7.0681963
vn -98.373665 -15.738464 -8.6556797
vn -98.643707 -13.406456 -9.4703541
vn -98.301384 -18.079237 -3.1587048
vn -98.667236 -15.786789 -3.9439361
vn -98.74118 -15.796399 -0.80802548
vn -98.992332 -13.348022 -4.7272344
vn -99.433777 -9.49786 -4.7662201
vn -99.099007 -13.370429 -0.78639364
vn -98.814575 -15.022139 3.1644044
vn -99.126778 -12.586743 3.9311895
vn -99.549797 -9.4783049 -0.01014078
vn -99.437767 -9.4667921 4.7443933
vn -98.836014 -13.445538 7.1176248
vn -98.856483 -11.772602 9.4234085
vn -99.098068 -8.6582918 10.2278
vn -99.273865 -6.2969451 10.24923
vn -98.679802 -11.841202 11.049072
vn -98.670952 -14.205129 7.8903275
vn -98.535049 -9.4598494 14.190008
vn -98.568604 -10.237352 13.395047
vn -98.11869 -8.6338692 17.267881
vn -97.086212 -7.0994802 22.888123
vn -97.568069 -7.8691492 20.458466
vn -98.492599 -8.6760254 14.964436
vn 97.532753 -22.019833 -1.5779176
vn 81.213799 -58.346535 -0.00061025441
vn 41.556694 -90.956253 -0.010217576
vn 97.372269 -22.77371 0.0014207874
vn 81.215187 -58.344589 0.00035100989
vn 97.543976 -22.026638 0.00045427887
vn 41.529816 -90.968536 -0.0027614213
vn 97.54055 -22.02771 0.78727496
vn 81.212738 -58.348011 -0.00061002129
vn 40.906582 -91.250496 0.00072756113
vn 97.859154 -20.520582 1.5791975
vn 81.848015 -57.448124 0.78427291
vn 99.701294 -7.0579534 3.1362698
vn 98.130798 -18.839329 3.9272995
vn 99.737549 -4.7115364 5.497396
vn 98.182144 -17.279459 7.8541508
vn 99.42247 -3.1565199 10.257151
vn 99.679291 -1.5563079 7.8495941
vn 99.102112 -0.000310845 13.37048
vn 99.678444 -7.8573446 1.5711221
vn 99.838928 -3.1412046 4.7242646
vn 99.618721 -8.6879644 0.79235661
vn 99.838837 -4.7223067 3.1478775
vn 99.549347 -9.482933 0.0034250701
vn 99.836853 -5.4918485 1.5626553
vn 99.53772 -9.4733868 -1.5807352
vn 99.847801 -5.5151072 -0.0081181498
vn 99.820259 -5.51407 -2.3474569
vn 99.89489 -3.9320698 -2.3554118
vn 99.922531 -3.9353518 -0.01786265
vn 99.922577 -3.147603 2.3602402
vn 99.860809 -2.360971 4.716217
vn 99.922874 -2.3498178 -3.1460924
vn 99.971985 -2.3667834 -0.0027264222
vn 99.944206 -2.3610227 2.362592
vn 99.8358 -1.5750875 5.5075288
vn 99.919678 -0.79217058 -3.9283552
vn 99.987518 -1.5793513 0.0048740781
vn 99.938042 -1.5755502 3.1474638
vn 99.799103 -0.7859059 6.2866383
vn 99.546165 -0.79027206 9.4833899
vn 99.996872 0.00071637257 -0.79057354
vn 99.947334 -0.78734654 3.1479654
vn 99.747208 -0.78878289 7.0621758
vn 99.468872 -0.78849936 10.262694
vn 99.919487 0.78241897 -3.935112
vn 99.972061 -0.0012507653 2.3636737
vn 99.536819 -1.5819862 9.4825306
vn 99.798866 -0.79051101 6.2898412
vn 99.99379 0.79135865 -0.78533071
vn 15.043224 9.7893734 -98.37616
vn 6.9610538 11.109102 -99.13694
vn -2.751987 -0.70570695 -99.959641
vn -3.326318 14.116657 -98.942696
vn -12.265015 2.8438866 -99.204239
vn -12.023383 -9.6507139 -98.804359
vn -16.034332 4.856379 -98.586571
vn -14.588244 17.341848 -97.398361
vn -15.288944 -7.3271399 -98.552322
vn -14.972096 -14.400713 -97.818474
vn -20.203983 11.177952 -97.297737
vn -21.321594 2.5083051 -97.668304
vn -20.16794 -8.5254335 -97.573418
vn -20.678314 -15.471901 -96.607597
vn -20.084984 -15.630399 -96.707207
vn -27.672409 -14.142777 -95.048515
vn -25.26413 -15.057714 -95.577141
vn -30.149567 -10.096901 -94.810638
vn -45.556343 -13.467596 -87.995705
vn -42.577541 -15.769856 -89.098061
vn -76.375893 -14.165339 -62.976696
vn -28.645393 -15.57495 -94.534988
vn -48.149292 -13.414787 -86.612297
vn -77.986397 -11.959428 -61.44178
vn -95.415039 -9.55089 -28.368143
vn -95.262993 -11.022991 -28.345312
vn -98.89315 -7.8994265 -12.559471
vn -95.699417 -10.557755 -27.021395
vn -98.939827 -8.1037111 -12.051585
vn -78.81559 -12.821404 -60.197289
vn -49.214775 -15.879113 -85.59066
vn -79.453659 -16.653851 -58.393177
vn -95.536163 -15.284161 -25.2831
vn -80.693512 -13.22432 -57.564541
vn -51.376743 -11.169417 -85.062759
vn -98.635292 -13.232347 -9.7971153
vn -96.209511 -12.593728 -24.189413
vn -81.58197 1.1510535 -57.819176
vn -51.916718 2.2177854 -85.438492
vn -30.159756 2.6214666 -95.307487
vn -30.019665 9.9710398 -94.865158
vn -50.410164 11.253454 -85.62812
vn -80.521576 11.801051 -58.112045
vn -97.475128 0.3328754 -22.32686
vn -96.959618 11.141015 -21.787861
vn -99.280289 -9.9277353 -6.6979752
vn -99.933807 1.9754118 -3.0544364
vn -99.545898 -7.6347542 -5.6852098
vn -99.860191 -4.8663039 -2.064363
vn -99.432991 -7.1458726 -7.8750558
vn -99.371658 -7.9379044 -7.890728
vn -98.838943 -9.4908428 -11.865401
vn -99.29863 -9.4588184 -7.093039
vn -98.838715 -9.4922628 -11.866145
vn -99.350754 -9.4626789 -6.3155041
vn -98.991302 -7.8601899 -11.787299
vn -99.492531 -7.8569183 -6.2854047
vn -99.499168 -9.4816875 -3.1644232
vn -99.641937 -7.8469338 -3.1481862
vn -99.691498 -4.7152948 -6.2745442
vn -99.860947 -4.7076187 -2.3728456
vn -99.774323 -2.3585477 -6.2865686
vn -99.692001 -7.8423114 0.0055558137
vn -99.944244 -2.3614454 -2.3601668
vn -99.642525 -3.1386268 -7.843327
vn -99.885422 -4.7191324 0.79427683
vn -99.592392 -8.6991158 2.3831062
vn -99.798653 -5.5030432 3.1533866
vn -99.968941 -2.3644609 0.78762621
vn -99.922531 -2.3620925 -3.1474433
vn -99.468208 -5.5351524 -8.6854334
vn -98.548737 -6.3053927 -15.760351
vn -99.968834 -2.3700421 0.78400737
vn -98.106026 -10.189939 -16.473431
vn -92.869202 -11.006196 -35.414345
vn -99.771202 -5.4875107 -3.9487658
vn -99.104652 -9.4415731 -9.440526
vn -92.38784 -14.217044 -35.5298
vn -69.842598 -15.695932 -69.825851
vn -97.831985 -13.412301 -15.780132
vn -69.155792 -18.079664 -69.932831
vn -34.583366 -14.157631 -92.755333
vn -92.555344 -16.614473 -34.021572
vn -33.036919 -17.298347 -92.786476
vn -14.122963 -13.341547 -98.094574
vn -13.413111 -15.782913 -97.831421
vn -69.212738 -20.444332 -69.221565
vn -31.524113 -18.914337 -92.997192
vn -11.838835 -18.120201 -97.629402
vn -7.0854702 -15.763916 -98.495155
vn -5.5027714 -18.072145 -98.199379
vn -3.9417241 -15.791 -98.666656
vn -3.14187 -18.846735 -98.157677
vn -4.7179599 -21.250519 -97.602036
vn -2.3502498 -22.014425 -97.518417
vn -0.79244292 -18.857252 -98.202744
vn -0.78664011 -22.025347 -97.5411
vn -3.161345 -31.602991 -94.822235
vn -1.5724533 -32.331841 -94.615959
vn 0.00014574554 -22.027159 -97.543869
vn -0.78809422 -33.034851 -94.382614
vn 0.78565216 -22.027401 -97.540642
vn 0.0069242073 -33.058556 -94.377602
vn 0.78233725 -33.033165 -94.38324
vn -3.4150435e-05 -62.85228 -77.779121
vn -0.001802668 -62.851154 -77.780022
vn -0.0020752894 -91.542656 -40.248482
vn -0.00094906427 -99.102226 -13.369692
vn -1.5774515 -91.531693 -40.242516
vn -0.7871573 -62.848686 -77.778038
vn -1.5737679 -99.190956 -12.596682
vn -3.1451602 -91.90715 -39.283363
vn -3.1482496 -62.348942 -78.119774
vn -3.9529276 -99.219521 -11.826241
vn -8.6624098 -92.169128 -37.812851
vn -7.0541697 -62.695164 -77.585793
vn -4.7267246 -99.776337 -4.7265315
vn -10.221579 -98.949661 -10.221755
vn -5.5059581 -99.835953 -1.5707767
vn -11.822982 -99.220062 -3.9492784
vn -5.5035934 -99.845329 -0.78664035
vn -13.362225 -99.103241 -0.00011402964
vn -12.596721 -99.190948 -1.5737922
vn -13.36641 -99.102661 -0.0045231902
vn -39.956387 -91.67054 -0.0045413743
vn 99.808838 5.908226 -1.8136071
vn 99.543243 8.5721636 -4.2022662
vn 99.756355 6.3181648 -2.9581475
vn 99.903397 4.3896632 0.20807116
vn 99.875954 4.9652381 -0.37377509
vn 99.956718 2.8676188 0.65632248
vn 99.939682 1.0183176 3.3202436
vn 99.919403 3.1839888 -2.4447188
vn 99.950615 2.6984458 1.6110054
vn 99.869888 -2.0375726 4.6747441
vn 99.690575 6.2812185 -4.7259917
vn 99.972366 -1.8000444 1.5116482
vn 99.858154 2.1005731 -4.8926597
vn 99.627861 -4.0601211 7.6029677
vn 99.951042 -1.8294531 -2.5381098
vn 99.889328 -4.4644375 1.4807884
vn 99.870285 -4.4262719 -2.5164163
vn 99.781952 -4.6320329 4.7016234
vn 99.839104 -5.1349311 -2.4053905
vn 99.892868 -4.3610921 1.5478579
vn 99.794838 -4.3317475 4.7143793
vn 99.711052 -5.1071405 -5.6234951
vn 99.737 -4.3731842 -5.7798996
vn 99.812279 -1.9357127 -5.8104825
vn 99.369583 -5.8116188 -9.5869961
vn 99.383301 -5.1292405 -9.8311739
vn 99.495987 -2.1690526 -9.7899599
vn 99.589706 1.594292 -8.9078102
vn 99.484962 5.1647315 -8.7217846
vn 98.774307 4.0983081 -15.061146
vn 99.381721 7.7936597 -7.9077115
vn 98.820801 7.1346726 -13.547898
vn 94.424652 8.2877979 -31.863728
vn 98.494347 11.220187 -13.151827
vn 99.077835 11.466368 -7.2183084
vn 99.228783 11.220881 -5.2668209
vn 93.929863 11.67222 -32.263596
vn 99.572441 7.9482622 -4.7068682
vn 93.513214 17.219439 -30.963995
vn 97.672379 17.83342 -11.919616
vn 98.112221 18.198925 -6.5416365
vn 86.549721 41.952972 -27.369576
vn 89.562325 43.326385 -10.070438
vn 98.441399 16.502647 -6.0790443
vn 90.309837 42.267933 -7.5864391
vn -2.3702466 -15.794312 -98.716385
vn -1.5662216 -7.0835485 -99.736511
vn -3.9257433 -6.283637 -99.725151
vn 0.0017903745 -16.567215 -98.618088
vn -7.8936787 -6.3152847 -99.487717
vn -4.7088017 -14.125724 -98.885254
vn -0.00070428941 -22.772419 -97.372566
vn 3.145586 -22.015917 -97.495667
vn -3.1438842 -22.01363 -97.496246
vn 3.934521 -25.163649 -96.702171
vn 7.8829117 -23.6042 -96.854019
vn 0.016372859 -25.913748 -96.584038
vn 9.4420786 -23.596142 -96.716438
vn 4.7184358 -25.151176 -96.670334
vn -4.7238803 -24.412792 -96.859169
vn -0.77921629 -25.18631 -96.773155
vn -6.3192391 -19.728495 -97.830742
vn -8.6955328 -12.643383 -98.815651
vn -8.6849432 -22.113279 -97.136894
vn -14.997174 -5.5288224 -98.714325
vn -14.15995 -0.7856161 -98.989288
vn -11.037555 -17.375036 -97.858475
vn -16.57498 -11.84109 -97.90332
vn -36.046577 -1.5672789 -93.264076
vn -36.257782 -6.2919064 -92.982712
vn -35.384087 -1.5644852 -93.517479
vn -37.690041 -11.78256 -91.872925
vn -73.274734 -6.3046432 -67.757385
vn -18.908051 -15.756884 -96.923706
vn -72.623856 -3.1512797 -68.672028
vn -71.851021 -3.1574156 -69.479942
vn -14.212579 -18.96072 -97.151917
vn -70.966492 -6.3081722 -70.170967
vn -35.334103 -4.7224255 -93.430183
vn -94.581657 -3.1513956 -32.31683
vn -94.313927 -3.930243 -33.006622
vn -70.280457 -11.062692 -70.272865
vn -34.755951 -10.266237 -93.202087
vn -93.607796 -6.2958069 -34.611313
vn -98.918594 -3.9287274 -14.130634
vn -99.052979 -3.1444683 -13.3649
vn -99.052017 -5.505465 -12.585155
vn -94.991249 -6.2821569 -30.61367
vn -94.97921 -9.4229584 -29.835508
vn -74.114471 -11.049508 -66.218987
vn -40.068214 -14.92928 -90.397209
vn -95.048584 -10.998361 -29.065479
vn -74.931511 -14.199463 -64.681084
vn -22.06888 -16.540405 -96.121696
vn -17.30772 -18.105457 -96.812378
vn -11.81784 -21.282932 -96.991631
vn -6.3058605 -23.654194 -96.957283
vn -7.918611 -20.007988 -97.657448
vn -14.088796 -17.730944 -97.40184
vn -1.6182241 -21.711521 -97.601189
vn 5.4603767 -22.565659 -97.267548
vn -1.8939821 -18.419268 -98.270767
vn -10.331377 -15.618237 -98.231026
vn 5.2126656 -18.772421 -98.083755
vn 10.935877 -21.043161 -97.14727
vn 11.497346 -18.864094 -97.529259
vn 12.943524 -13.469861 -98.239647
vn 5.710988 -14.032825 -98.845665
vn -2.9481032 -12.764147 -99.138222
vn 6.695713 -2.2602894 -99.749985
vn 13.842948 -2.5924771 -99.003288
vn 3.9358935 0.78426528 -99.919441
vn 3.9289012 0.00092473562 -99.922791
vn 7.0686431 0.0004567907 -99.749855
vn 71.45739 -3.1413376 -69.885422
vn 34.661175 -3.9285522 -93.718567
vn 70.843315 -8.6658993 -70.04377
vn 1.5732812 -1.5731544 -99.975243
vn 1.5742259 0.78532857 -99.984528
vn 7.1075959 -5.5437469 -99.592911
vn 14.125691 -4.705399 -98.885414
vn 1.5746232 0.00014332699 -99.987595
vn 35.441322 -10.24391 -92.946091
vn 14.935583 -11.002787 -98.264275
vn 3.9254909 -6.269258 -99.726067
vn 8.6310301 -12.549882 -98.833229
vn 17.380749 -15.808808 -97.20079
vn 36.182865 -14.940616 -92.019447
vn 10.257469 -18.139212 -97.804665
vn 4.7146444 -14.133822 -98.883804
vn 1.5697321 -7.0685616 -99.737511
vn 6.299849 -20.494606 -97.674377
vn 12.60479 -21.269709 -96.895409
vn 18.947845 -18.957464 -96.341034
vn 2.3768878 -15.7978 -98.71566
vn -0.0032759504 -7.0629888 -99.750244
vn -2.2913446e-05 0.001916817 -100
vn 0.0011754921 0.77935034 -99.996964
vn -1.5744995 -0.00083303667 -99.987595
vn -1.5731251 0.78615886 -99.984528
vn 0.00020117441 -1.5714326 -99.987656
vn -1.5774461 -2.3583665 -99.95974
vn 0.00023907342 -7.846015 -99.691734
vn -1.5734192 -7.8471575 -99.679222
vn -0.00012677046 -12.596875 -99.20343
vn -1.5796195 -12.601445 -99.190277
vn -1.5780506 -16.567528 -98.6054
vn -3.9308283 -12.584183 -99.127129
vn -3.9665482 -7.90417 -99.608192
vn -3.9324918 -2.359637 -99.894783
vn -7.8454466 -12.565921 -98.896637
vn -7.8842902 -7.8807225 -99.376717
vn -3.9339039 0.78785264 -99.919472
vn -7.8452849 -3.1360326 -99.642456
vn -3.9320517 -0.0037744921 -99.922668
vn -7.0760584 0.001551252 -99.749336
vn -14.990059 -8.6641521 -98.489746
vn -14.897527 -3.9168203 -98.806496
vn -7.0615926 -0.79739136 -99.747154
vn -14.144289 -0.78295296 -98.991547
vn -78.985771 -60.818512 7.8965287
vn -78.809387 -61.474621 3.1543727
vn -96.604851 -24.348295 8.6408272
vn -39.295208 -91.942513 1.5686791
vn -96.015274 -27.545679 4.7225165
vn -13.36982 -99.102211 0.0010917624
vn -78.155144 -62.364239 1.573438
vn -39.295635 -91.955719 -0.00048318296
vn -98.496239 -11.818148 12.602548
vn -94.511932 -8.6629057 31.503128
vn -95.382835 -29.941887 2.366215
vn -77.775642 -62.851692 0.78322965
vn -39.300484 -91.953636 0.00012066734
vn -94.856354 -31.61924 1.5796868
vn -98.615143 -14.988173 7.0999036
vn -77.079475 -63.708351 -4.5267116e-05
vn -98.376862 -17.313894 4.713954
vn -97.999916 -19.758539 2.3701291
vn -98.769073 -11.065187 11.05582
vn -98.249023 -8.6466951 16.503477
vn -93.607727 -6.2941785 34.611805
vn -92.760506 -5.5032535 36.948631
vn -71.0849 -2.3700356 70.29451
vn -70.632561 -4.7077618 70.631996
vn -33.989933 0.00088434789 94.046188
vn -71.452873 -3.1324399 69.890442
vn -37.001305 -0.79576284 92.899239
vn -16.563194 0.0028632132 98.618774
vn -71.418037 -4.7073636 69.837692
vn -18.850235 -2.3556902 98.179016
vn -11.045097 -2.3642161 99.360046
vn -38.608406 -3.1543601 92.192413
vn -11.798283 -6.2917643 99.102036
vn -7.1201301 -5.5357533 99.592468
vn -19.731047 -6.3030095 97.831276
vn -39.481354 -7.1070447 91.60083
vn -11.842978 -11.049043 98.679588
vn -7.0894642 -10.235948 99.221794
vn -3.9518516 -9.4724588 99.47187
vn -3.9300277 -5.4965482 99.771446
vn -0.00068406237 -9.4777603 99.549835
vn -19.625063 -11.76928 97.346497
vn -3.160202 -13.36692 99.0522
vn 0.00085032079 -12.593928 99.203796
vn 3.1445186 -13.364161 99.05307
vn 3.1629536 -9.4729137 99.500046
vn 6.2798247 -13.344251 98.906487
vn -6.3178291 -14.224257 98.781342
vn -11.0055 -14.940234 98.26326
vn 5.5091405 -16.550032 98.466965
vn 9.4788256 -17.391689 98.018768
vn 2.3675826 -16.56078 98.590752
vn 8.6756315 -18.930183 97.807877
vn 9.8030432e-05 -16.568529 98.617867
vn 4.7088737 -18.833694 98.097488
vn 15.752671 -18.917528 96.922554
vn 16.55411 -18.128151 96.939835
vn 7.8982315 -18.936699 97.872452
vn 2.3578041 -18.094629 98.321022
vn 4.7108283 -18.839306 98.096321
vn 36.251987 -18.125816 91.417984
vn 37.847939 -14.192997 91.466347
vn 15.014633 -18.182478 97.180023
vn 71.835617 -11.054795 68.683594
vn 72.084877 -7.0345483 68.951324
vn 35.518234 -18.941256 91.540604
vn 71.166435 -14.233866 68.794884
vn 92.983612 -6.3161054 36.25127
vn 93.098427 -3.9457436 36.292068
vn 92.824623 -8.6563034 36.175377
vn 70.618996 -15.674511 69.04541
vn 97.982399 -3.9198849 19.598047
vn 98.045837 -1.5727499 19.609652
vn 99.052971 -3.1433985 13.36515
vn 98.070679 -5.5135412 18.754786
vn 99.025238 -3.9276154 13.36318
vn 99.49955 -3.1598423 9.479023
vn 99.509132 -4.7390885 8.6875477
vn 99.77095 -3.9314551 5.5043678
vn 99.053482 -5.5035281 12.574491
vn 98.102989 -7.0569715 18.055546
vn 99.533363 -5.5345817 7.9043756
vn 99.102654 -6.2898536 11.794159
vn 92.685661 -10.207439 36.127247
vn 99.821213 -2.3495231 -5.4958978
vn 99.537201 -1.5820526 -9.4785929
vn 99.697586 -5.495039 -5.4953847
vn 99.721893 -7.0726094 -2.3502491
vn 99.7742 -6.2883582 -2.3588409
vn 99.54628 -7.1114311 -6.3218451
vn 99.821503 -5.4860249 -2.3605442
vn 99.95974 -2.3610651 -1.5735019
vn 99.836327 -5.4998941 1.5680217
vn 99.799385 -6.2827587 0.77965111
vn 99.691719 -6.2741718 4.7112088
vn 99.79895 -6.2886057 0.78934515
vn 99.832901 -5.5602689 1.5737817
vn 99.69165 -6.2531924 4.7404513
vn 99.48748 -6.3167386 7.8956113
vn 99.735077 -5.542326 4.7113013
vn 99.53244 -5.5513234 7.9042945
vn 99.147537 -5.5124016 11.80588
vn 99.17453 -4.9721875 11.819018
vn 99.55526 -5.0726528 7.9385076
vn 99.128952 -5.4825177 11.974608
vn 99.538849 -5.4056268 7.9243894
vn 99.197922 -5.9700327 11.141457
vn 98.182701 -6.5868802 17.798023
vn 98.298851 -5.4306788 17.545424
vn 93.224022 -5.4135208 35.776722
vn 99.337318 -4.3689871 10.630519
vn 99.781807 -2.1765659 6.2332811
vn 93.654198 -1.8497102 35.006721
vn 71.497978 2.9570184 69.851944
vn 98.610855 -2.7023282 16.388899
vn 99.550453 -1.9038105 9.278039
vn 99.883591 -0.18338437 4.8200235
vn 99.647293 1.8668718 8.1811867
vn 99.899712 2.7461274 3.53633
vn 99.885979 4.6135349 1.2271901
vn 99.634346 8.4379997 1.3400602
vn 99.760193 6.9043188 -0.48362643
vn 98.877678 13.985636 -5.2544327
vn 99.261002 12.127965 0.40701595
vn 91.767815 39.175789 -6.6277699
vn 93.267998 35.741745 -4.8587823
vn 94.764977 31.887043 1.6783153
vn 60.310143 79.310982 -8.5120373
vn 63.901859 76.718971 -5.5454516
vn 66.604271 74.537506 -2.8338964
vn 37.659702 -17.261894 -91.015244
vn 70.696899 -14.927563 -69.131149
vn 70.926559 -12.613162 -69.356567
vn 92.940651 -10.241848 -35.456165
vn 92.868668 -11.019906 -35.411461
vn 98.308311 -7.8813863 -16.533543
vn 93.018272 -9.4569149 -35.470657
vn 98.118301 -8.6344938 -17.269728
vn 99.218185 -7.126164 -10.245518
vn 93.351372 -6.2760096 -35.300606
vn 93.766846 -2.3668365 -34.672417
vn 98.311447 -7.8627162 -16.523829
vn 98.469337 -5.5111289 -16.535309
vn 98.732193 -1.5843079 -15.793781
vn 99.158905 -7.8396759 -10.298101
vn 99.221077 -7.1004472 -10.235187
vn 99.320595 -5.5168309 -10.246074
vn 99.646706 -6.3428912 -5.5046949
vn 99.546402 -7.1187415 -6.3116608
vn 99.815697 -5.5914178 -2.3585677
vn 99.969009 -0.7875613 2.3613646
vn 99.820427 -2.3539968 5.5081906
vn 98.980728 -1.5788428 14.153481
vn 99.1017 -0.0035472079 13.373605
vn 99.624268 -0.78350329 8.6250906
vn 99.738312 -1.5633438 7.0586662
vn 99.204308 0.006623324 12.589952
vn 99.472145 0.0045819571 10.261082
vn 98.206047 -0.00017699909 18.856592
vn 98.345528 0.78871077 18.09794
vn 98.614708 0.78732949 16.568604
vn 93.168152 -0.79138696 36.319004
vn 93.521988 1.5727313 35.371799
vn 93.768707 2.3748598 34.666832
vn 94.359138 2.3599939 33.027
vn 71.846375 3.1589375 69.484673
vn 95.40284 -0.78781372 29.961237
vn 71.456436 3.1413848 69.886391
vn 71.088501 1.5752547 70.313194
vn 30.676218 0.78454345 95.175392
vn 95.095406 -14.148601 27.507875
vn 70.140327 -12.614141 70.151398
vn 28.254805 -13.350575 94.99173
vn 65.450653 -37.848171 65.450203
vn 78.251335 -54.538921 30.037233
vn 38.454239 -9.4225769 91.828568
vn 6.2888079 -2.3546875 99.774277
vn 11.796759 -4.7351351 99.188782
vn 3.1520872 -2.3671303 99.922272
vn 7.06074 -4.706502 99.639328
vn 18.143169 -10.251829 97.804527
vn 10.991862 -9.4207983 98.946594
vn 17.272738 -14.919151 97.360519
vn 7.1016846 -9.4580183 99.29808
vn 10.23015 -14.178753 98.459663
vn 3.9208918 -5.4959259 99.771843
vn -0.00081519713 -3.1497481 99.950386
vn 2.8302748e-05 -5.5029483 99.848465
vn -3.1484463 -3.1453414 99.900917
vn -5.5078382 -1.5682521 99.835884
vn -7.0635343 -2.3639843 99.722198
vn -7.0699387 -0.78548539 99.746666
vn -9.4841051 -0.78807777 99.54612
vn -11.043855 -2.3658552 99.360123
vn -14.139549 0.0021886479 98.995323
vn -28.375641 -15.76408 94.584969
vn -30.675066 -1.5738962 95.165977
vn -63.849628 -41.775387 64.637779
vn -69.248268 -17.31114 70.035728
vn -75.921043 -57.731743 30.050625
vn -93.534676 -21.223852 28.298683
vn 98.103195 -7.0658937 18.050934
vn 92.945518 -10.240094 35.443901
vn 70.700134 -14.924356 69.12854
vn 99.049988 -7.0716734 11.793698
vn 98.102692 -7.0746818 18.050234
vn 92.757439 -9.4354286 36.152866
vn 35.564049 -18.17664 91.677734
vn 99.486343 -6.3230901 7.9047675
vn 99.736542 -5.4920144 4.7390633
vn 99.937973 -3.1507409 1.5726906
vn 99.987572 0.0028511037 -1.5763117
vn 99.885521 0.78711897 -4.7183137
vn 99.888557 0.001617567 -4.7197127
vn 99.688759 0.78470701 -7.844305
vn 99.613693 1.569883 -8.6399508
vn 98.879807 0.78910756 -14.905007
vn 94.042747 0.78307152 -33.990391
vn 98.869705 1.5704534 -14.910284
vn 99.62336 0.78556395 -8.635354
vn 71.490868 -0.78683496 -69.917351
vn 94.021935 2.3701916 -33.97438
vn 98.878769 0.78708512 -14.912107
vn 94.036934 1.5814108 -33.978741
vn 71.480949 1.5732727 -69.914215
vn 35.365963 -1.5723804 -93.5242
vn 14.899858 -2.3523264 -98.855759
vn 34.685101 0.79322952 -93.788666
vn 71.480316 1.5648088 -69.91507
vn 7.8424973 -2.3491299 -99.664314
vn 14.145464 0.75818634 -98.991562
vn 34.688221 0.75117117 -93.787857
vn 3.9332695 -2.359396 -99.89476
vn 7.0660963 0.78608739 -99.746948
vn 14.146582 -0.0051527289 -98.994308
vn -97.80838 -8.6793585 18.925863
vn -96.668297 -7.8569002 24.362062
vn -92.054016 -6.2945857 38.554344
vn -98.728371 -7.1089082 14.218758
vn -97.808189 -8.6737814 18.929474
vn -91.48632 -8.6760082 39.433235
vn -96.718689 -9.4359026 23.589352
vn -98.906662 -6.2859273 13.340214
vn -71.662575 -7.8742986 69.299858
vn -91.277359 -11.021018 39.331684
vn -98.119003 -8.6363926 17.264851
vn -96.909378 -11.028097 22.067026
vn -39.2672 -12.565367 91.105423
vn -71.703896 -12.609235 68.553314
vn -18.87933 -16.524271 96.801437
vn -38.603905 -17.330051 90.605774
vn -91.466637 -14.191566 37.847797
vn -71.576485 -17.299421 67.657501
vn -17.391954 -19.775366 96.469971
vn -10.234235 -18.900261 97.662888
vn -5.5058804 -17.305769 98.337151
vn -37.915844 -21.280067 90.053024
vn -2.3652174 -16.562817 98.590454
vn -0.00045680208 -18.093315 98.349533
vn -2.3609617 -18.85125 98.178696
vn 2.3664002 -18.851858 98.178444
vn 0.0014413847 -18.857023 98.205963
vn -4.7360644 -19.74386 97.917053
vn -1.5703485 -18.852221 98.194336
vn -8.6500931 -20.444256 97.504898
vn -4.7347412 -19.738827 97.918137
vn -16.562696 -21.312527 96.288383
vn -8.6623144 -19.692503 97.658424
vn -1.5703983 -18.095921 98.336517
vn -4.7109919 -18.06959 98.241005
vn 9.9500176e-05 -18.096048 98.349037
vn -2.3553448 -14.139122 98.967346
vn 0.78416151 -14.90967 98.87915
vn 2.3658791 -17.338861 98.456917
vn 2.3575327 -14.138766 98.967354
vn 4.7272201 -17.307831 98.377296
vn 5.4885769 -14.114433 98.846642
vn 8.6455956 -16.506044 98.248688
vn 9.4696712 -13.415344 98.642555
vn 15.711421 -16.492798 97.37114
vn 36.134403 -15.711626 91.910011
vn 15.798572 -12.639353 97.93187
vn 9.4565277 -8.6595163 99.174515
vn 6.3037114 -9.4579334 99.351952
vn 70.857559 -13.380514 69.283234
vn 36.300148 -12.624561 92.319656
vn 16.505283 -8.6463785 98.248741
vn 10.234817 -4.7906313 99.359444
vn 37.134762 -8.6907387 92.441772
vn 71.073456 -11.059785 69.471191
vn 92.822823 -8.6482363 36.181915
vn 17.29414 -4.7999849 98.376175
vn 98.103752 -7.0520043 18.05327
vn 99.101028 -6.293716 11.805738
vn 98.196342 -5.5015135 18.088968
vn 92.986557 -6.3053474 36.245602
vn 71.649323 -7.8667383 69.314423
vn 98.226524 -4.8688889 18.106453
vn 93.060577 -4.8258619 36.282784
vn 37.570198 -4.8472624 92.547195
vn 71.774338 -5.629602 69.402832
vn 98.129471 -5.4703083 18.4576
vn 93.013214 -5.5553265 36.299873
vn 93.166405 -5.9401989 35.843201
vn 71.706917 -4.8810973 69.529083
vn 71.894684 -3.7104874 69.407394
vn 37.702572 -2.9410455 92.573578
vn 37.742615 -0.55134606 92.602333
vn 71.914162 -1.4162821 69.471909
vn 37.5285 3.7861519 92.613586
vn 18.050621 1.2993366 98.348816
vn 18.124098 -2.6548097 98.308029
vn 10.972833 -2.5838721 99.362579
vn 6.2498693 -4.7595882 99.690941
vn 3.1909902 -9.5387068 99.492874
vn 3.1147289 -4.7426147 99.838898
vn 0.7907443 -9.4797096 99.546516
vn 0.73583406 -4.6834149 99.88755
vn -2.3662691 -9.4780464 99.52169
vn -4.7090898 -14.127265 98.885002
vn -4.7402678 -8.6883974 99.509003
vn -8.6879396 -18.161694 97.952393
vn -8.6797295 -14.199265 98.605492
vn -16.479153 -20.394695 96.501259
vn -16.548464 -18.133615 96.939781
vn -9.3339357 -8.979538 99.157684
vn -17.289278 -14.154388 97.47171
vn -37.775154 -22.822971 89.733772
vn -37.850994 -22.064541 89.89138
vn -38.710682 -19.753588 90.062637
vn -71.5355 -20.436062 66.820946
vn -71.796036 -21.306423 66.26738
vn -72.916214 -21.17181 65.076721
vn -91.911385 -15.712687 36.130455
vn -92.669472 -16.492229 33.769424
vn -93.154015 -16.58543 32.361286
vn -97.303406 -11.868402 19.778481
vn -97.44313 -13.35831 18.066343
vn -98.423012 -9.4522924 14.952111
vn -98.584381 -11.041307 12.617789
vn -97.707275 -13.393669 16.549837
vn -98.678741 -11.850178 11.048899
vn -99.138733 -7.0792842 11.017898
vn -99.175575 -8.6558542 9.4489145
vn -99.079369 -11.017947 7.8665333
vn -98.762016 -11.855438 10.271824
vn -99.13839 -11.018748 7.0826354
vn -98.050385 -12.659508 15.028646
vn -99.213799 -10.310862 7.092834
vn -93.952339 -14.998837 30.789484
vn -98.93779 -10.382833 10.174101
vn -98.24231 -11.194443 14.937675
vn -74.001915 -18.891964 64.550842
vn -94.640678 -11.992138 29.988842
vn -40.064274 -14.976922 90.391068
vn -75.542068 -15.049649 63.77227
vn -17.060349 -9.4879379 98.076118
vn -40.838615 -9.8925428 90.743294
vn -76.28994 -9.9520473 63.881142
vn -94.962952 -9.0643215 29.997944
vn -98.496826 -8.3999557 15.093577
vn -98.363808 -7.4944391 16.382778
vn -98.985382 -9.2110367 10.819007
vn -98.858353 -9.536171 11.665644
vn -99.29879 -8.9149408 7.7636218
vn -99.276695 -11.034829 4.729763
vn -99.3974 -9.472558 5.5160527
vn -99.546127 -7.1054406 6.3309722
vn -99.574242 -4.7471871 7.9015265
vn -99.838463 -3.1557314 4.7249274
vn -99.439194 -4.7213702 9.4633951
vn -99.838989 -3.144959 4.7207665
vn -99.697426 -5.4945722 5.4984474
vn -99.848724 -5.4984012 0.0079651093
vn 97.498123 -5.6420078 -21.50075
vn 97.860107 0.20294234 -20.575697
vn 99.535683 3.6508651 -8.9060974
vn 99.479866 -2.4314876 -9.8916035
vn 97.926064 7.3605776 -18.876163
vn 99.149612 10.969937 -7.0011539
vn 98.202469 16.841593 8.5227709
vn 99.457474 8.6116858 5.8351912
vn 99.89473 1.7266687 4.2498755
vn 97.792404 14.460531 -15.084324
vn 97.87429 20.30673 -2.8740106
vn 96.896896 23.876995 -6.3938699
vn 93.896324 33.93829 5.6278028
vn 87.893486 42.969524 20.696764
vn 95.196503 27.620722 13.218224
vn 95.341888 16.270386 25.400764
vn 96.978821 8.2000656 22.975378
vn 92.272301 25.758774 28.675924
vn 76.50663 35.238838 53.897682
vn 81.692039 25.276773 51.841064
vn 85.345062 16.748335 49.352959
vn 86.959251 36.460499 33.297451
vn 77.393288 50.020954 38.835335
vn 60.197872 54.44355 58.413326
vn 69.710197 44.646713 56.099548
vn 35.233681 -52.564495 -77.431023
vn 44.036427 -46.155674 -77.009399
vn 69.051628 -64.623299 -32.49157
vn 51.169483 -79.885094 -31.623648
vn 56.942802 -38.383026 -72.692932
vn 81.954659 -46.949291 -32.851166
vn 84.719391 -50.743225 -15.740064
vn 71.807579 -68.604118 -11.710955
vn 53.597252 -83.948692 -8.9415874
vn 86.814873 -9.4951839 -48.713638
vn 87.960892 -3.9163651 -47.408268
vn 95.071396 -2.79687 -30.880514
vn 94.342133 -8.2413626 -32.11916
vn 92.327972 3.9222462 -38.212059
vn 95.814842 4.8752446 -28.208996
vn 90.208504 7.1405058 -42.560986
vn 96.301346 10.146914 -24.961802
vn 88.592484 8.878583 -45.525192
vn 97.328735 14.50827 -17.794065
vn 78.738052 16.927826 -59.277042
vn 96.519623 25.100939 -7.3419719
vn 66.586418 33.298466 -66.764229
vn 84.994629 52.357811 -5.8798132
vn 79.094986 56.583946 23.286058
vn 92.702873 36.649605 7.9362636
vn 85.068047 49.055283 18.89464
vn 68.192986 64.939224 33.65432
vn 56.458664 71.82592 40.662724
vn 75.042381 58.611134 30.551174
vn 63.42746 63.418907 44.215382
vn 46.75098 74.172234 48.091831
vn 36.330917 70.813225 60.5438
vn 48.232845 63.636578 60.19949
vn 30.263063 62.423241 72.024208
vn 40.579277 55.624706 72.520432
vn 18.628489 67.459953 71.429222
vn -0.99043399 69.46122 71.931633
vn 16.113802 64.216949 74.943512
vn 28.029961 56.127094 77.872139
vn 47.970856 48.40741 73.181419
vn 53.808178 40.269253 74.047729
vn 33.972187 49.401382 80.033707
vn 38.465752 41.728386 82.335464
vn 59.193874 30.821928 74.472099
vn 63.70924 23.248375 73.489082
vn 42.636848 32.238228 84.51506
vn 45.719372 25.244143 85.278786
vn 50.029884 -82.442047 26.463526
vn 63.04882 -72.039879 28.898144
vn 48.654945 -70.450592 51.666348
vn 39.689316 -76.986549 49.978287
vn 75.183449 -57.694855 31.917904
vn 59.599762 -57.904182 55.632492
vn 42.890415 -56.773289 70.265259
vn 35.438602 -68.225494 63.948322
vn 31.942427 -72.028046 61.576317
vn 55.091606 -83.324524 -4.6838756
vn 70.822639 -70.578506 -1.6820455
vn 69.829346 -71.098915 8.2949867
vn 54.942554 -83.384415 5.324923
vn 83.148727 -55.554169 0.15644385
vn 81.88501 -56.320667 11.082708
vn 70.743469 -70.403358 -6.2231092
vn 53.792603 -83.963524 -7.5154166
vn 83.786049 -54.154293 -6.8710632
vn -13.303934 10.663718 98.535736
vn -12.537625 23.472633 96.394196
vn -16.682842 21.988731 96.115448
vn -17.8358 9.4470987 97.942009
vn -11.58928 39.762722 91.019852
vn -14.658189 38.736012 91.020111
vn -1.1422742e-05 39.134892 92.024239
vn -2.9780358e-05 22.129511 97.520699
vn -1.0502873e-05 9.6589031 99.53244
vn -11.298565 51.001205 85.271431
vn -12.990059 50.698288 85.211166
vn -11.070134 59.459991 79.636436
vn -11.919903 58.807911 79.997154
vn -7.8680278e-05 58.7043 80.955582
vn -1.3314845e-05 51.147797 85.929634
vn 25.822523 -71.50618 64.962029
vn 23.404858 -65.23922 72.083679
vn 9.2206287 -61.536118 78.283371
vn 12.634091 -71.666786 68.587555
vn 22.71093 -53.673004 81.261436
vn 7.1111164 -49.873055 86.383514
vn -11.251355 -43.003849 89.577209
vn -7.1192026 -54.949627 83.24575
vn -2.2888026 -69.148689 72.202621
vn 28.666178 20.468855 93.591011
vn 27.554794 30.548523 91.145599
vn 9.6290579 27.291037 95.72084
vn 10.274006 15.293757 98.288086
vn 24.186125 43.22435 86.871666
vn 7.7093592 42.265732 90.300461
vn 20.101816 51.079277 83.587227
vn 4.6401358 51.804684 85.409271
vn 16.456085 55.69669 81.406845
vn 2.5335715 58.996807 80.702896
vn 6.7795157 65.35257 75.386215
vn 21.335772 56.937855 79.390594
vn -8.7280827 67.908821 72.884933
vn -10.889865 65.890373 74.430305
vn -9.9933434 69.529533 71.174286
vn -6.0615525e-06 68.310631 73.031906
vn -7.4637937e-05 64.572105 76.357353
vn -10.338755 -47.62923 87.318764
vn -6.3669868 -64.623817 76.047508
vn -14.296208 -35.99128 92.196777
vn -1.9042805e-06 -33.018639 94.391579
vn 5.9416352e-06 -44.273369 89.665321
vn 3.4618906e-06 -62.347885 78.184021
vn -5.4274922e-05 -99.153809 -12.981664
vn 4.5179939 -99.010963 -13.282177
vn 2.9450412 -98.959923 -14.080532
vn -2.9878058e-05 -99.191032 -12.694048
vn 9.8916044 -98.624664 -13.241266
vn 9.1445169 -98.295334 -15.950022
vn 7.3387728 -99.119148 -11.024309
vn 0.70114428 -99.553528 -9.4129515
vn 1.7207529e-05 -99.652504 -8.3293543
vn -0.73926508 -99.955788 2.8798907
vn 6.2079657e-06 -99.948372 3.2128952
vn 5.7795453 -99.806145 2.3087523
vn 4.3683815 -97.257706 22.844194
vn -1.7190175 -97.259193 23.188231
vn 2.4492988e-06 -97.197304 23.509226
vn -1.8565937e-05 -51.682213 -85.609276
vn 3.4016352 -52.355274 -85.131401
vn 4.5108938 -91.983871 -38.969463
vn -4.3906544e-05 -91.721703 -39.838795
vn 7.7607193 -53.789619 -83.94313
vn 9.4458284 -92.433212 -36.971336
vn 21.019474 -54.783596 -80.974922
vn 26.357639 -55.150528 -79.143509
vn 33.11203 -88.748589 -32.051231
vn 23.065094 -91.373306 -33.450268
vn 34.530346 -93.45813 -8.5575886
vn 23.736559 -96.633514 -9.9265566
vn 36.82494 -92.408005 -10.231586
vn 26.993851 -95.403397 -13.020151
vn 39.133671 -91.689575 -7.8470902
vn 29.387293 -95.080498 -9.8022776
vn 39.547394 -91.8041 2.8303959
vn 29.613394 -95.491539 2.1008599
vn 37.39782 -89.408852 24.646683
vn 28.970375 -92.63031 24.090288
vn 32.833832 -80.250473 49.817696
vn 27.896616 -81.954811 50.051842
vn 29.612823 -71.803253 62.987083
vn -3.4500229 -85.219879 52.207951
vn 2.547348e-05 -84.504745 53.469143
vn 1.8293142 -86.394562 50.325264
vn 3.5583372 93.66861 34.835739
vn -0.065195911 93.17292 36.315338
vn -1.8738004 85.275116 52.198116
vn 0.81905192 86.505836 50.160435
vn -4.8207032e-05 92.814583 37.221661
vn -5.2061579e-05 84.571289 53.363808
vn -6.8079949e-05 83.9086 54.399876
vn -4.1808376 84.716957 52.967503
vn -2.2643764 86.15477 50.717136
vn -6.5943918 85.903664 50.764885
vn -5.2090087 87.364029 48.377609
vn -3.3122225e-05 85.135414 52.459122
vn -2.0302659e-05 82.141624 57.032909
vn -8.5466805 82.764168 55.471119
vn -7.0226855 83.961914 53.861664
vn 18.356295 53.049801 -82.757271
vn 9.1673584 52.561417 -84.576927
vn 15.874956 96.589455 -20.456367
vn 31.778416 93.168701 -17.599056
vn 3.8496966 51.616566 -85.562317
vn 5.3105507 97.382065 -22.10276
vn 14.277792 92.783287 34.458771
vn 29.550072 89.116135 34.4254
vn 1.6227993 51.415638 -85.754288
vn 1.3168974 97.535728 -22.023787
vn -2.3625727e-05 51.480534 -85.730713
vn -7.6383396e-05 97.622131 -21.677637
vn -9.4526091 74.475502 66.060936
vn -5.9122658 74.384651 66.573021
vn 1.235441e-05 74.373695 66.847237
vn 24.738279 77.811371 57.735676
vn 9.4507923 74.266266 66.296333
vn 15.375259 84.68277 50.915913
vn 4.4315238 84.36219 53.51059
vn 18.397764 85.018318 49.32959
vn 7.2245145 86.370712 49.878902
vn 4.7008858 87.735634 47.753124
vn 16.393705 86.090057 48.163773
vn 10.504346 86.539604 48.995464
vn 23.291182 84.712257 47.763515
vn 24.732483 -35.367775 90.207672
vn 7.4933357 -34.406136 93.595238
vn 27.395954 -13.0245 95.288101
vn 9.2953157 -15.570899 98.341972
vn -13.790943 -15.355751 97.846878
vn -13.399612 -30.274996 94.360344
vn -17.019962 -25.47974 95.189835
vn -18.306519 -13.04698 97.440475
vn 8.3487985e-06 -11.873797 99.292557
vn -5.721995e-06 -23.553082 97.186691
vn 84.44899 -39.449017 36.22353
vn 68.817566 -38.278419 61.635258
vn 88.981873 -18.832685 41.5639
vn 72.00177 -14.314579 67.903145
vn 52.551979 -11.073154 84.354469
vn 50.215401 -36.483814 78.405006
vn 76.295128 -28.088501 -58.224483
vn 89.677002 -30.493965 -32.064823
vn 88.841614 -18.143946 -42.16592
vn 92.969116 -19.030411 -31.537088
vn 95.423035 -21.070637 -21.22431
vn 92.186043 -33.671822 -19.181829
vn 91.777351 -39.694481 1.125456
vn 90.647949 -39.815685 14.05918
vn 96.974602 -24.336805 1.9097182
vn 95.867905 -22.562191 17.328955
vn 92.242012 -37.661419 -8.545723
vn 96.677711 -23.540369 -9.9635792
vn -12.56986 -4.2056417 -99.117653
vn 46.910408 -9.7904158 -87.769928
vn 53.000443 -16.958252 -83.086525
vn 12.413877 -19.656929 -97.259972
vn 87.266411 -13.372646 -46.96537
vn -8.3045502 -3.1213334 -99.605682
vn -27.5996 -1.7535607 -96.099892
vn -0.6951921 -18.110109 -98.344002
vn 5.2015839 -16.718153 -98.455307
vn 8.6957989 -3.5250289 -99.558815
vn 6.6272416 -2.2709777 -99.754318
vn 4.2558765 8.6148129 -99.537292
vn 5.8369422 7.9907842 -99.509193
vn 3.6269097 -1.0912399 -99.928246
vn 2.6497362 9.2424631 -99.53669
vn 1.7517712 -0.42319313 -99.983757
vn 1.4608747 9.681798 -99.519485
vn -1.6607249e-06 -0.21224992 -99.999771
vn -4.3144667e-07 9.8455076 -99.514153
vn 2.2410374 -11.408303 -99.321846
vn 5.1856632 -12.276314 -99.108032
vn -8.5778192e-06 -11.123206 -99.379448
vn 14.716991 -54.756245 -82.372101
vn 10.30353 -13.647458 -98.527077
vn 14.26 -14.804596 -97.864586
vn 32.001537 5.4638166 -94.583549
vn 18.381691 8.8456926 -97.897224
vn 27.825871 5.0610037 -95.917198
vn 55.049316 -0.23922935 -83.483612
vn 28.571108 8.240386 95.476639
vn 10.336861 3.206111 99.412628
vn -13.543055 -0.153422 99.078575
vn -18.377676 -0.093593635 98.296753
vn -5.4881093e-06 0.5609929 99.998428
vn 88.597801 2.7987378 46.288185
vn 68.935081 9.5116529 71.81562
vn 49.560474 12.832605 85.901581
vn 93.94928 -12.093122 -32.05138
vn 96.870895 -11.764812 -21.854479
vn 99.5653 -8.8136892 3.011553
vn 97.776825 -4.2504082 20.533585
vn 98.863083 -10.90251 -10.354979
vn 37.578083 11.969019 91.894676
vn 38.133224 -10.770891 91.814194
vn 36.374096 23.879316 90.037239
vn 12.625321 -15.767198 -97.938751
vn 5.4567046 -4.0807548 -99.767586
vn 7.2600222 8.4293938 -99.379257
vn 40.850235 50.847347 -75.801102
vn 35.692741 -35.440804 86.429031
vn 31.433456 -55.502827 77.015411
vn 52.931797 78.497269 32.193218
vn 43.140663 78.802757 43.920475
vn 34.156406 81.257454 47.228886
vn 29.377314 82.045906 49.045311
vn 57.348587 80.991592 -12.308625
vn 18.106424 -95.515198 23.430849
vn 16.143724 -85.161659 49.868546
vn 19.65032 -97.432167 -10.992638
vn 19.093187 -98.136696 2.1539187
vn 17.138842 -97.802803 -11.86888
vn 18.952789 -96.978157 -15.363157
vn 16.313147 -92.268738 -34.933685
vn 27.290674 50.209652 82.062233
vn 31.297455 42.605698 84.883598
vn 34.791328 31.91304 88.153954
vn 28.811192 -67.18541 68.235146
vn -97.498131 -5.6419683 -21.500776
vn -99.479866 -2.4314458 -9.8916168
vn -99.535675 3.6508791 -8.9061174
vn -97.860092 0.20301569 -20.575712
vn -99.89473 1.726724 4.2499142
vn -99.457481 8.6116676 5.8351932
vn -98.202484 16.841454 8.5227337
vn -99.149612 10.969856 -7.0011687
vn -97.926048 7.3605494 -18.876198
vn -97.874298 20.306713 -2.8740823
vn -97.792412 14.460524 -15.08437
vn -95.196526 27.620651 13.218218
vn -87.893425 42.969646 20.696754
vn -93.896294 33.938389 5.627758
vn -96.896881 23.877043 -6.3938289
vn -96.978821 8.2001448 22.975323
vn -95.341888 16.270332 25.400753
vn -85.345024 16.748362 49.352997
vn -81.692039 25.27669 51.841087
vn -76.506615 35.238838 53.897701
vn -92.272331 25.758669 28.675917
vn -86.959229 36.460464 33.29755
vn -69.71022 44.646698 56.099533
vn -60.197838 54.443535 58.413361
vn -77.393234 50.020954 38.835442
vn -35.233643 -52.564243 -77.431198
vn -51.16951 -79.885086 -31.623652
vn -69.051445 -64.623398 -32.491749
vn -44.036354 -46.155628 -77.009476
vn -53.597218 -83.948723 -8.9414196
vn -71.807449 -68.604263 -11.710906
vn -84.71933 -50.743317 -15.740105
vn -81.954628 -46.949299 -32.851219
vn -56.942825 -38.383068 -72.692886
vn -86.81488 -9.4951515 -48.713638
vn -94.34214 -8.2413359 -32.119186
vn -95.071411 -2.7967911 -30.880516
vn -87.960823 -3.916364 -47.408394
vn -95.814842 4.875236 -28.209013
vn -92.328026 3.9221814 -38.211926
vn -96.301361 10.146881 -24.96176
vn -90.208473 7.1404595 -42.561066
vn -97.328728 14.508308 -17.794037
vn -88.592438 8.8786325 -45.525249
vn -96.519615 25.100992 -7.3419704
vn -78.738136 16.927835 -59.276943
vn -92.702881 36.64959 7.9362221
vn -79.095009 56.583969 23.285942
vn -84.994797 52.357555 -5.8797317
vn -66.586479 33.298439 -66.764168
vn -85.068062 49.055271 18.894596
vn -75.042328 58.611217 30.551144
vn -56.458809 71.825783 40.662754
vn -68.193176 64.939087 33.654228
vn -63.427364 63.418991 44.215385
vn -48.232704 63.636688 60.199474
vn -36.330952 70.813286 60.543716
vn -46.750904 74.172287 48.09182
vn -40.57922 55.624645 72.520515
vn -30.263025 62.423302 72.02417
vn -28.029997 56.12701 77.872192
vn -16.113781 64.21701 74.943459
vn 0.99039012 69.461189 71.931656
vn -18.628511 67.459946 71.429237
vn -53.80817 40.269329 74.047691
vn -47.970856 48.407383 73.181442
vn -38.465809 41.728462 82.335396
vn -33.972256 49.401325 80.033714
vn -63.709217 23.248413 73.489105
vn -59.19392 30.821829 74.472099
vn -45.719498 25.24428 85.278679
vn -42.636898 32.238174 84.51506
vn -50.029774 -82.442123 26.463507
vn -39.689426 -76.986519 49.978245
vn -48.654903 -70.4506 51.666355
vn -63.048679 -72.039978 28.89817
vn -31.942793 -72.027824 61.576385
vn -35.438763 -68.225456 63.948273
vn -42.890495 -56.773312 70.265182
vn -59.599728 -57.904217 55.632492
vn -75.183395 -57.694885 31.917973
vn -55.091358 -83.324692 -4.6838794
vn -54.942345 -83.384552 5.324894
vn -69.829224 -71.099037 8.2950077
vn -70.82254 -70.578606 -1.6820726
vn -81.885025 -56.320667 11.082731
vn -83.148788 -55.55407 0.15644178
vn -53.792507 -83.963585 -7.5153818
vn -70.743385 -70.403442 -6.2230825
vn -83.786049 -54.154289 -6.8710065
vn 13.303931 10.663422 98.535767
vn 17.835791 9.4468861 97.942039
vn 16.682823 21.988564 96.115486
vn 12.537706 23.472528 96.394211
vn 14.658143 38.736042 91.020096
vn 11.589293 39.762733 91.019852
vn 12.990029 50.69833 85.211151
vn 11.298555 51.001152 85.271484
vn 11.919948 58.807873 79.997177
vn 11.070203 59.459869 79.636513
vn -25.822062 -71.506264 64.962112
vn -12.634182 -71.666824 68.587494
vn -9.220624 -61.536144 78.283348
vn -23.404589 -65.239319 72.083656
vn 2.2886865 -69.148796 72.202515
vn 7.1191921 -54.949638 83.245743
vn 11.251412 -43.003853 89.577202
vn -7.1110277 -49.87302 86.38353
vn -22.710964 -53.672951 81.261467
vn -28.666115 20.468962 93.590996
vn -10.273889 15.293558 98.288124
vn -9.6290417 27.291075 95.720825
vn -27.554905 30.548531 91.145561
vn -7.7093096 42.265793 90.300438
vn -24.186043 43.224438 86.871643
vn -4.64011 51.804611 85.409325
vn -20.101679 51.079269 83.587265
vn -2.5337 58.996696 80.70298
vn -16.456078 55.696587 81.406929
vn -21.335754 56.937782 79.39064
vn -6.7796321 65.352615 75.386162
vn 8.7280388 67.908966 72.884804
vn 10.889949 65.890373 74.430283
vn 9.9933329 69.529472 71.174339
vn 6.3670583 -64.623802 76.047508
vn 10.338813 -47.629257 87.318733
vn 14.296217 -35.991291 92.19677
vn -2.9450278 -98.959923 -14.080527
vn -4.5180035 -99.010956 -13.282227
vn -0.70110899 -99.553528 -9.4129515
vn -7.3387542 -99.119148 -11.024327
vn -9.1445599 -98.295341 -15.950015
vn -9.8915892 -98.624664 -13.241264
vn 0.73926926 -99.955795 2.8798873
vn 1.7189838 -97.259216 23.18816
vn -4.3684354 -97.257706 22.844147
vn -5.7795243 -99.806145 2.3087509
vn -4.5108824 -91.983871 -38.969471
vn -3.4016237 -52.355305 -85.131378
vn -9.4457302 -92.433212 -36.97134
vn -7.7606902 -53.789619 -83.943123
vn -21.019434 -54.783524 -80.974991
vn -23.064884 -91.37336 -33.450283
vn -33.112083 -88.748566 -32.05125
vn -26.357798 -55.150402 -79.143547
vn -23.736301 -96.633598 -9.9264755
vn -34.5303 -93.458153 -8.5574589
vn -26.99382 -95.403412 -13.020105
vn -36.82505 -92.407974 -10.231491
vn -29.387421 -95.08046 -9.80233
vn -39.133862 -91.689491 -7.8470716
vn -29.613581 -95.491478 2.1009274
vn -39.54752 -91.804039 2.8303952
vn -28.970543 -92.630257 24.090258
vn -37.397926 -89.408829 24.646648
vn -27.89633 -81.954857 50.051937
vn -32.833855 -80.250557 49.81752
vn -29.612553 -71.803261 62.987221
vn 3.4500546 -85.219879 52.207951
vn -1.8294754 -86.394562 50.325253
vn -3.558182 93.668594 34.8358
vn -0.81898689 86.505867 50.160381
vn 1.8737713 85.275116 52.198109
vn 0.065148182 93.172913 36.315338
vn 2.2644551 86.1548 50.717083
vn 4.1808739 84.71698 52.967461
vn 5.2090387 87.364021 48.377609
vn 6.5944085 85.903679 50.764866
vn 7.0227494 83.961945 53.861591
vn 8.5467386 82.764221 55.471046
vn -18.356607 53.049931 -82.757111
vn -31.778786 93.168587 -17.598925
vn -15.874797 96.589485 -20.456371
vn -9.1671925 52.561237 -84.577042
vn -29.550186 89.116066 34.425488
vn -14.277671 92.783272 34.458885
vn -5.3103018 97.382072 -22.102789
vn -3.8495369 51.616508 -85.562363
vn -1.3168679 97.535736 -22.023788
vn -1.6227975 51.415665 -85.754272
vn 5.9123731 74.384552 66.57312
vn 9.4526339 74.475441 66.060997
vn -9.450758 74.266289 66.296303
vn -24.738443 77.811455 57.735477
vn -4.4318175 84.362244 53.510471
vn -15.37566 84.682716 50.915871
vn -18.397491 85.018356 49.329609
vn -16.393747 86.089966 48.16391
vn -4.7009492 87.735565 47.75322
vn -7.2245216 86.370766 49.87883
vn -23.290926 84.712364 47.76347
vn -10.504353 86.539627 48.995415
vn -7.4933767 -34.406166 93.595222
vn -24.732679 -35.367645 90.207672
vn 13.399667 -30.275074 94.360329
vn 13.790997 -15.355616 97.846886
vn -9.2953663 -15.570831 98.34198
vn -27.396063 -13.024635 95.288071
vn 17.019909 -25.479799 95.189827
vn 18.306545 -13.046805 97.440498
vn -68.817535 -38.278431 61.635281
vn -84.448982 -39.448967 36.223591
vn -50.215424 -36.483883 78.404961
vn -52.551849 -11.07328 84.354523
vn -72.001656 -14.314609 67.903259
vn -88.981865 -18.832691 41.563896
vn -89.677032 -30.49399 -32.064732
vn -76.295128 -28.088511 -58.224461
vn -92.18605 -33.671783 -19.181814
vn -95.423042 -21.070684 -21.224285
vn -92.969124 -19.030354 -31.537058
vn -88.841644 -18.143835 -42.165909
vn -90.647964 -39.815659 14.059154
vn -91.777359 -39.694454 1.1254568
vn -95.867905 -22.562189 17.328911
vn -96.974602 -24.336838 1.9096977
vn -92.242027 -37.661373 -8.5457144
vn -96.677681 -23.540472 -9.9635696
vn 12.569916 -4.2056408 -99.117645
vn -12.413757 -19.656908 -97.259995
vn -53.000511 -16.958248 -83.086487
vn -46.910275 -9.7904205 -87.770004
vn -87.266418 -13.372618 -46.965355
vn 8.3045168 -3.1213522 -99.605682
vn -5.201633 -16.718145 -98.455307
vn 0.69510627 -18.110056 -98.344002
vn 27.599621 -1.7535547 -96.099876
vn -8.6957922 -3.5250251 -99.558815
vn -5.836967 7.9908218 -99.509178
vn -4.2558422 8.6148119 -99.5373
vn -6.6272368 -2.2709749 -99.754318
vn -2.6497424 9.2424707 -99.53669
vn -3.626909 -1.0912439 -99.928253
vn -1.4608871 9.6818085 -99.519485
vn -1.7517712 -0.42319223 -99.983757
vn -5.1856661 -12.276318 -99.108032
vn -2.2410297 -11.408291 -99.321846
vn -14.259993 -14.804589 -97.864586
vn -10.303549 -13.647466 -98.527077
vn -14.717056 -54.75621 -82.372116
vn -18.381826 8.8457088 -97.897209
vn -32.001465 5.4638329 -94.583572
vn -27.825615 5.0609617 -95.917259
vn -55.049347 -0.2392683 -83.483597
vn -10.336786 3.206058 99.412628
vn -28.571016 8.240448 95.476662
vn 13.543087 -0.15357372 99.078575
vn 18.377716 -0.093587585 98.296753
vn -68.935036 9.5117264 71.815651
vn -88.597794 2.7988312 46.288212
vn -49.56049 12.832711 85.901573
vn -93.949211 -12.093198 -32.051517
vn -96.870895 -11.764882 -21.854456
vn -97.776833 -4.250351 20.533518
vn -99.5653 -8.8136902 3.0115149
vn -98.863083 -10.902599 -10.354914
vn -38.133221 -10.771024 91.814178
vn -37.578125 11.969048 91.894646
vn -36.374172 23.879484 90.037163
vn -12.625422 -15.767241 -97.938728
vn -5.4567089 -4.0807662 -99.767586
vn -7.2600036 8.4293318 -99.379257
vn -40.850594 50.84713 -75.801041
vn -31.433561 -55.502834 77.015381
vn -35.692863 -35.440651 86.429054
vn -43.140396 78.802925 43.920437
vn -52.931953 78.497177 32.193184
vn -34.156307 81.257401 47.229027
vn -29.377359 82.045837 49.045403
vn -57.349091 80.991257 -12.308466
vn -16.143742 -85.161613 49.868626
vn -18.106436 -95.51519 23.430862
vn -19.093102 -98.136711 2.1539469
vn -19.650156 -97.432182 -10.992702
vn -18.952671 -96.978188 -15.363161
vn -17.138634 -97.802856 -11.868823
vn -16.312983 -92.268761 -34.933697
vn -31.29743 42.605762 84.883568
vn -27.290716 50.209667 82.06221
vn -34.791443 31.912924 88.153969
vn -28.811131 -67.185463 68.23513
vn 3.9473653 99.471962 -9.4734697
vn 3.9455903 99.472061 -9.4731684
vn 3.9479721 99.471878 -9.4740915
vn 3.1564262 99.42244 -10.257596
vn 2.3668151 99.360687 -11.038774
vn -4.4224616e-05 96.778976 -25.175991
vn -0.000203948 99.549805 9.4782381
vn 3.1563818 99.499901 9.4766245
vn 2.3592606 99.922592 -3.1477811
vn 3.1446145 99.873161 -3.9323149
vn 3.925776 99.771484 -5.499011
vn 4.7064319 99.639351 -7.0603428
vn 26.070633 96.383316 5.5299149
vn 26.069551 96.383682 5.5284367
vn 20.516088 97.054825 12.627416
vn 12.603271 97.677299 17.329178
vn 6.6153007e-06 96.119919 27.585522
vn -4.0206403e-05 89.283493 -45.038403
vn 6.3089676 89.1064 -44.947159
vn 14.188923 93.005249 -33.892445
vn 21.223022 93.535225 -28.297457
vn 26.686127 94.187874 -20.408199
vn 29.25469 94.886703 -11.860674
vn 77.824837 51.882488 35.376553
vn 77.823769 51.885548 35.374451
vn 77.826271 51.882706 35.373131
vn 77.823944 51.885147 35.374664
vn 61.346001 55.842587 55.841503
vn 61.346054 55.841698 55.842339
vn 38.587082 59.060204 70.87262
vn 38.587868 59.059654 70.872658
vn -5.1502138e-05 77.466324 63.237392
vn 4.9429946e-05 49.698975 86.775635
vn 15.009205 25.274469 -95.582039
vn 5.6065619e-05 52.714626 -84.977463
vn 12.623043 52.078667 -84.430275
vn 15.010707 25.277269 -95.581047
vn 43.39904 26.824795 -86.005562
vn 43.396072 26.82729 -86.006264
vn 66.901718 30.69776 -67.689049
vn 66.900833 30.696785 -67.690376
vn 82.530563 35.369324 -44.019493
vn 82.530525 35.370407 -44.018707
vn 89.609886 40.877544 -17.294361
vn 89.610481 40.876202 -17.29443
vn 7.8687019 91.258919 40.123497
vn 0.00026253983 91.543671 40.246197
vn 24.346968 87.971092 40.84499
vn 38.617462 86.688843 31.523586
vn 49.484837 84.828552 18.851128
vn 55.936996 82.858368 2.3539846
vn 57.541828 80.402847 -14.97736
vn 53.016899 78.337448 -32.441486
vn 43.273758 76.316818 -47.990864
vn 28.373634 74.87767 -59.902191
vn 0.00036722049 80.187096 -59.749733
vn 98.081657 12.556505 14.910394
vn 98.082268 12.555539 14.907295
vn 98.082581 12.553411 14.90698
vn 98.082123 12.554347 14.909245
vn 98.437431 7.8727894 -15.750881
vn 98.437271 7.8762689 -15.75011
vn 89.39856 3.1362481 -44.699688
vn 89.399483 3.1377525 -44.697754
vn 71.488228 -0.78853017 -69.920036
vn 71.489044 -0.78538901 -69.91922
vn 46.586662 -3.1583679 -88.429115
vn 46.585587 -3.1575239 -88.42971
vn -0.00013806268 39.295319 -91.955856
vn 2.0861262e-05 -9.4709215 -99.550491
vn 15.74682 25.983768 95.272667
vn 15.775226 25.378942 95.430862
vn -3.2054959e-05 25.923023 96.581551
vn 15.749762 25.983402 95.272285
vn 44.935337 24.43786 85.92791
vn 44.935844 24.439428 85.9272
vn 70.259384 21.314795 67.891808
vn 70.260712 21.314194 67.890633
vn 74.583405 65.943733 9.4201698
vn 74.581703 65.945267 9.4229288
vn 73.150093 66.859665 -13.373489
vn 66.106567 68.4673 30.694469
vn 57.364388 72.295647 38.505413
vn 57.363846 72.294937 38.507538
vn 57.363945 72.295784 38.505772
vn 57.366051 72.294693 38.504734
vn 64.711151 67.871231 -34.726948
vn 50.566338 68.733551 -52.141571
vn 32.262043 69.247101 -64.52906
vn -4.2887405e-05 31.620872 -94.86895
vn -0.0006381406 88.964508 45.665257
vn -0.0023879111 37.004562 92.90136
vn 15.025818 34.801128 92.537048
vn 7.8485303 89.478676 43.954136
vn 15.691195 29.815626 94.153145
vn -2.3079338e-05 30.676949 95.178383
vn 44.832172 32.24514 83.368614
vn 69.514099 27.648211 66.357864
vn 88.02607 21.219105 42.440075
vn 98.094475 13.341533 14.123654
vn 98.633263 4.732698 -15.782318
vn 89.398987 -3.1374199 -44.698761
vn 71.510376 -10.216987 -69.151131
vn 45.732246 -15.770307 -87.520638
vn 5.4810873e-05 -16.557119 -98.619789
vn 44.935738 24.436953 85.927971
vn 37.071415 86.765854 33.126972
vn 37.072983 86.764336 33.129208
vn 70.258698 21.312714 67.893181
vn 0.0020414591 -99.950462 3.1474156
vn -0.0018663704 -99.950333 3.1514435
vn -27.629772 -93.145027 -23.677011
vn -28.407631 -93.109894 -22.881279
vn 66.107185 68.467201 30.693394
vn 61.873184 73.622437 27.412483
vn 15.749116 25.984287 95.272141
vn 4.0926534e-05 95.693001 29.03186
vn 5.5103836 95.260872 29.91658
vn 15.748456 25.983086 95.272583
vn 0.00059437007 -99.299088 -11.818999
vn -2.3675561 -99.444069 -10.260132
vn -4.7065659 -96.47715 -25.88455
vn -5.5109205e-05 -96.583641 -25.915241
vn -15.796384 -94.794624 -27.648779
vn -15.796343 -94.793594 -27.65229
vn -5.196959e-05 -98.994965 14.14209
vn -37.774982 -87.355721 -30.69249
vn 98.508049 -4.7279449 16.547195
vn 61.875069 73.621353 27.411226
vn 57.365555 72.296181 38.502689
vn 98.56855 -3.1551237 16.561586
vn 100 0.000940144 0.0003549036
vn 66.106918 68.466187 30.696199
vn 100 -0.0027664006 0.0006407504
vn 89.478981 7.8474517 43.953728
vn 98.814552 3.1612391 15.023007
vn 98.836533 -2.3711884 -15.023889
vn 89.531799 -7.0672464 -43.978535
vn 71.448853 -10.989886 -69.096199
vn 46.513077 -13.405186 -87.503342
vn -0.0002858229 -55.105289 -83.447029
vn 15.027082 34.801998 92.53653
vn 0.0026073307 37.005836 92.900856
vn 0.0018522143 -58.346935 81.213509
vn 12.574896 -60.524296 78.604584
vn 57.365395 72.294052 38.50692
vn 45.547672 -18.062302 87.173172
vn 98.507843 -4.7293963 16.548094
vn 98.568985 -3.1529071 16.559374
vn 100 -0.00092387269 -0.0041373074
vn 0.0026643276 -99.950584 3.1436009
vn -0.0028252602 -99.950363 3.1507292
vn 0.0011473894 -99.950424 3.1488416
vn 0.0013440847 -99.922623 3.9331269
vn 0.00083148479 -99.922531 3.9353623
vn 0.00071525574 -99.922691 3.9315624
vn -0.0019229949 -99.9226 3.9338126
vn -0.0012688339 -95.628685 -29.24305
vn 12.578456 -60.525597 78.603012
vn 0.0019721687 -58.345474 81.214561
vn 45.548084 -18.06632 87.172127
vn 7.8662367 91.259087 40.123566
vn 0.00039534643 91.543777 40.24596
vn 24.348484 87.970894 40.844521
vn 38.615009 86.690483 31.522066
vn 49.484074 84.828873 18.8517
vn 55.997421 82.81723 2.3661273
vn 57.542084 80.402542 -14.977982
vn 53.01609 78.337212 -32.44342
vn 43.274414 76.315285 -47.992744
vn 28.375875 74.876106 -59.903072
vn 0.00043651089 80.189621 -59.746338
vn -3.9476402 99.471954 -9.4735336
vn -3.9456754 99.472115 -9.4726925
vn -3.1557307 99.422386 -10.258309
vn -2.3649602 99.360664 -11.039303
vn -3.1614964 99.49984 9.4754858
vn -2.3596413 99.922569 -3.1481383
vn -3.1444199 99.873177 -3.9322798
vn -3.9263651 99.771362 -5.5009723
vn -4.7068386 99.639336 -7.0603828
vn -26.070353 96.383347 5.5307484
vn -26.070127 96.38356 5.5278692
vn -20.515009 97.055038 12.627492
vn -12.60415 97.67717 17.329332
vn -6.3091264 89.106117 -44.947701
vn -14.188353 93.004982 -33.89341
vn -21.222786 93.535294 -28.297401
vn -26.6861 94.188103 -20.407244
vn -29.256123 94.886147 -11.861548
vn -77.825752 51.882252 35.374901
vn -77.826118 51.883633 35.372059
vn -77.825073 51.883278 35.374912
vn -77.824631 51.884613 35.373932
vn -61.347019 55.843327 55.839638
vn -61.347992 55.839962 55.841927
vn -38.585873 59.059624 70.873779
vn -38.586025 59.061054 70.872482
vn -12.62291 52.079041 -84.430054
vn -15.008989 25.275978 -95.581673
vn -43.397991 26.825056 -86.005989
vn -43.396252 26.827497 -86.006119
vn -66.899902 30.698374 -67.690575
vn -66.901123 30.697317 -67.689842
vn -82.532753 35.368114 -44.016376
vn -82.530418 35.37006 -44.019165
vn -89.610542 40.877029 -17.292191
vn -89.610268 40.877026 -17.293617
vn -7.8688755 91.258942 40.123428
vn -24.347385 87.970978 40.844978
vn -38.616474 86.689423 31.523193
vn -49.485264 84.828339 18.851002
vn -55.999596 82.815727 2.3665366
vn -57.54187 80.402809 -14.977403
vn -53.016281 78.337906 -32.441437
vn -43.273697 76.316757 -47.991035
vn -28.373655 74.877098 -59.902893
vn -98.08255 12.553698 14.907019
vn -98.082367 12.554261 14.907703
vn -98.08223 12.555859 14.907191
vn -98.082123 12.554074 14.909413
vn -98.437599 7.8738332 -15.749317
vn -98.43782 7.8750496 -15.747329
vn -89.399429 3.1376944 -44.697845
vn -89.39859 3.1363742 -44.699615
vn -71.488823 -0.78459495 -69.919472
vn -71.491158 -0.78718013 -69.917068
vn -46.585159 -3.1563466 -88.429985
vn -46.581753 -3.160923 -88.43161
vn -15.780219 25.247795 95.464828
vn -15.745433 26.016697 95.263908
vn -44.936001 24.437199 85.927742
vn -44.935333 24.438505 85.927727
vn -70.260681 21.3139 67.890755
vn -70.259132 21.314432 67.892197
vn -74.581207 65.945831 9.4230518
vn -74.58345 65.943657 9.4202662
vn -73.150299 66.859688 -13.372162
vn -69.161591 65.135475 31.209702
vn -57.364567 72.29525 38.505867
vn -57.36372 72.295929 38.505875
vn -57.364857 72.295555 38.504883
vn -57.365726 72.294891 38.504826
vn -64.713936 67.870392 -34.723434
vn -50.567364 68.733299 -52.140896
vn -32.264751 69.246414 -64.528435
vn -15.026244 34.801029 92.537025
vn -7.8488588 89.478729 43.953964
vn -15.691236 29.814312 94.153564
vn -44.832596 32.246704 83.367798
vn -69.514206 27.648848 66.357483
vn -88.026047 21.21904 42.440166
vn -98.09465 13.339127 14.124701
vn -98.63308 4.7345457 -15.782889
vn -89.398926 -3.1370301 -44.698891
vn -71.510452 -10.215508 -69.151276
vn -45.732231 -15.770581 -87.520584
vn -37.07291 86.764511 33.128796
vn -37.071304 86.765778 33.127296
vn -44.9356 24.436773 85.928078
vn -70.258751 21.316578 67.891914
vn -0.0018939376 -99.950455 3.1473413
vn 28.407627 -93.109909 -22.881239
vn 28.406555 -93.108871 -22.886789
vn 0.0016152859 -99.950447 3.1476212
vn -69.068626 65.144707 31.39571
vn -61.873127 73.622475 27.412584
vn -5.5027833 95.27607 29.869532
vn -15.748373 25.983107 95.272591
vn 4.7065406 -96.477135 -25.884562
vn 2.3675225 -99.444077 -10.260162
vn 15.802113 -94.793442 -27.64953
vn 15.796389 -94.794655 -27.648642
vn 39.44648 -88.356384 -25.241369
vn -98.56926 -3.154233 16.557524
vn -98.569351 -3.1541951 16.556978
vn -57.365398 72.296173 38.502922
vn -61.873566 73.622559 27.411343
vn -99.996872 0.79087156 -0.001224364
vn -69.070099 65.142601 31.39686
vn -89.477089 7.8485055 43.957386
vn -99.99691 0.78691912 0.0016002565
vn -98.815041 3.1624162 15.01958
vn -98.836342 -2.3716564 -15.02516
vn -89.530685 -7.0668263 -43.980888
vn -71.451561 -10.990565 -69.093285
vn -46.511578 -13.404345 -87.50428
vn -15.027007 34.801834 92.536598
vn -12.574805 -60.524441 78.6045
vn -57.365681 72.293831 38.506908
vn -45.54784 -18.062622 87.173019
vn -98.568855 -3.154135 16.559984
vn -98.569031 -3.1547072 16.558796
vn -99.996925 0.78333777 1.9988945e-05
vn 0.0051826239 -99.950447 3.1480503
vn -0.00027753413 -99.950455 3.1475728
vn -0.0019907951 -99.950432 3.1480336
vn 0.00042319298 -99.92263 3.933171
vn 0.0014990568 -99.92247 3.936897
vn -0.0021010637 -99.922691 3.9313836
vn 0.0016480684 -99.922607 3.9335473
vn -12.578438 -60.525597 78.603027
vn -45.547981 -18.061094 87.173264
vn -7.8660555 91.259087 40.1236
vn -24.348328 87.970917 40.844547
vn -38.614563 86.690773 31.521843
vn -49.483238 84.829399 18.851612
vn -55.998318 82.816605 2.3661962
vn -57.541943 80.402664 -14.977905
vn -53.016281 78.337128 -32.443295
vn -43.274277 76.315277 -47.992889
vn -28.375677 74.876137 -59.903133
vn 73.034935 47.906513 48.691513
vn 73.033676 47.905636 48.694267
vn 73.034218 47.908863 48.6903
vn 72.318764 51.879276 45.590984
vn 48.093433 58.346142 65.442719
vn 46.430485 65.320122 59.812134
vn 23.687315 67.102615 70.257736
vn -70.259407 21.320255 67.890076
vn -70.25563 21.313168 67.896194
vn -70.262482 21.315386 67.888428
vn -40.108566 25.167374 88.078979
vn -40.094574 25.324211 88.040382
vn -5.529912 26.067507 96.384163
vn -5.5281296 26.09461 96.376923
vn 34.579639 25.155087 90.396179
vn 34.587215 25.153027 90.393845
vn 58.183098 23.5891 77.834969
vn 58.182709 23.585108 77.836449
vn 81.093346 19.68363 55.103756
vn 81.091187 19.681801 55.107597
vn 32.250744 34.612259 88.10154
vn 33.825893 36.975719 86.536728
vn 57.593422 30.767685 75.73867
vn 80.938606 24.359976 53.437195
vn -4.7299948 38.58379 92.135323
vn 91.951241 38.512058 7.8607407
vn 91.952629 38.509933 7.8550186
vn 91.952942 38.507214 7.8645086
vn -41.72831 85.811844 -29.917843
vn -29.095709 94.371773 -15.729191
vn -31.503027 93.721039 -14.964223
vn -3.925832 -99.672974 7.0631146
vn -3.923352 -99.673012 7.0638804
vn -30.714607 86.635689 -39.381119
vn -3.9204926 -99.673134 7.0637627
vn -2.3727238 -99.593063 8.6942768
vn 0.00077160075 -99.54966 9.4797459
vn 1.5838507 -99.60862 8.6958055
vn 3.1385767 -99.642441 7.844348
vn 3.9266257 -99.725189 6.2824664
vn 3.9269145 -99.725098 6.2837629
vn 98.768791 11.05954 11.064003
vn 98.679626 11.053316 11.838699
vn -33.874748 92.168411 -18.907333
vn 28.41695 -37.098263 -88.409256
vn 28.415394 -37.100742 -88.408714
vn 28.414989 -37.096043 -88.41082
vn -22.066484 95.358315 -20.490564
vn -27.50942 95.095123 -14.147418
vn -32.245216 93.594643 -14.152463
vn -34.619228 92.054222 -18.097742
vn -45.577679 86.443176 -21.219202
vn -30.827007 86.163483 -40.318104
vn -30.825886 86.165359 -40.31498
vn -3.9231796 -99.673103 7.0627165
vn -2.3706703 -99.593163 8.693737
vn 5.6502176e-05 -99.5495 9.4814672
vn 1.5862535 -99.608566 8.6958675
vn 3.1356058 -99.642357 7.846549
vn 4.7058711 -99.639206 7.0626659
vn 4.7078981 -99.639359 7.0594406
vn 28.431824 -18.955711 -93.980392
vn 28.296429 -21.221771 -93.53582
vn -0.0014071236 -99.92263 3.9330854
vn -0.00098240562 -99.922615 3.9332898
vn 1.9802246e-05 -99.922577 3.9344923
vn -0.0059113284 -99.922714 3.9308493
vn -0.011859423 -99.92289 3.9266584
vn -0.0015150756 -95.629662 -29.239845
vn -2.3678648 -99.443863 -10.26197
vn -0.00064168125 -99.299026 -11.819695
vn 0.0015440222 -99.950455 3.1474926
vn 0.00069989474 -99.950447 3.1476243
vn 0.004091498 -99.950531 3.1447654
vn 0.0015843892 -99.950485 3.1465671
vn 0.0012382574 -99.92263 3.9330862
vn 0.00093148556 -99.922623 3.933213
vn 0.0058010728 -99.922714 3.9308484
vn 0.012075284 -99.92289 3.9266405
vn 2.3680608 -99.443871 -10.261969
vn -0.0014159188 -99.950455 3.1474662
vn 0.0009378884 -99.950417 3.1487765
vn 0.00016805716 -99.950432 3.1483178
vn -0.0026325695 -99.950531 3.1452234
vn -95.311485 18.904751 -23.629025
vn -95.310059 18.906054 -23.633799
vn -95.31221 18.901508 -23.628651
vn -95.270638 18.105585 -24.406822
vn -2.3571134 -99.774513 6.2842264
vn -2.3631232 -99.773926 6.2912498
vn -2.3582864 -99.7743 6.2871628
vn 4.7170043 -98.239227 18.077766
vn 66.26432 68.631622 29.979015
vn 66.262665 68.634964 29.974983
vn 66.262421 68.632278 29.981703
vn 58.887611 62.02512 51.818264
vn -24.429773 85.099236 -46.489861
vn -24.43376 85.100372 -46.485661
vn -24.426826 85.098312 -46.493099
vn -59.017693 -8.6548119 -80.262115
vn -72.512032 -6.3055372 -68.572937
vn -2.3540401 -99.77475 6.2817192
vn -73.36396 -3.9432349 -67.839378
vn -98.879356 0.78168154 -14.908544
vn 73.371552 14.98997 66.271538
vn 73.372726 14.989326 66.270386
vn 73.371902 14.989807 66.271187
vn 72.390808 13.374594 67.680809
vn -4.7405915 -99.509087 8.6872501
vn -4.746479 -99.508682 8.6887817
vn -69.937729 18.069391 69.153526
vn -69.583199 25.300896 67.216408
vn -60.897522 75.929291 22.939762
vn -23.592047 84.949661 -47.190777
vn 73.369621 14.98611 66.274551
vn 66.2714 68.62104 29.987593
vn 57.735138 57.735611 57.734322
vn 42.642403 63.959568 63.959343
vn 63.959675 42.639679 63.961056
vn 48.785183 48.785206 72.387901
vn 22.940989 68.824783 68.824852
vn 26.725691 53.451191 80.179222
vn 0.0031774282 70.709946 70.711411
vn 0.00066172576 55.104126 83.447792
vn -22.940495 68.824608 68.825188
vn -26.72658 53.453426 80.177422
vn -42.640488 63.960052 63.960152
vn -48.783695 48.783005 72.390396
vn -57.736248 57.734451 57.734379
vn -63.961029 42.639618 63.959747
vn 68.824821 22.94109 68.824791
vn 53.451084 26.725613 80.179314
vn 29.934273 29.934278 90.597336
vn -0.00022133827 31.623783 94.867989
vn -29.935772 29.93581 90.596329
vn -53.453793 26.727001 80.177055
vn -68.824478 22.941076 68.825134
vn 70.710358 -0.00020310188 70.711006
vn 55.104668 0.000731971 83.447441
vn 31.624252 -0.00024934235 94.867836
vn 0.00012805777 -5.5400502e-05 100
vn -31.624123 0.00039126788 94.867882
vn -55.108803 0.00080964284 83.444717
vn -70.710632 -9.5186071e-05 70.710716
vn 68.824562 -22.941147 68.825027
vn 53.45285 -26.726461 80.177864
vn 29.935843 -29.935318 90.596481
vn 0.00013424942 -31.624138 94.867889
vn -29.937366 -29.93704 90.595413
vn -53.454597 -26.727129 80.176476
vn -68.825195 -22.941162 68.824379
vn 63.960861 -42.639664 63.959873
vn 48.784679 -48.784687 72.388611
vn 26.726448 -53.452885 80.177834
vn 0.0006461236 -55.1082 83.445099
vn -26.725792 -53.451111 80.179245
vn -48.783989 -48.783447 72.389893
vn -63.959568 -42.639729 63.961143
vn 57.735134 -57.734161 57.73579
vn 42.640923 -63.959724 63.960201
vn 22.939453 -68.825752 68.824379
vn -0.0086083077 -70.710426 70.710938
vn -22.935715 -68.826736 68.824661
vn -42.641071 -63.959808 63.960003
vn -57.736778 -57.733646 57.734657
vn -57.735027 57.73484 -57.735218
vn -63.95993 63.960968 -42.639412
vn -42.642395 63.959301 -63.959633
vn -48.784859 72.388359 -48.784859
vn -68.825302 68.824486 -22.940573
vn -53.450741 80.179565 -26.725534
vn -70.711121 70.710236 -0.0002249329
vn -55.104492 83.447556 -0.00072006282
vn -68.824638 68.825073 22.94076
vn -53.452812 80.177658 26.727165
vn -63.961147 63.959763 42.63945
vn -48.783012 72.390923 48.782906
vn -22.940752 68.824844 -68.824867
vn -26.725658 80.17955 -53.45071
vn -29.933933 90.597534 -29.93405
vn -31.62384 94.867973 0.00038241266
vn -29.935432 90.596573 29.935471
vn -26.7271 80.177612 53.452904
vn -0.003202911 70.710068 -70.711281
vn -0.00073481351 83.447556 -55.104496
vn 0.00029171351 94.867928 -31.623957
vn 2.3485477e-06 100 -4.1260839e-05
vn -0.00044044573 94.867996 31.623798
vn 0.00079865567 83.447571 55.104454
vn 22.940178 68.824684 -68.825226
vn 26.727003 80.177696 -53.452812
vn 29.935282 90.596581 -29.93557
vn 31.623951 94.867935 -0.00030781882
vn 29.933882 90.59758 29.933971
vn 26.725716 80.179573 53.450649
vn 42.640648 63.959881 -63.960205
vn 48.782856 72.3909 -48.783115
vn 53.452801 80.177734 -26.726931
vn 55.104836 83.447334 0.00061417365
vn 53.450768 80.179573 26.725502
vn 48.784798 72.388344 48.784946
vn 57.735928 57.73431 -57.734844
vn 63.961132 63.959641 -42.639637
vn 68.825188 68.824562 -22.940617
vn 70.710854 70.710495 1.6910522e-05
vn 68.824806 68.825027 22.940353
vn 63.96003 63.960888 42.639408
vn -72.391159 48.782829 48.782734
vn -80.179153 53.451275 26.725691
vn -83.4478 55.10413 0.00057583622
vn -80.177513 53.453148 -26.726896
vn -72.390434 48.783382 -48.783276
vn -63.959694 42.639591 -63.96109
vn -80.179169 26.725677 53.451279
vn -90.59742 29.934153 29.934151
vn -94.867996 31.623749 -0.00026794811
vn -90.596382 29.935741 -29.93572
vn -80.177223 26.727221 -53.453407
vn -68.825142 22.940758 -68.824554
vn -83.447433 0.00065275445 55.104671
vn -94.867882 -0.00028218408 31.62413
vn -100 -8.6031083e-05 9.9257159e-05
vn -94.867836 0.00031242875 -31.624249
vn -83.447495 -0.00044530231 -55.104584
vn -70.710785 -0.00011024161 -70.710579
vn -80.177788 -26.726458 53.452961
vn -90.596519 -29.935249 29.935774
vn -94.867889 -31.62409 0.00035373025
vn -90.597641 -29.933687 -29.933947
vn -80.179886 -26.725477 -53.450306
vn -68.824379 -22.941393 -68.825134
vn -72.388466 -48.784885 48.78466
vn -80.177704 -53.453026 26.726564
vn -83.445038 -55.108295 0.00058978528
vn -80.179237 -53.451168 -26.725676
vn -72.389893 -48.783478 -48.783962
vn -63.960667 -42.639809 -63.95998
vn -63.959694 -63.961082 42.639629
vn -68.823914 -68.82608 22.939922
vn -70.710922 -70.710434 0.00048843189
vn -68.825165 -68.824181 -22.941841
vn -63.962494 -63.958641 -42.639072
vn -57.735085 -57.734245 -57.735741
vn -48.78537 48.785324 -72.387711
vn -26.725647 53.451283 -80.179176
vn -0.00057062786 55.104095 -83.447807
vn 26.726713 53.453129 -80.177589
vn 48.783295 48.783459 -72.390366
vn 63.960983 42.639687 -63.959755
vn -53.451103 26.72583 -80.17923
vn -29.933872 29.934143 -90.597527
vn 0.00024231122 31.623617 -94.86805
vn 29.935616 29.935593 -90.596466
vn 53.453392 26.727039 -80.177299
vn 68.82486 22.940897 -68.824799
vn -55.104691 0.00059688662 -83.447418
vn -31.624067 -0.00029282708 -94.867905
vn -0.00011483167 -9.4783034e-05 -100
vn 31.624186 0.00026761956 -94.867859
vn 55.104561 -0.0004171374 -83.447495
vn 70.710236 8.6717053e-05 -70.711121
vn -53.452579 -26.72691 -80.177887
vn -29.935513 -29.935413 -90.596542
vn -0.00030108821 -31.624073 -94.867889
vn 29.937149 -29.936907 -90.595528
vn 53.454079 -26.726992 -80.17688
vn 68.824974 -22.941353 -68.824554
vn -48.784866 -48.78484 -72.388367
vn -26.726839 -53.452789 -80.17778
vn 0.00087804219 -55.104103 -83.447815
vn 26.725822 -53.450947 -80.179352
vn 48.783661 -48.784004 -72.38974
vn 63.959938 -42.640041 -63.960545
vn -42.640961 -63.959885 -63.960003
vn -22.939688 -68.825745 -68.824341
vn -0.00156858 -70.710197 -70.711174
vn 22.940502 -68.824211 -68.825592
vn 42.641346 -63.959141 -63.96048
vn 57.736824 -57.73457 -57.733685
vn 63.960068 -63.960835 -42.6394
vn 48.782963 -72.390892 -48.78299
vn 68.824905 -68.825478 -22.938751
vn 53.454079 -80.177032 -26.726507
vn 70.710503 -70.710854 -0.00045184116
vn 55.10474 -83.447388 -0.00070160948
vn 68.824875 -68.824509 22.941769
vn 53.452332 -80.178154 26.726625
vn 63.962353 -63.958656 42.639259
vn 48.784645 -72.388718 48.784557
vn 26.727003 -80.176842 -53.454109
vn 29.935711 -90.596542 -29.935253
vn 31.625084 -94.867561 0.0002655891
vn 29.936441 -90.595985 29.936211
vn 26.726458 -80.178131 53.452438
vn 0.00073793344 -83.447342 -55.104805
vn -0.00057332218 -94.867706 -31.624657
vn -9.8886699e-07 -100 7.1450486e-06
vn 0.0004184898 -94.867599 31.624958
vn -0.00070035458 -83.447372 55.104778
vn -26.726854 -80.178101 -53.452278
vn -29.936176 -90.596001 -29.936436
vn -31.625036 -94.867592 -0.00017373537
vn -29.935392 -90.596573 29.93548
vn -26.72691 -80.176842 53.454147
vn -48.784687 -72.388725 -48.784489
vn -53.45245 -80.178093 -26.726551
vn -55.104847 -83.447311 0.00074332434
vn -53.454281 -80.176758 26.726889
vn -48.783417 -72.390686 48.78286
vn 72.387779 48.785332 -48.785252
vn 80.179489 53.450844 -26.725576
vn 83.447548 55.104492 -0.00040838771
vn 80.177574 53.453197 26.726618
vn 72.390617 48.78323 48.78315
vn 80.179565 26.725586 -53.450718
vn 90.597206 29.934458 -29.934519
vn 94.86795 31.62393 0.00035224902
vn 90.596214 29.93597 29.935965
vn 80.177261 26.727013 53.453495
vn 83.447372 0.00035102505 -55.10474
vn 94.867775 -0.00035993962 -31.624418
vn 99.999992 -8.7761931e-05 -0.00012892346
vn 94.867813 0.00040664541 31.624311
vn 83.447418 -0.00034371417 55.104671
vn 80.178009 -26.726675 -53.452522
vn 90.596352 -29.935524 -29.936005
vn 94.867798 -31.624369 -0.00013035808
vn 90.597473 -29.933933 29.934227
vn 80.176819 -26.727047 53.454109
vn 72.388649 -48.784691 -48.784611
vn 80.17791 -53.452759 -26.7265
vn 83.444992 -55.108356 -0.00066621823
vn 80.17643 -53.454628 26.72715
vn 72.389793 -48.783615 48.783993
vn -57.735146 57.735565 57.734367
vn -63.959797 42.639557 63.96101
vn -42.642403 63.959209 63.959705
vn -48.785179 48.785213 72.387909
vn -22.94099 68.824715 68.824913
vn -26.725822 53.451138 80.179214
vn 0.0019992227 70.709969 70.711411
vn -0.00065583736 55.104126 83.447792
vn 22.940271 68.824448 68.825432
vn 26.726463 53.453373 80.177505
vn 42.640545 63.960022 63.960148
vn 48.783215 48.783371 72.39048
vn 57.736458 57.73399 57.734638
vn 63.96104 42.639626 63.959721
vn -68.824944 22.940981 68.824707
vn -53.451134 26.725496 80.179329
vn -29.934294 29.934263 90.597343
vn 6.1257742e-05 31.623812 94.867989
vn 29.935863 29.935709 90.596336
vn 53.453773 26.727034 80.17704
vn 68.824554 22.941162 68.825027
vn -70.710358 -0.00020310188 70.711006
vn -55.104668 0.00075001211 83.447441
vn -31.624239 -0.00032134051 94.867844
vn -0.00012805777 -5.5771328e-05 100
vn 31.6241 0.00051074894 94.867889
vn 55.108814 0.00075440924 83.444687
vn 70.710632 -9.4944102e-05 70.710716
vn -68.824577 -22.941158 68.825005
vn -53.452908 -26.726379 80.177849
vn -29.935867 -29.935287 90.596481
vn 1.0570511e-05 -31.624165 94.867874
vn 29.937416 -29.936989 90.595406
vn 53.45459 -26.727156 80.176476
vn 68.825188 -22.94133 68.824326
vn -63.960899 -42.63974 63.959789
vn -48.784603 -48.784756 72.388603
vn -26.726324 -53.452969 80.177826
vn -0.00073434785 -55.108181 83.445114
vn 26.7258 -53.451115 80.179237
vn 48.78418 -48.783466 72.389763
vn 63.95977 -42.639542 63.961056
vn -57.735126 -57.734219 57.735737
vn -42.640926 -63.959904 63.960022
vn -22.939453 -68.824013 68.826126
vn 0.0034372322 -70.712265 70.709099
vn 22.940754 -68.825836 68.823883
vn 42.641109 -63.958908 63.96088
vn 57.736797 -57.734417 57.73386
vn 57.735027 57.735119 -57.734932
vn 42.642395 63.959438 -63.959484
vn 63.959831 63.961002 -42.639515
vn 48.784809 72.388359 -48.784908
vn 68.825165 68.824562 -22.940681
vn 53.450699 80.179558 -26.725664
vn 70.711121 70.710236 -0.00022517488
vn 55.104488 83.447556 -0.00069406617
vn 68.824669 68.825066 22.940716
vn 53.452873 80.177628 26.727095
vn 63.961063 63.959869 42.639378
vn 48.783157 72.391014 48.782631
vn 22.940752 68.824783 -68.824936
vn 26.725546 80.179558 -53.450745
vn 29.933912 90.597519 -29.934067
vn 31.623852 94.867966 0.00030382472
vn 29.935404 90.596573 29.935493
vn 26.727072 80.177681 53.452816
vn 0.0032028067 70.710251 -70.711113
vn 0.00075283239 83.447556 -55.104496
vn -0.00036066811 94.867928 -31.623941
vn -1.8541165e-06 100 -4.150805e-05
vn 0.00056747301 94.868004 31.623772
vn -0.00084861059 83.447563 55.104454
vn -22.940178 68.824684 -68.825226
vn -26.727041 80.177696 -53.452801
vn -29.935268 90.596581 -29.935581
vn -31.623978 94.867935 -0.00017832099
vn -29.933825 90.59758 29.934031
vn -26.725758 80.179565 53.450638
vn -42.640652 63.959938 -63.960148
vn -48.782997 72.3909 -48.782974
vn -53.452801 80.177727 -26.726915
vn -55.104511 83.447548 0.00076140475
vn -53.450703 80.179588 26.725571
vn -48.784683 72.388344 48.785069
vn -57.735928 57.734631 -57.73452
vn -63.961113 63.959694 -42.639587
vn -68.824921 68.824776 -22.940868
vn -70.71077 70.710602 -1.1762184e-05
vn -68.824852 68.824852 22.940792
vn -63.959862 63.960949 42.639576
vn 72.391106 48.782841 48.78278
vn 80.179146 53.451233 26.725819
vn 83.447792 55.10413 0.00056667288
vn 80.177521 53.453163 -26.72687
vn 72.390434 48.78352 -48.783138
vn 63.959682 42.639606 -63.961109
vn 80.179176 26.725567 53.451324
vn 90.59742 29.93413 29.934174
vn 94.867996 31.623775 -0.00010864538
vn 90.596382 29.935644 -29.93582
vn 80.177238 26.727253 -53.453407
vn 68.825035 22.940853 -68.824631
vn 83.447433 0.00067833089 55.104671
vn 94.867889 -0.00035530128 31.624121
vn 100 -8.6525528e-05 9.9751596e-05
vn 94.867844 0.00044141983 -31.624231
vn 83.447487 -0.00049938337 -55.104595
vn 70.710785 -0.00011012063 -70.710579
vn 80.177704 -26.726465 53.453098
vn 90.596519 -29.935217 29.935806
vn 94.867874 -31.624117 0.00020897217
vn 90.597656 -29.933649 -29.933996
vn 80.179886 -26.725496 -53.450302
vn 68.824379 -22.941393 -68.825134
vn 72.388397 -48.784882 48.784782
vn 80.177704 -53.453106 26.726442
vn 83.445076 -55.108238 0.00068157946
vn 80.179237 -53.45116 -26.725687
vn 72.389893 -48.783447 -48.783997
vn 63.960701 -42.639896 -63.9599
vn 63.959713 -63.961067 42.639606
vn 68.823868 -68.826118 22.939995
vn 70.710938 -70.710426 0.00048698034
vn 68.825111 -68.824249 -22.941801
vn 63.962448 -63.958778 -42.638947
vn 57.735092 -57.734367 -57.735615
vn 48.785374 48.78532 -72.387711
vn 26.725765 53.451241 -80.179153
vn 0.00055697747 55.104095 -83.447807
vn -26.726686 53.453148 -80.177589
vn -48.783154 48.783596 -72.390366
vn -63.960995 42.639702 -63.959721
vn 53.451149 26.725712 -80.179237
vn 29.933891 29.934122 -90.597527
vn -8.5472129e-05 31.623644 -94.868042
vn -29.935705 29.935499 -90.596466
vn -53.453381 26.727068 -80.177307
vn -68.824806 22.940834 -68.824867
vn 55.104702 0.00062967901 -83.447418
vn 31.624054 -0.00036850723 -94.867912
vn 0.00011470805 -9.4906638e-05 -100
vn -31.624168 0.000398231 -94.867874
vn -55.104572 -0.00046736261 -83.447495
vn -70.710236 8.6717053e-05 -70.711121
vn 53.45266 -26.726795 -80.177879
vn 29.935541 -29.935385 -90.596542
vn 0.00015422702 -31.6241 -94.867874
vn -29.937193 -29.936865 -90.595528
vn -53.454063 -26.727018 -80.176857
vn -68.824974 -22.941357 -68.824547
vn 48.784813 -48.784901 -72.388367
vn 26.726706 -53.452915 -80.177727
vn -0.00078123994 -55.104088 -83.447823
vn -26.725813 -53.450954 -80.179344
vn -48.783695 -48.783966 -72.389748
vn -63.959843 -42.640129 -63.960575
vn 42.640892 -63.959896 -63.960045
vn 22.939533 -68.82402 -68.826118
vn 0.0016082544 -70.71196 -70.709396
vn -22.940504 -68.824165 -68.825645
vn -42.641346 -63.95903 -63.960583
vn -57.736839 -57.73455 -57.733707
vn -63.959988 -63.960865 -42.639477
vn -48.78299 -72.390892 -48.782959
vn -68.826477 -68.822578 -22.942732
vn -53.454037 -80.177025 -26.726591
vn -70.71051 -70.710846 -0.00045184119
vn -55.104744 -83.447388 -0.00070706208
vn -68.82486 -68.824532 22.94175
vn -53.452354 -80.178139 26.726587
vn -63.962311 -63.958755 42.639156
vn -48.784435 -72.388718 48.784756
vn -26.726919 -80.176849 -53.454144
vn -29.935688 -90.59655 -29.935291
vn -31.625101 -94.867554 0.00017983431
vn -29.936413 -90.595985 29.936245
vn -26.726505 -80.178131 53.452419
vn -0.00070966233 -83.447342 -55.104813
vn 0.00065806491 -94.867722 -31.624647
vn 7.4165013e-07 -100 7.1450495e-06
vn -0.00052945467 -94.867607 31.624937
vn 0.00077427283 -83.447357 55.104797
vn 26.72686 -80.178062 -53.452332
vn 29.936146 -90.596001 -29.936468
vn 31.625057 -94.867577 -6.8782239e-05
vn 29.935324 -90.596573 29.935555
vn 26.726925 -80.176842 53.454144
vn 48.784897 -72.388725 -48.784283
vn 53.45248 -80.178093 -26.726498
vn 55.104816 -83.447334 0.00064992142
vn 53.454285 -80.176758 26.726894
vn 48.783348 -72.390686 48.782925
vn -72.387779 48.785324 -48.785263
vn -80.179489 53.450726 -26.725811
vn -83.447708 55.104263 -0.00063645619
vn -80.177582 53.453217 26.726591
vn -72.390617 48.783371 48.783009
vn -80.179581 26.725468 -53.45076
vn -90.597206 29.934452 -29.934528
vn -94.86795 31.623894 0.00050460722
vn -90.596214 29.935875 29.936066
vn -80.177261 26.72706 53.453461
vn -83.447365 0.00036277896 -55.104744
vn -94.867783 -0.00044227761 -31.624407
vn -100 -8.7514723e-05 -0.00012929431
vn -94.867828 0.00051969342 31.62429
vn -83.447418 -0.00040175812 55.104691
vn -80.178001 -26.726536 -53.452618
vn -90.596352 -29.935499 -29.936031
vn -94.867783 -31.62439 2.8472436e-06
vn -90.597466 -29.933872 29.934286
vn -80.176819 -26.727083 53.454094
vn -72.388649 -48.784748 -48.784554
vn -80.177895 -53.452854 -26.726355
vn -83.445015 -55.108337 -0.00076015445
vn -80.17643 -53.454639 26.72715
vn -72.389786 -48.783581 48.784027

# Mesh 'NoobGirl' with 2255 faces
g NoobGirl
usemtl Hair
f  1//1 2//2 3//3
f  4//4 5//5 6//6
f  7//7 1//8 8//9
f  8//9 1//8 3//10
f  5//11 9//12 10//13
f  10//13 6//14 5//11
f  11//15 12//16 13//17
f  11//15 14//18 12//16
f  15//19 16//20 17//21
f  18//22 16//20 15//19
f  19//23 20//24 21//25
f  22//26 23//27 24//28
f  22//26 24//28 25//29
f  26//30 25//31 24//32
f  27//33 13//34 28//35
f  13//34 27//33 11//36
f  29//37 17//38 16//39
f  17//38 29//37 30//40
f  31//41 32//42 7//43
f  31//41 7//43 8//44
f  33//45 34//46 9//47
f  34//46 10//48 9//47
f  35//49 36//50 37//51
f  38//52 19//53 39//54
f  19//53 38//52 20//55
f  40//56 23//57 22//58
f  40//56 41//59 23//57
f  42//60 28//61 43//62
f  28//61 42//60 27//63
f  44//64 30//65 29//66
f  30//65 44//64 45//67
f  46//68 47//69 38//70
f  46//68 38//70 39//71
f  48//72 40//73 49//74
f  40//73 48//72 41//75
f  50//76 51//77 52//78
f  52//78 51//77 53//79
f  32//80 54//81 55//82
f  54//81 32//80 31//83
f  36//84 56//85 57//86
f  36//84 57//86 37//87
f  58//88 59//89 60//90
f  60//90 61//91 58//88
f  62//92 34//93 33//94
f  62//92 33//94 63//95
f  64//96 65//97 66//98
f  65//97 64//96 67//99
f  68//100 69//101 70//102
f  71//103 70//102 69//101
f  70//104 72//105 68//106
f  73//107 67//108 64//109
f  67//108 73//107 74//110
f  39//111 75//112 76//113
f  75//112 39//111 19//114
f  23//115 41//116 77//117
f  41//116 78//118 77//117
f  79//119 80//120 81//121
f  80//120 79//119 82//122
f  83//123 84//124 85//125
f  86//126 82//127 79//128
f  82//127 86//126 87//129
f  87//130 88//131 82//132
f  88//131 87//130 89//133
f  59//134 58//135 73//136
f  74//137 73//136 58//135
f  90//138 91//139 92//140
f  93//141 90//138 92//140
f  91//142 94//143 95//144
f  94//143 96//145 95//144
f  97//146 84//147 98//148
f  99//149 51//150 100//151
f  51//150 99//149 53//152
f  101//153 60//154 59//155
f  60//154 101//153 102//156
f  91//157 103//158 104//159
f  104//160 105//161 91//162
f  106//163 95//164 96//165
f  96//165 107//166 106//163
f  69//167 108//168 71//169
f  108//168 69//167 109//170
f  110//171 57//172 56//173
f  57//172 110//171 111//174
f  83//175 98//176 84//177
f  112//178 93//179 113//180
f  92//181 113//180 93//179
f  104//182 114//183 105//184
f  114//183 115//185 105//184
f  103//186 114//187 104//188
f  114//187 103//186 116//189
f  117//190 84//191 97//192
f  76//193 46//194 39//195
f  46//194 76//193 118//196
f  119//197 64//198 120//199
f  64//198 119//197 73//200
f  58//201 89//202 74//203
f  89//202 58//201 88//204
f  82//205 121//206 80//207
f  121//206 82//205 88//208
f  85//209 122//210 83//211
f  122//210 85//209 123//212
f  41//213 48//214 78//215
f  48//214 124//216 78//215
f  117//217 125//218 84//219
f  19//220 21//221 75//222
f  91//223 105//224 92//225
f  92//225 105//224 113//226
f  103//227 126//228 116//229
f  126//228 103//227 106//230
f  61//231 88//232 58//233
f  88//232 61//231 121//234
f  103//235 91//236 95//237
f  103//235 95//237 106//238
f  105//239 127//240 113//241
f  127//240 105//239 115//242
f  50//243 52//244 128//245
f  129//246 130//247 112//248
f  93//249 112//248 130//247
f  107//250 96//251 131//252
f  131//252 132//253 107//250
f  101//254 59//255 119//256
f  73//257 119//256 59//255
f  133//258 134//259 135//260
f  134//259 133//258 136//261
f  137//262 135//263 138//264
f  135//263 137//262 133//265
f  138//266 139//267 137//268
f  140//269 43//270 141//271
f  43//270 140//269 42//272
f  45//273 142//274 143//275
f  142//274 45//273 44//276
f  144//277 145//278 146//279
f  144//277 146//279 147//280
f  148//281 149//282 145//283
f  148//281 145//283 144//284
f  148//285 139//286 149//287
f  112//288 150//289 129//290
f  150//289 151//291 129//290
f  152//292 107//293 132//294
f  132//294 153//295 152//292
f  154//296 155//297 156//298
f  155//297 154//296 157//299
f  158//300 155//301 159//302
f  157//303 159//302 155//301
f  160//304 161//305 162//306
f  162//306 161//305 163//307
f  161//308 164//309 163//310
f  164//309 161//308 165//311
f  65//312 67//313 84//314
f  113//315 127//316 112//317
f  127//316 150//318 112//317
f  107//319 126//320 106//321
f  126//320 107//319 152//322
f  109//323 166//324 108//325
f  166//324 109//323 167//326
f  168//327 111//328 110//329
f  111//328 168//327 169//330
f  170//331 125//332 117//333
f  90//334 130//335 171//336
f  130//335 90//334 93//337
f  131//338 94//339 172//340
f  94//339 131//338 96//341
f  89//342 84//343 74//344
f  84//343 67//345 74//344
f  173//346 79//347 174//348
f  79//347 173//346 86//349
f  159//350 175//351 158//352
f  175//351 176//353 158//352
f  165//354 177//355 164//356
f  177//355 165//354 178//357
f  179//358 180//359 181//360
f  180//359 179//358 182//361
f  181//362 180//363 183//364
f  183//364 180//363 184//365
f  174//366 81//367 185//368
f  81//367 174//366 79//369
f  118//370 186//371 46//372
f  186//371 118//370 187//373
f  85//374 89//375 87//376
f  89//375 85//374 84//377
f  124//378 48//379 188//380
f  188//380 189//381 124//378
f  190//382 83//383 122//384
f  83//383 190//382 98//385
f  191//386 120//387 66//388
f  66//388 120//387 64//389
f  122//390 123//391 192//392
f  192//392 123//391 193//393
f  194//394 102//395 101//396
f  102//395 194//394 195//397
f  136//398 196//399 134//400
f  196//399 136//398 197//401
f  146//402 198//403 147//404
f  147//404 198//403 199//405
f  200//406 98//407 190//408
f  98//407 200//406 97//409
f  77//410 201//411 23//412
f  24//413 23//412 201//411
f  202//414 101//415 119//416
f  117//417 203//418 170//419
f  203//418 204//420 170//419
f  202//421 120//422 205//423
f  202//421 119//424 120//422
f  182//425 206//426 180//427
f  206//426 182//425 207//428
f  180//429 206//430 184//431
f  184//431 206//430 208//432
f  21//433 20//434 209//435
f  210//436 156//437 155//438
f  155//438 211//439 210//436
f  212//440 144//441 147//442
f  147//442 213//443 212//440
f  214//444 161//445 215//446
f  160//447 215//446 161//445
f  129//448 151//449 159//450
f  159//450 151//449 175//451
f  155//452 158//453 211//454
f  158//453 216//455 211//454
f  217//456 166//457 167//458
f  218//459 166//457 217//456
f  165//460 161//461 214//462
f  214//462 219//463 165//460
f  168//464 220//465 221//466
f  221//466 169//467 168//464
f  153//468 132//469 164//470
f  164//470 177//471 153//468
f  38//472 222//473 223//474
f  222//473 38//472 47//475
f  223//476 20//477 38//478
f  20//477 223//476 209//479
f  224//480 225//481 40//482
f  40//482 225//481 49//483
f  22//484 224//485 40//486
f  226//487 224//485 22//484
f  227//488 136//489 133//490
f  136//489 227//488 228//491
f  26//492 229//493 25//494
f  229//495 226//496 25//497
f  226//496 22//498 25//497
f  174//499 230//500 173//501
f  101//502 202//503 194//504
f  126//505 231//506 116//507
f  116//507 231//506 232//508
f  115//509 233//510 127//511
f  233//510 115//509 234//512
f  130//513 129//514 157//515
f  157//515 129//514 159//516
f  132//517 131//518 163//519
f  163//519 164//520 132//517
f  235//521 181//522 236//523
f  181//522 235//521 179//524
f  235//525 236//526 139//527
f  236//528 181//529 237//530
f  237//530 181//529 183//531
f  139//532 236//533 237//534
f  201//535 26//536 24//537
f  176//538 216//539 158//540
f  219//541 178//542 165//543
f  127//544 233//545 150//546
f  150//546 233//545 238//547
f  152//548 231//549 126//550
f  231//549 152//548 239//551
f  171//552 157//553 154//554
f  157//553 171//552 130//555
f  240//556 241//557 242//558
f  243//559 244//560 241//561
f  244//560 243//559 245//562
f  187//563 246//564 186//565
f  246//564 187//563 247//566
f  230//567 174//568 248//569
f  163//570 172//571 162//572
f  172//571 163//570 131//573
f  248//574 185//575 249//576
f  185//575 248//574 174//577
f  250//578 193//579 251//580
f  193//579 250//578 192//581
f  245//582 252//583 244//584
f  252//583 245//582 253//585
f  238//586 151//587 150//588
f  151//587 238//586 254//589
f  153//590 239//591 152//592
f  239//591 153//590 255//593
f  116//594 256//595 114//596
f  256//595 116//594 232//597
f  114//598 257//599 115//600
f  257//599 234//601 115//600
f  258//602 141//603 259//604
f  141//603 258//602 140//605
f  143//606 260//607 261//608
f  260//607 143//606 142//609
f  213//610 147//611 199//612
f  199//612 262//613 213//610
f  263//614 99//615 100//616
f  264//617 205//618 191//619
f  191//619 205//618 120//620
f  265//621 200//622 190//623
f  265//621 190//623 266//624
f  267//625 268//626 269//627
f  268//626 267//625 270//628
f  55//629 268//626 270//628
f  268//626 55//629 54//630
f  228//631 197//632 136//633
f  197//632 228//631 271//634
f  272//635 273//636 274//637
f  273//636 272//635 275//638
f  272//635 63//639 275//638
f  272//635 62//640 63//639
f  175//641 276//642 277//643
f  175//641 277//643 176//644
f  178//645 278//646 177//647
f  279//648 177//647 278//646
f  254//649 175//650 151//651
f  175//650 254//649 276//652
f  255//653 177//654 279//655
f  177//654 255//653 153//656
f  178//657 219//658 280//659
f  192//660 266//661 122//662
f  266//661 190//663 122//662
f  185//664 281//665 282//666
f  281//665 185//664 81//667
f  144//668 283//669 148//670
f  283//669 144//668 212//671
f  283//672 139//673 148//674
f  216//675 176//676 284//677
f  285//678 286//679 203//680
f  203//680 286//679 204//681
f  285//678 287//682 286//679
f  287//682 285//678 288//683
f  288//683 289//684 287//682
f  290//685 289//684 288//683
f  291//686 205//687 292//688
f  291//686 202//689 205//687
f  293//690 195//691 194//692
f  195//691 293//690 294//693
f  295//694 133//695 137//696
f  133//695 295//694 227//697
f  295//698 137//699 139//700
f  241//701 296//702 242//703
f  296//702 241//701 244//704
f  293//705 194//706 291//707
f  202//708 291//707 194//706
f  186//709 297//710 47//711
f  186//709 47//711 46//712
f  186//713 298//714 297//715
f  298//714 186//713 246//716
f  246//716 299//717 298//714
f  299//717 246//716 300//718
f  300//718 301//719 299//717
f  301//719 300//718 302//720
f  302//720 303//721 301//719
f  303//721 302//720 304//722
f  262//723 199//724 305//725
f  305//725 306//726 262//723
f  211//727 307//728 210//729
f  307//728 211//727 308//730
f  309//731 214//732 310//733
f  310//733 214//732 215//734
f  311//735 312//736 313//737
f  312//736 314//738 313//737
f  314//738 312//736 315//739
f  315//739 316//740 314//738
f  316//740 315//739 317//741
f  317//741 318//742 316//740
f  318//742 317//741 188//743
f  188//743 319//744 318//742
f  49//745 188//746 48//747
f  188//746 49//745 319//748
f  271//749 320//750 197//751
f  320//750 271//749 321//752
f  61//753 322//754 121//755
f  322//754 61//753 323//756
f  26//757 201//758 324//759
f  278//760 280//761 325//762
f  280//761 278//760 178//763
f  86//764 85//765 87//766
f  85//765 86//764 123//767
f  326//768 250//769 251//770
f  250//769 326//768 327//771
f  125//772 65//773 84//774
f  196//775 328//776 207//777
f  207//777 328//776 329//778
f  208//779 330//780 198//781
f  330//780 208//779 331//782
f  249//783 282//784 332//785
f  282//784 249//783 185//786
f  333//787 248//788 334//789
f  248//788 333//787 230//790
f  277//791 284//792 176//793
f  284//792 277//791 335//794
f  308//795 211//796 216//797
f  216//797 336//798 308//795
f  134//799 207//800 182//801
f  207//800 134//799 196//802
f  184//803 208//804 146//805
f  208//804 198//806 146//805
f  135//807 182//808 179//809
f  182//808 135//807 134//810
f  183//811 184//812 145//813
f  184//812 146//814 145//813
f  214//815 309//816 219//817
f  309//816 337//818 219//817
f  329//819 338//820 339//821
f  338//820 329//819 328//822
f  331//823 340//824 330//825
f  340//824 331//823 341//826
f  342//827 343//828 344//829
f  344//829 343//828 256//830
f  256//831 343//832 114//833
f  345//834 343//835 342//836
f  343//835 345//834 257//837
f  114//838 343//839 257//840
f  249//841 334//842 248//843
f  81//844 346//845 281//846
f  346//845 81//844 80//847
f  60//848 102//849 347//850
f  347//850 348//851 60//848
f  240//852 243//853 241//854
f  349//855 255//856 279//857
f  349//855 279//857 350//858
f  351//859 276//860 254//861
f  276//860 351//859 352//862
f  350//863 278//864 353//865
f  278//864 350//863 279//866
f  61//867 60//868 348//869
f  348//869 323//870 61//867
f  354//871 266//872 355//873
f  266//872 354//871 265//874
f  302//875 356//876 357//877
f  356//876 302//875 300//878
f  300//878 247//879 356//876
f  247//879 300//878 246//880
f  358//881 277//882 352//883
f  352//883 277//882 276//884
f  359//885 360//886 200//887
f  359//885 200//887 265//888
f  117//889 200//887 360//886
f  200//887 117//889 97//890
f  361//891 205//892 264//893
f  205//892 361//891 292//894
f  195//895 362//896 102//897
f  362//896 347//898 102//897
f  80//899 322//900 346//901
f  322//900 80//899 121//902
f  254//903 363//904 351//905
f  363//904 254//903 238//906
f  364//907 255//908 349//909
f  255//908 364//907 239//910
f  365//911 366//912 367//913
f  366//912 365//911 368//914
f  367//913 369//915 365//911
f  369//915 367//913 338//916
f  338//917 320//918 369//919
f  320//918 338//917 328//920
f  328//920 197//921 320//918
f  197//921 328//920 196//922
f  334//923 249//924 370//925
f  173//926 123//927 86//928
f  123//927 173//926 193//929
f  371//930 372//931 373//932
f  373//932 372//931 374//933
f  375//934 371//930 373//932
f  375//934 340//935 371//930
f  305//936 340//937 375//938
f  305//936 330//939 340//937
f  199//940 330//939 305//936
f  199//940 198//941 330//939
f  376//942 326//943 377//944
f  326//943 376//942 327//945
f  378//946 354//947 355//948
f  354//947 378//946 379//949
f  363//950 238//951 380//952
f  233//953 380//952 238//951
f  381//954 239//955 364//956
f  239//955 381//954 231//957
f  380//958 233//959 382//960
f  382//960 233//959 234//961
f  284//962 336//963 216//964
f  336//963 284//962 383//965
f  337//966 280//967 219//968
f  280//967 337//966 384//969
f  308//970 385//971 386//972
f  385//971 308//970 336//973
f  309//974 387//975 337//976
f  387//975 309//974 388//977
f  325//978 353//979 278//980
f  353//979 325//978 389//981
f  266//982 250//983 355//984
f  250//983 266//982 192//985
f  390//986 391//987 392//988
f  391//987 390//986 393//989
f  394//990 392//991 391//992
f  395//993 292//994 396//995
f  292//994 395//993 291//996
f  397//997 395//993 396//995
f  395//993 397//997 398//998
f  399//999 398//998 397//997
f  398//998 399//999 400//1000
f  401//1001 400//1000 399//999
f  400//1000 401//1001 402//1002
f  403//1003 402//1002 401//1001
f  402//1002 403//1003 404//1004
f  193//1005 230//1006 251//1007
f  230//1006 193//1005 173//1008
f  333//1009 251//1007 230//1006
f  251//1007 333//1009 326//1010
f  377//1011 405//1012 376//1013
f  406//1014 373//1015 374//1016
f  406//1014 374//1016 407//1017
f  408//1018 373//1015 406//1014
f  408//1018 375//1019 373//1015
f  306//1020 375//1019 408//1018
f  306//1020 305//1021 375//1019
f  409//1022 368//1023 365//1024
f  368//1023 409//1022 410//1025
f  365//1024 411//1026 409//1022
f  411//1026 365//1024 369//1027
f  369//1027 321//1028 411//1026
f  321//1028 369//1027 320//1029
f  360//1030 412//1031 117//1032
f  413//1033 350//1034 414//1035
f  413//1033 349//1036 350//1034
f  415//1037 416//1038 417//1039
f  415//1037 417//1039 418//1040
f  388//1041 309//1042 310//1043
f  419//1044 258//1045 259//1046
f  258//1045 419//1044 420//1047
f  308//1048 386//1049 307//1050
f  358//1051 421//1052 335//1053
f  358//1051 335//1053 277//1054
f  260//1055 422//1056 261//1057
f  422//1056 260//1055 423//1058
f  424//1059 352//1060 351//1061
f  425//1062 352//1060 424//1059
f  414//1063 353//1064 426//1065
f  353//1064 414//1063 350//1066
f  427//1067 393//1068 397//1069
f  393//1068 390//1070 397//1069
f  428//1071 358//1072 425//1073
f  352//1074 425//1073 358//1072
f  335//1075 383//1076 284//1077
f  383//1076 335//1075 429//1078
f  384//1079 325//1080 280//1081
f  325//1080 384//1079 430//1082
f  431//1083 379//1084 432//1085
f  378//1086 432//1085 379//1084
f  432//1085 433//1087 431//1083
f  434//1088 431//1083 433//1087
f  435//1089 292//1090 361//1091
f  292//1090 435//1089 396//1092
f  427//1093 396//1092 435//1089
f  396//1092 427//1093 397//1094
f  436//1095 244//1096 252//1097
f  244//1096 436//1095 296//1098
f  434//1099 437//1100 438//1101
f  434//1099 439//1102 437//1100
f  440//1103 437//1100 439//1102
f  441//1104 417//1105 416//1106
f  426//1107 353//1108 389//1109
f  426//1107 389//1109 442//1110
f  405//1111 377//1112 443//1113
f  21//1114 444//1115 75//1116
f  191//1117 170//1118 204//1119
f  170//1118 191//1117 66//1120
f  66//1120 65//1121 170//1118
f  170//1118 65//1121 125//1122
f  252//1123 253//1124 445//1125
f  446//1126 364//1127 447//1128
f  364//1127 446//1126 381//1129
f  448//1130 344//1131 449//1132
f  344//1131 448//1130 342//1133
f  450//1134 363//1135 451//1136
f  380//1137 451//1136 363//1135
f  452//1138 345//1139 448//1140
f  448//1140 345//1139 342//1141
f  404//1142 453//1143 454//1144
f  453//1143 404//1142 403//1145
f  454//1146 453//1147 455//1148
f  456//1149 334//1150 457//1151
f  334//1150 456//1149 333//1152
f  458//1153 459//1154 460//1155
f  459//1154 458//1153 442//1156
f  460//1157 461//1158 458//1159
f  461//1158 460//1157 462//1160
f  189//1161 188//1162 317//1163
f  189//1161 317//1163 463//1164
f  463//1165 317//1166 315//1167
f  463//1165 315//1167 464//1168
f  315//1167 465//1169 464//1168
f  465//1169 315//1167 312//1170
f  311//1171 465//1169 312//1170
f  465//1169 311//1171 466//1172
f  311//1173 467//1174 466//1175
f  467//1174 311//1173 468//1176
f  469//1177 470//1178 471//1179
f  470//1178 469//1177 472//1180
f  473//1181 469//1182 471//1183
f  472//1184 474//1185 470//1186
f  474//1185 472//1184 475//1187
f  475//1187 476//1188 474//1185
f  476//1188 475//1187 477//1189
f  474//1190 478//1191 470//1192
f  478//1191 474//1190 479//1193
f  480//1194 470//1195 478//1196
f  471//1197 470//1195 480//1194
f  474//1198 476//1199 479//1200
f  479//1200 476//1199 421//1201
f  421//1201 476//1199 429//1202
f  335//1203 421//1201 429//1202
f  481//1204 482//1205 462//1206
f  482//1207 481//1208 483//1209
f  480//1210 478//1211 484//1212
f  484//1212 478//1211 485//1213
f  417//1214 441//1215 486//1216
f  487//1217 442//1218 389//1219
f  442//1218 487//1217 459//1220
f  389//1221 325//1222 430//1223
f  389//1221 430//1223 487//1224
f  488//1225 469//1226 473//1227
f  478//1228 479//1229 485//1230
f  485//1230 479//1229 428//1231
f  428//1231 479//1229 421//1232
f  428//1231 421//1232 358//1233
f  237//1234 183//1235 149//1236
f  183//1235 145//1237 149//1236
f  290//1238 489//1239 289//1240
f  489//1239 290//1238 490//1241
f  491//1242 489//1239 490//1241
f  490//1241 492//1243 491//1242
f  493//1244 68//1245 494//1246
f  68//1245 493//1244 69//1247
f  72//1248 494//1249 68//1250
f  495//1251 458//1252 461//1253
f  458//1252 495//1251 496//1254
f  497//1255 267//1256 269//1257
f  267//1256 497//1255 498//1258
f  496//1259 442//1260 458//1261
f  496//1259 426//1262 442//1260
f  499//1263 500//1264 501//1265
f  502//1266 499//1263 501//1265
f  499//1263 502//1266 503//1267
f  500//1264 499//1263 504//1268
f  504//1268 505//1269 500//1264
f  504//1268 506//1270 505//1269
f  506//1271 507//1272 505//1273
f  505//1273 507//1272 508//1274
f  218//1275 503//1276 502//1277
f  503//1276 218//1275 217//1278
f  273//1279 509//1280 274//1281
f  509//1280 273//1279 510//1282
f  511//1283 512//1284 513//1285
f  512//1284 514//1286 513//1285
f  515//1287 513//1285 514//1286
f  512//1284 511//1283 516//1288
f  511//1283 517//1289 516//1288
f  517//1289 511//1283 518//1290
f  518//1291 220//1292 517//1293
f  518//1291 221//1294 220//1292
f  514//1295 519//1296 515//1297
f  519//1296 514//1295 520//1298
f  324//1299 201//1300 521//1301
f  201//1300 77//1302 521//1301
f  481//1303 460//1304 522//1305
f  460//1304 481//1303 462//1306
f  459//1307 522//1305 460//1304
f  522//1305 459//1307 523//1308
f  487//1309 523//1308 459//1307
f  523//1308 487//1309 524//1310
f  525//1311 462//1312 482//1313
f  462//1312 525//1311 461//1314
f  526//1315 527//1316 528//1317
f  488//1318 498//1319 497//1320
f  498//1319 488//1318 473//1321
f  355//1322 327//1323 529//1324
f  327//1323 355//1322 250//1325
f  510//1326 483//1327 509//1328
f  483//1327 510//1326 482//1329
f  530//1330 471//1331 480//1332
f  471//1331 530//1330 473//1333
f  477//1334 429//1335 476//1336
f  429//1335 477//1334 531//1337
f  532//1338 429//1339 531//1340
f  429//1339 532//1338 383//1341
f  385//1342 383//1343 532//1344
f  383//1343 385//1342 336//1345
f  138//1346 179//1347 235//1348
f  179//1347 138//1346 135//1349
f  139//1350 138//1351 235//1352
f  480//1353 533//1354 530//1355
f  484//1356 533//1354 480//1353
f  467//1357 461//1358 525//1359
f  467//1357 495//1360 461//1358
f  370//1361 249//1362 332//1363
f  370//1361 332//1363 534//1364
f  535//1365 370//1366 534//1367
f  536//1368 294//1369 293//1370
f  294//1369 536//1368 537//1371
f  537//1371 536//1368 538//1372
f  539//1373 537//1374 538//1375
f  538//1375 540//1376 539//1373
f  540//1376 538//1375 541//1377
f  541//1377 542//1378 540//1376
f  542//1378 541//1377 543//1379
f  543//1380 544//1381 542//1382
f  544//1381 543//1380 545//1383
f  362//1384 294//1385 546//1386
f  294//1385 362//1384 195//1387
f  546//1388 537//1389 547//1390
f  537//1389 546//1388 294//1391
f  548//1392 420//1393 419//1394
f  420//1393 548//1392 549//1395
f  423//1396 550//1397 422//1398
f  550//1397 423//1396 551//1399
f  237//1400 149//1400 139//1401
f  430//1402 524//1403 487//1404
f  524//1403 430//1402 552//1405
f  384//1406 552//1407 430//1408
f  552//1407 384//1406 553//1409
f  337//1410 387//1411 553//1412
f  553//1412 384//1413 337//1410
f  533//1414 304//1415 554//1416
f  304//1415 533//1414 555//1417
f  304//1418 357//1419 554//1420
f  357//1419 304//1418 302//1421
f  556//1422 425//1423 557//1424
f  425//1423 424//1425 557//1424
f  558//1426 559//1427 560//1428
f  382//1429 257//1430 345//1431
f  257//1430 382//1429 234//1432
f  344//1433 256//1434 561//1435
f  561//1435 256//1434 232//1436
f  485//1437 428//1438 556//1439
f  425//1440 556//1439 428//1438
f  562//1441 414//1442 563//1443
f  562//1441 413//1444 414//1442
f  431//1445 438//1446 564//1447
f  431//1445 434//1448 438//1446
f  565//1449 527//1450 566//1451
f  565//1449 528//1452 527//1450
f  456//1453 326//1454 333//1455
f  326//1454 456//1453 567//1456
f  507//1457 304//1458 555//1459
f  304//1458 507//1457 303//1460
f  555//1461 568//1462 507//1463
f  569//1464 507//1463 568//1462
f  519//1465 570//1466 468//1467
f  570//1466 519//1465 571//1468
f  311//1469 519//1470 468//1471
f  519//1470 311//1469 313//1472
f  572//1473 486//1474 441//1475
f  563//1476 426//1477 496//1478
f  426//1477 563//1476 414//1479
f  573//1480 313//1481 314//1482
f  313//1481 573//1480 515//1483
f  519//1484 313//1481 515//1483
f  314//1482 574//1485 573//1480
f  574//1485 314//1482 316//1486
f  318//1487 574//1485 316//1486
f  574//1485 318//1487 575//1488
f  319//1489 575//1490 318//1491
f  575//1490 319//1489 576//1492
f  49//1493 576//1492 319//1489
f  576//1492 49//1493 225//1494
f  577//1495 427//1496 289//1497
f  289//1497 427//1496 435//1498
f  303//1499 578//1500 301//1501
f  578//1500 303//1499 506//1502
f  303//1499 507//1503 506//1502
f  579//1504 301//1501 578//1500
f  301//1501 579//1504 299//1505
f  579//1504 298//1506 299//1505
f  298//1506 579//1504 580//1507
f  580//1508 297//1509 298//1510
f  297//1509 580//1508 581//1511
f  581//1511 47//1512 297//1509
f  47//1512 581//1511 222//1513
f  395//1514 538//1515 536//1516
f  293//1517 395//1518 536//1519
f  395//1518 293//1517 291//1520
f  398//1521 538//1522 395//1523
f  398//1521 582//1524 538//1522
f  582//1524 398//1521 400//1525
f  400//1526 583//1527 582//1528
f  583//1527 400//1526 402//1529
f  584//1530 405//1531 585//1532
f  585//1532 405//1531 443//1533
f  586//1534 584//1535 585//1536
f  587//1537 584//1535 586//1534
f  588//1538 587//1537 586//1534
f  565//1539 587//1537 588//1538
f  588//1538 589//1540 565//1539
f  528//1541 565//1539 589//1540
f  590//1542 491//1543 492//1544
f  548//1545 530//1546 549//1547
f  549//1547 530//1546 533//1548
f  551//1549 525//1550 550//1551
f  525//1550 551//1549 467//1552
f  264//1553 204//1554 286//1555
f  204//1554 264//1553 191//1556
f  457//1557 370//1558 535//1559
f  370//1558 457//1557 334//1560
f  591//1561 457//1562 535//1563
f  457//1562 591//1561 592//1564
f  593//1565 592//1566 591//1567
f  592//1566 593//1565 594//1568
f  594//1569 595//1570 596//1571
f  594//1569 593//1572 595//1570
f  456//1573 597//1574 598//1575
f  598//1575 567//1576 456//1573
f  599//1577 598//1578 597//1579
f  599//1577 597//1579 600//1580
f  600//1581 418//1582 599//1583
f  600//1581 415//1584 418//1582
f  601//1585 203//1586 412//1587
f  602//1588 603//1589 604//1590
f  434//1591 605//1592 439//1593
f  605//1592 434//1591 433//1594
f  440//1595 439//1596 605//1597
f  484//1598 555//1599 533//1600
f  555//1599 484//1598 568//1601
f  568//1602 556//1603 569//1604
f  569//1604 556//1603 557//1605
f  207//1606 606//1607 206//1608
f  606//1607 207//1606 329//1609
f  329//1609 607//1610 606//1607
f  607//1610 329//1609 339//1611
f  339//1611 608//1612 607//1610
f  608//1612 339//1611 609//1613
f  609//1613 610//1614 608//1612
f  610//1614 609//1613 611//1615
f  611//1615 612//1616 610//1614
f  612//1616 611//1615 613//1617
f  571//1618 563//1619 570//1620
f  563//1619 571//1618 562//1621
f  614//1622 608//1623 610//1624
f  341//1625 608//1623 614//1622
f  614//1622 610//1624 615//1626
f  607//1627 608//1623 341//1625
f  610//1624 612//1628 615//1626
f  615//1626 612//1628 616//1629
f  331//1630 607//1627 341//1625
f  331//1630 606//1631 607//1627
f  208//1632 606//1631 331//1630
f  208//1632 206//1633 606//1631
f  485//1634 568//1635 484//1636
f  568//1635 485//1634 556//1637
f  603//1638 602//1639 617//1640
f  468//1641 495//1642 467//1643
f  495//1642 468//1641 570//1644
f  289//1645 435//1646 287//1647
f  287//1647 435//1646 361//1648
f  618//1649 37//1650 57//1651
f  37//1650 618//1649 619//1652
f  619//1653 35//1654 37//1655
f  620//1656 381//1657 446//1658
f  381//1657 620//1656 561//1659
f  446//1660 621//1661 620//1662
f  621//1661 446//1660 622//1663
f  622//1664 623//1665 621//1666
f  623//1665 622//1664 624//1667
f  624//1668 625//1669 623//1670
f  625//1669 624//1668 626//1671
f  374//1672 625//1673 626//1674
f  372//1675 625//1673 374//1672
f  231//1676 561//1677 232//1678
f  561//1677 231//1676 381//1679
f  627//1680 628//1681 629//1682
f  630//1683 629//1682 628//1681
f  628//1684 451//1685 630//1686
f  630//1686 451//1685 631//1687
f  631//1688 380//1689 382//1690
f  451//1691 380//1689 631//1688
f  597//1692 457//1693 592//1694
f  457//1693 597//1692 456//1695
f  592//1694 600//1696 597//1692
f  600//1696 592//1694 594//1697
f  632//1698 602//1699 604//1700
f  577//1701 633//1702 393//1703
f  577//1701 393//1703 427//1704
f  634//1705 635//1706 636//1707
f  570//1708 496//1709 495//1710
f  496//1709 570//1708 563//1711
f  287//1712 361//1713 286//1714
f  286//1714 361//1713 264//1715
f  627//1716 637//1717 638//1718
f  629//1719 637//1717 627//1716
f  622//1720 447//1721 639//1722
f  447//1721 622//1720 446//1723
f  640//1724 450//1725 628//1726
f  628//1726 450//1725 451//1727
f  617//1728 545//1729 603//1730
f  545//1729 617//1728 544//1731
f  27//1732 641//1733 642//1734
f  641//1733 27//1732 42//1735
f  642//1734 11//1736 27//1732
f  11//1736 642//1734 643//1737
f  643//1737 14//1738 11//1736
f  644//1739 29//1740 645//1741
f  29//1740 644//1739 44//1742
f  16//1743 645//1741 29//1740
f  646//1744 645//1741 16//1743
f  18//1745 646//1744 16//1743
f  502//1746 647//1747 648//1748
f  647//1747 502//1746 501//1749
f  648//1748 218//1750 502//1746
f  218//1750 648//1748 649//1751
f  649//1751 166//1752 218//1750
f  166//1752 649//1751 650//1753
f  650//1753 108//1754 166//1752
f  108//1754 650//1753 651//1755
f  651//1755 71//1756 108//1754
f  71//1756 651//1755 652//1757
f  653//1758 654//1759 517//1760
f  517//1760 654//1759 516//1761
f  220//1762 653//1758 517//1760
f  655//1763 653//1758 220//1762
f  168//1764 655//1763 220//1762
f  656//1765 655//1763 168//1764
f  110//1766 656//1765 168//1764
f  657//1767 656//1765 110//1766
f  56//1768 657//1767 110//1766
f  658//1769 657//1767 56//1768
f  538//1770 659//1771 541//1772
f  659//1771 538//1770 660//1773
f  543//1774 541//1772 659//1771
f  659//1771 661//1775 543//1774
f  545//1776 543//1777 661//1778
f  661//1778 662//1779 545//1776
f  603//1780 545//1776 662//1779
f  662//1779 663//1781 603//1780
f  587//1782 566//1783 664//1784
f  566//1783 587//1782 565//1785
f  508//1786 569//1787 665//1788
f  569//1787 508//1786 507//1789
f  557//1790 665//1791 569//1792
f  665//1791 557//1790 640//1793
f  557//1790 424//1794 640//1793
f  640//1793 424//1794 450//1795
f  424//1796 351//1797 450//1798
f  450//1798 351//1797 363//1799
f  520//1800 571//1801 519//1802
f  571//1801 520//1800 666//1803
f  666//1804 562//1805 571//1806
f  562//1805 666//1804 639//1807
f  639//1807 413//1808 562//1805
f  413//1808 639//1807 447//1809
f  447//1810 349//1811 413//1812
f  349//1811 447//1810 364//1813
f  376//1814 667//1815 529//1816
f  376//1814 529//1816 327//1817
f  626//1818 666//1819 668//1820
f  666//1819 626//1818 624//1821
f  624//1822 639//1823 666//1824
f  639//1823 624//1822 622//1825
f  368//1826 637//1827 366//1828
f  637//1827 368//1826 638//1829
f  612//1830 669//1831 616//1832
f  616//1832 669//1831 670//1833
f  669//1831 671//1834 670//1833
f  670//1833 671//1834 672//1835
f  671//1834 449//1836 672//1835
f  449//1836 671//1834 448//1837
f  665//1838 640//1839 627//1840
f  628//1841 627//1840 640//1839
f  627//1842 638//1843 665//1844
f  673//1845 665//1844 638//1843
f  613//1846 669//1847 612//1848
f  669//1847 613//1846 674//1849
f  674//1849 671//1850 669//1847
f  671//1850 674//1849 675//1851
f  675//1851 452//1852 671//1850
f  671//1850 452//1852 448//1853
f  604//1854 603//1855 663//1856
f  663//1856 676//1857 604//1854
f  265//1858 354//1859 677//1860
f  677//1860 359//1861 265//1858
f  676//1862 632//1863 604//1864
f  572//1865 678//1866 679//1867
f  680//1868 658//1869 36//1870
f  36//1870 658//1869 56//1871
f  35//1872 680//1873 36//1874
f  374//1875 668//1876 407//1877
f  668//1876 374//1875 626//1878
f  633//1879 681//1880 391//1881
f  633//1879 391//1881 393//1882
f  673//1883 368//1884 410//1885
f  368//1884 673//1883 638//1886
f  667//1887 405//1888 682//1889
f  405//1888 667//1887 376//1890
f  673//1891 508//1892 665//1893
f  682//1894 584//1895 683//1896
f  584//1895 682//1894 405//1897
f  341//1898 371//1899 340//1900
f  371//1899 341//1898 614//1901
f  614//1901 372//1902 371//1899
f  372//1902 614//1901 615//1903
f  615//1904 625//1905 372//1906
f  625//1905 615//1904 616//1907
f  616//1908 670//1909 625//1910
f  625//1910 670//1909 623//1911
f  670//1909 672//1912 623//1911
f  623//1911 672//1912 621//1913
f  672//1912 449//1914 621//1913
f  621//1913 449//1914 620//1915
f  449//1916 344//1917 620//1918
f  620//1918 344//1917 561//1919
f  436//1920 252//1921 445//1922
f  367//1923 366//1924 609//1925
f  609//1925 366//1924 611//1926
f  339//1927 367//1923 609//1925
f  367//1923 339//1927 338//1928
f  366//1929 637//1930 611//1931
f  611//1931 637//1930 613//1932
f  637//1933 674//1934 613//1935
f  674//1934 637//1933 629//1936
f  629//1936 675//1937 674//1934
f  675//1937 629//1936 630//1938
f  630//1938 452//1939 675//1937
f  452//1939 630//1938 631//1940
f  631//1941 345//1942 452//1943
f  345//1942 631//1941 382//1944
f  587//1945 683//1946 584//1947
f  683//1946 587//1945 664//1948
f  378//1949 684//1950 685//1951
f  684//1950 378//1949 355//1952
f  564//1953 379//1954 431//1955
f  379//1954 564//1953 686//1956
f  412//1957 203//1958 117//1959
f  514//1960 668//1961 520//1962
f  668//1961 514//1960 407//1963
f  520//1964 668//1965 666//1966
f  51//1967 687//1968 688//1969
f  687//1968 51//1967 50//1970
f  526//1971 528//1972 589//1973
f  681//1974 394//1975 391//1976
f  501//1977 409//1978 647//1979
f  409//1978 501//1977 500//1980
f  500//1980 410//1981 409//1978
f  410//1981 500//1980 505//1982
f  516//1983 406//1984 512//1985
f  406//1984 516//1983 654//1986
f  407//1987 512//1985 406//1984
f  512//1985 407//1987 514//1988
f  689//1989 455//1990 690//1991
f  691//1992 596//1993 692//1994
f  595//1995 692//1994 596//1993
f  691//1996 679//1997 678//1998
f  679//1997 691//1996 692//1999
f  505//2000 673//2001 410//2002
f  673//2001 505//2000 508//2003
f  693//2004 590//2005 694//2006
f  695//2007 402//2008 404//2009
f  402//2008 695//2007 583//2010
f  696//2011 404//2012 454//2013
f  404//2012 696//2011 695//2014
f  697//2015 491//2016 590//2017
f  473//2018 548//2019 498//2020
f  548//2019 473//2018 530//2021
f  698//2022 498//2023 548//2024
f  498//2023 698//2022 267//2025
f  550//2026 482//2027 510//2028
f  482//2027 550//2026 525//2029
f  510//2030 699//2031 550//2032
f  699//2031 510//2030 273//2033
f  572//2034 441//2035 678//2036
f  549//2037 357//2038 420//2039
f  357//2038 549//2037 554//2040
f  554//2040 549//2037 533//2041
f  700//2042 420//2043 357//2044
f  420//2043 700//2042 258//2045
f  701//2046 258//2047 700//2048
f  140//2049 258//2047 701//2046
f  701//2050 42//2051 140//2052
f  42//2051 701//2050 641//2053
f  465//2054 551//2055 423//2056
f  551//2055 465//2054 466//2057
f  551//2055 466//2057 467//2058
f  423//2059 702//2060 465//2061
f  702//2060 423//2059 260//2062
f  260//2063 703//2064 702//2065
f  703//2064 260//2063 142//2066
f  44//2067 703//2068 142//2069
f  703//2068 44//2067 644//2070
f  687//2071 50//2072 128//2073
f  688//2074 100//2075 51//2076
f  100//2075 688//2074 704//2077
f  415//2078 594//2079 596//2080
f  594//2079 415//2078 600//2081
f  705//2082 392//2083 394//2084
f  706//2085 295//2086 139//2087
f  694//2088 707//2089 693//2090
f  693//2090 707//2089 708//2091
f  691//2092 678//2093 416//2094
f  678//2093 441//2095 416//2094
f  491//2096 709//2097 489//2098
f  709//2097 491//2096 697//2099
f  686//2100 677//2101 354//2102
f  686//2100 354//2102 379//2103
f  596//2104 691//2105 415//2106
f  691//2105 416//2107 415//2106
f  632//2108 710//2109 602//2110
f  285//2111 601//2112 711//2113
f  601//2112 285//2111 203//2114
f  617//2115 712//2116 544//2117
f  712//2116 617//2115 713//2118
f  558//2119 560//2120 714//2121
f  715//2122 558//2123 716//2124
f  558//2123 715//2122 559//2125
f  717//2126 273//2127 275//2128
f  273//2127 717//2126 699//2129
f  270//2130 267//2131 718//2132
f  718//2132 267//2131 698//2133
f  489//2134 719//2135 289//2136
f  719//2135 489//2134 709//2137
f  720//2138 378//2139 685//2140
f  378//2139 720//2138 432//2141
f  602//2142 713//2143 617//2144
f  713//2143 602//2142 710//2145
f  544//2146 721//2147 542//2148
f  721//2147 544//2146 712//2149
f  70//2150 652//2151 722//2152
f  652//2151 70//2150 71//2153
f  722//2152 72//2154 70//2150
f  723//2155 275//2156 63//2157
f  275//2156 723//2155 717//2158
f  270//2159 724//2160 55//2161
f  724//2160 270//2159 718//2162
f  725//2163 632//2164 726//2165
f  727//2166 728//2167 729//2168
f  730//2169 729//2168 728//2167
f  729//2170 708//2171 727//2172
f  707//2173 727//2172 708//2171
f  539//2174 547//2175 537//2176
f  547//2175 539//2174 731//2177
f  540//2178 731//2177 539//2174
f  731//2177 540//2178 732//2179
f  542//2180 732//2179 540//2178
f  732//2179 542//2180 721//2181
f  390//2182 392//2183 705//2184
f  705//2184 733//2185 390//2182
f  734//2186 735//2187 736//2188
f  735//2187 734//2186 737//2189
f  737//2189 738//2190 735//2187
f  738//2190 737//2189 739//2191
f  739//2191 740//2192 738//2190
f  740//2192 739//2191 741//2193
f  326//2194 742//2195 377//2196
f  742//2195 326//2194 743//2197
f  742//2198 443//2199 377//2200
f  443//2199 742//2198 744//2201
f  726//2202 745//2203 725//2204
f  745//2203 726//2202 746//2205
f  747//2206 748//2207 290//2208
f  747//2206 290//2208 288//2209
f  711//2210 288//2211 285//2212
f  288//2211 711//2210 747//2213
f  749//2214 283//2215 212//2216
f  283//2215 749//2214 750//2217
f  139//2218 283//2215 750//2217
f  263//2219 100//2220 704//2221
f  751//2222 741//2223 752//2224
f  741//2223 751//2222 740//2225
f  397//2226 390//2227 733//2228
f  733//2228 753//2229 397//2226
f  730//2230 715//2231 716//2232
f  715//2231 730//2230 728//2233
f  690//2234 754//2235 755//2236
f  756//2237 483//2238 757//2239
f  483//2238 756//2237 509//2240
f  488//2241 758//2242 759//2243
f  758//2242 488//2241 497//2244
f  760//2245 63//2246 33//2247
f  63//2246 760//2245 723//2248
f  9//2249 760//2250 33//2251
f  761//2252 760//2250 9//2249
f  762//2253 55//2254 724//2255
f  55//2254 762//2253 32//2256
f  762//2257 7//2258 32//2259
f  7//2258 762//2257 763//2260
f  2//2261 764//2262 3//2263
f  765//2264 4//2265 6//2266
f  490//2267 290//2268 748//2269
f  748//2269 766//2270 490//2267
f  752//2271 746//2272 751//2273
f  746//2272 752//2271 745//2274
f  767//2275 634//2276 636//2277
f  634//2276 767//2275 768//2278
f  481//2279 769//2280 525//2281
f  769//2280 481//2279 770//2282
f  438//2283 437//2284 771//2285
f  771//2285 772//2286 438//2283
f  771//2285 437//2284 440//2287
f  397//2288 773//2289 399//2290
f  773//2289 397//2288 753//2291
f  401//2292 399//2293 773//2294
f  401//2292 773//2294 774//2295
f  775//2296 401//2297 774//2298
f  401//2297 775//2296 403//2299
f  776//2300 777//2301 778//2302
f  778//2302 777//2301 779//2303
f  634//2304 780//2305 635//2306
f  781//2307 417//2308 780//2309
f  417//2308 781//2307 418//2310
f  263//2311 782//2312 99//2313
f  455//2314 696//2315 454//2316
f  783//2317 69//2318 493//2319
f  69//2318 783//2317 109//2320
f  784//2321 57//2322 111//2323
f  57//2322 784//2321 618//2324
f  766//2325 785//2326 492//2327
f  766//2325 492//2327 490//2328
f  295//2329 786//2330 227//2331
f  786//2330 295//2329 706//2332
f  590//2333 492//2334 785//2335
f  787//2336 635//2337 780//2338
f  757//2339 483//2340 481//2341
f  780//2342 417//2343 486//2344
f  782//2345 788//2346 99//2347
f  53//2348 99//2347 788//2346
f  789//2349 790//2350 139//2351
f  791//2352 792//2353 793//2354
f  793//2354 506//2355 791//2352
f  794//2356 455//2357 453//2358
f  795//2359 796//2360 797//2361
f  796//2360 798//2362 797//2361
f  433//2363 720//2364 799//2365
f  720//2364 433//2363 432//2366
f  756//2367 800//2368 509//2369
f  800//2368 274//2370 509//2369
f  800//2368 801//2371 274//2370
f  801//2371 272//2372 274//2370
f  801//2373 62//2374 272//2375
f  62//2374 801//2373 802//2376
f  803//2377 758//2378 497//2379
f  497//2379 269//2380 803//2377
f  804//2381 803//2377 269//2380
f  269//2380 268//2382 804//2381
f  54//2383 804//2384 268//2385
f  804//2384 54//2383 805//2386
f  585//2387 744//2388 806//2389
f  744//2388 585//2387 443//2390
f  807//2391 808//2392 809//2393
f  810//2394 811//2395 812//2396
f  812//2396 813//2397 810//2394
f  635//2398 787//2399 814//2400
f  815//2401 816//2402 817//2403
f  816//2402 815//2401 818//2404
f  780//2405 486//2406 572//2407
f  819//2408 820//2409 821//2410
f  820//2409 819//2408 822//2411
f  823//2412 819//2408 821//2410
f  819//2408 823//2412 824//2413
f  814//2414 825//2415 636//2416
f  814//2414 636//2416 635//2417
f  826//2418 827//2419 673//2420
f  673//2420 410//2421 826//2418
f  409//2422 826//2423 410//2424
f  826//2423 409//2422 828//2425
f  411//2426 828//2425 409//2422
f  828//2425 411//2426 829//2427
f  321//2428 829//2427 411//2426
f  829//2427 321//2428 830//2429
f  787//2430 572//2431 679//2432
f  52//2433 831//2434 128//2435
f  832//2436 755//2437 754//2438
f  755//2437 832//2436 833//2439
f  780//2440 572//2441 787//2442
f  403//2443 794//2444 453//2445
f  794//2444 403//2443 775//2446
f  834//2447 815//2448 835//2449
f  835//2449 815//2448 836//2450
f  817//2451 836//2450 815//2448
f  836//2450 817//2451 837//2452
f  838//2453 837//2454 817//2455
f  837//2454 838//2453 668//2456
f  839//2457 406//2458 407//2459
f  406//2458 839//2457 840//2460
f  840//2460 408//2461 406//2458
f  408//2461 840//2460 841//2462
f  841//2462 306//2463 408//2461
f  306//2463 841//2462 842//2464
f  668//2465 839//2466 407//2467
f  839//2466 668//2465 838//2468
f  788//2469 831//2470 53//2471
f  52//2472 53//2471 831//2470
f  810//2473 827//2474 843//2475
f  827//2474 810//2473 673//2476
f  759//2477 844//2478 469//2479
f  469//2479 488//2480 759//2477
f  394//2481 845//2482 846//2483
f  847//2484 843//2485 848//2486
f  843//2485 847//2484 849//2487
f  850//2488 849//2487 847//2484
f  849//2487 850//2488 851//2489
f  827//2490 848//2491 843//2492
f  848//2491 827//2490 852//2493
f  853//2494 851//2495 850//2496
f  851//2495 853//2494 854//2497
f  855//2498 856//2499 857//2500
f  856//2499 515//2501 857//2500
f  858//2502 855//2503 857//2504
f  857//2504 859//2505 858//2502
f  779//2506 860//2507 861//2508
f  860//2507 779//2506 777//2509
f  109//2510 862//2511 167//2512
f  862//2511 109//2510 783//2513
f  863//2514 864//2515 865//2516
f  865//2516 866//2517 863//2514
f  866//2517 867//2518 863//2514
f  867//2518 866//2517 868//2519
f  852//2520 865//2521 864//2522
f  864//2522 869//2523 852//2520
f  870//2524 871//2525 872//2526
f  871//2525 870//2524 873//2527
f  874//2528 873//2527 870//2524
f  873//2527 874//2528 875//2529
f  876//2530 875//2531 874//2532
f  875//2531 876//2530 877//2533
f  878//2534 111//2535 169//2536
f  111//2535 878//2534 784//2537
f  879//2538 736//2539 880//2540
f  736//2539 879//2538 734//2541
f  809//2542 881//2543 807//2544
f  881//2543 809//2542 882//2545
f  883//2546 884//2547 885//2548
f  885//2548 554//2549 883//2546
f  819//2550 848//2551 822//2552
f  848//2551 819//2550 847//2553
f  819//2550 850//2554 847//2553
f  850//2554 819//2550 824//2555
f  869//2556 822//2557 848//2558
f  848//2558 852//2559 869//2556
f  812//2560 886//2561 887//2562
f  887//2562 888//2563 812//2560
f  888//2563 813//2564 812//2560
f  813//2564 888//2563 889//2565
f  889//2566 792//2567 813//2568
f  792//2567 889//2566 793//2569
f  796//2570 890//2571 798//2572
f  890//2571 891//2573 798//2572
f  816//2574 877//2575 876//2576
f  877//2575 816//2574 892//2577
f  852//2578 826//2579 865//2580
f  826//2579 852//2578 827//2581
f  839//2582 838//2583 876//2584
f  876//2584 874//2585 839//2582
f  893//2586 894//2587 477//2588
f  527//2589 808//2590 566//2591
f  808//2590 527//2589 895//2592
f  895//2593 527//2594 526//2595
f  896//2596 499//2597 897//2598
f  499//2597 896//2596 504//2599
f  896//2596 506//2600 504//2599
f  506//2600 896//2596 791//2601
f  499//2602 503//2603 897//2604
f  897//2604 503//2603 898//2605
f  882//2606 899//2607 881//2608
f  899//2607 882//2606 900//2609
f  901//2610 511//2611 513//2612
f  511//2611 901//2610 902//2613
f  515//2614 901//2610 513//2612
f  901//2610 515//2614 856//2615
f  518//2616 511//2617 902//2618
f  902//2618 903//2619 518//2616
f  904//2620 797//2621 905//2622
f  797//2621 904//2620 795//2623
f  906//2624 904//2625 905//2626
f  906//2624 905//2626 907//2627
f  844//2628 908//2629 472//2630
f  472//2630 469//2631 844//2628
f  550//2632 525//2633 909//2634
f  769//2635 909//2634 525//2633
f  909//2636 910//2637 550//2638
f  910//2637 422//2639 550//2638
f  422//2639 910//2637 911//2640
f  911//2640 261//2641 422//2639
f  911//2642 143//2643 261//2644
f  143//2643 911//2642 912//2645
f  913//2646 885//2647 530//2648
f  530//2648 548//2649 913//2646
f  914//2650 913//2651 548//2652
f  548//2652 419//2653 914//2650
f  914//2650 419//2653 915//2654
f  419//2653 259//2655 915//2654
f  141//2656 915//2657 259//2658
f  915//2657 141//2656 916//2659
f  900//2660 917//2661 899//2662
f  917//2661 900//2660 918//2663
f  9//2664 5//2665 761//2666
f  5//2665 919//2667 761//2666
f  4//2668 919//2669 5//2670
f  1//2671 7//2672 763//2673
f  763//2673 920//2674 1//2671
f  920//2675 2//2676 1//2677
f  817//2678 876//2679 838//2680
f  876//2679 817//2678 816//2681
f  811//2682 921//2683 886//2684
f  886//2684 812//2685 811//2682
f  818//2686 834//2687 922//2688
f  834//2687 818//2686 815//2689
f  167//2690 923//2691 217//2692
f  923//2691 167//2690 862//2693
f  924//2694 169//2695 221//2696
f  169//2695 924//2694 878//2697
f  845//2698 925//2699 846//2700
f  926//2701 846//2700 925//2699
f  858//2702 927//2703 928//2704
f  927//2703 858//2702 859//2705
f  310//2706 894//2707 388//2708
f  821//2709 820//2710 892//2711
f  821//2709 892//2711 929//2712
f  823//2713 821//2709 929//2712
f  823//2713 929//2712 930//2714
f  877//2715 892//2716 820//2717
f  820//2717 931//2718 877//2715
f  930//2719 932//2720 823//2721
f  932//2720 930//2719 933//2722
f  931//2723 875//2724 877//2725
f  875//2724 931//2723 934//2726
f  934//2726 873//2727 875//2724
f  873//2727 934//2726 935//2728
f  873//2727 935//2728 871//2729
f  935//2728 936//2730 871//2729
f  871//2729 936//2730 937//2731
f  936//2730 938//2732 937//2731
f  937//2731 938//2732 939//2733
f  940//2734 939//2733 938//2732
f  941//2735 767//2736 942//2737
f  941//2735 942//2737 943//2738
f  944//2739 776//2740 945//2741
f  778//2742 945//2741 776//2740
f  598//2743 946//2744 947//2745
f  946//2744 598//2743 599//2746
f  418//2747 946//2748 599//2749
f  946//2748 418//2747 781//2750
f  948//2751 930//2752 922//2753
f  930//2752 948//2751 933//2754
f  929//2755 922//2756 930//2757
f  922//2756 929//2755 818//2758
f  892//2759 818//2760 929//2761
f  818//2760 892//2759 816//2762
f  843//2763 849//2764 811//2765
f  811//2765 810//2766 843//2763
f  921//2767 811//2768 849//2769
f  849//2769 851//2770 921//2767
f  949//2771 921//2772 851//2773
f  851//2773 854//2774 949//2771
f  938//2775 950//2776 940//2777
f  950//2776 938//2775 951//2778
f  936//2779 951//2778 938//2775
f  951//2778 936//2779 867//2780
f  935//2781 867//2780 936//2779
f  867//2780 935//2781 863//2782
f  934//2783 863//2782 935//2781
f  863//2782 934//2783 864//2784
f  931//2785 864//2784 934//2783
f  864//2784 931//2785 869//2786
f  931//2787 822//2788 869//2789
f  822//2788 931//2787 820//2790
f  952//2791 770//2792 522//2793
f  770//2792 481//2794 522//2793
f  953//2795 954//2796 955//2797
f  954//2796 953//2795 956//2798
f  953//2799 139//2800 956//2801
f  386//2802 894//2803 307//2804
f  942//2805 767//2806 825//2807
f  767//2806 636//2808 825//2807
f  586//2809 806//2810 957//2811
f  806//2810 586//2809 585//2812
f  217//2813 898//2814 503//2815
f  898//2814 217//2813 923//2816
f  903//2817 221//2818 518//2819
f  221//2818 903//2817 924//2820
f  958//2821 917//2822 918//2823
f  958//2821 918//2823 959//2824
f  960//2825 961//2826 962//2827
f  961//2826 960//2825 963//2828
f  837//2829 928//2830 836//2831
f  928//2830 837//2829 858//2832
f  885//2833 963//2834 964//2835
f  964//2835 530//2836 885//2833
f  438//2837 860//2838 564//2839
f  860//2838 438//2837 772//2840
f  889//2841 888//2842 962//2843
f  889//2841 962//2843 961//2844
f  662//2845 746//2846 663//2847
f  746//2846 662//2845 751//2848
f  963//2849 884//2850 961//2851
f  884//2850 963//2849 885//2852
f  957//2853 882//2854 809//2855
f  882//2854 957//2853 806//2856
f  809//2855 965//2857 957//2853
f  965//2857 809//2855 808//2858
f  808//2859 895//2860 965//2861
f  890//2862 966//2863 891//2864
f  966//2863 719//2865 891//2864
f  791//2866 673//2867 792//2868
f  673//2867 791//2866 410//2869
f  813//2870 792//2871 673//2872
f  673//2872 810//2873 813//2870
f  466//2874 909//2875 769//2876
f  913//2877 554//2878 885//2879
f  925//2880 967//2881 926//2882
f  968//2883 926//2882 967//2881
f  969//2884 970//2885 971//2886
f  969//2884 971//2886 799//2887
f  970//2885 440//2888 971//2886
f  908//2889 972//2890 475//2891
f  475//2891 472//2892 908//2889
f  973//2893 928//2894 927//2895
f  928//2894 973//2893 974//2896
f  972//2897 477//2898 475//2899
f  477//2898 972//2897 893//2900
f  726//2901 663//2902 746//2903
f  793//2904 883//2905 975//2906
f  883//2905 793//2904 884//2907
f  961//2908 884//2909 793//2910
f  793//2910 889//2911 961//2908
f  976//2912 977//2913 978//2914
f  977//2913 976//2912 941//2915
f  768//2916 941//2915 976//2912
f  941//2915 768//2916 767//2917
f  835//2918 836//2919 974//2920
f  974//2920 836//2919 928//2921
f  692//2922 787//2923 679//2924
f  787//2923 692//2922 814//2925
f  962//2926 979//2927 980//2928
f  980//2928 960//2929 962//2926
f  577//2930 289//2931 719//2932
f  577//2930 719//2932 967//2933
f  979//2934 962//2935 888//2936
f  888//2936 887//2937 979//2934
f  668//2938 856//2939 855//2940
f  856//2939 668//2938 407//2941
f  858//2942 668//2943 855//2944
f  668//2943 858//2942 837//2945
f  663//2946 726//2947 676//2948
f  17//2949 981//2950 15//2951
f  18//2952 15//2951 981//2950
f  982//2953 13//2954 12//2955
f  12//2955 14//2956 982//2953
f  976//2957 978//2958 947//2959
f  947//2959 978//2958 983//2960
f  947//2961 768//2962 976//2963
f  768//2962 947//2961 946//2964
f  781//2965 768//2966 946//2967
f  634//2968 768//2966 781//2965
f  634//2969 781//2970 780//2971
f  984//2972 857//2973 985//2974
f  857//2973 984//2972 986//2975
f  987//2976 857//2977 986//2978
f  857//2977 987//2976 859//2979
f  770//2980 952//2981 987//2982
f  987//2982 952//2981 988//2983
f  987//2984 769//2985 770//2986
f  769//2985 987//2984 986//2987
f  984//2988 769//2989 986//2990
f  769//2989 984//2988 466//2991
f  253//2992 989//2993 445//2994
f  743//2995 567//2996 983//2997
f  567//2996 743//2995 326//2998
f  531//2999 894//3000 532//3001
f  977//3002 990//3003 991//3004
f  990//3003 977//3002 992//3005
f  943//3006 992//3007 977//3008
f  977//3008 941//3009 943//3006
f  966//3010 968//3011 719//3012
f  968//3011 967//3013 719//3012
f  660//3014 993//3015 994//3016
f  993//3017 995//3018 994//3019
f  995//3018 993//3017 996//3020
f  660//3021 997//3022 993//3023
f  998//3024 997//3022 660//3021
f  997//3022 998//3024 999//3025
f  833//3026 999//3027 998//3028
f  999//3027 833//3026 832//3029
f  598//3030 983//3031 567//3032
f  983//3031 598//3030 947//3033
f  546//3034 1000//3035 362//3036
f  1000//3035 546//3034 879//3037
f  988//3038 1001//3039 927//3040
f  973//3041 927//3040 1001//3039
f  978//3042 743//3043 983//3044
f  743//3043 978//3042 1002//3045
f  535//3046 943//3047 591//3048
f  943//3047 535//3046 992//3049
f  535//3046 1003//3050 992//3049
f  535//3046 534//3051 1003//3050
f  534//3051 1004//3052 1003//3050
f  534//3051 332//3053 1004//3052
f  332//3053 1005//3054 1004//3052
f  332//3053 282//3055 1005//3054
f  281//3056 1005//3054 282//3055
f  1005//3054 281//3056 1006//3057
f  942//3058 591//3059 943//3060
f  591//3059 942//3058 593//3061
f  522//3062 523//3063 952//3064
f  952//3064 523//3063 1007//3065
f  664//3066 881//3067 683//3068
f  881//3067 664//3066 807//3069
f  807//3070 566//3071 808//3072
f  566//3071 807//3070 664//3073
f  971//3074 433//3075 799//3076
f  433//3075 971//3074 605//3077
f  987//3078 988//3079 859//3080
f  859//3080 988//3079 927//3081
f  969//3082 861//3083 772//3084
f  861//3083 860//3085 772//3084
f  960//3086 1008//3087 1009//3088
f  1008//3087 960//3086 980//3089
f  980//3089 1010//3090 1008//3087
f  1010//3090 980//3089 1011//3091
f  1007//3092 988//3093 952//3094
f  988//3093 1007//3092 1001//3095
f  963//3096 1009//3097 964//3098
f  1009//3097 963//3096 960//3099
f  1007//3100 1012//3101 1001//3102
f  1001//3102 1012//3101 1013//3103
f  697//3104 590//3105 693//3106
f  1003//3107 1004//3108 990//3109
f  1014//3110 990//3109 1004//3108
f  990//3111 992//3112 1003//3113
f  800//3114 756//3115 550//3116
f  550//3116 699//3117 800//3114
f  525//3118 756//3119 757//3120
f  756//3119 525//3118 550//3121
f  525//3122 757//3123 481//3124
f  698//3125 548//3126 803//3127
f  758//3128 803//3127 548//3126
f  994//3129 880//3130 736//3131
f  880//3130 994//3129 995//3132
f  994//3129 736//3131 660//3133
f  736//3134 735//3135 660//3136
f  738//3137 660//3136 735//3135
f  660//3136 738//3137 659//3138
f  740//3139 659//3138 738//3137
f  659//3138 740//3139 661//3140
f  751//3141 661//3142 740//3143
f  661//3142 751//3141 662//3144
f  1009//3145 972//3146 908//3147
f  908//3147 964//3148 1009//3145
f  964//3148 908//3147 844//3149
f  972//3146 1009//3145 1008//3150
f  1008//3150 893//3151 972//3146
f  893//3151 1008//3150 1010//3152
f  1015//3153 789//3154 1016//3155
f  789//3154 1015//3153 790//3156
f  933//3157 894//3158 932//3159
f  726//3160 632//3161 676//3162
f  799//3163 861//3164 969//3165
f  844//3166 759//3167 530//3168
f  530//3168 964//3169 844//3166
f  758//3170 530//3171 759//3172
f  530//3171 758//3170 548//3173
f  578//3174 506//3175 975//3176
f  975//3176 1017//3177 578//3174
f  793//3178 975//3179 506//3180
f  1017//3177 579//3181 578//3174
f  579//3181 1017//3177 1018//3182
f  579//3181 1018//3182 1019//3183
f  579//3181 1019//3183 580//3184
f  515//3185 573//3186 985//3187
f  985//3188 857//3189 515//3190
f  573//3186 1020//3191 985//3187
f  574//3192 1020//3191 573//3186
f  1020//3191 574//3192 1021//3193
f  1021//3193 574//3192 1022//3194
f  574//3192 575//3195 1022//3194
f  692//3196 595//3197 825//3198
f  78//3199 1023//3200 77//3201
f  77//3201 1023//3200 521//3202
f  900//3203 806//3204 744//3205
f  806//3204 900//3203 882//3206
f  684//3207 959//3208 1024//3209
f  959//3208 684//3207 958//3210
f  693//3211 708//3212 697//3213
f  709//3214 697//3213 708//3212
f  588//3215 957//3216 965//3217
f  957//3216 588//3215 586//3218
f  965//3219 589//3220 588//3221
f  965//3219 895//3222 589//3220
f  271//3223 830//3224 321//3225
f  830//3224 271//3223 1025//3226
f  75//3227 1026//3228 76//3229
f  1026//3228 75//3227 444//3230
f  532//3231 894//3232 385//3233
f  1027//3234 973//3235 1013//3236
f  973//3235 1001//3237 1013//3236
f  932//3238 824//3239 823//3240
f  824//3239 932//3238 1028//3241
f  853//3242 824//3243 1028//3244
f  824//3243 853//3242 850//3245
f  825//3246 593//3247 942//3248
f  593//3247 825//3246 595//3249
f  921//3250 949//3251 1029//3252
f  1029//3252 886//3253 921//3250
f  1030//3254 922//3255 834//3256
f  922//3255 1030//3254 948//3257
f  228//3258 1025//3259 271//3260
f  1025//3259 228//3258 1031//3261
f  477//3262 894//3263 531//3264
f  971//3265 440//3266 605//3267
f  901//3268 654//3269 902//3270
f  654//3269 901//3268 406//3271
f  901//3268 407//3272 406//3271
f  407//3272 901//3268 856//3273
f  853//3274 894//3275 854//3276
f  896//3277 897//3278 647//3279
f  896//3277 647//3279 409//3280
f  410//3281 896//3277 409//3280
f  896//3277 410//3281 791//3282
f  721//3283 752//3284 741//3285
f  752//3284 721//3283 712//3286
f  712//3287 745//3288 752//3289
f  745//3288 712//3287 713//3290
f  713//3290 725//3291 745//3288
f  725//3291 713//3290 710//3292
f  692//3293 825//3294 814//3295
f  529//3296 684//3297 355//3298
f  684//3297 529//3296 958//3299
f  1032//3300 463//3301 464//3302
f  463//3301 1032//3300 1033//3303
f  465//3304 1032//3300 464//3302
f  1032//3300 465//3304 1034//3305
f  466//3306 1034//3305 465//3304
f  1034//3305 466//3306 984//3307
f  465//3308 911//3309 910//3310
f  911//3309 465//3308 702//3311
f  702//3311 912//3312 911//3309
f  912//3312 702//3311 703//3313
f  910//3314 466//3315 465//3316
f  466//3315 910//3314 909//3317
f  644//3318 912//3319 703//3320
f  912//3319 644//3318 1035//3321
f  842//3322 262//3323 306//3324
f  262//3323 842//3322 1036//3325
f  553//3326 894//3327 552//3328
f  879//3329 547//3330 734//3331
f  547//3330 879//3329 546//3332
f  725//3333 710//3334 632//3335
f  1029//3336 1037//3337 886//3338
f  1037//3337 887//3339 886//3338
f  1038//3340 1030//3341 834//3342
f  1038//3340 834//3342 835//3343
f  734//3344 731//3345 737//3346
f  731//3345 734//3344 547//3347
f  732//3348 737//3346 731//3345
f  737//3346 732//3348 739//3349
f  732//3350 741//3351 739//3352
f  741//3351 732//3350 721//3353
f  554//3354 914//3355 357//3356
f  914//3355 554//3354 913//3357
f  915//3358 357//3359 914//3360
f  357//3359 915//3358 700//3361
f  916//3362 700//3361 915//3358
f  700//3361 916//3362 701//3363
f  916//3364 641//3365 701//3366
f  641//3365 916//3364 1039//3367
f  554//3368 357//3369 1040//3370
f  1040//3370 883//3371 554//3368
f  1040//3370 357//3369 1041//3372
f  357//3369 356//3373 1041//3372
f  247//3374 1041//3372 356//3373
f  1041//3372 247//3374 1042//3375
f  187//3376 1042//3375 247//3374
f  1042//3375 187//3376 1043//3377
f  979//3378 1044//3379 1011//3380
f  1011//3380 980//3381 979//3378
f  523//3382 1012//3383 1007//3384
f  1012//3383 523//3382 524//3385
f  683//3386 899//3387 682//3388
f  899//3387 683//3386 881//3389
f  1044//3390 979//3391 887//3392
f  887//3392 1037//3393 1044//3390
f  754//3394 794//3395 775//3396
f  794//3395 754//3394 690//3397
f  958//3398 667//3399 917//3400
f  667//3399 958//3398 529//3401
f  633//3402 967//3403 925//3404
f  967//3403 633//3402 577//3405
f  974//3406 1045//3407 835//3408
f  1038//3409 835//3408 1045//3407
f  978//3410 991//3411 1002//3412
f  991//3411 978//3410 977//3413
f  747//3414 727//3415 748//3416
f  727//3415 747//3414 728//3417
f  707//3418 748//3419 727//3420
f  748//3419 707//3418 766//3421
f  766//3422 694//3423 785//3424
f  694//3423 766//3422 707//3425
f  694//3426 590//3427 785//3428
f  1036//3429 213//3430 262//3431
f  213//3430 1036//3429 1046//3432
f  538//3433 582//3434 998//3435
f  998//3435 660//3436 538//3433
f  974//3437 1027//3438 1045//3439
f  1027//3438 974//3437 973//3440
f  709//3441 729//3442 719//3443
f  729//3442 709//3441 708//3444
f  802//3445 34//3446 62//3447
f  34//3446 802//3445 1047//3448
f  805//3449 31//3450 1048//3451
f  31//3450 805//3449 54//3452
f  865//3453 828//3454 866//3455
f  828//3454 865//3453 826//3456
f  829//3457 866//3455 828//3454
f  866//3455 829//3457 868//3458
f  970//3459 969//3460 771//3461
f  771//3461 969//3460 772//3462
f  582//3463 583//3464 833//3465
f  833//3465 998//3466 582//3463
f  681//3467 925//3468 845//3469
f  895//3470 526//3471 589//3472
f  742//3473 900//3474 744//3475
f  925//3476 681//3477 633//3478
f  387//3479 894//3480 553//3481
f  1049//3482 989//3483 245//3484
f  253//3485 245//3484 989//3483
f  794//3486 690//3487 455//3488
f  917//3489 682//3490 899//3491
f  682//3490 917//3489 667//3492
f  966//3493 1050//3494 1051//3495
f  1050//3494 966//3493 890//3496
f  1051//3495 968//3497 966//3493
f  968//3497 1051//3495 753//3498
f  880//3499 1000//3500 879//3501
f  1000//3500 880//3499 1052//3502
f  227//3503 1031//3504 228//3505
f  1031//3504 227//3503 786//3506
f  1053//3507 6//3508 10//3509
f  6//3508 1053//3507 765//3510
f  3//3511 1054//3512 8//3513
f  1054//3512 3//3511 764//3514
f  583//3515 695//3516 755//3517
f  755//3517 833//3518 583//3515
f  1055//3519 139//3520 790//3521
f  926//3522 968//3523 753//3524
f  926//3522 753//3524 733//3525
f  689//3526 696//3527 455//3528
f  720//3529 685//3530 779//3531
f  720//3529 779//3531 861//3532
f  799//3533 720//3534 861//3535
f  771//3536 440//3537 970//3538
f  360//3539 359//3540 944//3541
f  360//3539 944//3541 1056//3542
f  1033//3543 189//3544 463//3545
f  189//3544 1033//3543 1057//3546
f  362//3547 1058//3548 347//3549
f  1058//3548 362//3547 1000//3550
f  564//3551 777//3552 686//3553
f  777//3552 564//3551 860//3554
f  124//3555 1059//3556 78//3557
f  78//3557 1059//3556 1023//3558
f  215//3559 894//3560 310//3561
f  213//3562 1046//3563 212//3564
f  212//3564 1046//3563 749//3565
f  845//3566 394//3567 681//3568
f  1060//3569 1061//3570 1062//3571
f  1061//3570 1060//3569 1063//3572
f  1063//3572 1002//3573 1061//3570
f  1002//3573 1063//3572 743//3574
f  711//3575 728//3576 747//3577
f  728//3576 711//3575 715//3578
f  1050//3579 993//3580 1051//3581
f  993//3580 1050//3579 996//3582
f  993//3580 753//3583 1051//3581
f  753//3583 993//3580 997//3584
f  997//3584 773//3585 753//3583
f  773//3585 997//3584 999//3586
f  999//3586 774//3587 773//3585
f  774//3587 999//3586 832//3588
f  832//3588 775//3589 774//3587
f  775//3589 832//3588 754//3590
f  76//3591 1064//3592 118//3593
f  1064//3592 76//3591 1026//3594
f  1024//3595 1065//3596 1066//3597
f  1066//3597 684//3598 1024//3595
f  552//3599 894//3600 524//3601
f  839//3602 874//3603 840//3604
f  874//3603 870//3605 840//3604
f  840//3604 870//3605 841//3606
f  872//3607 841//3606 870//3605
f  841//3608 872//3609 842//3610
f  1067//3611 842//3610 872//3609
f  842//3610 1067//3611 1036//3612
f  1068//3613 1036//3612 1067//3611
f  695//3614 696//3615 689//3616
f  689//3616 755//3617 695//3614
f  846//3618 733//3619 705//3620
f  733//3619 846//3618 926//3621
f  705//3622 394//3623 846//3624
f  743//3625 918//3626 742//3627
f  918//3626 743//3625 959//3628
f  900//3629 742//3630 918//3631
f  560//3632 1056//3633 714//3634
f  1012//3635 894//3636 1013//3637
f  307//3638 894//3639 210//3640
f  1056//3641 944//3642 1069//3643
f  945//3644 1069//3643 944//3642
f  714//3645 1056//3641 1069//3643
f  714//3645 1069//3643 1070//3646
f  1057//3647 124//3648 189//3649
f  124//3648 1057//3647 1059//3650
f  778//3651 685//3652 684//3653
f  685//3652 778//3651 779//3654
f  118//3655 1043//3656 187//3657
f  1043//3656 118//3655 1064//3658
f  776//3659 686//3660 777//3661
f  686//3660 776//3659 677//3662
f  1071//3663 1062//3664 1072//3665
f  1062//3664 1071//3663 1060//3666
f  1014//3667 991//3668 990//3669
f  890//3670 1073//3671 1050//3672
f  1073//3671 890//3670 796//3673
f  1000//3674 1052//3675 1074//3676
f  1000//3674 1074//3676 1058//3677
f  868//3678 951//3679 867//3680
f  951//3679 868//3678 1075//3681
f  872//3682 937//3683 1067//3684
f  937//3683 872//3682 871//3685
f  1066//3686 778//3687 684//3688
f  778//3687 1066//3686 945//3689
f  955//3690 1076//3691 1077//3692
f  1076//3691 955//3690 954//3693
f  1047//3694 10//3695 34//3696
f  10//3695 1047//3694 1053//3697
f  8//3698 1048//3699 31//3700
f  1048//3699 8//3698 1054//3701
f  1078//3702 1016//3703 1079//3704
f  1016//3703 1078//3702 1015//3705
f  1080//3706 1081//3707 1082//3708
f  1081//3707 1083//3709 1082//3708
f  1077//3710 950//3711 1084//3712
f  950//3711 1077//3710 1076//3713
f  939//3714 1079//3715 1068//3716
f  1079//3715 939//3714 1078//3717
f  1010//3718 894//3719 893//3720
f  1074//3721 1080//3722 1058//3723
f  1080//3722 1082//3724 1058//3723
f  677//3725 944//3726 359//3727
f  944//3726 677//3725 776//3728
f  991//3729 1014//3730 1085//3731
f  989//3732 436//3733 445//3734
f  524//3735 894//3736 1012//3737
f  240//3738 242//3739 1086//3740
f  951//3741 1075//3742 950//3743
f  1075//3742 1084//3744 950//3743
f  1067//3745 939//3746 1068//3747
f  939//3746 1067//3745 937//3748
f  322//3749 323//3750 1083//3751
f  1083//3751 1087//3752 322//3749
f  1088//3753 322//3754 1087//3755
f  322//3754 1088//3753 346//3756
f  801//3757 699//3758 717//3759
f  699//3758 801//3757 800//3760
f  723//3761 801//3762 717//3763
f  801//3762 723//3761 802//3764
f  760//3765 802//3764 723//3761
f  804//3766 698//3767 803//3768
f  698//3767 804//3766 718//3769
f  804//3770 724//3771 718//3772
f  724//3771 804//3770 805//3773
f  805//3773 762//3774 724//3771
f  902//3775 653//3776 903//3777
f  653//3776 902//3775 654//3778
f  655//3779 903//3780 653//3781
f  903//3780 655//3779 924//3782
f  897//3783 648//3784 647//3785
f  648//3784 897//3783 898//3786
f  649//3787 898//3788 923//3789
f  898//3788 649//3787 648//3790
f  1089//3791 1088//3792 1090//3793
f  1088//3792 1089//3791 1006//3794
f  1029//3795 894//3796 1037//3797
f  1002//3798 1085//3799 1061//3800
f  1085//3799 1002//3798 991//3801
f  1034//3802 984//3803 985//3804
f  985//3804 1020//3805 1034//3802
f  1034//3802 1020//3805 1032//3806
f  1020//3805 1021//3807 1032//3806
f  1032//3806 1021//3807 1033//3808
f  1021//3807 1022//3809 1033//3808
f  1033//3810 1022//3811 1057//3812
f  1022//3811 1091//3813 1057//3812
f  1092//3814 1057//3815 1091//3816
f  1057//3815 1092//3814 1059//3817
f  1090//3818 1087//3819 1093//3820
f  1087//3819 1090//3818 1088//3821
f  729//3822 730//3823 719//3824
f  891//3825 719//3824 730//3823
f  281//3826 346//3827 1088//3828
f  1088//3828 1006//3829 281//3826
f  1094//3830 1043//3831 1095//3832
f  1043//3831 1064//3833 1095//3832
f  1019//3834 1043//3835 1094//3836
f  1043//3835 1019//3834 1042//3837
f  1018//3838 1042//3839 1019//3840
f  1042//3839 1018//3838 1041//3841
f  1017//3842 1041//3841 1018//3838
f  1041//3841 1017//3842 1040//3843
f  975//3844 1040//3843 1017//3842
f  1040//3843 975//3844 883//3845
f  1038//3846 894//3847 1030//3848
f  1013//3849 894//3850 1027//3851
f  1086//3852 1049//3853 243//3854
f  245//3855 243//3854 1049//3853
f  1028//3856 894//3857 853//3858
f  1045//3859 894//3860 1038//3861
f  601//3862 715//3863 711//3864
f  715//3863 601//3862 559//3865
f  1005//3866 1014//3867 1004//3868
f  1014//3867 1005//3866 1096//3869
f  906//3870 907//3871 1097//3872
f  412//3873 360//3874 1056//3875
f  1056//3875 560//3876 412//3873
f  1011//3877 894//3878 1010//3879
f  1098//3880 1072//3881 1099//3882
f  1072//3881 1098//3880 1071//3883
f  932//3884 894//3885 1028//3886
f  743//3887 1024//3888 959//3889
f  1024//3888 743//3887 1063//3890
f  1083//3891 348//3892 1082//3893
f  348//3892 1083//3891 323//3894
f  348//3892 1058//3895 1082//3893
f  1058//3895 348//3892 347//3896
f  1100//3897 956//3898 1055//3899
f  956//3898 1100//3897 954//3900
f  1055//3901 956//3902 139//3903
f  1037//3904 894//3905 1044//3906
f  1081//3907 1087//3908 1083//3909
f  1087//3908 1081//3907 1093//3910
f  912//3911 45//3912 143//3913
f  45//3912 912//3911 1035//3914
f  916//3915 43//3916 1039//3917
f  43//3916 916//3915 141//3918
f  996//3919 1101//3920 1102//3921
f  996//3919 1102//3921 995//3922
f  854//3923 894//3924 949//3925
f  949//3926 894//3927 1029//3928
f  1053//3929 919//3930 765//3931
f  919//3930 1053//3929 761//3932
f  919//3933 4//3934 765//3935
f  1054//3936 920//3937 763//3938
f  920//3937 1054//3936 764//3939
f  2//3940 920//3941 764//3942
f  995//3943 1052//3944 880//3945
f  1052//3944 995//3943 1102//3946
f  1050//3947 1073//3948 996//3949
f  1101//3950 996//3949 1073//3948
f  618//3951 680//3952 619//3953
f  680//3952 618//3951 658//3954
f  868//3955 830//3956 1075//3957
f  830//3956 868//3955 829//3958
f  1025//3959 1075//3957 830//3956
f  1075//3957 1025//3959 1084//3960
f  493//3961 722//3962 652//3963
f  722//3962 493//3961 494//3964
f  948//3965 894//3966 933//3967
f  1030//3968 894//3969 948//3970
f  1103//3971 17//3972 30//3973
f  17//3972 1103//3971 981//3974
f  13//3975 1104//3976 28//3977
f  1104//3976 13//3975 982//3978
f  1096//3979 1006//3980 1089//3981
f  1006//3980 1096//3979 1005//3982
f  1105//3983 1066//3984 1106//3985
f  1106//3985 1066//3984 1065//3986
f  924//3987 656//3988 878//3989
f  656//3988 924//3987 655//3990
f  923//3991 650//3992 649//3993
f  650//3992 923//3991 862//3994
f  784//3995 658//3996 618//3997
f  658//3996 784//3995 657//3998
f  783//3999 652//4000 651//4001
f  652//4000 783//3999 493//4002
f  1044//4003 894//4004 1011//4005
f  795//4006 1073//4007 796//4008
f  1073//4007 795//4006 1107//4009
f  1069//4010 945//4011 1105//4012
f  1066//4013 1105//4012 945//4011
f  878//4014 657//4015 784//4016
f  657//4015 878//4014 656//4017
f  862//4018 651//4019 650//4020
f  651//4019 862//4018 783//4021
f  1027//4022 894//4023 1045//4024
f  172//4025 894//4026 162//4027
f  139//4028 750//4029 789//4030
f  139//4031 953//4032 706//4033
f  716//4034 797//4035 798//4036
f  797//4035 716//4034 558//4037
f  716//4038 891//4039 730//4040
f  891//4039 716//4038 798//4041
f  240//4042 1086//4043 243//4044
f  388//4045 894//4046 387//4047
f  385//4048 894//4049 386//4050
f  154//4051 894//4052 171//4053
f  242//4054 296//4055 1086//4056
f  1049//4057 1086//4056 296//4055
f  1035//4058 30//4059 45//4060
f  30//4059 1035//4058 1103//4061
f  28//4062 1039//4063 43//4064
f  1039//4063 28//4062 1104//4065
f  296//4066 436//4067 1049//4068
f  1049//4068 436//4067 989//4069
f  1024//4070 1060//4071 1065//4072
f  1060//4071 1024//4070 1063//4073
f  1085//4074 1096//4075 1108//4076
f  1096//4075 1085//4074 1014//4077
f  1108//4078 1061//4079 1085//4080
f  160//4081 894//4082 215//4083
f  1015//4084 1100//4085 790//4086
f  1100//4085 1055//4087 790//4086
f  210//4088 894//4089 156//4090
f  940//4091 1076//4092 1109//4093
f  1076//4092 940//4091 950//4094
f  939//4095 940//4096 1078//4097
f  940//4096 1109//4098 1078//4097
f  905//4099 797//4100 558//4101
f  905//4099 558//4101 714//4102
f  907//4103 905//4104 714//4105
f  559//4106 412//4107 560//4108
f  412//4107 559//4106 601//4109
f  802//4110 760//4111 1047//4112
f  761//4113 1047//4114 760//4115
f  1047//4114 761//4113 1053//4116
f  1101//4117 1110//4118 1102//4119
f  1031//4120 1084//4121 1025//4122
f  1084//4121 1031//4120 1077//4123
f  762//4124 805//4125 1048//4126
f  1048//4127 763//4128 762//4129
f  763//4128 1048//4127 1054//4130
f  1036//4131 1068//4132 1046//4133
f  1068//4132 1079//4134 1046//4133
f  1061//4135 1108//4136 1062//4137
f  1022//4138 575//4139 1091//4140
f  575//4139 576//4141 1091//4140
f  1091//4142 576//4143 1092//4144
f  576//4143 225//4145 1092//4144
f  580//4146 1019//4147 1094//4148
f  580//4146 1094//4148 581//4149
f  581//4150 1094//4151 1095//4152
f  1095//4152 222//4153 581//4150
f  1111//4154 1101//4155 1107//4156
f  1101//4155 1073//4157 1107//4156
f  72//4158 722//4159 494//4160
f  1110//4161 1101//4162 1111//4163
f  1112//4164 1069//4165 1105//4166
f  1069//4165 1112//4164 1070//4167
f  1109//4168 954//4169 1100//4170
f  954//4169 1109//4168 1076//4171
f  1078//4172 1109//4173 1015//4174
f  1109//4173 1100//4175 1015//4174
f  94//4176 894//4177 172//4178
f  1102//4179 1074//4180 1052//4181
f  1074//4180 1102//4179 1110//4182
f  904//4183 1107//4184 795//4185
f  1107//4184 904//4183 1113//4186
f  1106//4187 1065//4188 1071//4189
f  1071//4189 1065//4188 1060//4190
f  680//4191 35//4192 619//4193
f  171//4194 894//4195 90//4196
f  1114//4197 1105//4198 1106//4199
f  1105//4198 1114//4197 1112//4200
f  1098//4201 1115//4202 1097//4203
f  1115//4202 1098//4201 1099//4204
f  1108//4205 1089//4206 1116//4207
f  1089//4206 1108//4205 1096//4208
f  706//4209 955//4210 786//4211
f  955//4210 706//4209 953//4212
f  789//4213 750//4214 1016//4215
f  749//4216 1016//4215 750//4214
f  1117//4217 1097//4218 1118//4219
f  1118//4219 1097//4218 1115//4220
f  1062//4221 1116//4222 1072//4223
f  1116//4222 1062//4221 1108//4224
f  1016//4225 749//4226 1079//4227
f  1046//4228 1079//4227 749//4226
f  786//4229 1077//4230 1031//4231
f  1077//4230 786//4229 955//4232
f  162//4233 894//4234 160//4235
f  156//4236 894//4237 154//4238
f  263//4239 704//4240 782//4241
f  1117//4242 906//4243 1097//4244
f  1103//4245 1035//4246 644//4247
f  644//4247 645//4248 1103//4245
f  1039//4249 1104//4250 641//4251
f  641//4251 1104//4250 642//4252
f  1111//4253 1119//4254 1120//4255
f  1111//4253 1120//4255 1110//4256
f  1121//4257 1081//4258 1122//4259
f  1081//4258 1121//4257 1093//4260
f  91//4261 894//4262 94//4263
f  90//4264 894//4265 91//4266
f  1123//4267 1093//4268 1121//4269
f  1093//4268 1123//4267 1090//4270
f  1107//4271 1113//4272 1111//4273
f  1111//4273 1113//4272 1119//4274
f  1115//4275 1122//4276 1118//4277
f  1122//4276 1115//4275 1121//4278
f  1106//4279 1098//4280 1114//4281
f  1098//4280 1106//4279 1071//4282
f  1112//4283 1114//4284 1097//4285
f  907//4286 714//4287 1097//4288
f  222//4289 1095//4290 1124//4291
f  1124//4291 223//4292 222//4289
f  1092//4293 225//4294 1125//4295
f  225//4294 224//4296 1125//4295
f  1110//4297 1080//4298 1074//4299
f  1080//4298 1110//4297 1120//4300
f  1116//4301 1090//4302 1123//4303
f  1090//4302 1116//4301 1089//4304
f  1097//4305 1070//4306 1112//4307
f  1097//4308 714//4309 1070//4310
f  788//4311 782//4312 688//4313
f  782//4312 704//4314 688//4313
f  1119//4315 1118//4316 1122//4317
f  1119//4315 1122//4317 1120//4318
f  1099//4319 1121//4320 1115//4321
f  1121//4320 1099//4319 1123//4322
f  1072//4323 1123//4324 1099//4325
f  1123//4324 1072//4323 1116//4326
f  1097//4327 1114//4328 1098//4329
f  1126//4330 21//4331 209//4332
f  906//4333 1113//4334 904//4335
f  1113//4334 906//4333 1117//4336
f  1113//4337 1117//4338 1119//4339
f  1119//4339 1117//4338 1118//4340
f  1059//4341 1125//4342 1023//4343
f  1125//4342 1059//4341 1092//4344
f  1095//4345 1064//4346 1124//4347
f  1064//4346 1026//4348 1124//4347
f  1120//4349 1122//4350 1080//4351
f  1122//4350 1081//4352 1080//4351
f  831//4353 687//4354 128//4355
f  688//4356 831//4357 788//4358
f  831//4357 688//4356 687//4359
f  646//4360 18//4361 981//4362
f  14//4363 643//4364 982//4365
f  1126//4366 444//4367 21//4368
f  1124//4369 209//4370 223//4371
f  209//4370 1124//4369 1126//4372
f  226//4373 1125//4374 224//4375
f  1125//4374 226//4373 1127//4376
f  1103//4377 646//4378 981//4379
f  646//4378 1103//4377 645//4380
f  643//4381 1104//4382 982//4383
f  1104//4382 643//4381 642//4384
f  1127//4385 229//4386 1128//4387
f  229//4386 1127//4385 226//4388
f  1127//4389 521//4390 1125//4391
f  1023//4392 1125//4391 521//4390
f  1124//4393 444//4394 1126//4395
f  444//4394 1124//4393 1026//4396
f  229//4397 26//4398 1128//4399
f  1128//4400 26//4401 324//4402
f  521//4403 1127//4404 324//4405
f  1127//4404 1128//4406 324//4405

# Mesh 'NoobGirl' with 1038 faces
g NoobGirl
usemtl Body
f  1129//4407 1130//4408 1131//4409
f  1131//4409 1132//4410 1129//4407
f  1133//4411 1134//4412 1135//4413
f  1135//4413 1129//4407 1133//4411
f  1136//4414 1130//4408 1129//4407
f  1129//4407 1135//4413 1136//4414
f  1136//4414 1137//4415 1138//4416
f  1138//4416 1130//4408 1136//4414
f  1133//4411 1129//4407 1132//4410
f  1138//4416 1131//4409 1130//4408
f  1139//4417 1140//4418 1134//4412
f  1134//4412 1133//4411 1139//4417
f  1141//4419 1139//4417 1133//4411
f  1133//4411 1132//4410 1141//4419
f  1142//4420 1141//4421 1132//4422
f  1132//4422 1131//4423 1142//4420
f  1131//4409 1138//4416 1143//4424
f  1143//4424 1142//4425 1131//4409
f  1137//4415 1144//4426 1143//4424
f  1143//4424 1138//4416 1137//4415
f  1145//4427 1146//4428 1147//4429
f  1147//4429 1148//4430 1145//4427
f  1146//4431 1149//4432 1139//4417
f  1139//4417 1141//4419 1146//4431
f  1146//4433 1141//4421 1142//4420
f  1142//4420 1147//4434 1146//4433
f  1147//4429 1142//4425 1143//4424
f  1143//4424 1150//4435 1147//4429
f  1148//4430 1147//4429 1150//4435
f  1146//4431 1145//4436 1149//4432
f  1151//4437 1152//4438 1153//4439
f  1153//4439 1154//4440 1151//4437
f  1152//4438 1155//4441 1156//4442
f  1156//4442 1157//4443 1152//4438
f  1152//4444 1157//4445 1158//4446
f  1158//4446 1153//4447 1152//4444
f  1158//4448 1159//4449 1160//4450
f  1160//4450 1153//4439 1158//4448
f  1154//4440 1153//4439 1160//4450
f  1152//4438 1151//4437 1155//4441
f  1161//4451 1162//4452 1163//4453
f  1163//4453 1164//4454 1161//4451
f  1165//4455 1166//4456 1145//4427
f  1145//4427 1148//4430 1165//4455
f  1150//4435 1167//4457 1165//4455
f  1165//4455 1148//4430 1150//4435
f  1168//4458 1164//4459 1163//4460
f  1169//4461 1162//4452 1161//4451
f  1159//4449 1169//4461 1170//4462
f  1170//4462 1171//4463 1159//4449
f  1168//4458 1156//4442 1172//4464
f  1172//4464 1173//4465 1168//4458
f  1163//4460 1157//4443 1156//4442
f  1156//4442 1168//4458 1163//4460
f  1158//4446 1157//4445 1163//4466
f  1163//4466 1162//4467 1158//4446
f  1162//4452 1169//4461 1159//4449
f  1159//4449 1158//4448 1162//4452
f  1174//4468 1175//4469 1155//4441
f  1155//4441 1151//4437 1174//4468
f  1154//4440 1176//4470 1174//4468
f  1174//4468 1151//4437 1154//4440
f  1176//4471 1154//4440 1160//4450
f  1160//4450 1177//4472 1176//4471
f  1155//4441 1175//4469 1172//4464
f  1172//4464 1156//4442 1155//4441
f  1159//4449 1171//4463 1177//4472
f  1177//4472 1160//4450 1159//4449
f  1178//4473 1164//4459 1168//4458
f  1168//4458 1173//4465 1178//4473
f  1164//4454 1178//4474 1179//4475
f  1179//4475 1161//4451 1164//4454
f  1179//4475 1170//4462 1169//4461
f  1169//4461 1161//4451 1179//4475
f  1167//4457 1150//4435 1143//4424
f  1143//4424 1144//4426 1167//4457
f  1139//4417 1149//4432 1180//4476
f  1180//4476 1140//4418 1139//4417
f  1166//4477 1180//4476 1149//4432
f  1149//4432 1145//4436 1166//4477
f  1179//4475 1178//4474 1166//4456
f  1166//4456 1165//4455 1179//4475
f  1166//4477 1178//4473 1173//4465
f  1173//4465 1180//4476 1166//4477
f  1180//4476 1173//4465 1172//4464
f  1172//4464 1140//4418 1180//4476
f  1172//4464 1175//4469 1134//4412
f  1134//4412 1140//4418 1172//4464
f  1175//4469 1174//4468 1135//4413
f  1135//4413 1134//4412 1175//4469
f  1176//4470 1136//4414 1135//4413
f  1135//4413 1174//4468 1176//4470
f  1136//4414 1176//4471 1177//4472
f  1177//4472 1137//4415 1136//4414
f  1171//4463 1144//4426 1137//4415
f  1137//4415 1177//4472 1171//4463
f  1171//4463 1170//4462 1167//4457
f  1167//4457 1144//4426 1171//4463
f  1170//4462 1179//4475 1165//4455
f  1165//4455 1167//4457 1170//4462
f  1181//4478 1182//4479 1183//4480
f  1181//4478 1183//4480 1184//4481
f  1185//4482 1186//4483 1187//4484
f  1185//4482 1187//4484 1188//4485
f  1185//4482 1189//4486 1190//4487
f  1185//4482 1190//4487 1191//4488
f  1185//4482 1191//4488 1186//4483
f  1186//4483 1191//4488 1192//4489
f  1186//4483 1192//4489 1193//4490
f  1186//4483 1193//4490 1187//4484
f  1187//4484 1193//4490 1194//4491
f  1187//4484 1194//4491 1195//4492
f  1187//4484 1195//4492 1188//4485
f  1188//4485 1195//4492 1196//4493
f  1188//4485 1196//4493 1189//4486
f  1188//4485 1189//4486 1185//4482
f  1189//4494 1197//4495 1198//4496
f  1189//4494 1198//4496 1190//4497
f  1190//4497 1198//4496 1199//4498
f  1190//4497 1199//4498 1191//4499
f  1191//4499 1199//4498 1200//4500
f  1191//4499 1200//4500 1192//4501
f  1192//4502 1200//4503 1201//4504
f  1192//4502 1201//4504 1193//4505
f  1193//4506 1201//4507 1202//4508
f  1193//4506 1202//4508 1194//4491
f  1194//4491 1202//4508 1203//4509
f  1194//4491 1203//4509 1195//4492
f  1195//4492 1203//4509 1204//4510
f  1195//4492 1204//4510 1196//4511
f  1196//4512 1204//4513 1197//4514
f  1196//4512 1197//4514 1189//4515
f  1197//4516 1205//4517 1198//4496
f  1198//4496 1205//4517 1206//4518
f  1198//4496 1206//4518 1199//4498
f  1199//4498 1206//4518 1200//4519
f  1200//4519 1206//4518 1207//4520
f  1200//4519 1207//4520 1201//4521
f  1201//4521 1207//4520 1202//4508
f  1202//4508 1207//4520 1208//4522
f  1202//4508 1208//4522 1203//4509
f  1203//4509 1208//4522 1204//4523
f  1204//4523 1208//4522 1205//4517
f  1204//4523 1205//4517 1197//4516
f  1208//4522 1207//4520 1206//4518
f  1208//4522 1206//4518 1205//4517
f  1209//4524 1210//4525 1211//4526
f  1209//4524 1211//4526 1212//4527
f  1213//4528 1214//4529 1215//4530
f  1213//4528 1215//4530 1216//4531
f  1213//4528 1217//4532 1218//4533
f  1213//4528 1218//4533 1219//4534
f  1213//4528 1219//4534 1214//4529
f  1214//4529 1219//4534 1220//4535
f  1214//4529 1220//4535 1221//4536
f  1214//4529 1221//4536 1215//4530
f  1215//4530 1221//4536 1222//4537
f  1215//4530 1222//4537 1223//4538
f  1215//4530 1223//4538 1216//4531
f  1216//4531 1223//4538 1224//4539
f  1216//4531 1224//4539 1217//4532
f  1216//4531 1217//4532 1213//4528
f  1217//4540 1225//4495 1226//4541
f  1217//4540 1226//4541 1218//4533
f  1218//4533 1226//4541 1227//4542
f  1218//4533 1227//4542 1219//4534
f  1219//4534 1227//4542 1228//4543
f  1219//4534 1228//4543 1220//4544
f  1220//4545 1228//4546 1229//4547
f  1220//4545 1229//4547 1221//4548
f  1221//4549 1229//4550 1230//4551
f  1221//4549 1230//4551 1222//4552
f  1222//4552 1230//4551 1231//4553
f  1222//4552 1231//4553 1223//4554
f  1223//4554 1231//4553 1232//4555
f  1223//4554 1232//4555 1224//4556
f  1224//4557 1232//4558 1225//4512
f  1224//4557 1225//4512 1217//4559
f  1225//4560 1233//4561 1226//4541
f  1226//4541 1233//4561 1234//4562
f  1226//4541 1234//4562 1227//4542
f  1227//4542 1234//4562 1228//4563
f  1228//4563 1234//4562 1235//4564
f  1228//4563 1235//4564 1229//4565
f  1229//4565 1235//4564 1230//4551
f  1230//4551 1235//4564 1236//4566
f  1230//4551 1236//4566 1231//4553
f  1231//4553 1236//4566 1232//4567
f  1232//4567 1236//4566 1233//4561
f  1232//4567 1233//4561 1225//4560
f  1236//4566 1235//4564 1234//4562
f  1236//4566 1234//4562 1233//4561
f  1237//4568 1238//4569 1239//4570
f  1239//4570 1240//4571 1237//4568
f  1241//4572 1237//4568 1240//4571
f  1240//4571 1242//4573 1241//4572
f  1243//4574 1241//4572 1242//4573
f  1242//4573 1244//4575 1243//4574
f  1245//4576 1243//4574 1244//4575
f  1244//4575 1246//4577 1245//4576
f  1247//4578 1245//4576 1246//4577
f  1246//4577 1248//4579 1247//4578
f  1249//4580 1247//4578 1248//4579
f  1248//4579 1250//4581 1249//4580
f  1251//4582 1249//4580 1250//4581
f  1250//4581 1252//4583 1251//4582
f  1253//4584 1251//4582 1252//4583
f  1252//4583 1254//4585 1253//4584
f  1255//4586 1253//4584 1254//4585
f  1254//4585 1256//4587 1255//4586
f  1240//4571 1239//4570 1257//4588
f  1257//4588 1258//4589 1240//4571
f  1242//4573 1240//4571 1258//4589
f  1258//4589 1259//4590 1242//4573
f  1244//4575 1242//4573 1259//4590
f  1259//4590 1260//4591 1244//4575
f  1246//4577 1244//4575 1260//4591
f  1260//4591 1261//4592 1246//4577
f  1248//4579 1246//4577 1261//4592
f  1261//4592 1262//4593 1248//4579
f  1250//4581 1248//4579 1262//4593
f  1262//4593 1263//4594 1250//4581
f  1252//4583 1250//4581 1263//4594
f  1263//4594 1264//4595 1252//4583
f  1254//4585 1252//4583 1264//4595
f  1264//4595 1265//4596 1254//4585
f  1256//4587 1254//4585 1265//4596
f  1265//4596 1266//4597 1256//4587
f  1258//4589 1257//4588 1267//4598
f  1267//4598 1268//4599 1258//4589
f  1259//4590 1258//4589 1268//4599
f  1268//4599 1269//4600 1259//4590
f  1260//4591 1259//4590 1269//4600
f  1269//4600 1270//4601 1260//4591
f  1261//4592 1260//4591 1270//4601
f  1270//4601 1271//4602 1261//4592
f  1262//4593 1261//4592 1271//4602
f  1271//4602 1272//4603 1262//4593
f  1263//4594 1262//4593 1272//4603
f  1272//4603 1273//4604 1263//4594
f  1264//4595 1263//4594 1273//4604
f  1273//4604 1274//4605 1264//4595
f  1265//4596 1264//4595 1274//4605
f  1274//4605 1275//4606 1265//4596
f  1266//4597 1265//4596 1275//4606
f  1275//4606 1276//4607 1266//4597
f  1268//4599 1267//4598 1277//4608
f  1277//4608 1278//4609 1268//4599
f  1269//4600 1268//4599 1278//4609
f  1278//4609 1279//4610 1269//4600
f  1270//4601 1269//4600 1279//4610
f  1279//4610 1280//4611 1270//4601
f  1271//4602 1270//4601 1280//4611
f  1280//4611 1281//4612 1271//4602
f  1272//4603 1271//4602 1281//4612
f  1281//4612 1282//4613 1272//4603
f  1273//4604 1272//4603 1282//4613
f  1282//4613 1283//4614 1273//4604
f  1274//4605 1273//4604 1283//4614
f  1283//4614 1284//4615 1274//4605
f  1275//4606 1274//4605 1284//4615
f  1284//4615 1285//4616 1275//4606
f  1276//4607 1275//4606 1285//4616
f  1285//4616 1286//4617 1276//4607
f  1278//4609 1277//4608 1287//4618
f  1287//4618 1288//4619 1278//4609
f  1279//4610 1278//4609 1288//4619
f  1288//4619 1289//4620 1279//4610
f  1280//4611 1279//4610 1289//4620
f  1289//4620 1290//4621 1280//4611
f  1281//4612 1280//4611 1290//4621
f  1290//4621 1291//4622 1281//4612
f  1282//4613 1281//4612 1291//4622
f  1291//4622 1292//4623 1282//4613
f  1283//4614 1282//4613 1292//4623
f  1292//4623 1293//4624 1283//4614
f  1284//4615 1283//4614 1293//4624
f  1293//4624 1294//4625 1284//4615
f  1285//4616 1284//4615 1294//4625
f  1294//4625 1295//4626 1285//4616
f  1286//4617 1285//4616 1295//4626
f  1295//4626 1296//4627 1286//4617
f  1288//4619 1287//4618 1297//4628
f  1297//4628 1298//4629 1288//4619
f  1289//4620 1288//4619 1298//4629
f  1298//4629 1299//4630 1289//4620
f  1290//4621 1289//4620 1299//4630
f  1299//4630 1300//4631 1290//4621
f  1291//4622 1290//4621 1300//4631
f  1300//4631 1301//4632 1291//4622
f  1292//4623 1291//4622 1301//4632
f  1301//4632 1302//4633 1292//4623
f  1293//4624 1292//4623 1302//4633
f  1302//4633 1303//4634 1293//4624
f  1294//4625 1293//4624 1303//4634
f  1303//4634 1304//4635 1294//4625
f  1295//4626 1294//4625 1304//4635
f  1304//4635 1305//4636 1295//4626
f  1296//4627 1295//4626 1305//4636
f  1305//4636 1306//4637 1296//4627
f  1298//4629 1297//4628 1307//4638
f  1307//4638 1308//4639 1298//4629
f  1299//4630 1298//4629 1308//4639
f  1308//4639 1309//4640 1299//4630
f  1300//4631 1299//4630 1309//4640
f  1309//4640 1310//4641 1300//4631
f  1301//4632 1300//4631 1310//4641
f  1310//4641 1311//4642 1301//4632
f  1302//4633 1301//4632 1311//4642
f  1311//4642 1312//4643 1302//4633
f  1303//4634 1302//4633 1312//4643
f  1312//4643 1313//4644 1303//4634
f  1304//4635 1303//4634 1313//4644
f  1313//4644 1314//4645 1304//4635
f  1305//4636 1304//4635 1314//4645
f  1314//4645 1315//4646 1305//4636
f  1306//4637 1305//4636 1315//4646
f  1315//4646 1316//4647 1306//4637
f  1308//4639 1307//4638 1317//4648
f  1317//4648 1318//4649 1308//4639
f  1309//4640 1308//4639 1318//4649
f  1318//4649 1319//4650 1309//4640
f  1310//4641 1309//4640 1319//4650
f  1319//4650 1320//4651 1310//4641
f  1311//4642 1310//4641 1320//4651
f  1320//4651 1321//4652 1311//4642
f  1312//4643 1311//4642 1321//4652
f  1321//4652 1322//4653 1312//4643
f  1313//4644 1312//4643 1322//4653
f  1322//4653 1323//4654 1313//4644
f  1314//4645 1313//4644 1323//4654
f  1323//4654 1324//4655 1314//4645
f  1315//4646 1314//4645 1324//4655
f  1324//4655 1325//4656 1315//4646
f  1316//4647 1315//4646 1325//4656
f  1325//4656 1326//4657 1316//4647
f  1318//4649 1317//4648 1327//4658
f  1327//4658 1328//4659 1318//4649
f  1319//4650 1318//4649 1328//4659
f  1328//4659 1329//4660 1319//4650
f  1320//4651 1319//4650 1329//4660
f  1329//4660 1330//4661 1320//4651
f  1321//4652 1320//4651 1330//4661
f  1330//4661 1331//4662 1321//4652
f  1322//4653 1321//4652 1331//4662
f  1331//4662 1332//4663 1322//4653
f  1323//4654 1322//4653 1332//4663
f  1332//4663 1333//4664 1323//4654
f  1324//4655 1323//4654 1333//4664
f  1333//4664 1334//4665 1324//4655
f  1325//4656 1324//4655 1334//4665
f  1334//4665 1335//4666 1325//4656
f  1326//4657 1325//4656 1335//4666
f  1335//4666 1336//4667 1326//4657
f  1337//4668 1336//4669 1338//4670
f  1337//4668 1338//4670 1339//4671
f  1337//4668 1339//4671 1340//4672
f  1337//4668 1340//4672 1341//4673
f  1337//4668 1341//4673 1342//4674
f  1337//4668 1342//4674 1343//4675
f  1337//4668 1343//4675 1344//4676
f  1337//4668 1344//4676 1345//4677
f  1337//4668 1345//4677 1346//4678
f  1337//4668 1346//4678 1347//4679
f  1337//4668 1347//4679 1348//4680
f  1337//4668 1348//4680 1349//4681
f  1337//4668 1349//4681 1350//4682
f  1337//4668 1350//4682 1351//4683
f  1337//4668 1351//4683 1352//4684
f  1337//4668 1352//4684 1353//4685
f  1337//4668 1353//4685 1354//4686
f  1337//4668 1354//4686 1355//4687
f  1337//4668 1355//4687 1356//4688
f  1337//4668 1356//4688 1357//4689
f  1337//4668 1357//4689 1358//4690
f  1337//4668 1358//4690 1359//4691
f  1337//4668 1359//4691 1360//4692
f  1337//4668 1360//4692 1361//4693
f  1337//4668 1361//4693 1362//4694
f  1337//4668 1362//4694 1363//4695
f  1337//4668 1363//4695 1255//4696
f  1337//4668 1255//4696 1256//4697
f  1337//4668 1256//4697 1266//4698
f  1337//4668 1266//4698 1276//4699
f  1337//4668 1276//4699 1286//4700
f  1337//4668 1286//4700 1296//4698
f  1337//4668 1296//4698 1306//4701
f  1337//4668 1306//4701 1316//4702
f  1337//4668 1316//4702 1326//4703
f  1337//4668 1326//4703 1336//4669
f  1364//4704 1365//4705 1366//4706
f  1366//4706 1367//4707 1364//4704
f  1368//4708 1364//4704 1367//4707
f  1367//4707 1369//4709 1368//4708
f  1370//4710 1368//4708 1369//4709
f  1369//4709 1371//4711 1370//4710
f  1372//4712 1370//4710 1371//4711
f  1371//4711 1373//4713 1372//4712
f  1374//4714 1372//4712 1373//4713
f  1373//4713 1375//4715 1374//4714
f  1376//4716 1374//4714 1375//4715
f  1375//4715 1377//4717 1376//4716
f  1378//4718 1376//4716 1377//4717
f  1377//4717 1379//4719 1378//4718
f  1380//4720 1378//4718 1379//4719
f  1379//4719 1381//4721 1380//4720
f  1355//4722 1380//4720 1381//4721
f  1381//4721 1356//4723 1355//4722
f  1367//4707 1366//4706 1382//4724
f  1382//4724 1383//4725 1367//4707
f  1369//4709 1367//4707 1383//4725
f  1383//4725 1384//4726 1369//4709
f  1371//4711 1369//4709 1384//4726
f  1384//4726 1385//4727 1371//4711
f  1373//4713 1371//4711 1385//4727
f  1385//4727 1386//4728 1373//4713
f  1375//4715 1373//4713 1386//4728
f  1386//4728 1387//4729 1375//4715
f  1377//4717 1375//4715 1387//4729
f  1387//4729 1388//4730 1377//4717
f  1379//4719 1377//4717 1388//4730
f  1388//4730 1389//4731 1379//4719
f  1381//4721 1379//4719 1389//4731
f  1389//4731 1390//4732 1381//4721
f  1356//4723 1381//4721 1390//4732
f  1390//4732 1357//4733 1356//4723
f  1383//4725 1382//4724 1391//4734
f  1391//4734 1392//4735 1383//4725
f  1384//4726 1383//4725 1392//4735
f  1392//4735 1393//4736 1384//4726
f  1385//4727 1384//4726 1393//4736
f  1393//4736 1394//4737 1385//4727
f  1386//4728 1385//4727 1394//4737
f  1394//4737 1395//4738 1386//4728
f  1387//4729 1386//4728 1395//4738
f  1395//4738 1396//4739 1387//4729
f  1388//4730 1387//4729 1396//4739
f  1396//4739 1397//4740 1388//4730
f  1389//4731 1388//4730 1397//4740
f  1397//4740 1398//4741 1389//4731
f  1390//4732 1389//4731 1398//4741
f  1398//4741 1399//4742 1390//4732
f  1357//4733 1390//4732 1399//4742
f  1399//4742 1358//4743 1357//4733
f  1392//4735 1391//4734 1400//4744
f  1400//4744 1401//4745 1392//4735
f  1393//4736 1392//4735 1401//4745
f  1401//4745 1402//4746 1393//4736
f  1394//4737 1393//4736 1402//4746
f  1402//4746 1403//4747 1394//4737
f  1395//4738 1394//4737 1403//4747
f  1403//4747 1404//4748 1395//4738
f  1396//4739 1395//4738 1404//4748
f  1404//4748 1405//4749 1396//4739
f  1397//4740 1396//4739 1405//4749
f  1405//4749 1406//4750 1397//4740
f  1398//4741 1397//4740 1406//4750
f  1406//4750 1407//4751 1398//4741
f  1399//4742 1398//4741 1407//4751
f  1407//4751 1408//4752 1399//4742
f  1358//4743 1399//4742 1408//4752
f  1408//4752 1359//4753 1358//4743
f  1401//4745 1400//4744 1409//4754
f  1409//4754 1410//4755 1401//4745
f  1402//4746 1401//4745 1410//4755
f  1410//4755 1411//4756 1402//4746
f  1403//4747 1402//4746 1411//4756
f  1411//4756 1412//4757 1403//4747
f  1404//4748 1403//4747 1412//4757
f  1412//4757 1413//4758 1404//4748
f  1405//4749 1404//4748 1413//4758
f  1413//4758 1414//4759 1405//4749
f  1406//4750 1405//4749 1414//4759
f  1414//4759 1415//4760 1406//4750
f  1407//4751 1406//4750 1415//4760
f  1415//4760 1416//4761 1407//4751
f  1408//4752 1407//4751 1416//4761
f  1416//4761 1417//4762 1408//4752
f  1359//4753 1408//4752 1417//4762
f  1417//4762 1360//4763 1359//4753
f  1410//4755 1409//4754 1418//4764
f  1418//4764 1419//4765 1410//4755
f  1411//4756 1410//4755 1419//4765
f  1419//4765 1420//4766 1411//4756
f  1412//4757 1411//4756 1420//4766
f  1420//4766 1421//4767 1412//4757
f  1413//4758 1412//4757 1421//4767
f  1421//4767 1422//4768 1413//4758
f  1414//4759 1413//4758 1422//4768
f  1422//4768 1423//4769 1414//4759
f  1415//4760 1414//4759 1423//4769
f  1423//4769 1424//4770 1415//4760
f  1416//4761 1415//4760 1424//4770
f  1424//4770 1425//4771 1416//4761
f  1417//4762 1416//4761 1425//4771
f  1425//4771 1426//4772 1417//4762
f  1360//4763 1417//4762 1426//4772
f  1426//4772 1361//4773 1360//4763
f  1419//4765 1418//4764 1427//4774
f  1427//4774 1428//4775 1419//4765
f  1420//4766 1419//4765 1428//4775
f  1428//4775 1429//4776 1420//4766
f  1421//4767 1420//4766 1429//4776
f  1429//4776 1430//4777 1421//4767
f  1422//4768 1421//4767 1430//4777
f  1430//4777 1431//4778 1422//4768
f  1423//4769 1422//4768 1431//4778
f  1431//4778 1432//4779 1423//4769
f  1424//4770 1423//4769 1432//4779
f  1432//4779 1433//4780 1424//4770
f  1425//4771 1424//4770 1433//4780
f  1433//4780 1434//4781 1425//4771
f  1426//4772 1425//4771 1434//4781
f  1434//4781 1435//4782 1426//4772
f  1361//4773 1426//4772 1435//4782
f  1435//4782 1362//4783 1361//4773
f  1428//4775 1427//4774 1436//4784
f  1436//4784 1437//4785 1428//4775
f  1429//4776 1428//4775 1437//4785
f  1437//4785 1438//4786 1429//4776
f  1430//4777 1429//4776 1438//4786
f  1438//4786 1439//4787 1430//4777
f  1431//4778 1430//4777 1439//4787
f  1439//4787 1440//4788 1431//4778
f  1432//4779 1431//4778 1440//4788
f  1440//4788 1441//4789 1432//4779
f  1433//4780 1432//4779 1441//4789
f  1441//4789 1442//4790 1433//4780
f  1434//4781 1433//4780 1442//4790
f  1442//4790 1443//4791 1434//4781
f  1435//4782 1434//4781 1443//4791
f  1443//4791 1444//4792 1435//4782
f  1362//4783 1435//4782 1444//4792
f  1444//4792 1363//4793 1362//4783
f  1437//4785 1436//4784 1238//4569
f  1238//4569 1237//4568 1437//4785
f  1438//4786 1437//4785 1237//4568
f  1237//4568 1241//4572 1438//4786
f  1439//4787 1438//4786 1241//4572
f  1241//4572 1243//4574 1439//4787
f  1440//4788 1439//4787 1243//4574
f  1243//4574 1245//4576 1440//4788
f  1441//4789 1440//4788 1245//4576
f  1245//4576 1247//4578 1441//4789
f  1442//4790 1441//4789 1247//4578
f  1247//4578 1249//4580 1442//4790
f  1443//4791 1442//4790 1249//4580
f  1249//4580 1251//4582 1443//4791
f  1444//4792 1443//4791 1251//4582
f  1251//4582 1253//4584 1444//4792
f  1363//4793 1444//4792 1253//4584
f  1253//4584 1255//4586 1363//4793
f  1445//4794 1446//4795 1447//4796
f  1447//4796 1448//4797 1445//4794
f  1449//4798 1445//4794 1448//4797
f  1448//4797 1450//4799 1449//4798
f  1451//4800 1449//4798 1450//4799
f  1450//4799 1452//4801 1451//4800
f  1453//4802 1451//4800 1452//4801
f  1452//4801 1454//4803 1453//4802
f  1455//4804 1453//4802 1454//4803
f  1454//4803 1456//4805 1455//4804
f  1457//4806 1455//4804 1456//4805
f  1456//4805 1458//4807 1457//4806
f  1459//4808 1457//4806 1458//4807
f  1458//4807 1460//4809 1459//4808
f  1461//4810 1459//4808 1460//4809
f  1460//4809 1462//4811 1461//4810
f  1346//4812 1461//4810 1462//4811
f  1462//4811 1347//4813 1346//4812
f  1448//4797 1447//4796 1463//4814
f  1463//4814 1464//4815 1448//4797
f  1450//4799 1448//4797 1464//4815
f  1464//4815 1465//4816 1450//4799
f  1452//4801 1450//4799 1465//4816
f  1465//4816 1466//4817 1452//4801
f  1454//4803 1452//4801 1466//4817
f  1466//4817 1467//4818 1454//4803
f  1456//4805 1454//4803 1467//4818
f  1467//4818 1468//4819 1456//4805
f  1458//4807 1456//4805 1468//4819
f  1468//4819 1469//4820 1458//4807
f  1460//4809 1458//4807 1469//4820
f  1469//4820 1470//4821 1460//4809
f  1462//4811 1460//4809 1470//4821
f  1470//4821 1471//4822 1462//4811
f  1347//4813 1462//4811 1471//4822
f  1471//4822 1348//4823 1347//4813
f  1464//4815 1463//4814 1472//4824
f  1472//4824 1473//4825 1464//4815
f  1465//4816 1464//4815 1473//4825
f  1473//4825 1474//4826 1465//4816
f  1466//4817 1465//4816 1474//4826
f  1474//4826 1475//4827 1466//4817
f  1467//4818 1466//4817 1475//4827
f  1475//4827 1476//4828 1467//4818
f  1468//4819 1467//4818 1476//4828
f  1476//4828 1477//4829 1468//4819
f  1469//4820 1468//4819 1477//4829
f  1477//4829 1478//4830 1469//4820
f  1470//4821 1469//4820 1478//4830
f  1478//4830 1479//4831 1470//4821
f  1471//4822 1470//4821 1479//4831
f  1479//4831 1480//4832 1471//4822
f  1348//4823 1471//4822 1480//4832
f  1480//4832 1349//4833 1348//4823
f  1473//4825 1472//4824 1481//4834
f  1481//4834 1482//4835 1473//4825
f  1474//4826 1473//4825 1482//4835
f  1482//4835 1483//4836 1474//4826
f  1475//4827 1474//4826 1483//4836
f  1483//4836 1484//4837 1475//4827
f  1476//4828 1475//4827 1484//4837
f  1484//4837 1485//4838 1476//4828
f  1477//4829 1476//4828 1485//4838
f  1485//4838 1486//4839 1477//4829
f  1478//4830 1477//4829 1486//4839
f  1486//4839 1487//4840 1478//4830
f  1479//4831 1478//4830 1487//4840
f  1487//4840 1488//4841 1479//4831
f  1480//4832 1479//4831 1488//4841
f  1488//4841 1489//4842 1480//4832
f  1349//4833 1480//4832 1489//4842
f  1489//4842 1350//4843 1349//4833
f  1482//4835 1481//4834 1490//4844
f  1490//4844 1491//4845 1482//4835
f  1483//4836 1482//4835 1491//4845
f  1491//4845 1492//4846 1483//4836
f  1484//4837 1483//4836 1492//4846
f  1492//4846 1493//4847 1484//4837
f  1485//4838 1484//4837 1493//4847
f  1493//4847 1494//4848 1485//4838
f  1486//4839 1485//4838 1494//4848
f  1494//4848 1495//4849 1486//4839
f  1487//4840 1486//4839 1495//4849
f  1495//4849 1496//4850 1487//4840
f  1488//4841 1487//4840 1496//4850
f  1496//4850 1497//4851 1488//4841
f  1489//4842 1488//4841 1497//4851
f  1497//4851 1498//4852 1489//4842
f  1350//4843 1489//4842 1498//4852
f  1498//4852 1351//4853 1350//4843
f  1491//4845 1490//4844 1499//4854
f  1499//4854 1500//4855 1491//4845
f  1492//4846 1491//4845 1500//4855
f  1500//4855 1501//4856 1492//4846
f  1493//4847 1492//4846 1501//4856
f  1501//4856 1502//4857 1493//4847
f  1494//4848 1493//4847 1502//4857
f  1502//4857 1503//4858 1494//4848
f  1495//4849 1494//4848 1503//4858
f  1503//4858 1504//4859 1495//4849
f  1496//4850 1495//4849 1504//4859
f  1504//4859 1505//4860 1496//4850
f  1497//4851 1496//4850 1505//4860
f  1505//4860 1506//4861 1497//4851
f  1498//4852 1497//4851 1506//4861
f  1506//4861 1507//4862 1498//4852
f  1351//4853 1498//4852 1507//4862
f  1507//4862 1352//4863 1351//4853
f  1500//4855 1499//4854 1508//4864
f  1508//4864 1509//4865 1500//4855
f  1501//4856 1500//4855 1509//4865
f  1509//4865 1510//4866 1501//4856
f  1502//4857 1501//4856 1510//4866
f  1510//4866 1511//4867 1502//4857
f  1503//4858 1502//4857 1511//4867
f  1511//4867 1512//4868 1503//4858
f  1504//4859 1503//4858 1512//4868
f  1512//4868 1513//4869 1504//4859
f  1505//4860 1504//4859 1513//4869
f  1513//4869 1514//4870 1505//4860
f  1506//4861 1505//4860 1514//4870
f  1514//4870 1515//4871 1506//4861
f  1507//4862 1506//4861 1515//4871
f  1515//4871 1516//4872 1507//4862
f  1352//4863 1507//4862 1516//4872
f  1516//4872 1353//4873 1352//4863
f  1509//4865 1508//4864 1517//4874
f  1517//4874 1518//4875 1509//4865
f  1510//4866 1509//4865 1518//4875
f  1518//4875 1519//4876 1510//4866
f  1511//4867 1510//4866 1519//4876
f  1519//4876 1520//4877 1511//4867
f  1512//4868 1511//4867 1520//4877
f  1520//4877 1521//4878 1512//4868
f  1513//4869 1512//4868 1521//4878
f  1521//4878 1522//4879 1513//4869
f  1514//4870 1513//4869 1522//4879
f  1522//4879 1523//4880 1514//4870
f  1515//4871 1514//4870 1523//4880
f  1523//4880 1524//4881 1515//4871
f  1516//4872 1515//4871 1524//4881
f  1524//4881 1525//4882 1516//4872
f  1353//4873 1516//4872 1525//4882
f  1525//4882 1354//4883 1353//4873
f  1518//4875 1517//4874 1365//4705
f  1365//4705 1364//4704 1518//4875
f  1519//4876 1518//4875 1364//4704
f  1364//4704 1368//4708 1519//4876
f  1520//4877 1519//4876 1368//4708
f  1368//4708 1370//4710 1520//4877
f  1521//4878 1520//4877 1370//4710
f  1370//4710 1372//4712 1521//4878
f  1522//4879 1521//4878 1372//4712
f  1372//4712 1374//4714 1522//4879
f  1523//4880 1522//4879 1374//4714
f  1374//4714 1376//4716 1523//4880
f  1524//4881 1523//4880 1376//4716
f  1376//4716 1378//4718 1524//4881
f  1525//4882 1524//4881 1378//4718
f  1378//4718 1380//4720 1525//4882
f  1354//4883 1525//4882 1380//4720
f  1380//4720 1355//4722 1354//4883
f  1447//4884 1446//4885 1526//4886
f  1526//4886 1527//4887 1447//4884
f  1463//4888 1447//4884 1527//4887
f  1527//4887 1528//4889 1463//4888
f  1472//4890 1463//4888 1528//4889
f  1528//4889 1529//4891 1472//4890
f  1481//4892 1472//4890 1529//4891
f  1529//4891 1530//4893 1481//4892
f  1490//4894 1481//4892 1530//4893
f  1530//4893 1531//4895 1490//4894
f  1499//4896 1490//4894 1531//4895
f  1531//4895 1532//4897 1499//4896
f  1508//4898 1499//4896 1532//4897
f  1532//4897 1533//4899 1508//4898
f  1517//4900 1508//4898 1533//4899
f  1533//4899 1534//4901 1517//4900
f  1365//4902 1517//4900 1534//4901
f  1534//4901 1366//4903 1365//4902
f  1527//4887 1526//4886 1535//4904
f  1535//4904 1536//4905 1527//4887
f  1528//4889 1527//4887 1536//4905
f  1536//4905 1537//4906 1528//4889
f  1529//4891 1528//4889 1537//4906
f  1537//4906 1538//4907 1529//4891
f  1530//4893 1529//4891 1538//4907
f  1538//4907 1539//4908 1530//4893
f  1531//4895 1530//4893 1539//4908
f  1539//4908 1540//4909 1531//4895
f  1532//4897 1531//4895 1540//4909
f  1540//4909 1541//4910 1532//4897
f  1533//4899 1532//4897 1541//4910
f  1541//4910 1542//4911 1533//4899
f  1534//4901 1533//4899 1542//4911
f  1542//4911 1543//4912 1534//4901
f  1366//4903 1534//4901 1543//4912
f  1543//4912 1382//4913 1366//4903
f  1536//4905 1535//4904 1544//4914
f  1544//4914 1545//4915 1536//4905
f  1537//4906 1536//4905 1545//4915
f  1545//4915 1546//4916 1537//4906
f  1538//4907 1537//4906 1546//4916
f  1546//4916 1547//4917 1538//4907
f  1539//4908 1538//4907 1547//4917
f  1547//4917 1548//4918 1539//4908
f  1540//4909 1539//4908 1548//4918
f  1548//4918 1549//4919 1540//4909
f  1541//4910 1540//4909 1549//4919
f  1549//4919 1550//4920 1541//4910
f  1542//4911 1541//4910 1550//4920
f  1550//4920 1551//4921 1542//4911
f  1543//4912 1542//4911 1551//4921
f  1551//4921 1552//4922 1543//4912
f  1382//4913 1543//4912 1552//4922
f  1552//4922 1391//4923 1382//4913
f  1545//4915 1544//4914 1553//4924
f  1553//4924 1554//4925 1545//4915
f  1546//4916 1545//4915 1554//4925
f  1554//4925 1555//4926 1546//4916
f  1547//4917 1546//4916 1555//4926
f  1555//4926 1556//4927 1547//4917
f  1548//4918 1547//4917 1556//4927
f  1556//4927 1557//4928 1548//4918
f  1549//4919 1548//4918 1557//4928
f  1557//4928 1558//4929 1549//4919
f  1550//4920 1549//4919 1558//4929
f  1558//4929 1559//4930 1550//4920
f  1551//4921 1550//4920 1559//4930
f  1559//4930 1560//4931 1551//4921
f  1552//4922 1551//4921 1560//4931
f  1560//4931 1561//4932 1552//4922
f  1391//4923 1552//4922 1561//4932
f  1561//4932 1400//4933 1391//4923
f  1554//4925 1553//4924 1562//4934
f  1562//4934 1563//4935 1554//4925
f  1555//4926 1554//4925 1563//4935
f  1563//4935 1564//4936 1555//4926
f  1556//4927 1555//4926 1564//4936
f  1564//4936 1565//4937 1556//4927
f  1557//4928 1556//4927 1565//4937
f  1565//4937 1566//4938 1557//4928
f  1558//4929 1557//4928 1566//4938
f  1566//4938 1567//4939 1558//4929
f  1559//4930 1558//4929 1567//4939
f  1567//4939 1568//4940 1559//4930
f  1560//4931 1559//4930 1568//4940
f  1568//4940 1569//4941 1560//4931
f  1561//4932 1560//4931 1569//4941
f  1569//4941 1570//4942 1561//4932
f  1400//4933 1561//4932 1570//4942
f  1570//4942 1409//4943 1400//4933
f  1563//4935 1562//4934 1571//4944
f  1571//4944 1572//4945 1563//4935
f  1564//4936 1563//4935 1572//4945
f  1572//4945 1573//4946 1564//4936
f  1565//4937 1564//4936 1573//4946
f  1573//4946 1574//4947 1565//4937
f  1566//4938 1565//4937 1574//4947
f  1574//4947 1575//4948 1566//4938
f  1567//4939 1566//4938 1575//4948
f  1575//4948 1576//4949 1567//4939
f  1568//4940 1567//4939 1576//4949
f  1576//4949 1577//4950 1568//4940
f  1569//4941 1568//4940 1577//4950
f  1577//4950 1578//4951 1569//4941
f  1570//4942 1569//4941 1578//4951
f  1578//4951 1579//4952 1570//4942
f  1409//4943 1570//4942 1579//4952
f  1579//4952 1418//4953 1409//4943
f  1572//4945 1571//4944 1580//4954
f  1580//4954 1581//4955 1572//4945
f  1573//4946 1572//4945 1581//4955
f  1581//4955 1582//4956 1573//4946
f  1574//4947 1573//4946 1582//4956
f  1582//4956 1583//4957 1574//4947
f  1575//4948 1574//4947 1583//4957
f  1583//4957 1584//4958 1575//4948
f  1576//4949 1575//4948 1584//4958
f  1584//4958 1585//4959 1576//4949
f  1577//4950 1576//4949 1585//4959
f  1585//4959 1586//4960 1577//4950
f  1578//4951 1577//4950 1586//4960
f  1586//4960 1587//4961 1578//4951
f  1579//4952 1578//4951 1587//4961
f  1587//4961 1588//4962 1579//4952
f  1418//4953 1579//4952 1588//4962
f  1588//4962 1427//4963 1418//4953
f  1581//4955 1580//4954 1589//4964
f  1589//4964 1590//4965 1581//4955
f  1582//4956 1581//4955 1590//4965
f  1590//4965 1591//4966 1582//4956
f  1583//4957 1582//4956 1591//4966
f  1591//4966 1592//4967 1583//4957
f  1584//4958 1583//4957 1592//4967
f  1592//4967 1593//4968 1584//4958
f  1585//4959 1584//4958 1593//4968
f  1593//4968 1594//4969 1585//4959
f  1586//4960 1585//4959 1594//4969
f  1594//4969 1595//4970 1586//4960
f  1587//4961 1586//4960 1595//4970
f  1595//4970 1596//4971 1587//4961
f  1588//4962 1587//4961 1596//4971
f  1596//4971 1597//4972 1588//4962
f  1427//4963 1588//4962 1597//4972
f  1597//4972 1436//4973 1427//4963
f  1590//4965 1589//4964 1327//4974
f  1327//4974 1317//4975 1590//4965
f  1591//4966 1590//4965 1317//4975
f  1317//4975 1307//4976 1591//4966
f  1592//4967 1591//4966 1307//4976
f  1307//4976 1297//4977 1592//4967
f  1593//4968 1592//4967 1297//4977
f  1297//4977 1287//4978 1593//4968
f  1594//4969 1593//4968 1287//4978
f  1287//4978 1277//4979 1594//4969
f  1595//4970 1594//4969 1277//4979
f  1277//4979 1267//4980 1595//4970
f  1596//4971 1595//4970 1267//4980
f  1267//4980 1257//4981 1596//4971
f  1597//4972 1596//4971 1257//4981
f  1257//4981 1239//4982 1597//4972
f  1436//4973 1597//4972 1239//4982
f  1239//4982 1238//4885 1436//4973
f  1328//4983 1327//4984 1589//4985
f  1589//4985 1598//4986 1328//4983
f  1329//4987 1328//4983 1598//4986
f  1598//4986 1599//4988 1329//4987
f  1330//4989 1329//4987 1599//4988
f  1599//4988 1600//4990 1330//4989
f  1331//4991 1330//4989 1600//4990
f  1600//4990 1601//4992 1331//4991
f  1332//4993 1331//4991 1601//4992
f  1601//4992 1602//4994 1332//4993
f  1333//4995 1332//4993 1602//4994
f  1602//4994 1603//4996 1333//4995
f  1334//4997 1333//4995 1603//4996
f  1603//4996 1604//4998 1334//4997
f  1335//4999 1334//4997 1604//4998
f  1604//4998 1605//5000 1335//4999
f  1336//5001 1335//4999 1605//5000
f  1605//5000 1338//5002 1336//5001
f  1598//4986 1589//4985 1580//5003
f  1580//5003 1606//5004 1598//4986
f  1599//4988 1598//4986 1606//5004
f  1606//5004 1607//5005 1599//4988
f  1600//4990 1599//4988 1607//5005
f  1607//5005 1608//5006 1600//4990
f  1601//4992 1600//4990 1608//5006
f  1608//5006 1609//5007 1601//4992
f  1602//4994 1601//4992 1609//5007
f  1609//5007 1610//5008 1602//4994
f  1603//4996 1602//4994 1610//5008
f  1610//5008 1611//5009 1603//4996
f  1604//4998 1603//4996 1611//5009
f  1611//5009 1612//5010 1604//4998
f  1605//5000 1604//4998 1612//5010
f  1612//5010 1613//5011 1605//5000
f  1338//5002 1605//5000 1613//5011
f  1613//5011 1339//5012 1338//5002
f  1606//5004 1580//5003 1571//5013
f  1571//5013 1614//5014 1606//5004
f  1607//5005 1606//5004 1614//5014
f  1614//5014 1615//5015 1607//5005
f  1608//5006 1607//5005 1615//5015
f  1615//5015 1616//5016 1608//5006
f  1609//5007 1608//5006 1616//5016
f  1616//5016 1617//5017 1609//5007
f  1610//5008 1609//5007 1617//5017
f  1617//5017 1618//5018 1610//5008
f  1611//5009 1610//5008 1618//5018
f  1618//5018 1619//5019 1611//5009
f  1612//5010 1611//5009 1619//5019
f  1619//5019 1620//5020 1612//5010
f  1613//5011 1612//5010 1620//5020
f  1620//5020 1621//5021 1613//5011
f  1339//5012 1613//5011 1621//5021
f  1621//5021 1340//5022 1339//5012
f  1614//5014 1571//5013 1562//5023
f  1562//5023 1622//5024 1614//5014
f  1615//5015 1614//5014 1622//5024
f  1622//5024 1623//5025 1615//5015
f  1616//5016 1615//5015 1623//5025
f  1623//5025 1624//5026 1616//5016
f  1617//5017 1616//5016 1624//5026
f  1624//5026 1625//5027 1617//5017
f  1618//5018 1617//5017 1625//5027
f  1625//5027 1626//5028 1618//5018
f  1619//5019 1618//5018 1626//5028
f  1626//5028 1627//5029 1619//5019
f  1620//5020 1619//5019 1627//5029
f  1627//5029 1628//5030 1620//5020
f  1621//5021 1620//5020 1628//5030
f  1628//5030 1629//5031 1621//5021
f  1340//5022 1621//5021 1629//5031
f  1629//5031 1341//5032 1340//5022
f  1622//5024 1562//5023 1553//5033
f  1553//5033 1630//5034 1622//5024
f  1623//5025 1622//5024 1630//5034
f  1630//5034 1631//5035 1623//5025
f  1624//5026 1623//5025 1631//5035
f  1631//5035 1632//5036 1624//5026
f  1625//5027 1624//5026 1632//5036
f  1632//5036 1633//5037 1625//5027
f  1626//5028 1625//5027 1633//5037
f  1633//5037 1634//5038 1626//5028
f  1627//5029 1626//5028 1634//5038
f  1634//5038 1635//5039 1627//5029
f  1628//5030 1627//5029 1635//5039
f  1635//5039 1636//5040 1628//5030
f  1629//5031 1628//5030 1636//5040
f  1636//5040 1637//5041 1629//5031
f  1341//5032 1629//5031 1637//5041
f  1637//5041 1342//5042 1341//5032
f  1630//5034 1553//5033 1544//5043
f  1544//5043 1638//5044 1630//5034
f  1631//5035 1630//5034 1638//5044
f  1638//5044 1639//5045 1631//5035
f  1632//5036 1631//5035 1639//5045
f  1639//5045 1640//5046 1632//5036
f  1633//5037 1632//5036 1640//5046
f  1640//5046 1641//5047 1633//5037
f  1634//5038 1633//5037 1641//5047
f  1641//5047 1642//5048 1634//5038
f  1635//5039 1634//5038 1642//5048
f  1642//5048 1643//5049 1635//5039
f  1636//5040 1635//5039 1643//5049
f  1643//5049 1644//5050 1636//5040
f  1637//5041 1636//5040 1644//5050
f  1644//5050 1645//5051 1637//5041
f  1342//5042 1637//5041 1645//5051
f  1645//5051 1343//5052 1342//5042
f  1638//5044 1544//5043 1535//5053
f  1535//5053 1646//5054 1638//5044
f  1639//5045 1638//5044 1646//5054
f  1646//5054 1647//5055 1639//5045
f  1640//5046 1639//5045 1647//5055
f  1647//5055 1648//5056 1640//5046
f  1641//5047 1640//5046 1648//5056
f  1648//5056 1649//5057 1641//5047
f  1642//5048 1641//5047 1649//5057
f  1649//5057 1650//5058 1642//5048
f  1643//5049 1642//5048 1650//5058
f  1650//5058 1651//5059 1643//5049
f  1644//5050 1643//5049 1651//5059
f  1651//5059 1652//5060 1644//5050
f  1645//5051 1644//5050 1652//5060
f  1652//5060 1653//5061 1645//5051
f  1343//5052 1645//5051 1653//5061
f  1653//5061 1344//5062 1343//5052
f  1646//5054 1535//5053 1526//5063
f  1526//5063 1654//5064 1646//5054
f  1647//5055 1646//5054 1654//5064
f  1654//5064 1655//5065 1647//5055
f  1648//5056 1647//5055 1655//5065
f  1655//5065 1656//5066 1648//5056
f  1649//5057 1648//5056 1656//5066
f  1656//5066 1657//5067 1649//5057
f  1650//5058 1649//5057 1657//5067
f  1657//5067 1658//5068 1650//5058
f  1651//5059 1650//5058 1658//5068
f  1658//5068 1659//5069 1651//5059
f  1652//5060 1651//5059 1659//5069
f  1659//5069 1660//5070 1652//5060
f  1653//5061 1652//5060 1660//5070
f  1660//5070 1661//5071 1653//5061
f  1344//5062 1653//5061 1661//5071
f  1661//5071 1345//5072 1344//5062
f  1654//5064 1526//5063 1446//5073
f  1446//5073 1445//5074 1654//5064
f  1655//5065 1654//5064 1445//5074
f  1445//5074 1449//5075 1655//5065
f  1656//5066 1655//5065 1449//5075
f  1449//5075 1451//5076 1656//5066
f  1657//5067 1656//5066 1451//5076
f  1451//5076 1453//5077 1657//5067
f  1658//5068 1657//5067 1453//5077
f  1453//5077 1455//5078 1658//5068
f  1659//5069 1658//5068 1455//5078
f  1455//5078 1457//5079 1659//5069
f  1660//5070 1659//5069 1457//5079
f  1457//5079 1459//5080 1660//5070
f  1661//5071 1660//5070 1459//5080
f  1459//5080 1461//5081 1661//5071
f  1345//5072 1661//5071 1461//5081
f  1461//5081 1346//5082 1345//5072

# Mesh 'R63 Template.002' with 5760 faces
g R63 Template.002
usemtl Body
f  1662//5083 1663//5084 1664//5085
f  1663//5084 1662//5083 1665//5086
f  1664//5085 1666//5087 1662//5083
f  1667//5088 1662//5083 1666//5087
f  1668//5089 1667//5088 1666//5087
f  1669//5090 1665//5086 1662//5083
f  1662//5083 1667//5088 1669//5090
f  1670//5091 1667//5088 1668//5089
f  1671//5092 1670//5091 1668//5089
f  1672//5093 1669//5090 1667//5088
f  1667//5088 1670//5091 1672//5093
f  1665//5086 1669//5090 1673//5094
f  1674//5095 1665//5086 1673//5094
f  1669//5090 1672//5093 1675//5096
f  1675//5096 1673//5094 1669//5090
f  1676//5097 1672//5093 1670//5091
f  1670//5091 1671//5092 1677//5098
f  1670//5091 1677//5098 1676//5097
f  1671//5092 1678//5099 1677//5098
f  1679//5100 1677//5098 1678//5099
f  1677//5098 1679//5100 1680//5101
f  1676//5097 1677//5098 1680//5101
f  1681//5102 1680//5101 1679//5100
f  1676//5097 1680//5101 1681//5102
f  1681//5102 1679//5100 1682//5103
f  1682//5103 1679//5100 1683//5104
f  1682//5103 1683//5104 1684//5105
f  1685//5106 1681//5102 1682//5103
f  1686//5107 1676//5097 1681//5102
f  1686//5107 1681//5102 1685//5106
f  1672//5093 1676//5097 1687//5108
f  1687//5108 1676//5097 1686//5107
f  1687//5108 1675//5096 1672//5093
f  1688//5109 1682//5103 1684//5105
f  1685//5106 1682//5103 1688//5109
f  1688//5109 1684//5105 1689//5110
f  1689//5110 1684//5105 1690//5111
f  1684//5105 1691//5112 1690//5111
f  1692//5113 1688//5109 1689//5110
f  1689//5110 1690//5111 1692//5113
f  1690//5111 1691//5112 1693//5114
f  1690//5111 1693//5114 1694//5115
f  1692//5113 1690//5111 1694//5115
f  1688//5109 1692//5113 1695//5116
f  1695//5116 1685//5106 1688//5109
f  1696//5117 1692//5113 1694//5115
f  1697//5118 1695//5116 1692//5113
f  1692//5113 1696//5117 1697//5118
f  1695//5116 1697//5118 1698//5119
f  1685//5106 1695//5116 1699//5120
f  1698//5119 1699//5120 1695//5116
f  1700//5121 1685//5106 1699//5120
f  1699//5120 1698//5119 1701//5122
f  1702//5123 1699//5120 1701//5122
f  1699//5120 1702//5123 1700//5121
f  1703//5124 1701//5122 1698//5119
f  1702//5123 1701//5122 1703//5124
f  1704//5125 1685//5106 1700//5121
f  1704//5125 1686//5107 1685//5106
f  1705//5126 1686//5107 1704//5125
f  1705//5126 1687//5108 1686//5107
f  1706//5127 1704//5125 1700//5121
f  1707//5128 1705//5126 1704//5125
f  1707//5128 1704//5125 1706//5127
f  1708//5129 1705//5126 1707//5128
f  1706//5127 1708//5129 1707//5128
f  1705//5126 1709//5130 1687//5108
f  1675//5096 1687//5108 1709//5130
f  1708//5129 1710//5131 1705//5126
f  1709//5130 1705//5126 1710//5131
f  1709//5130 1711//5132 1675//5096
f  1673//5094 1675//5096 1711//5132
f  1710//5131 1712//5133 1709//5130
f  1711//5132 1709//5130 1712//5133
f  1711//5132 1713//5134 1673//5094
f  1713//5134 1674//5095 1673//5094
f  1674//5095 1713//5134 1714//5135
f  1713//5134 1711//5132 1715//5136
f  1712//5133 1715//5136 1711//5132
f  1716//5137 1714//5135 1713//5134
f  1715//5136 1716//5137 1713//5134
f  1717//5138 1714//5135 1716//5137
f  1716//5137 1715//5136 1718//5139
f  1718//5139 1717//5138 1716//5137
f  1715//5136 1712//5133 1719//5140
f  1719//5140 1718//5139 1715//5136
f  1712//5133 1720//5141 1719//5140
f  1712//5133 1710//5131 1720//5141
f  1718//5139 1719//5140 1721//5142
f  1717//5138 1718//5139 1722//5143
f  1721//5142 1722//5143 1718//5139
f  1722//5143 1723//5144 1717//5138
f  1719//5140 1724//5145 1721//5142
f  1724//5145 1719//5140 1720//5141
f  1725//5146 1720//5141 1710//5131
f  1720//5141 1725//5146 1724//5145
f  1725//5146 1710//5131 1708//5129
f  1723//5144 1722//5143 1726//5147
f  1722//5143 1721//5142 1727//5148
f  1727//5148 1726//5147 1722//5143
f  1728//5149 1721//5142 1724//5145
f  1728//5149 1727//5148 1721//5142
f  1724//5145 1729//5150 1728//5149
f  1729//5150 1724//5145 1725//5146
f  1727//5148 1728//5149 1730//5151
f  1731//5152 1728//5149 1729//5150
f  1731//5152 1730//5151 1728//5149
f  1725//5146 1732//5153 1729//5150
f  1732//5153 1731//5152 1729//5150
f  1733//5154 1725//5146 1708//5129
f  1708//5129 1706//5127 1733//5154
f  1732//5153 1725//5146 1734//5155
f  1725//5146 1733//5154 1734//5155
f  1731//5152 1732//5153 1735//5156
f  1736//5157 1732//5153 1734//5155
f  1736//5157 1735//5156 1732//5153
f  1733//5154 1737//5158 1734//5155
f  1736//5157 1734//5155 1737//5158
f  1706//5127 1738//5159 1733//5154
f  1737//5158 1733//5154 1738//5159
f  1737//5158 1739//5160 1736//5157
f  1738//5159 1706//5127 1740//5161
f  1706//5127 1700//5121 1740//5161
f  1740//5161 1700//5121 1702//5123
f  1741//5162 1737//5158 1738//5159
f  1739//5160 1737//5158 1741//5162
f  1742//5163 1738//5159 1740//5161
f  1741//5162 1738//5159 1742//5163
f  1702//5123 1743//5164 1740//5161
f  1742//5163 1740//5161 1743//5164
f  1744//5165 1745//5166 1746//5167
f  1745//5166 1747//5168 1746//5167
f  1748//5169 1749//5170 1750//5171
f  1748//5169 1750//5171 1751//5172
f  1747//5168 1749//5170 1752//5173
f  1749//5170 1748//5169 1753//5174
f  1753//5174 1752//5173 1749//5170
f  1751//5172 1754//5175 1748//5169
f  1754//5175 1751//5172 1755//5176
f  1756//5177 1753//5174 1748//5169
f  1756//5177 1748//5169 1754//5175
f  1747//5168 1752//5173 1757//5178
f  1757//5178 1746//5167 1747//5168
f  1752//5173 1753//5174 1758//5179
f  1759//5180 1757//5178 1752//5173
f  1758//5179 1759//5180 1752//5173
f  1760//5181 1758//5179 1753//5174
f  1760//5181 1753//5174 1756//5177
f  1759//5180 1758//5179 1761//5182
f  1758//5179 1760//5181 1762//5183
f  1762//5183 1761//5182 1758//5179
f  1762//5183 1760//5181 1763//5184
f  1761//5182 1762//5183 1764//5185
f  1764//5185 1762//5183 1763//5184
f  1765//5186 1760//5181 1756//5177
f  1763//5184 1760//5181 1765//5186
f  1765//5186 1756//5177 1766//5187
f  1754//5175 1766//5187 1756//5177
f  1767//5188 1763//5184 1765//5186
f  1766//5187 1754//5175 1768//5189
f  1755//5176 1768//5189 1754//5175
f  1769//5190 1765//5186 1766//5187
f  1767//5188 1765//5186 1769//5190
f  1770//5191 1766//5187 1768//5189
f  1769//5190 1766//5187 1770//5191
f  1771//5192 1768//5189 1755//5176
f  1755//5176 1772//5193 1771//5192
f  1773//5194 1770//5191 1768//5189
f  1768//5189 1771//5192 1773//5194
f  1772//5193 1774//5195 1771//5192
f  1774//5195 1772//5193 1775//5196
f  1771//5192 1776//5197 1773//5194
f  1776//5197 1771//5192 1774//5195
f  1770//5191 1773//5194 1777//5198
f  1778//5199 1773//5194 1776//5197
f  1773//5194 1778//5199 1777//5198
f  1779//5200 1770//5191 1777//5198
f  1770//5191 1779//5200 1769//5190
f  1780//5201 1777//5198 1778//5199
f  1777//5198 1780//5201 1779//5200
f  1776//5197 1781//5202 1778//5199
f  1782//5203 1769//5190 1779//5200
f  1769//5190 1782//5203 1767//5188
f  1783//5204 1779//5200 1780//5201
f  1779//5200 1783//5204 1782//5203
f  1784//5205 1780//5201 1778//5199
f  1784//5205 1778//5199 1781//5202
f  1785//5206 1783//5204 1780//5201
f  1785//5206 1780//5201 1784//5205
f  1786//5207 1782//5203 1783//5204
f  1691//5112 1783//5204 1785//5206
f  1783//5204 1691//5112 1786//5207
f  1693//5114 1785//5206 1784//5205
f  1691//5112 1785//5206 1693//5114
f  1787//5208 1784//5205 1781//5202
f  1693//5114 1784//5205 1787//5208
f  1684//5105 1786//5207 1691//5112
f  1788//5209 1782//5203 1786//5207
f  1788//5209 1767//5188 1782//5203
f  1683//5104 1788//5209 1786//5207
f  1786//5207 1684//5105 1683//5104
f  1789//5210 1767//5188 1788//5209
f  1789//5210 1763//5184 1767//5188
f  1790//5211 1788//5209 1683//5104
f  1790//5211 1789//5210 1788//5209
f  1679//5100 1790//5211 1683//5104
f  1763//5184 1789//5210 1791//5212
f  1763//5184 1791//5212 1764//5185
f  1792//5213 1789//5210 1790//5211
f  1792//5213 1791//5212 1789//5210
f  1678//5099 1792//5213 1790//5211
f  1790//5211 1679//5100 1678//5099
f  1791//5212 1792//5213 1793//5214
f  1794//5215 1764//5185 1791//5212
f  1791//5212 1793//5214 1794//5215
f  1795//5216 1793//5214 1792//5213
f  1792//5213 1678//5099 1795//5216
f  1796//5217 1797//5218 1798//5219
f  1799//5220 1800//5221 1801//5222
f  1800//5221 1798//5219 1801//5222
f  1802//5223 1798//5219 1797//5218
f  1798//5219 1802//5223 1801//5222
f  1797//5218 1803//5224 1802//5223
f  1799//5220 1801//5222 1804//5225
f  1805//5226 1799//5220 1804//5225
f  1806//5227 1801//5222 1802//5223
f  1801//5222 1806//5227 1804//5225
f  1807//5228 1802//5223 1803//5224
f  1802//5223 1807//5228 1806//5227
f  1803//5224 1808//5229 1807//5228
f  1805//5226 1804//5225 1809//5230
f  1809//5230 1810//5231 1805//5226
f  1811//5232 1804//5225 1806//5227
f  1804//5225 1811//5232 1809//5230
f  1812//5233 1806//5227 1807//5228
f  1806//5227 1812//5233 1811//5232
f  1813//5234 1807//5228 1808//5229
f  1807//5228 1813//5234 1812//5233
f  1811//5232 1814//5235 1809//5230
f  1810//5231 1809//5230 1814//5235
f  1812//5233 1815//5236 1811//5232
f  1811//5232 1815//5236 1814//5235
f  1813//5234 1816//5237 1812//5233
f  1812//5233 1816//5237 1815//5236
f  1808//5229 1817//5238 1813//5234
f  1817//5238 1808//5229 1818//5239
f  1818//5239 1819//5240 1817//5238
f  1817//5238 1820//5241 1813//5234
f  1816//5237 1813//5234 1820//5241
f  1819//5240 1821//5242 1817//5238
f  1820//5241 1817//5238 1821//5242
f  1819//5240 1822//5243 1821//5242
f  1823//5244 1822//5243 1819//5240
f  1823//5244 1824//5245 1822//5243
f  1824//5245 1825//5246 1822//5243
f  1824//5245 1826//5247 1825//5246
f  1822//5243 1827//5248 1821//5242
f  1822//5243 1825//5246 1827//5248
f  1821//5242 1828//5249 1820//5241
f  1828//5249 1821//5242 1827//5248
f  1829//5250 1820//5241 1828//5249
f  1820//5241 1829//5250 1816//5237
f  1826//5247 1830//5251 1825//5246
f  1830//5251 1826//5247 1831//5252
f  1831//5252 1832//5253 1830//5251
f  1833//5254 1825//5246 1830//5251
f  1825//5246 1833//5254 1827//5248
f  1834//5255 1830//5251 1832//5253
f  1830//5251 1834//5255 1833//5254
f  1832//5253 1835//5256 1834//5255
f  1833//5254 1836//5257 1827//5248
f  1827//5248 1836//5257 1828//5249
f  1834//5255 1837//5258 1833//5254
f  1833//5254 1837//5258 1836//5257
f  1838//5259 1834//5255 1835//5256
f  1834//5255 1838//5259 1837//5258
f  1835//5256 1839//5260 1838//5259
f  1840//5261 1838//5259 1839//5260
f  1838//5259 1840//5261 1841//5262
f  1841//5262 1837//5258 1838//5259
f  1841//5262 1840//5261 1842//5263
f  1841//5262 1842//5263 1843//5264
f  1837//5258 1841//5262 1844//5265
f  1844//5265 1841//5262 1843//5264
f  1837//5258 1844//5265 1836//5257
f  1844//5265 1843//5264 1845//5266
f  1836//5257 1844//5265 1846//5267
f  1845//5266 1846//5267 1844//5265
f  1836//5257 1846//5267 1828//5249
f  1828//5249 1846//5267 1829//5250
f  1846//5267 1845//5266 1847//5268
f  1847//5268 1829//5250 1846//5267
f  1848//5269 1847//5268 1845//5266
f  1829//5250 1847//5268 1849//5270
f  1816//5237 1829//5250 1849//5270
f  1816//5237 1849//5270 1815//5236
f  1847//5268 1848//5269 1850//5271
f  1850//5271 1849//5270 1847//5268
f  1848//5269 1851//5272 1850//5271
f  1815//5236 1849//5270 1852//5273
f  1849//5270 1850//5271 1852//5273
f  1815//5236 1852//5273 1814//5235
f  1852//5273 1810//5231 1814//5235
f  1850//5271 1853//5274 1852//5273
f  1810//5231 1852//5273 1853//5274
f  1853//5274 1850//5271 1851//5272
f  1854//5275 1810//5231 1853//5274
f  1851//5272 1854//5275 1853//5274
f  1855//5276 1856//5277 1857//5278
f  1855//5276 1858//5279 1856//5277
f  1859//5280 1855//5276 1857//5278
f  1857//5278 1856//5277 1860//5281
f  1858//5279 1855//5276 1861//5282
f  1862//5283 1855//5276 1859//5280
f  1855//5276 1862//5283 1861//5282
f  1859//5280 1857//5278 1842//5263
f  1863//5284 1856//5277 1858//5279
f  1859//5280 1864//5285 1862//5283
f  1856//5277 1863//5284 1865//5286
f  1865//5286 1860//5281 1856//5277
f  1843//5264 1857//5278 1860//5281
f  1843//5264 1842//5263 1857//5278
f  1860//5281 1865//5286 1848//5269
f  1845//5266 1843//5264 1860//5281
f  1845//5266 1860//5281 1848//5269
f  1842//5263 1866//5287 1859//5280
f  1864//5285 1859//5280 1866//5287
f  1866//5287 1867//5288 1864//5285
f  1867//5288 1866//5287 1868//5289
f  1867//5288 1869//5290 1864//5285
f  1840//5261 1868//5289 1866//5287
f  1866//5287 1842//5263 1840//5261
f  1868//5289 1840//5261 1839//5260
f  1869//5290 1870//5291 1864//5285
f  1869//5290 1871//5292 1870//5291
f  1870//5291 1862//5283 1864//5285
f  1871//5292 1872//5293 1870//5291
f  1862//5283 1870//5291 1873//5294
f  1872//5293 1873//5294 1870//5291
f  1873//5294 1861//5282 1862//5283
f  1873//5294 1872//5293 1874//5295
f  1874//5295 1875//5296 1873//5294
f  1861//5282 1873//5294 1875//5296
f  1875//5296 1874//5295 1876//5297
f  1877//5298 1875//5296 1876//5297
f  1878//5299 1861//5282 1875//5296
f  1875//5296 1877//5298 1878//5299
f  1861//5282 1878//5299 1858//5279
f  1879//5300 1878//5299 1877//5298
f  1880//5301 1858//5279 1878//5299
f  1878//5299 1879//5300 1880//5301
f  1858//5279 1880//5301 1863//5284
f  1879//5300 1881//5302 1880//5301
f  1881//5302 1882//5303 1880//5301
f  1880//5301 1882//5303 1863//5284
f  1881//5302 1883//5304 1882//5303
f  1882//5303 1884//5305 1863//5284
f  1884//5305 1865//5286 1863//5284
f  1883//5304 1885//5306 1882//5303
f  1882//5303 1885//5306 1884//5305
f  1865//5286 1884//5305 1851//5272
f  1851//5272 1848//5269 1865//5286
f  1885//5306 1854//5275 1884//5305
f  1854//5275 1851//5272 1884//5305
f  1883//5304 1886//5307 1885//5306
f  1885//5306 1887//5308 1854//5275
f  1885//5306 1886//5307 1887//5308
f  1888//5309 1886//5307 1883//5304
f  1883//5304 1889//5310 1888//5309
f  1889//5310 1890//5311 1888//5309
f  1888//5309 1891//5312 1886//5307
f  1890//5311 1891//5312 1888//5309
f  1886//5307 1892//5313 1887//5308
f  1886//5307 1891//5312 1892//5313
f  1890//5311 1893//5314 1891//5312
f  1893//5314 1890//5311 1894//5315
f  1891//5312 1895//5316 1892//5313
f  1895//5316 1891//5312 1893//5314
f  1805//5226 1887//5308 1892//5313
f  1892//5313 1895//5316 1799//5220
f  1892//5313 1799//5220 1805//5226
f  1887//5308 1805//5226 1810//5231
f  1810//5231 1854//5275 1887//5308
f  1894//5315 1896//5317 1893//5314
f  1896//5317 1894//5315 1897//5318
f  1897//5318 1898//5319 1896//5317
f  1899//5320 1893//5314 1896//5317
f  1893//5314 1899//5320 1895//5316
f  1896//5317 1898//5319 1900//5321
f  1896//5317 1900//5321 1899//5320
f  1898//5319 1901//5322 1900//5321
f  1902//5323 1900//5321 1901//5322
f  1900//5321 1902//5323 1903//5324
f  1903//5324 1899//5320 1900//5321
f  1796//5217 1903//5324 1902//5323
f  1895//5316 1899//5320 1800//5221
f  1899//5320 1903//5324 1800//5221
f  1895//5316 1800//5221 1799//5220
f  1903//5324 1796//5217 1798//5219
f  1798//5219 1800//5221 1903//5324
f  1904//5325 1905//5326 1906//5327
f  1906//5327 1907//5328 1904//5325
f  1905//5326 1908//5329 1909//5330
f  1906//5327 1910//5331 1907//5328
f  1911//5332 1907//5328 1910//5331
f  1912//5333 1906//5327 1905//5326
f  1909//5330 1912//5333 1905//5326
f  1910//5331 1906//5327 1913//5334
f  1912//5333 1913//5334 1906//5327
f  1910//5331 1914//5335 1911//5332
f  1915//5336 1911//5332 1914//5335
f  1913//5334 1916//5337 1910//5331
f  1914//5335 1910//5331 1916//5337
f  1914//5335 1917//5338 1915//5336
f  1917//5338 1918//5339 1915//5336
f  1916//5337 1919//5340 1914//5335
f  1917//5338 1914//5335 1919//5340
f  1918//5339 1917//5338 1920//5341
f  1920//5341 1921//5342 1918//5339
f  1919//5340 1922//5343 1917//5338
f  1922//5343 1920//5341 1917//5338
f  1920//5341 1923//5344 1921//5342
f  1921//5342 1923//5344 1924//5345
f  1920//5341 1922//5343 1925//5346
f  1920//5341 1925//5346 1923//5344
f  1922//5343 1919//5340 1926//5347
f  1923//5344 1927//5348 1924//5345
f  1924//5345 1927//5348 1928//5349
f  1929//5350 1928//5349 1927//5348
f  1923//5344 1930//5351 1927//5348
f  1925//5346 1930//5351 1923//5344
f  1927//5348 1931//5352 1929//5350
f  1931//5352 1927//5348 1930//5351
f  1932//5353 1929//5350 1931//5352
f  1931//5352 1933//5354 1932//5353
f  1934//5355 1932//5353 1933//5354
f  1930//5351 1935//5356 1931//5352
f  1931//5352 1935//5356 1933//5354
f  1933//5354 1936//5357 1934//5355
f  1937//5358 1934//5355 1936//5357
f  1936//5357 1938//5359 1937//5358
f  1936//5357 1933//5354 1939//5360
f  1935//5356 1939//5360 1933//5354
f  1940//5361 1938//5359 1936//5357
f  1939//5360 1940//5361 1936//5357
f  1940//5361 1823//5244 1938//5359
f  1819//5240 1938//5359 1823//5244
f  1941//5362 1940//5361 1939//5360
f  1942//5363 1823//5244 1940//5361
f  1941//5362 1942//5363 1940//5361
f  1935//5356 1943//5364 1939//5360
f  1943//5364 1941//5362 1939//5360
f  1930//5351 1944//5365 1935//5356
f  1944//5365 1943//5364 1935//5356
f  1925//5346 1944//5365 1930//5351
f  1944//5365 1925//5346 1945//5366
f  1922//5343 1945//5366 1925//5346
f  1945//5366 1922//5343 1926//5347
f  1945//5366 1946//5367 1944//5365
f  1944//5365 1946//5367 1943//5364
f  1926//5347 1947//5368 1945//5366
f  1946//5367 1945//5366 1947//5368
f  1946//5367 1948//5369 1943//5364
f  1941//5362 1943//5364 1948//5369
f  1947//5368 1949//5370 1946//5367
f  1948//5369 1946//5367 1949//5370
f  1948//5369 1950//5371 1941//5362
f  1950//5371 1942//5363 1941//5362
f  1949//5370 1951//5372 1948//5369
f  1950//5371 1948//5369 1951//5372
f  1947//5368 1952//5373 1949//5370
f  1950//5371 1953//5374 1942//5363
f  1947//5368 1926//5347 1954//5375
f  1954//5375 1952//5373 1947//5368
f  1926//5347 1955//5376 1954//5375
f  1955//5376 1926//5347 1919//5340
f  1919//5340 1916//5337 1955//5376
f  1916//5337 1956//5377 1955//5376
f  1916//5337 1913//5334 1956//5377
f  1955//5376 1957//5378 1954//5375
f  1957//5378 1955//5376 1956//5377
f  1958//5379 1954//5375 1957//5378
f  1954//5375 1958//5379 1952//5373
f  1959//5380 1956//5377 1913//5334
f  1913//5334 1912//5333 1959//5380
f  1956//5377 1960//5381 1957//5378
f  1956//5377 1959//5380 1960//5381
f  1957//5378 1961//5382 1958//5379
f  1961//5382 1957//5378 1960//5381
f  1962//5383 1959//5380 1912//5333
f  1912//5333 1909//5330 1962//5383
f  1963//5384 1960//5381 1959//5380
f  1959//5380 1962//5383 1963//5384
f  1964//5385 1961//5382 1960//5381
f  1960//5381 1963//5384 1964//5385
f  1965//5386 1958//5379 1961//5382
f  1958//5379 1966//5387 1952//5373
f  1958//5379 1965//5386 1966//5387
f  1952//5373 1966//5387 1967//5388
f  1952//5373 1967//5388 1949//5370
f  1951//5372 1949//5370 1967//5388
f  1966//5387 1968//5389 1967//5388
f  1965//5386 1968//5389 1966//5387
f  1969//5390 1951//5372 1967//5388
f  1969//5390 1967//5388 1968//5389
f  1951//5372 1969//5390 1970//5391
f  1970//5391 1950//5371 1951//5372
f  1950//5371 1970//5391 1953//5374
f  1968//5389 1971//5392 1969//5390
f  1968//5389 1965//5386 1972//5393
f  1972//5393 1971//5392 1968//5389
f  1965//5386 1973//5394 1972//5393
f  1973//5394 1965//5386 1961//5382
f  1961//5382 1964//5385 1973//5394
f  1973//5394 1974//5395 1972//5393
f  1971//5392 1972//5393 1974//5395
f  1964//5385 1975//5396 1973//5394
f  1974//5395 1973//5394 1975//5396
f  1976//5397 1971//5392 1974//5395
f  1975//5396 1976//5397 1974//5395
f  1977//5398 1969//5390 1971//5392
f  1977//5398 1970//5391 1969//5390
f  1971//5392 1976//5397 1978//5399
f  1978//5399 1977//5398 1971//5392
f  1975//5396 1964//5385 1979//5400
f  1963//5384 1979//5400 1964//5385
f  1976//5397 1975//5396 1980//5401
f  1979//5400 1980//5401 1975//5396
f  1979//5400 1963//5384 1981//5402
f  1962//5383 1981//5402 1963//5384
f  1980//5401 1979//5400 1982//5403
f  1982//5403 1979//5400 1981//5402
f  1980//5401 1983//5404 1976//5397
f  1983//5404 1978//5399 1976//5397
f  1982//5403 1984//5405 1980//5401
f  1983//5404 1980//5401 1984//5405
f  1981//5402 1962//5383 1985//5406
f  1909//5330 1985//5406 1962//5383
f  1981//5402 1986//5407 1982//5403
f  1986//5407 1981//5402 1985//5406
f  1985//5406 1909//5330 1987//5408
f  1908//5329 1987//5408 1909//5330
f  1985//5406 1988//5409 1986//5407
f  1987//5408 1988//5409 1985//5406
f  1989//5410 1982//5403 1986//5407
f  1984//5405 1982//5403 1989//5410
f  1990//5411 1986//5407 1988//5409
f  1986//5407 1990//5411 1989//5410
f  1987//5408 1908//5329 1991//5412
f  1908//5329 1992//5413 1991//5412
f  1988//5409 1987//5408 1993//5414
f  1991//5412 1993//5414 1987//5408
f  1994//5415 1991//5412 1992//5413
f  1993//5414 1995//5416 1988//5409
f  1988//5409 1995//5416 1990//5411
f  1992//5413 1996//5417 1994//5415
f  1993//5414 1991//5412 1997//5418
f  1991//5412 1994//5415 1997//5418
f  1995//5416 1993//5414 1998//5419
f  1997//5418 1998//5419 1993//5414
f  1999//5420 1997//5418 1994//5415
f  1998//5419 1997//5418 1999//5420
f  2000//5421 1994//5415 1996//5417
f  2000//5421 1996//5417 2001//5422
f  2002//5423 2000//5421 2001//5422
f  1994//5415 2000//5421 2003//5424
f  1999//5420 1994//5415 2003//5424
f  2000//5421 2002//5423 2004//5425
f  2004//5425 2003//5424 2000//5421
f  2005//5426 2004//5425 2002//5423
f  2004//5425 2005//5426 2006//5427
f  2006//5427 2005//5426 2007//5428
f  2006//5427 2007//5428 2008//5429
f  2006//5427 2009//5430 2004//5425
f  2003//5424 2004//5425 2009//5430
f  2008//5429 2010//5431 2006//5427
f  2009//5430 2006//5427 2010//5431
f  2011//5432 2003//5424 2009//5430
f  2003//5424 2011//5432 1999//5420
f  2012//5433 2009//5430 2010//5431
f  2009//5430 2012//5433 2011//5432
f  2010//5431 2008//5429 2013//5434
f  2013//5434 2012//5433 2010//5431
f  2014//5435 2013//5434 2008//5429
f  2015//5436 1999//5420 2011//5432
f  1999//5420 2015//5436 1998//5419
f  2016//5437 2011//5432 2012//5433
f  2011//5432 2016//5437 2015//5436
f  2012//5433 2013//5434 2017//5438
f  2016//5437 2012//5433 2017//5438
f  2013//5434 2014//5435 2018//5439
f  2018//5439 2017//5438 2013//5434
f  2018//5439 2014//5435 2019//5440
f  2018//5439 2019//5440 2020//5441
f  2017//5438 2018//5439 2021//5442
f  2021//5442 2018//5439 2020//5441
f  2020//5441 2019//5440 2022//5443
f  2023//5444 2017//5438 2021//5442
f  2016//5437 2017//5438 2023//5444
f  2021//5442 2020//5441 2024//5445
f  2025//5446 2016//5437 2023//5444
f  2025//5446 2015//5436 2016//5437
f  2023//5444 2021//5442 2026//5447
f  2024//5445 2026//5447 2021//5442
f  2025//5446 2023//5444 2027//5448
f  2027//5448 2023//5444 2026//5447
f  2015//5436 2025//5446 2028//5449
f  2028//5449 1998//5419 2015//5436
f  1998//5419 2028//5449 1995//5416
f  2029//5450 2028//5449 2025//5446
f  2027//5448 2029//5450 2025//5446
f  2030//5451 1995//5416 2028//5449
f  2028//5449 2029//5450 2030//5451
f  1995//5416 2030//5451 1990//5411
f  2031//5452 1990//5411 2030//5451
f  1990//5411 2031//5452 1989//5410
f  2032//5453 2030//5451 2029//5450
f  2030//5451 2032//5453 2031//5452
f  2029//5450 2027//5448 2033//5454
f  2033//5454 2032//5453 2029//5450
f  2034//5455 2033//5454 2027//5448
f  2027//5448 2026//5447 2034//5455
f  2032//5453 2033//5454 2035//5456
f  2036//5457 2031//5452 2032//5453
f  2032//5453 2035//5456 2036//5457
f  2037//5458 1989//5410 2031//5452
f  2031//5452 2036//5457 2037//5458
f  1989//5410 2037//5458 1984//5405
f  2038//5459 2035//5456 2033//5454
f  2033//5454 2034//5455 2038//5459
f  2036//5457 2035//5456 2039//5460
f  2040//5461 1984//5405 2037//5458
f  2041//5462 2037//5458 2036//5457
f  2040//5461 2037//5458 2041//5462
f  2036//5457 2039//5460 2041//5462
f  1984//5405 2040//5461 1983//5404
f  2035//5456 2042//5463 2039//5460
f  2035//5456 2038//5459 2042//5463
f  2041//5462 2039//5460 2043//5464
f  1983//5404 2040//5461 2044//5465
f  2040//5461 2041//5462 2045//5466
f  2045//5466 2044//5465 2040//5461
f  2041//5462 2043//5464 2045//5466
f  1978//5399 1983//5404 2044//5465
f  2044//5465 2046//5467 1978//5399
f  1977//5398 1978//5399 2046//5467
f  2044//5465 2045//5466 2047//5468
f  2046//5467 2044//5465 2047//5468
f  2046//5467 2048//5469 1977//5398
f  1970//5391 1977//5398 2048//5469
f  2048//5469 1953//5374 1970//5391
f  2048//5469 2046//5467 2049//5470
f  2047//5468 2049//5470 2046//5467
f  1953//5374 2048//5469 2050//5471
f  2049//5470 2050//5471 2048//5469
f  1953//5374 2050//5471 2051//5472
f  1953//5374 2051//5472 1942//5363
f  1824//5245 1942//5363 2051//5472
f  1942//5363 1824//5245 1823//5244
f  2050//5471 2052//5473 2051//5472
f  2051//5472 2052//5473 1824//5245
f  2050//5471 2049//5470 2053//5474
f  2053//5474 2052//5473 2050//5471
f  2054//5475 2053//5474 2049//5470
f  2049//5470 2047//5468 2054//5475
f  2052//5473 2053//5474 2055//5476
f  2052//5473 1826//5247 1824//5245
f  2055//5476 1826//5247 2052//5473
f  2056//5477 2055//5476 2053//5474
f  2053//5474 2054//5475 2056//5477
f  2057//5478 2054//5475 2047//5468
f  2045//5466 2057//5478 2047//5468
f  2057//5478 2045//5466 2043//5464
f  2054//5475 2057//5478 2058//5479
f  2058//5479 2056//5477 2054//5475
f  2043//5464 2059//5480 2057//5478
f  2059//5480 2058//5479 2057//5478
f  2043//5464 2060//5481 2059//5480
f  2039//5460 2060//5481 2043//5464
f  2039//5460 2042//5463 2060//5481
f  2061//5482 2059//5480 2060//5481
f  2062//5483 2060//5481 2042//5463
f  2060//5481 2062//5483 2061//5482
f  2058//5479 2059//5480 2063//5484
f  2059//5480 2061//5482 2063//5484
f  2063//5484 2064//5485 2058//5479
f  2056//5477 2058//5479 2064//5485
f  2042//5463 2065//5486 2062//5483
f  2042//5463 2038//5459 2065//5486
f  2066//5487 2056//5477 2064//5485
f  2055//5476 2056//5477 2066//5487
f  2038//5459 2067//5488 2065//5486
f  2038//5459 2034//5455 2067//5488
f  2066//5487 1831//5252 2055//5476
f  1826//5247 2055//5476 1831//5252
f  2034//5455 2068//5489 2067//5488
f  2068//5489 2034//5455 2026//5447
f  2026//5447 2024//5445 2068//5489
f  2069//5490 2067//5488 2068//5489
f  2070//5491 2068//5489 2024//5445
f  2068//5489 2070//5491 2069//5490
f  2024//5445 2071//5492 2070//5491
f  2024//5445 2020//5441 2071//5492
f  2020//5441 2022//5443 2071//5492
f  2072//5493 2070//5491 2071//5492
f  2067//5488 2069//5490 2073//5494
f  2065//5486 2067//5488 2073//5494
f  2070//5491 2074//5495 2069//5490
f  2070//5491 2072//5493 2074//5495
f  2069//5490 2075//5496 2073//5494
f  2069//5490 2074//5495 2075//5496
f  2065//5486 2073//5494 2076//5497
f  2065//5486 2076//5497 2062//5483
f  2073//5494 2075//5496 2077//5498
f  2077//5498 2076//5497 2073//5494
f  2074//5495 2078//5499 2075//5496
f  2062//5483 2076//5497 2079//5500
f  2079//5500 2061//5482 2062//5483
f  2076//5497 2077//5498 2080//5501
f  2080//5501 2079//5500 2076//5497
f  2075//5496 2081//5502 2077//5498
f  2081//5502 2075//5496 2078//5499
f  2080//5501 2077//5498 2082//5503
f  2077//5498 2081//5502 2082//5503
f  2079//5500 2080//5501 2083//5504
f  2082//5503 2083//5504 2080//5501
f  2061//5482 2079//5500 2084//5505
f  2079//5500 2083//5504 2084//5505
f  2084//5505 2063//5484 2061//5482
f  2063//5484 2084//5505 2085//5506
f  2064//5485 2063//5484 2085//5506
f  2084//5505 2083//5504 2086//5507
f  2086//5507 2085//5506 2084//5505
f  2087//5508 2064//5485 2085//5506
f  2064//5485 2087//5508 2066//5487
f  2085//5506 2086//5507 2088//5509
f  2085//5506 2088//5509 2087//5508
f  2089//5510 2086//5507 2083//5504
f  2083//5504 2082//5503 2089//5510
f  2090//5511 2088//5509 2086//5507
f  2086//5507 2089//5510 2090//5511
f  2091//5512 2087//5508 2088//5509
f  2092//5513 2066//5487 2087//5508
f  2087//5508 2091//5512 2092//5513
f  1831//5252 2066//5487 2092//5513
f  2088//5509 2093//5514 2091//5512
f  2088//5509 2090//5511 2093//5514
f  2091//5512 2094//5515 2092//5513
f  2093//5514 2094//5515 2091//5512
f  1832//5253 1831//5252 2092//5513
f  2092//5513 2094//5515 1832//5253
f  2095//5516 2093//5514 2090//5511
f  2089//5510 2095//5516 2090//5511
f  2094//5515 2093//5514 2096//5517
f  2093//5514 2095//5516 2096//5517
f  2095//5516 2089//5510 2097//5518
f  2082//5503 2097//5518 2089//5510
f  2098//5519 2096//5517 2095//5516
f  2097//5518 2098//5519 2095//5516
f  2096//5517 2099//5520 2094//5515
f  2096//5517 2098//5519 2099//5520
f  2094//5515 2099//5520 1835//5256
f  2094//5515 1835//5256 1832//5253
f  2098//5519 1839//5260 2099//5520
f  1839//5260 1835//5256 2099//5520
f  2097//5518 2082//5503 2100//5521
f  2081//5502 2100//5521 2082//5503
f  2098//5519 2097//5518 2101//5522
f  2100//5521 2101//5522 2097//5518
f  2100//5521 2081//5502 2102//5523
f  2101//5522 1868//5289 2098//5519
f  1839//5260 2098//5519 1868//5289
f  2101//5522 2100//5521 2103//5524
f  2102//5523 2103//5524 2100//5521
f  2078//5499 2102//5523 2081//5502
f  2101//5522 2103//5524 1867//5288
f  1868//5289 2101//5522 1867//5288
f  2103//5524 2102//5523 2104//5525
f  2102//5523 2078//5499 2105//5526
f  2105//5526 2104//5525 2102//5523
f  2106//5527 2105//5526 2078//5499
f  2078//5499 2074//5495 2106//5527
f  2074//5495 2072//5493 2106//5527
f  2103//5524 1869//5290 1867//5288
f  2103//5524 2104//5525 1869//5290
f  2105//5526 2106//5527 2107//5528
f  2104//5525 2105//5526 2108//5529
f  2107//5528 2108//5529 2105//5526
f  2104//5525 1871//5292 1869//5290
f  2108//5529 1871//5292 2104//5525
f  2109//5530 2107//5528 2106//5527
f  2072//5493 2109//5530 2106//5527
f  2108//5529 2107//5528 2110//5531
f  1871//5292 2108//5529 2111//5532
f  2110//5531 2111//5532 2108//5529
f  2112//5533 2110//5531 2107//5528
f  2107//5528 2109//5530 2112//5533
f  2111//5532 2110//5531 2113//5534
f  2110//5531 2114//5535 2113//5534
f  2110//5531 2112//5533 2114//5535
f  2113//5534 2115//5536 2111//5532
f  2112//5533 2116//5537 2114//5535
f  1872//5293 2111//5532 2115//5536
f  2111//5532 1872//5293 1871//5292
f  2115//5536 1874//5295 1872//5293
f  2112//5533 2117//5538 2116//5537
f  2109//5530 2117//5538 2112//5533
f  2117//5538 2118//5539 2116//5537
f  2109//5530 2119//5540 2117//5538
f  2072//5493 2119//5540 2109//5530
f  2118//5539 2117//5538 2120//5541
f  2119//5540 2120//5541 2117//5538
f  2120//5541 2121//5542 2118//5539
f  2119//5540 2072//5493 2122//5543
f  2071//5492 2122//5543 2072//5493
f  2122//5543 2071//5492 2022//5443
f  2122//5543 2123//5544 2119//5540
f  2120//5541 2119//5540 2123//5544
f  2022//5443 2124//5545 2122//5543
f  2124//5545 2123//5544 2122//5543
f  2125//5546 2124//5545 2022//5443
f  2125//5546 2126//5547 2124//5545
f  2121//5542 2120//5541 2127//5548
f  2123//5544 2127//5548 2120//5541
f  2127//5548 2128//5549 2121//5542
f  2127//5548 2129//5550 2128//5549
f  2127//5548 2123//5544 2130//5551
f  2124//5545 2130//5551 2123//5544
f  2130//5551 2129//5550 2127//5548
f  2126//5547 2130//5551 2124//5545
f  2130//5551 2131//5552 2129//5550
f  2126//5547 2131//5552 2130//5551
f  2131//5552 2132//5553 2129//5550
f  2131//5552 2126//5547 2133//5554
f  2131//5552 2134//5555 2132//5553
f  2133//5554 2134//5555 2131//5552
f  2135//5556 2136//5557 2137//5558
f  2138//5559 2139//5560 2140//5561
f  2140//5561 2141//5562 2142//5563
f  2142//5563 2138//5559 2140//5561
f  2143//5564 2142//5563 2141//5562
f  2141//5562 2144//5565 2143//5564
f  2145//5566 2136//5557 2139//5560
f  2139//5560 2138//5559 2145//5566
f  2136//5557 2145//5566 2146//5567
f  2146//5567 2137//5558 2136//5557
f  2137//5558 2146//5567 2147//5568
f  2147//5568 2148//5569 2137//5558
f  2145//5566 2149//5570 2146//5567
f  2148//5569 2147//5568 2150//5571
f  2150//5571 2151//5572 2148//5569
f  2146//5567 2152//5573 2147//5568
f  2149//5570 2152//5573 2146//5567
f  2153//5574 2150//5571 2147//5568
f  2152//5573 2153//5574 2147//5568
f  2151//5572 2150//5571 1796//5217
f  1902//5323 2151//5572 1796//5217
f  2150//5571 2153//5574 1797//5218
f  1797//5218 1796//5217 2150//5571
f  2152//5573 2154//5575 2153//5574
f  1803//5224 1797//5218 2153//5574
f  2154//5575 1803//5224 2153//5574
f  2155//5576 2154//5575 2152//5573
f  2149//5570 2155//5576 2152//5573
f  1808//5229 1803//5224 2154//5575
f  1818//5239 2154//5575 2155//5576
f  2154//5575 1818//5239 1808//5229
f  2155//5576 2156//5577 1818//5239
f  2149//5570 2157//5578 2155//5576
f  2156//5577 2155//5576 2157//5578
f  2157//5578 2149//5570 2158//5579
f  2145//5566 2158//5579 2149//5570
f  2158//5579 2145//5566 2138//5559
f  2157//5578 1938//5359 2156//5577
f  1819//5240 1818//5239 2156//5577
f  1938//5359 1819//5240 2156//5577
f  2158//5579 1937//5358 2157//5578
f  1938//5359 2157//5578 1937//5358
f  2138//5559 2159//5580 2158//5579
f  1937//5358 2158//5579 2159//5580
f  2159//5580 2138//5559 2160//5581
f  2138//5559 2142//5563 2160//5581
f  1934//5355 1937//5358 2159//5580
f  2161//5582 2160//5581 2142//5563
f  2161//5582 2142//5563 2143//5564
f  2162//5583 2159//5580 2160//5581
f  2162//5583 2160//5581 2161//5582
f  2159//5580 2162//5583 1934//5355
f  2163//5584 2161//5582 2143//5564
f  2163//5584 2143//5564 2144//5565
f  2164//5585 2162//5583 2161//5582
f  2164//5585 2161//5582 2163//5584
f  1932//5353 1934//5355 2162//5583
f  1932//5353 2162//5583 2164//5585
f  2144//5565 2165//5586 2163//5584
f  2165//5586 2144//5565 2166//5587
f  2166//5587 2167//5588 2165//5586
f  2165//5586 2168//5589 2163//5584
f  2168//5589 2164//5585 2163//5584
f  2167//5588 2169//5590 2165//5586
f  2168//5589 2165//5586 2169//5590
f  2169//5590 2167//5588 2170//5591
f  2171//5592 2170//5591 2167//5588
f  2170//5591 2171//5592 2172//5593
f  2164//5585 2168//5589 1929//5350
f  1929//5350 1932//5353 2164//5585
f  2169//5590 1928//5349 2168//5589
f  1928//5349 1929//5350 2168//5589
f  2170//5591 2173//5594 2169//5590
f  1928//5349 2169//5590 2173//5594
f  2172//5593 2174//5595 2170//5591
f  2173//5594 2170//5591 2174//5595
f  2174//5595 2172//5593 2175//5596
f  1924//5345 1928//5349 2173//5594
f  2176//5597 2173//5594 2174//5595
f  2173//5594 2176//5597 1924//5345
f  2175//5596 2177//5598 2174//5595
f  2174//5595 2177//5598 2176//5597
f  2177//5598 2175//5596 2178//5599
f  2179//5600 2178//5599 2175//5596
f  2178//5599 2179//5600 2180//5601
f  2180//5601 2181//5602 2178//5599
f  2181//5602 2180//5601 2182//5603
f  2178//5599 2183//5604 2177//5598
f  2183//5604 2178//5599 2181//5602
f  2184//5605 2176//5597 2177//5598
f  2183//5604 2184//5605 2177//5598
f  2176//5597 2184//5605 1921//5342
f  1921//5342 1924//5345 2176//5597
f  2184//5605 2183//5604 2185//5606
f  1921//5342 2184//5605 1918//5339
f  1918//5339 2184//5605 2185//5606
f  2183//5604 2186//5607 2185//5606
f  2186//5607 2183//5604 2181//5602
f  2185//5606 1915//5336 1918//5339
f  2187//5608 2185//5606 2186//5607
f  2185//5606 2187//5608 1915//5336
f  2181//5602 2188//5609 2186//5607
f  2188//5609 2181//5602 2182//5603
f  2189//5610 2188//5609 2182//5603
f  2190//5611 2186//5607 2188//5609
f  2186//5607 2190//5611 2187//5608
f  2188//5609 2189//5610 2191//5612
f  2190//5611 2188//5609 2191//5612
f  2191//5612 2189//5610 2192//5613
f  2193//5614 2191//5612 2192//5613
f  2192//5613 2194//5615 2193//5614
f  2195//5616 2190//5611 2191//5612
f  2191//5612 2193//5614 2195//5616
f  2196//5617 2187//5608 2190//5611
f  2190//5611 2195//5616 2196//5617
f  2187//5608 2196//5617 1911//5332
f  1911//5332 1915//5336 2187//5608
f  2197//5618 2193//5614 2194//5615
f  2194//5615 2198//5619 2197//5618
f  2199//5620 2197//5618 2198//5619
f  2193//5614 2197//5618 2200//5621
f  2200//5621 2195//5616 2193//5614
f  2197//5618 2199//5620 2201//5622
f  2201//5622 2200//5621 2197//5618
f  2202//5623 2201//5622 2199//5620
f  2195//5616 2200//5621 2203//5624
f  2203//5624 2196//5617 2195//5616
f  2200//5621 2201//5622 2204//5625
f  2203//5624 2200//5621 2204//5625
f  2201//5622 2202//5623 2205//5626
f  2205//5626 2204//5625 2201//5622
f  2206//5627 2205//5626 2202//5623
f  2202//5623 2207//5628 2206//5627
f  2208//5629 2206//5627 2207//5628
f  2196//5617 2203//5624 1907//5328
f  1907//5328 1911//5332 2196//5617
f  1904//5325 2203//5624 2204//5625
f  2203//5624 1904//5325 1907//5328
f  2206//5627 2208//5629 2209//5630
f  2209//5630 2208//5629 2210//5631
f  2209//5630 2211//5632 2206//5627
f  2205//5626 2206//5627 2211//5632
f  2204//5625 2205//5626 2212//5633
f  1904//5325 2204//5625 2212//5633
f  2211//5632 2212//5633 2205//5626
f  1996//5417 2209//5630 2210//5631
f  1996//5417 2210//5631 2001//5422
f  2211//5632 2209//5630 1992//5413
f  1996//5417 1992//5413 2209//5630
f  2212//5633 2211//5632 1908//5329
f  1992//5413 1908//5329 2211//5632
f  1905//5326 1904//5325 2212//5633
f  1908//5329 1905//5326 2212//5633
f  2137//5558 2213//5634 2135//5556
f  2148//5569 2214//5635 2213//5634
f  2213//5634 2137//5558 2148//5569
f  2215//5636 2216//5637 2214//5635
f  2148//5569 2151//5572 2214//5635
f  2215//5636 2214//5635 2151//5572
f  2217//5638 2216//5637 2215//5636
f  2217//5638 2218//5639 2216//5637
f  2219//5640 2218//5639 2217//5638
f  2218//5639 2219//5640 2220//5641
f  1901//5322 2217//5638 2215//5636
f  1902//5323 2215//5636 2151//5572
f  1901//5322 2215//5636 1902//5323
f  2221//5642 2220//5641 2219//5640
f  2220//5641 2221//5642 2222//5643
f  2217//5638 2223//5644 2219//5640
f  2223//5644 2217//5638 1901//5322
f  2219//5640 2224//5645 2221//5642
f  2224//5645 2219//5640 2223//5644
f  2224//5645 2223//5644 2225//5646
f  2226//5647 2224//5645 2225//5646
f  2225//5646 2223//5644 1898//5319
f  2223//5644 1901//5322 1898//5319
f  2225//5646 1898//5319 1897//5318
f  2224//5645 2226//5647 2227//5648
f  2227//5648 2221//5642 2224//5645
f  2228//5649 2227//5648 2226//5647
f  2227//5648 2229//5650 2221//5642
f  2229//5650 2222//5643 2221//5642
f  2227//5648 2228//5649 2230//5651
f  2230//5651 2229//5650 2227//5648
f  2231//5652 2230//5651 2228//5649
f  2232//5653 2222//5643 2229//5650
f  2233//5654 2222//5643 2232//5653
f  2230//5651 2234//5655 2229//5650
f  2234//5655 2232//5653 2229//5650
f  2235//5656 2230//5651 2231//5652
f  2235//5656 2234//5655 2230//5651
f  2236//5657 2235//5656 2231//5652
f  2237//5658 2232//5653 2234//5655
f  2238//5659 2233//5654 2232//5653
f  2238//5659 2232//5653 2237//5658
f  2239//5660 2233//5654 2238//5659
f  2240//5661 2235//5656 2236//5657
f  2241//5662 2240//5661 2236//5657
f  2234//5655 2235//5656 2242//5663
f  2240//5661 2242//5663 2235//5656
f  2242//5663 2237//5658 2234//5655
f  2240//5661 2241//5662 2243//5664
f  2244//5665 2243//5664 2241//5662
f  2242//5663 2240//5661 2245//5666
f  2243//5664 2245//5666 2240//5661
f  2237//5658 2242//5663 2246//5667
f  2245//5666 2246//5667 2242//5663
f  2246//5667 2238//5659 2237//5658
f  2247//5668 2239//5660 2238//5659
f  2238//5659 2246//5667 2247//5668
f  2239//5660 2247//5668 2248//5669
f  2246//5667 2245//5666 2249//5670
f  2249//5670 2247//5668 2246//5667
f  2250//5671 2248//5669 2247//5668
f  2247//5668 2249//5670 2250//5671
f  2248//5669 2250//5671 2251//5672
f  2252//5673 2249//5670 2245//5666
f  2243//5664 2252//5673 2245//5666
f  2253//5674 2250//5671 2249//5670
f  2253//5674 2249//5670 2252//5673
f  2254//5675 2251//5672 2250//5671
f  2250//5671 2253//5674 2254//5675
f  2251//5672 2254//5675 2255//5676
f  2252//5673 2256//5677 2253//5674
f  2256//5677 2254//5675 2253//5674
f  2243//5664 2257//5678 2252//5673
f  2256//5677 2252//5673 2257//5678
f  2257//5678 2243//5664 2258//5679
f  2243//5664 2244//5665 2258//5679
f  2259//5680 2260//5681 2261//5682
f  2260//5681 2259//5680 2262//5683
f  2263//5684 2261//5682 2260//5681
f  2261//5682 2264//5685 2259//5680
f  2260//5681 2265//5686 2263//5684
f  2261//5682 2263//5684 2266//5687
f  2262//5683 2267//5688 2260//5681
f  2267//5688 2265//5686 2260//5681
f  2268//5689 2262//5683 2259//5680
f  2267//5688 2269//5690 2265//5686
f  2270//5691 2268//5689 2259//5680
f  2270//5691 2259//5680 2264//5685
f  2268//5689 1775//5196 2262//5683
f  2271//5692 2267//5688 2262//5683
f  1775//5196 2271//5692 2262//5683
f  2271//5692 2272//5693 2267//5688
f  2272//5693 2269//5690 2267//5688
f  2271//5692 1775//5196 1772//5193
f  2273//5694 2272//5693 2271//5692
f  1772//5193 2273//5694 2271//5692
f  2272//5693 2273//5694 2274//5695
f  2272//5693 2275//5696 2269//5690
f  2273//5694 1772//5193 2276//5697
f  2277//5698 2273//5694 2276//5697
f  2273//5694 2277//5698 2274//5695
f  1772//5193 1755//5176 2276//5697
f  2276//5697 1751//5172 2277//5698
f  1751//5172 2276//5697 1755//5176
f  2274//5695 2278//5699 2272//5693
f  2275//5696 2272//5693 2278//5699
f  2279//5700 2274//5695 2277//5698
f  1750//5171 2277//5698 1751//5172
f  2277//5698 1750//5171 2279//5700
f  2278//5699 2274//5695 2280//5701
f  2274//5695 2279//5700 2280//5701
f  2278//5699 2281//5702 2275//5696
f  2280//5701 2282//5703 2278//5699
f  2281//5702 2278//5699 2282//5703
f  2279//5700 2283//5704 2280//5701
f  2280//5701 2284//5705 2282//5703
f  2284//5705 2280//5701 2283//5704
f  2285//5706 2282//5703 2284//5705
f  2282//5703 2285//5706 2281//5702
f  2283//5704 2279//5700 2286//5707
f  1750//5171 2286//5707 2279//5700
f  2283//5704 2287//5708 2284//5705
f  2284//5705 2288//5709 2285//5706
f  2288//5709 2284//5705 2287//5708
f  2287//5708 2283//5704 1745//5166
f  2286//5707 1745//5166 2283//5704
f  2287//5708 2289//5710 2288//5709
f  2286//5707 1750//5171 1749//5170
f  1745//5166 1744//5165 2287//5708
f  2289//5710 2287//5708 1744//5165
f  1745//5166 2286//5707 1747//5168
f  1749//5170 1747//5168 2286//5707
f  1743//5164 1702//5123 2290//5711
f  2290//5711 1702//5123 1703//5124
f  2291//5712 1742//5163 1743//5164
f  2290//5711 2292//5713 1743//5164
f  2291//5712 1743//5164 2292//5713
f  2293//5714 1741//5162 1742//5163
f  2293//5714 1742//5163 2291//5712
f  2294//5715 1741//5162 2293//5714
f  1741//5162 2294//5715 1739//5160
f  2291//5712 2295//5716 2293//5714
f  2292//5713 2296//5717 2291//5712
f  2295//5716 2291//5712 2296//5717
f  2294//5715 2293//5714 2297//5718
f  2297//5718 2293//5714 2295//5716
f  2298//5719 2294//5715 2297//5718
f  2299//5720 1739//5160 2294//5715
f  2298//5719 2299//5720 2294//5715
f  1739//5160 2299//5720 2300//5721
f  2300//5721 2301//5722 1739//5160
f  1736//5157 1739//5160 2301//5722
f  1735//5156 1736//5157 2301//5722
f  2300//5721 2302//5723 2301//5722
f  2301//5722 2303//5724 1735//5156
f  2303//5724 2301//5722 2302//5723
f  2304//5725 1735//5156 2303//5724
f  1735//5156 2304//5725 1731//5152
f  1730//5151 1731//5152 2304//5725
f  2299//5720 2305//5726 2300//5721
f  2302//5723 2300//5721 2305//5726
f  2305//5726 2299//5720 2306//5727
f  2298//5719 2306//5727 2299//5720
f  2305//5726 2307//5728 2302//5723
f  2306//5727 2308//5729 2305//5726
f  2307//5728 2305//5726 2308//5729
f  2309//5730 2302//5723 2307//5728
f  2302//5723 2309//5730 2303//5724
f  2310//5731 2307//5728 2308//5729
f  2307//5728 2311//5732 2309//5730
f  2311//5732 2307//5728 2310//5731
f  2312//5733 2303//5724 2309//5730
f  2303//5724 2312//5733 2304//5725
f  2313//5734 2309//5730 2311//5732
f  2309//5730 2313//5734 2312//5733
f  2310//5731 2314//5735 2311//5732
f  2315//5736 2304//5725 2312//5733
f  2304//5725 2315//5736 1730//5151
f  2313//5734 2316//5737 2312//5733
f  2316//5737 2315//5736 2312//5733
f  2311//5732 2317//5738 2313//5734
f  2317//5738 2311//5732 2314//5735
f  2318//5739 2316//5737 2313//5734
f  2317//5738 2318//5739 2313//5734
f  2319//5740 1730//5151 2315//5736
f  1730//5151 2319//5740 1727//5148
f  1726//5147 1727//5148 2319//5740
f  2320//5741 2319//5740 2315//5736
f  2316//5737 2320//5741 2315//5736
f  2319//5740 2321//5742 1726//5147
f  2321//5742 2319//5740 2320//5741
f  2322//5743 2320//5741 2316//5737
f  2318//5739 2322//5743 2316//5737
f  2320//5741 2323//5744 2321//5742
f  2323//5744 2320//5741 2322//5743
f  2324//5745 1726//5147 2321//5742
f  1726//5147 2324//5745 1723//5144
f  1723//5144 2324//5745 2325//5746
f  2326//5747 2325//5746 2324//5745
f  2321//5742 2327//5748 2324//5745
f  2324//5745 2327//5748 2326//5747
f  2327//5748 2321//5742 2323//5744
f  2327//5748 2328//5749 2326//5747
f  2329//5750 2326//5747 2328//5749
f  2328//5749 2330//5751 2329//5750
f  2328//5749 2327//5748 2331//5752
f  2323//5744 2331//5752 2327//5748
f  2330//5751 2328//5749 2332//5753
f  2331//5752 2332//5753 2328//5749
f  2331//5752 2323//5744 2333//5754
f  2322//5743 2333//5754 2323//5744
f  2332//5753 2331//5752 2334//5755
f  2333//5754 2334//5755 2331//5752
f  2335//5756 2336//5757 2337//5758
f  2336//5757 2338//5759 2337//5758
f  2335//5756 2337//5758 2339//5760
f  2340//5761 2335//5756 2339//5760
f  2341//5762 2340//5761 2339//5760
f  2337//5758 2338//5759 2342//5763
f  2338//5759 2343//5764 2342//5763
f  2339//5760 2337//5758 2344//5765
f  2342//5763 2344//5765 2337//5758
f  2341//5762 2339//5760 2345//5766
f  2345//5766 2339//5760 2344//5765
f  2345//5766 2346//5767 2341//5762
f  2347//5768 2341//5762 2346//5767
f  2345//5766 2344//5765 2348//5769
f  2344//5765 2342//5763 2349//5770
f  2349//5770 2348//5769 2344//5765
f  2350//5771 2349//5770 2342//5763
f  2342//5763 2343//5764 2350//5771
f  2348//5769 2349//5770 2351//5772
f  2348//5769 2352//5773 2345//5766
f  2346//5767 2345//5766 2352//5773
f  2343//5764 2353//5774 2350//5771
f  2353//5774 2343//5764 2354//5775
f  2349//5770 2350//5771 2355//5776
f  2355//5776 2350//5771 2353//5774
f  2355//5776 2351//5772 2349//5770
f  2354//5775 2356//5777 2353//5774
f  2356//5777 2354//5775 2357//5778
f  2355//5776 2353//5774 2358//5779
f  2358//5779 2353//5774 2356//5777
f  2351//5772 2355//5776 2359//5780
f  2359//5780 2355//5776 2358//5779
f  2357//5778 2360//5781 2356//5777
f  2357//5778 2361//5782 2360//5781
f  2361//5782 2362//5783 2360//5781
f  2360//5781 2362//5783 2363//5784
f  2356//5777 2360//5781 2364//5785
f  2360//5781 2363//5784 2364//5785
f  2358//5779 2356//5777 2364//5785
f  2364//5785 2363//5784 2365//5786
f  2366//5787 2358//5779 2364//5785
f  2366//5787 2364//5785 2365//5786
f  2359//5780 2358//5779 2366//5787
f  2365//5786 2367//5788 2366//5787
f  2368//5789 2366//5787 2367//5788
f  2366//5787 2368//5789 2359//5780
f  2367//5788 2369//5790 2368//5789
f  2370//5791 2359//5780 2368//5789
f  2370//5791 2351//5772 2359//5780
f  2371//5792 2368//5789 2369//5790
f  2371//5792 2370//5791 2368//5789
f  2369//5790 2372//5793 2371//5792
f  2373//5794 2351//5772 2370//5791
f  2348//5769 2351//5772 2373//5794
f  2352//5773 2348//5769 2373//5794
f  2374//5795 2373//5794 2370//5791
f  2374//5795 2370//5791 2371//5792
f  2373//5794 2375//5796 2352//5773
f  2375//5796 2373//5794 2374//5795
f  2376//5797 2371//5792 2372//5793
f  2371//5792 2376//5797 2374//5795
f  2372//5793 2377//5798 2376//5797
f  2378//5799 2375//5796 2374//5795
f  2378//5799 2374//5795 2376//5797
f  2379//5800 2352//5773 2375//5796
f  2352//5773 2379//5800 2346//5767
f  2380//5801 2375//5796 2378//5799
f  2380//5801 2379//5800 2375//5796
f  2381//5802 2378//5799 2376//5797
f  2381//5802 2376//5797 2377//5798
f  2382//5803 2380//5801 2378//5799
f  2382//5803 2378//5799 2381//5802
f  2383//5804 2346//5767 2379//5800
f  2347//5768 2346//5767 2383//5804
f  2384//5805 2379//5800 2380//5801
f  2379//5800 2384//5805 2383//5804
f  2385//5806 2380//5801 2382//5803
f  2380//5801 2385//5806 2384//5805
f  2382//5803 2386//5807 2385//5806
f  2387//5808 2347//5768 2383//5804
f  2388//5809 2347//5768 2387//5808
f  2389//5810 2388//5809 2387//5808
f  2383//5804 2390//5811 2387//5808
f  2390//5811 2383//5804 2384//5805
f  2391//5812 2389//5810 2387//5808
f  2391//5812 2387//5808 2390//5811
f  2392//5813 2389//5810 2391//5812
f  2392//5813 2393//5814 2389//5810
f  2394//5815 2384//5805 2385//5806
f  2384//5805 2394//5815 2390//5811
f  2386//5807 2394//5815 2385//5806
f  2395//5816 1764//5185 1794//5215
f  1764//5185 2395//5816 1761//5182
f  1793//5214 2396//5817 1794//5215
f  2397//5818 1793//5214 1795//5216
f  2396//5817 1793//5214 2397//5818
f  1678//5099 1671//5092 1795//5216
f  1671//5092 2397//5818 1795//5216
f  2398//5819 1794//5215 2396//5817
f  1794//5215 2398//5819 2395//5816
f  2397//5818 2399//5820 2396//5817
f  2396//5817 2400//5821 2398//5819
f  2400//5821 2396//5817 2399//5820
f  2399//5820 2397//5818 2401//5822
f  2401//5822 2397//5818 1671//5092
f  2399//5820 2402//5823 2400//5821
f  2403//5824 2399//5820 2401//5822
f  2402//5823 2399//5820 2403//5824
f  2401//5822 2404//5825 2403//5824
f  2404//5825 2401//5822 1671//5092
f  2403//5824 2405//5826 2402//5823
f  2406//5827 2403//5824 2404//5825
f  2405//5826 2403//5824 2406//5827
f  1671//5092 1668//5089 2404//5825
f  2407//5828 2402//5823 2405//5826
f  2404//5825 1666//5087 2406//5827
f  1666//5087 2404//5825 1668//5089
f  2406//5827 2408//5829 2405//5826
f  1666//5087 1664//5085 2406//5827
f  2408//5829 2406//5827 1664//5085
f  2409//5830 2405//5826 2408//5829
f  2405//5826 2409//5830 2407//5828
f  1664//5085 2410//5831 2408//5829
f  2408//5829 2411//5832 2409//5830
f  2411//5832 2408//5829 2410//5831
f  2412//5833 2407//5828 2409//5830
f  2413//5834 2409//5830 2411//5832
f  2409//5830 2413//5834 2412//5833
f  2402//5823 2407//5828 2414//5835
f  2414//5835 2400//5821 2402//5823
f  2407//5828 2412//5833 2415//5836
f  2407//5828 2415//5836 2414//5835
f  2400//5821 2414//5835 2416//5837
f  2416//5837 2398//5819 2400//5821
f  2415//5836 2417//5838 2414//5835
f  2414//5835 2417//5838 2416//5837
f  2398//5819 2416//5837 2418//5839
f  2418//5839 2395//5816 2398//5819
f  2417//5838 2419//5840 2416//5837
f  2419//5840 2418//5839 2416//5837
f  2395//5816 2418//5839 2420//5841
f  2420//5841 1761//5182 2395//5816
f  1761//5182 2420//5841 1759//5180
f  2421//5842 2420//5841 2418//5839
f  2418//5839 2419//5840 2421//5842
f  2420//5841 2422//5843 1759//5180
f  2420//5841 2421//5842 2422//5843
f  1757//5178 1759//5180 2422//5843
f  2422//5843 2423//5844 1757//5178
f  1746//5167 1757//5178 2423//5844
f  2424//5845 2422//5843 2421//5842
f  2422//5843 2424//5845 2423//5844
f  2425//5846 2421//5842 2419//5840
f  2421//5842 2425//5846 2424//5845
f  2426//5847 2425//5846 2419//5840
f  2417//5838 2426//5847 2419//5840
f  2427//5848 1746//5167 2423//5844
f  1746//5167 2427//5848 1744//5165
f  2428//5849 2423//5844 2424//5845
f  2423//5844 2428//5849 2427//5848
f  2429//5850 2424//5845 2425//5846
f  2424//5845 2429//5850 2428//5849
f  2430//5851 2425//5846 2426//5847
f  2425//5846 2430//5851 2429//5850
f  2431//5852 1744//5165 2427//5848
f  1744//5165 2431//5852 2289//5710
f  2432//5853 2427//5848 2428//5849
f  2427//5848 2432//5853 2431//5852
f  2433//5854 2428//5849 2429//5850
f  2428//5849 2433//5854 2432//5853
f  2434//5855 2429//5850 2430//5851
f  2429//5850 2434//5855 2433//5854
f  2430//5851 2435//5856 2434//5855
f  2436//5857 2431//5852 2432//5853
f  2437//5858 2432//5853 2433//5854
f  2432//5853 2437//5858 2436//5857
f  2434//5855 2438//5859 2433//5854
f  2438//5859 2437//5858 2433//5854
f  2439//5860 2438//5859 2434//5855
f  2435//5856 2439//5860 2434//5855
f  2431//5852 2436//5857 2440//5861
f  2431//5852 2440//5861 2289//5710
f  2441//5862 2436//5857 2437//5858
f  2439//5860 2442//5863 2438//5859
f  2438//5859 2443//5864 2437//5858
f  2443//5864 2441//5862 2437//5858
f  2442//5863 2443//5864 2438//5859
f  2436//5857 2441//5862 2444//5865
f  2444//5865 2440//5861 2436//5857
f  2225//5646 2445//5866 2226//5647
f  2446//5867 2445//5866 1897//5318
f  2445//5866 2225//5646 1897//5318
f  2447//5868 2446//5867 2448//5869
f  2446//5867 1897//5318 1894//5315
f  2448//5869 2446//5867 1894//5315
f  2448//5869 2449//5870 2447//5868
f  2450//5871 2447//5868 2449//5870
f  2448//5869 1894//5315 1890//5311
f  2449//5870 2448//5869 1889//5310
f  1890//5311 1889//5310 2448//5869
f  2451//5872 2450//5871 2449//5870
f  2452//5873 2449//5870 1889//5310
f  2449//5870 2452//5873 2451//5872
f  2450//5871 2451//5872 2453//5874
f  2454//5875 2450//5871 2453//5874
f  2455//5876 2451//5872 2452//5873
f  1889//5310 1883//5304 2452//5873
f  2453//5874 2451//5872 2456//5877
f  2451//5872 2455//5876 2456//5877
f  2454//5875 2453//5874 2457//5878
f  2457//5878 2453//5874 2456//5877
f  2458//5879 2454//5875 2457//5878
f  2459//5880 2454//5875 2458//5879
f  2452//5873 1881//5302 2455//5876
f  1881//5302 2452//5873 1883//5304
f  2460//5881 2459//5880 2458//5879
f  2461//5882 2459//5880 2460//5881
f  2458//5879 2457//5878 2462//5883
f  2460//5881 2463//5884 2461//5882
f  2464//5885 2461//5882 2463//5884
f  2463//5884 2465//5886 2464//5885
f  2460//5881 2458//5879 2466//5887
f  2466//5887 2458//5879 2462//5883
f  2463//5884 2460//5881 2467//5888
f  2466//5887 2467//5888 2460//5881
f  2465//5886 2463//5884 2468//5889
f  2467//5888 2468//5889 2463//5884
f  2469//5890 2465//5886 2468//5889
f  2469//5890 2470//5891 2465//5886
f  2471//5892 2470//5891 2469//5890
f  2468//5889 2472//5893 2469//5890
f  2469//5890 2473//5894 2471//5892
f  2473//5894 2469//5890 2472//5893
f  2468//5889 2467//5888 2474//5895
f  2472//5893 2468//5889 2474//5895
f  2475//5896 2474//5895 2467//5888
f  2467//5888 2466//5887 2475//5896
f  2474//5895 2475//5896 2476//5897
f  2474//5895 2477//5898 2472//5893
f  2477//5898 2474//5895 2476//5897
f  2475//5896 2478//5899 2476//5897
f  2478//5899 2477//5898 2476//5897
f  2466//5887 2479//5900 2475//5896
f  2478//5899 2475//5896 2479//5900
f  2479//5900 2466//5887 2462//5883
f  2480//5901 2472//5893 2477//5898
f  2472//5893 2480//5901 2473//5894
f  2477//5898 2478//5899 2481//5902
f  2481//5902 2480//5901 2477//5898
f  2479//5900 2482//5903 2478//5899
f  2482//5903 2481//5902 2478//5899
f  2462//5883 2483//5904 2479//5900
f  2482//5903 2479//5900 2483//5904
f  2483//5904 2462//5883 2484//5905
f  2462//5883 2457//5878 2484//5905
f  2457//5878 2456//5877 2484//5905
f  2456//5877 2485//5906 2484//5905
f  2485//5906 2456//5877 2455//5876
f  2484//5905 2486//5907 2483//5904
f  2486//5907 2484//5905 2485//5906
f  2483//5904 2487//5908 2482//5903
f  2487//5908 2483//5904 2486//5907
f  2487//5908 2488//5909 2482//5903
f  2481//5902 2482//5903 2488//5909
f  2455//5876 1879//5300 2485//5906
f  1879//5300 2455//5876 1881//5302
f  2485//5906 1877//5298 2486//5907
f  1877//5298 2485//5906 1879//5300
f  2486//5907 1876//5297 2487//5908
f  1876//5297 2486//5907 1877//5298
f  1876//5297 2489//5910 2487//5908
f  2488//5909 2487//5908 2489//5910
f  2488//5909 2490//5911 2481//5902
f  2480//5901 2481//5902 2490//5911
f  2489//5910 2491//5912 2488//5909
f  2490//5911 2488//5909 2491//5912
f  2492//5913 2480//5901 2490//5911
f  2492//5913 2473//5894 2480//5901
f  2493//5914 2490//5911 2491//5912
f  2493//5914 2492//5913 2490//5911
f  2491//5912 2489//5910 2115//5536
f  2113//5534 2493//5914 2491//5912
f  2115//5536 2113//5534 2491//5912
f  1874//5295 2115//5536 2489//5910
f  2489//5910 1876//5297 1874//5295
f  2114//5535 2492//5913 2493//5914
f  2114//5535 2493//5914 2113//5534
f  2494//5915 2473//5894 2492//5913
f  2494//5915 2471//5892 2473//5894
f  2492//5913 2114//5535 2116//5537
f  2116//5537 2494//5915 2492//5913
f  2495//5916 2471//5892 2494//5915
f  2495//5916 2496//5917 2471//5892
f  2118//5539 2494//5915 2116//5537
f  2118//5539 2495//5916 2494//5915
f  2496//5917 2495//5916 2497//5918
f  2497//5918 2498//5919 2496//5917
f  2121//5542 2495//5916 2118//5539
f  2121//5542 2497//5918 2495//5916
f  2498//5919 2497//5918 2499//5920
f  2499//5920 2500//5921 2498//5919
f  2501//5922 2500//5921 2499//5920
f  2128//5549 2499//5920 2497//5918
f  2497//5918 2121//5542 2128//5549
f  2502//5923 2501//5922 2499//5920
f  2499//5920 2128//5549 2502//5923
f  2503//5924 2501//5922 2502//5923
f  2503//5924 2504//5925 2501//5922
f  2129//5550 2502//5923 2128//5549
f  2505//5926 2504//5925 2503//5924
f  2505//5926 2506//5927 2504//5925
f  2132//5553 2503//5924 2502//5923
f  2129//5550 2132//5553 2502//5923
f  2507//5928 2505//5926 2503//5924
f  2503//5924 2132//5553 2507//5928
f  2506//5927 2505//5926 2508//5929
f  2508//5929 2509//5930 2506//5927
f  2505//5926 2507//5928 2510//5931
f  2510//5931 2508//5929 2505//5926
f  2134//5555 2507//5928 2132//5553
f  2511//5932 2510//5931 2507//5928
f  2507//5928 2134//5555 2511//5932
f  2510//5931 2511//5932 2512//5933
f  2510//5931 2513//5934 2508//5929
f  2512//5933 2513//5934 2510//5931
f  2509//5930 2508//5929 2514//5935
f  2513//5934 2514//5935 2508//5929
f  2514//5935 2515//5936 2509//5930
f  2516//5937 2509//5930 2515//5936
f  2513//5934 2517//5938 2514//5935
f  2515//5936 2518//5939 2516//5937
f  2519//5940 2516//5937 2518//5939
f  2515//5936 2514//5935 2520//5941
f  2517//5938 2520//5941 2514//5935
f  2515//5936 2521//5942 2518//5939
f  2520//5941 2521//5942 2515//5936
f  2518//5939 2522//5943 2519//5940
f  2519//5940 2522//5943 2523//5944
f  2521//5942 2524//5945 2518//5939
f  2518//5939 2524//5945 2522//5943
f  2377//5798 2521//5942 2520//5941
f  2522//5943 2525//5946 2523//5944
f  2525//5946 2526//5947 2523//5944
f  2524//5945 2527//5948 2522//5943
f  2522//5943 2527//5948 2525//5946
f  2524//5945 2521//5942 2372//5793
f  2377//5798 2372//5793 2521//5942
f  2524//5945 2369//5790 2527//5948
f  2372//5793 2369//5790 2524//5945
f  2528//5949 2526//5947 2525//5946
f  2528//5949 2529//5950 2526//5947
f  2530//5951 2529//5950 2528//5949
f  2531//5952 2528//5949 2525//5946
f  2527//5948 2531//5952 2525//5946
f  2532//5953 2530//5951 2528//5949
f  2528//5949 2531//5952 2532//5953
f  2531//5952 2527//5948 2367//5788
f  2369//5790 2367//5788 2527//5948
f  2365//5786 2532//5953 2531//5952
f  2367//5788 2365//5786 2531//5952
f  2530//5951 2532//5953 2533//5954
f  2534//5955 2530//5951 2533//5954
f  2532//5953 2365//5786 2363//5784
f  2363//5784 2533//5954 2532//5953
f  2535//5956 2534//5955 2533//5954
f  2535//5956 2536//5957 2534//5955
f  2537//5958 2536//5957 2535//5956
f  2535//5956 2533//5954 2362//5783
f  2533//5954 2363//5784 2362//5783
f  2538//5959 2537//5958 2535//5956
f  2538//5959 2535//5956 2362//5783
f  2538//5959 2539//5960 2537//5958
f  2539//5960 2540//5961 2537//5958
f  2361//5782 2538//5959 2362//5783
f  2540//5961 2539//5960 2541//5962
f  2541//5962 2270//5691 2540//5961
f  2542//5963 2539//5960 2538//5959
f  2538//5959 2361//5782 2542//5963
f  2543//5964 2541//5962 2539//5960
f  2539//5960 2542//5963 2543//5964
f  2270//5691 2541//5962 2544//5965
f  2544//5965 2268//5689 2270//5691
f  2545//5966 2541//5962 2543//5964
f  2545//5966 2544//5965 2541//5962
f  2544//5965 2546//5967 2268//5689
f  2546//5967 1775//5196 2268//5689
f  2546//5967 1774//5195 1775//5196
f  2547//5968 2546//5967 2544//5965
f  2547//5968 2544//5965 2545//5966
f  2548//5969 1774//5195 2546//5967
f  2546//5967 2547//5968 2548//5969
f  1774//5195 2548//5969 1776//5197
f  1781//5202 1776//5197 2548//5969
f  2548//5969 2549//5970 1781//5202
f  2549//5970 2548//5969 2547//5968
f  1787//5208 1781//5202 2549//5970
f  2550//5971 2547//5968 2545//5966
f  2550//5971 2549//5970 2547//5968
f  2549//5970 2551//5972 1787//5208
f  2551//5972 2549//5970 2550//5971
f  2551//5972 1693//5114 1787//5208
f  1693//5114 2551//5972 2552//5973
f  1694//5115 1693//5114 2552//5973
f  2550//5971 2553//5974 2551//5972
f  2553//5974 2552//5973 2551//5972
f  2554//5975 2550//5971 2545//5966
f  2553//5974 2550//5971 2554//5975
f  2554//5975 2545//5966 2543//5964
f  2555//5976 1694//5115 2552//5973
f  2552//5973 2553//5974 2555//5976
f  1694//5115 2555//5976 1696//5117
f  2556//5977 2553//5974 2554//5975
f  2556//5977 2555//5976 2553//5974
f  2543//5964 2557//5978 2554//5975
f  2556//5977 2554//5975 2557//5978
f  2557//5978 2543//5964 2542//5963
f  2555//5976 2556//5977 2558//5979
f  1696//5117 2555//5976 2558//5979
f  2559//5980 2556//5977 2557//5978
f  2559//5980 2558//5979 2556//5977
f  2542//5963 2560//5981 2557//5978
f  2559//5980 2557//5978 2560//5981
f  2560//5981 2542//5963 2361//5782
f  2357//5778 2559//5980 2560//5981
f  2560//5981 2361//5782 2357//5778
f  2561//5982 1696//5117 2558//5979
f  1697//5118 1696//5117 2561//5982
f  2558//5979 2559//5980 2562//5983
f  2561//5982 2558//5979 2562//5983
f  2563//5984 1697//5118 2561//5982
f  2563//5984 1698//5119 1697//5118
f  2564//5985 2561//5982 2562//5983
f  2563//5984 2561//5982 2564//5985
f  2354//5775 2562//5983 2559//5980
f  2559//5980 2357//5778 2354//5775
f  2343//5764 2564//5985 2562//5983
f  2562//5983 2354//5775 2343//5764
f  1698//5119 2563//5984 2565//5986
f  1703//5124 1698//5119 2565//5986
f  2566//5987 1703//5124 2565//5986
f  2567//5988 2565//5986 2563//5984
f  2567//5988 2563//5984 2564//5985
f  2566//5987 2565//5986 2568//5989
f  2565//5986 2567//5988 2568//5989
f  2569//5990 2566//5987 2568//5989
f  2568//5989 2336//5757 2569//5990
f  2336//5757 2568//5989 2567//5988
f  2336//5757 2335//5756 2569//5990
f  2338//5759 2567//5988 2564//5985
f  2567//5988 2338//5759 2336//5757
f  2564//5985 2343//5764 2338//5759
f  2570//5991 2571//5992 2572//5993
f  2573//5994 2571//5992 2570//5991
f  2573//5994 2574//5995 2571//5992
f  2575//5996 2573//5994 2570//5991
f  2576//5997 2573//5994 2575//5996
f  2575//5996 2570//5991 2577//5998
f  2573//5994 2576//5997 2578//5999
f  2578//5999 2574//5995 2573//5994
f  2575//5996 2579//6000 2576//5997
f  2577//5998 2570//5991 2580//6001
f  2570//5991 2572//5993 2580//6001
f  2577//5998 2581//6002 2575//5996
f  2579//6000 2575//5996 2581//6002
f  2577//5998 2580//6001 2582//6003
f  2583//6004 2576//5997 2579//6000
f  2581//6002 2577//5998 2584//6005
f  2582//6003 2584//6005 2577//5998
f  2585//6006 2579//6000 2581//6002
f  2586//6007 2581//6002 2584//6005
f  2581//6002 2586//6007 2585//6006
f  2579//6000 2585//6006 2587//6008
f  2587//6008 2583//6004 2579//6000
f  2588//6009 2585//6006 2586//6007
f  2587//6008 2585//6006 2589//6010
f  2585//6006 2588//6009 2589//6010
f  2590//6011 2587//6008 2589//6010
f  2586//6007 2591//6012 2588//6009
f  2584//6005 2592//6013 2586//6007
f  2591//6012 2586//6007 2592//6013
f  2592//6013 2584//6005 2593//6014
f  2584//6005 2582//6003 2593//6014
f  2591//6012 2592//6013 2594//6015
f  2593//6014 2595//6016 2592//6013
f  2592//6013 2595//6016 2594//6015
f  2582//6003 2596//6017 2593//6014
f  2595//6016 2593//6014 2596//6017
f  2596//6017 2582//6003 2597//6018
f  2596//6017 2251//5672 2595//6016
f  2594//6015 2595//6016 2255//5676
f  2595//6016 2251//5672 2255//5676
f  2251//5672 2596//6017 2248//5669
f  2597//6018 2248//5669 2596//6017
f  2582//6003 2598//6019 2597//6018
f  2598//6019 2582//6003 2580//6001
f  2248//5669 2597//6018 2239//5660
f  2599//6020 2597//6018 2598//6019
f  2597//6018 2599//6020 2239//5660
f  2580//6001 2600//6021 2598//6019
f  2600//6021 2580//6001 2572//5993
f  2598//6019 2601//6022 2599//6020
f  2601//6022 2598//6019 2600//6021
f  2239//5660 2599//6020 2233//5654
f  2599//6020 2601//6022 2602//6023
f  2599//6020 2602//6023 2233//5654
f  2600//6021 2603//6024 2601//6022
f  2572//5993 2604//6025 2600//6021
f  2604//6025 2603//6024 2600//6021
f  2605//6026 2604//6025 2572//5993
f  2571//5992 2605//6026 2572//5993
f  2601//6022 2606//6027 2602//6023
f  2606//6027 2601//6022 2603//6024
f  2605//6026 2571//5992 2607//6028
f  2220//5641 2602//6023 2606//6027
f  2574//5995 2607//6028 2571//5992
f  2602//6023 2220//5641 2222//5643
f  2233//5654 2602//6023 2222//5643
f  2606//6027 2218//5639 2220//5641
f  2603//6024 2608//6029 2606//6027
f  2218//5639 2606//6027 2608//6029
f  2608//6029 2603//6024 2609//6030
f  2604//6025 2609//6030 2603//6024
f  2608//6029 2216//5637 2218//5639
f  2610//6031 2609//6030 2604//6025
f  2605//6026 2610//6031 2604//6025
f  2609//6030 2611//6032 2608//6029
f  2608//6029 2611//6032 2216//5637
f  2610//6031 2612//6033 2609//6030
f  2609//6030 2612//6033 2611//6032
f  2613//6034 2610//6031 2605//6026
f  2607//6028 2613//6034 2605//6026
f  2612//6033 2610//6031 2614//6035
f  2613//6034 2614//6035 2610//6031
f  2612//6033 2213//5634 2611//6032
f  2614//6035 2135//5556 2612//6033
f  2135//5556 2213//5634 2612//6033
f  2611//6032 2213//5634 2214//5635
f  2611//6032 2214//5635 2216//5637
f  2615//6036 2616//6037 2617//6038
f  2617//6038 2618//6039 2615//6036
f  2619//6040 2616//6037 2620//6041
f  2616//6037 2615//6036 2620//6041
f  2621//6042 2615//6036 2618//6039
f  2618//6039 2622//6043 2621//6042
f  2623//6044 2620//6041 2615//6036
f  2615//6036 2621//6042 2623//6044
f  2624//6045 2621//6042 2622//6043
f  2622//6043 2625//6046 2624//6045
f  2621//6042 2626//6047 2623//6044
f  2621//6042 2624//6045 2626//6047
f  2627//6048 2624//6045 2625//6046
f  2625//6046 2244//5665 2627//6048
f  2628//6049 2626//6047 2624//6045
f  2624//6045 2627//6048 2628//6049
f  2623//6044 2626//6047 2629//6050
f  2626//6047 2628//6049 2630//6051
f  2626//6047 2630//6051 2629//6050
f  2629//6050 2631//6052 2623//6044
f  2620//6041 2623//6044 2631//6052
f  2632//6053 2620//6041 2631//6052
f  2619//6040 2620//6041 2632//6053
f  2631//6052 2629//6050 2633//6054
f  2634//6055 2619//6040 2632//6053
f  2635//6056 2619//6040 2634//6055
f  2632//6053 2631//6052 2636//6057
f  2633//6054 2636//6057 2631//6052
f  2634//6055 2632//6053 2637//6058
f  2637//6058 2632//6053 2636//6057
f  2634//6055 2638//6059 2635//6056
f  2637//6058 2639//6060 2634//6055
f  2638//6059 2634//6055 2639//6060
f  2640//6061 2635//6056 2638//6059
f  2639//6060 2637//6058 2641//6062
f  2642//6063 2638//6059 2639//6060
f  2641//6062 2642//6063 2639//6060
f  2643//6064 2641//6062 2637//6058
f  2637//6058 2636//6057 2643//6064
f  2644//6065 2640//6061 2638//6059
f  2638//6059 2642//6063 2644//6065
f  2640//6061 2644//6065 2645//6066
f  2646//6067 2643//6064 2636//6057
f  2636//6057 2633//6054 2646//6067
f  2647//6068 2640//6061 2645//6066
f  2640//6061 2647//6068 2648//6069
f  2649//6070 2645//6066 2644//6065
f  2650//6071 2647//6068 2645//6066
f  2649//6070 2650//6071 2645//6066
f  2651//6072 2648//6069 2647//6068
f  2648//6069 2651//6072 2652//6073
f  2647//6068 2650//6071 2653//6074
f  2653//6074 2651//6072 2647//6068
f  2523//5944 2652//6073 2651//6072
f  2652//6073 2523//5944 2526//5947
f  2651//6072 2653//6074 2519//5940
f  2519//5940 2523//5944 2651//6072
f  2654//6075 2653//6074 2650//6071
f  2516//5937 2519//5940 2653//6074
f  2653//6074 2654//6075 2516//5937
f  2655//6076 2654//6075 2650//6071
f  2655//6076 2650//6071 2649//6070
f  2509//5930 2516//5937 2654//6075
f  2506//5927 2654//6075 2655//6076
f  2654//6075 2506//5927 2509//5930
f  2656//6077 2655//6076 2649//6070
f  2655//6076 2504//5925 2506//5927
f  2504//5925 2655//6076 2656//6077
f  2656//6077 2649//6070 2657//6078
f  2657//6078 2649//6070 2644//6065
f  2657//6078 2644//6065 2642//6063
f  2657//6078 2500//5921 2656//6077
f  2642//6063 2658//6079 2657//6078
f  2500//5921 2657//6078 2658//6079
f  2658//6079 2642//6063 2659//6080
f  2642//6063 2641//6062 2659//6080
f  2658//6079 2498//5919 2500//5921
f  2501//5922 2656//6077 2500//5921
f  2504//5925 2656//6077 2501//5922
f  2660//6081 2659//6080 2641//6062
f  2641//6062 2643//6064 2660//6081
f  2659//6080 2661//6082 2658//6079
f  2498//5919 2658//6079 2661//6082
f  2659//6080 2660//6081 2662//6083
f  2661//6082 2659//6080 2662//6083
f  2643//6064 2663//6084 2660//6081
f  2643//6064 2646//6067 2663//6084
f  2464//5885 2662//6083 2660//6081
f  2660//6081 2663//6084 2464//5885
f  2470//5891 2661//6082 2662//6083
f  2496//5917 2498//5919 2661//6082
f  2496//5917 2661//6082 2470//5891
f  2662//6083 2464//5885 2465//5886
f  2470//5891 2662//6083 2465//5886
f  2663//6084 2461//5882 2464//5885
f  2471//5892 2496//5917 2470//5891
f  2664//6085 2663//6084 2646//6067
f  2663//6084 2664//6085 2461//5882
f  2646//6067 2665//6086 2664//6085
f  2665//6086 2646//6067 2633//6054
f  2633//6054 2666//6087 2665//6086
f  2629//6050 2666//6087 2633//6054
f  2629//6050 2630//6051 2666//6087
f  2667//6088 2665//6086 2666//6087
f  2664//6085 2665//6086 2668//6089
f  2665//6086 2667//6088 2668//6089
f  2664//6085 2668//6089 2459//5880
f  2461//5882 2664//6085 2459//5880
f  2669//6090 2666//6087 2630//6051
f  2666//6087 2669//6090 2667//6088
f  2630//6051 2670//6091 2669//6090
f  2630//6051 2628//6049 2670//6091
f  2671//6092 2667//6088 2669//6090
f  2672//6093 2668//6089 2667//6088
f  2667//6088 2671//6092 2672//6093
f  2668//6089 2672//6093 2454//5875
f  2459//5880 2668//6089 2454//5875
f  2669//6090 2670//6091 2673//6094
f  2669//6090 2673//6094 2671//6092
f  2628//6049 2674//6095 2670//6091
f  2628//6049 2627//6048 2674//6095
f  2670//6091 2675//6096 2673//6094
f  2670//6091 2674//6095 2675//6096
f  2627//6048 2241//5662 2674//6095
f  2241//5662 2627//6048 2244//5665
f  2674//6095 2236//5657 2675//6096
f  2236//5657 2674//6095 2241//5662
f  2676//6097 2673//6094 2675//6096
f  2236//5657 2231//5652 2675//6096
f  2675//6096 2231//5652 2676//6097
f  2673//6094 2676//6097 2677//6098
f  2677//6098 2671//6092 2673//6094
f  2671//6092 2677//6098 2678//6099
f  2671//6092 2678//6099 2672//6093
f  2672//6093 2678//6099 2450//5871
f  2672//6093 2450//5871 2454//5875
f  2679//6100 2678//6099 2677//6098
f  2680//6101 2677//6098 2676//6097
f  2677//6098 2680//6101 2679//6100
f  2676//6097 2228//5649 2680//6101
f  2231//5652 2228//5649 2676//6097
f  2678//6099 2679//6100 2447//5868
f  2678//6099 2447//5868 2450//5871
f  2679//6100 2680//6101 2445//5866
f  2226//5647 2680//6101 2228//5649
f  2680//6101 2226//5647 2445//5866
f  2679//6100 2445//5866 2446//5867
f  2447//5868 2679//6100 2446//5867
f  2681//6102 2682//6103 2683//6104
f  2684//6105 2685//6106 2686//6107
f  2687//6108 2681//6102 2688//6109
f  2683//6104 2688//6109 2681//6102
f  2682//6103 2689//6110 2683//6104
f  2682//6103 2690//6111 2689//6110
f  2688//6109 2683//6104 2691//6112
f  2690//6111 2686//6107 2692//6113
f  2686//6107 2685//6106 2692//6113
f  2693//6114 2689//6110 2690//6111
f  2690//6111 2692//6113 2693//6114
f  2683//6104 2689//6110 2694//6115
f  2694//6115 2691//6112 2683//6104
f  2689//6110 2693//6114 2695//6116
f  2695//6116 2694//6115 2689//6110
f  2692//6113 2696//6117 2693//6114
f  2696//6117 2695//6116 2693//6114
f  2696//6117 2692//6113 2697//6118
f  2685//6106 2697//6118 2692//6113
f  2695//6116 2696//6117 2698//6119
f  2694//6115 2695//6116 2699//6120
f  2698//6119 2699//6120 2695//6116
f  2700//6121 2694//6115 2699//6120
f  2691//6112 2694//6115 2700//6121
f  2699//6120 2698//6119 2701//6122
f  2696//6117 2702//6123 2698//6119
f  2698//6119 2702//6123 2701//6122
f  2702//6123 2696//6117 2703//6124
f  2696//6117 2697//6118 2703//6124
f  2703//6124 2244//5665 2702//6123
f  2704//6125 2699//6120 2701//6122
f  2700//6121 2699//6120 2704//6125
f  2701//6122 2702//6123 2625//6046
f  2702//6123 2244//5665 2625//6046
f  2704//6125 2701//6122 2622//6043
f  2625//6046 2622//6043 2701//6122
f  2705//6126 2700//6121 2704//6125
f  2618//6039 2704//6125 2622//6043
f  2705//6126 2704//6125 2618//6039
f  2706//6127 2700//6121 2705//6126
f  2700//6121 2706//6127 2691//6112
f  2618//6039 2617//6038 2705//6126
f  2707//6128 2691//6112 2706//6127
f  2691//6112 2707//6128 2688//6109
f  2705//6126 2708//6129 2706//6127
f  2708//6129 2705//6126 2617//6038
f  2706//6127 2709//6130 2707//6128
f  2709//6130 2706//6127 2708//6129
f  2710//6131 2688//6109 2707//6128
f  2710//6131 2687//6108 2688//6109
f  2711//6132 2707//6128 2709//6130
f  2707//6128 2711//6132 2710//6131
f  2712//6133 2687//6108 2710//6131
f  2712//6133 2266//5687 2687//6108
f  2713//6134 2710//6131 2711//6132
f  2710//6131 2713//6134 2712//6133
f  2714//6135 2266//5687 2712//6133
f  2266//5687 2714//6135 2261//5682
f  2264//5685 2261//5682 2714//6135
f  2714//6135 2712//6133 2715//6136
f  2715//6136 2712//6133 2713//6134
f  2264//5685 2714//6135 2716//6137
f  2716//6137 2714//6135 2715//6136
f  2540//5961 2264//5685 2716//6137
f  2264//5685 2540//5961 2270//5691
f  2716//6137 2715//6136 2536//5957
f  2715//6136 2713//6134 2717//6138
f  2536//5957 2715//6136 2717//6138
f  2537//5958 2716//6137 2536//5957
f  2716//6137 2537//5958 2540//5961
f  2717//6138 2713//6134 2718//6139
f  2711//6132 2718//6139 2713//6134
f  2717//6138 2534//5955 2536//5957
f  2718//6139 2711//6132 2719//6140
f  2709//6130 2719//6140 2711//6132
f  2718//6139 2720//6141 2717//6138
f  2534//5955 2717//6138 2720//6141
f  2721//6142 2718//6139 2719//6140
f  2720//6141 2718//6139 2721//6142
f  2719//6140 2709//6130 2722//6143
f  2708//6129 2722//6143 2709//6130
f  2721//6142 2719//6140 2723//6144
f  2723//6144 2719//6140 2722//6143
f  2722//6143 2708//6129 2724//6145
f  2617//6038 2724//6145 2708//6129
f  2723//6144 2722//6143 2725//6146
f  2724//6145 2725//6146 2722//6143
f  2721//6142 2723//6144 2726//6147
f  2721//6142 2529//5950 2720//6141
f  2529//5950 2721//6142 2726//6147
f  2530//5951 2720//6141 2529//5950
f  2720//6141 2530//5951 2534//5955
f  2723//6144 2725//6146 2727//6148
f  2726//6147 2723//6144 2727//6148
f  2725//6146 2724//6145 2728//6149
f  2529//5950 2726//6147 2526//5947
f  2727//6148 2725//6146 2729//6150
f  2728//6149 2729//6150 2725//6146
f  2727//6148 2652//6073 2726//6147
f  2526//5947 2726//6147 2652//6073
f  2729//6150 2648//6069 2727//6148
f  2652//6073 2727//6148 2648//6069
f  2648//6069 2729//6150 2640//6061
f  2616//6037 2728//6149 2724//6145
f  2724//6145 2617//6038 2616//6037
f  2729//6150 2728//6149 2635//6056
f  2635//6056 2640//6061 2729//6150
f  2728//6149 2616//6037 2619//6040
f  2619//6040 2635//6056 2728//6149
f  2296//5717 2730//6151 2295//5716
f  2730//6151 2296//5717 2731//6152
f  2732//6153 2730//6151 2731//6152
f  2733//6154 2731//6152 2296//5717
f  2296//5717 2292//5713 2733//6154
f  2732//6153 2731//6152 2734//6155
f  2292//5713 2735//6156 2733//6154
f  2292//5713 2290//5711 2735//6156
f  2731//6152 2733//6154 2736//6157
f  2731//6152 2736//6157 2734//6155
f  2733//6154 2735//6156 2737//6158
f  2733//6154 2737//6158 2736//6157
f  2735//6156 2290//5711 2566//5987
f  2735//6156 2566//5987 2737//6158
f  2290//5711 1703//5124 2566//5987
f  2738//6159 2732//6153 2734//6155
f  2739//6160 2732//6153 2738//6159
f  2734//6155 2736//6157 2740//6161
f  2736//6157 2737//6158 2741//6162
f  2741//6162 2740//6161 2736//6157
f  2737//6158 2742//6163 2741//6162
f  2737//6158 2566//5987 2742//6163
f  2740//6161 2741//6162 2743//6164
f  2744//6165 2734//6155 2740//6161
f  2738//6159 2734//6155 2744//6165
f  2741//6162 2742//6163 2745//6166
f  2745//6166 2743//6164 2741//6162
f  2569//5990 2745//6166 2742//6163
f  2566//5987 2569//5990 2742//6163
f  2743//6164 2745//6166 2340//5761
f  2743//6164 2746//6167 2740//6161
f  2744//6165 2740//6161 2746//6167
f  2746//6167 2743//6164 2747//6168
f  2340//5761 2747//6168 2743//6164
f  2746//6167 2748//6169 2744//6165
f  2745//6166 2335//5756 2340//5761
f  2745//6166 2569//5990 2335//5756
f  2746//6167 2747//6168 2388//5809
f  2748//6169 2746//6167 2388//5809
f  2747//6168 2340//5761 2341//5762
f  2749//6170 2744//6165 2748//6169
f  2744//6165 2749//6170 2738//6159
f  2388//5809 2747//6168 2347//5768
f  2747//6168 2341//5762 2347//5768
f  2388//5809 2389//5810 2748//6169
f  2750//6171 2738//6159 2749//6170
f  2750//6171 2739//6160 2738//6159
f  2748//6169 2393//5814 2749//6170
f  2393//5814 2748//6169 2389//5810
f  2751//6172 2750//6171 2749//6170
f  2751//6172 2749//6170 2393//5814
f  2752//6173 2739//6160 2750//6171
f  2752//6173 2753//6174 2739//6160
f  2754//6175 2753//6174 2752//6173
f  2755//6176 2752//6173 2750//6171
f  2755//6176 2750//6171 2751//6172
f  2752//6173 2756//6177 2754//6175
f  2756//6177 2752//6173 2755//6176
f  2757//6178 2754//6175 2756//6177
f  2751//6172 2758//6179 2755//6176
f  2756//6177 2759//6180 2757//6178
f  2760//6181 2757//6178 2759//6180
f  2755//6176 2761//6182 2756//6177
f  2759//6180 2756//6177 2761//6182
f  2761//6182 2755//6176 2758//6179
f  2759//6180 2762//6183 2760//6181
f  2763//6184 2760//6181 2762//6183
f  2761//6182 2764//6185 2759//6180
f  2762//6183 2759//6180 2764//6185
f  2764//6185 2761//6182 2765//6186
f  2758//6179 2765//6186 2761//6182
f  2766//6187 2762//6183 2764//6185
f  2767//6188 2763//6184 2762//6183
f  2766//6187 2767//6188 2762//6183
f  2768//6189 2763//6184 2767//6188
f  2763//6184 2768//6189 2769//6190
f  2770//6191 2769//6190 2768//6189
f  2765//6186 2771//6192 2764//6185
f  2764//6185 2771//6192 2766//6187
f  2767//6188 2772//6193 2768//6189
f  2768//6189 2773//6194 2770//6191
f  2773//6194 2768//6189 2772//6193
f  2773//6194 2774//6195 2770//6191
f  2774//6195 2775//6196 2770//6191
f  2774//6195 2776//6197 2775//6196
f  2777//6198 2767//6188 2766//6187
f  2772//6193 2767//6188 2777//6198
f  2778//6199 2777//6198 2766//6187
f  2778//6199 2766//6187 2771//6192
f  2774//6195 2779//6200 2776//6197
f  2780//6201 2776//6197 2779//6200
f  2779//6200 2774//6195 2781//6202
f  2773//6194 2781//6202 2774//6195
f  2779//6200 2782//6203 2780//6201
f  2781//6202 2773//6194 2783//6204
f  2772//6193 2783//6204 2773//6194
f  2781//6202 2784//6205 2779//6200
f  2782//6203 2779//6200 2784//6205
f  2785//6206 2780//6201 2782//6203
f  2780//6201 2785//6206 2786//6207
f  2784//6205 2787//6208 2782//6203
f  2787//6208 2785//6206 2782//6203
f  2784//6205 2781//6202 2788//6209
f  2783//6204 2788//6209 2781//6202
f  2787//6208 2784//6205 2789//6210
f  2789//6210 2784//6205 2788//6209
f  2785//6206 2790//6211 2786//6207
f  2790//6211 2791//6212 2786//6207
f  2785//6206 2787//6208 2792//6213
f  2790//6211 2793//6214 2791//6212
f  2794//6215 2791//6212 2793//6214
f  2795//6216 2790//6211 2785//6206
f  2792//6213 2795//6216 2785//6206
f  2796//6217 2793//6214 2790//6211
f  2795//6216 2796//6217 2790//6211
f  2797//6218 2794//6215 2793//6214
f  2794//6215 2797//6218 2798//6219
f  2793//6214 2796//6217 2799//6220
f  2793//6214 2799//6220 2797//6218
f  2800//6221 2796//6217 2795//6216
f  2801//6222 2798//6219 2797//6218
f  2798//6219 2801//6222 2802//6223
f  2802//6223 2801//6222 2803//6224
f  2797//6218 2804//6225 2801//6222
f  2797//6218 2799//6220 2804//6225
f  2801//6222 2805//6226 2803//6224
f  2805//6226 2801//6222 2804//6225
f  2806//6227 2803//6224 2805//6226
f  2805//6226 2807//6228 2806//6227
f  2807//6228 2808//6229 2806//6227
f  2804//6225 2809//6230 2805//6226
f  2807//6228 2805//6226 2809//6230
f  2799//6220 2810//6231 2804//6225
f  2809//6230 2804//6225 2810//6231
f  2809//6230 2811//6232 2807//6228
f  2807//6228 2811//6232 2808//6229
f  2810//6231 2812//6233 2809//6230
f  2809//6230 2812//6233 2811//6232
f  2799//6220 2813//6234 2810//6231
f  2796//6217 2813//6234 2799//6220
f  2796//6217 2800//6221 2813//6234
f  2814//6235 2815//6236 2816//6237
f  2817//6238 2818//6239 2819//6240
f  2815//6236 2819//6240 2818//6239
f  2814//6235 2820//6241 2815//6236
f  2819//6240 2815//6236 2820//6241
f  2820//6241 2814//6235 2821//6242
f  2821//6242 2822//6243 2820//6241
f  2823//6244 2820//6241 2822//6243
f  2820//6241 2823//6244 2819//6240
f  2824//6245 2823//6244 2822//6243
f  2819//6240 2825//6246 2817//6238
f  2825//6246 2819//6240 2823//6244
f  2826//6247 2817//6238 2825//6246
f  2827//6248 2823//6244 2824//6245
f  2823//6244 2827//6248 2825//6246
f  2824//6245 2828//6249 2827//6248
f  2825//6246 2829//6250 2826//6247
f  2829//6250 2825//6246 2827//6248
f  2829//6250 2590//6011 2826//6247
f  2830//6251 2827//6248 2828//6249
f  2827//6248 2830//6251 2829//6250
f  2828//6249 2831//6252 2830//6251
f  2832//6253 2830//6251 2831//6252
f  2830//6251 2833//6254 2829//6250
f  2830//6251 2832//6253 2833//6254
f  2833//6254 2590//6011 2829//6250
f  2834//6255 2833//6254 2832//6253
f  2833//6254 2835//6256 2590//6011
f  2833//6254 2834//6255 2835//6256
f  2835//6256 2587//6008 2590//6011
f  2583//6004 2587//6008 2835//6256
f  2836//6257 2835//6256 2834//6255
f  2835//6256 2836//6257 2583//6004
f  2834//6255 2837//6258 2836//6257
f  2838//6259 2836//6257 2837//6258
f  2837//6258 2839//6260 2838//6259
f  2840//6261 2583//6004 2836//6257
f  2836//6257 2838//6259 2840//6261
f  2583//6004 2840//6261 2841//6262
f  2576//5997 2583//6004 2841//6262
f  2839//6260 2842//6263 2838//6259
f  2842//6263 2839//6260 2843//6264
f  2844//6265 2840//6261 2838//6259
f  2842//6263 2844//6265 2838//6259
f  2845//6266 2841//6262 2840//6261
f  2840//6261 2844//6265 2845//6266
f  2841//6262 2846//6267 2576//5997
f  2841//6262 2845//6266 2846//6267
f  2846//6267 2578//5999 2576//5997
f  2843//6264 2182//5603 2842//6263
f  2182//5603 2843//6264 2189//5610
f  2842//6263 2180//5601 2844//6265
f  2180//5601 2842//6263 2182//5603
f  2180//5601 2179//5600 2844//6265
f  2179//5600 2845//6266 2844//6265
f  2847//6268 2846//6267 2845//6266
f  2845//6266 2179//5600 2847//6268
f  2846//6267 2847//6268 2848//6269
f  2846//6267 2848//6269 2578//5999
f  2848//6269 2849//6270 2578//5999
f  2574//5995 2578//5999 2849//6270
f  2172//5593 2848//6269 2847//6268
f  2175//5596 2847//6268 2179//5600
f  2847//6268 2175//5596 2172//5593
f  2171//5592 2849//6270 2848//6269
f  2848//6269 2172//5593 2171//5592
f  2850//6271 2574//5995 2849//6270
f  2849//6270 2171//5592 2850//6271
f  2574//5995 2850//6271 2851//6272
f  2607//6028 2574//5995 2851//6272
f  2167//5588 2850//6271 2171//5592
f  2851//6272 2852//6273 2607//6028
f  2613//6034 2607//6028 2852//6273
f  2166//5587 2851//6272 2850//6271
f  2850//6271 2167//5588 2166//5587
f  2852//6273 2851//6272 2853//6274
f  2851//6272 2166//5587 2853//6274
f  2852//6273 2854//6275 2613//6034
f  2614//6035 2613//6034 2854//6275
f  2853//6274 2855//6276 2852//6273
f  2855//6276 2854//6275 2852//6273
f  2853//6274 2166//5587 2144//5565
f  2856//6277 2855//6276 2853//6274
f  2144//5565 2856//6277 2853//6274
f  2854//6275 2857//6278 2614//6035
f  2135//5556 2614//6035 2857//6278
f  2855//6276 2858//6279 2854//6275
f  2857//6278 2854//6275 2858//6279
f  2856//6277 2859//6280 2855//6276
f  2859//6280 2858//6279 2855//6276
f  2141//5562 2859//6280 2856//6277
f  2144//5565 2141//5562 2856//6277
f  2140//5561 2858//6279 2859//6280
f  2141//5562 2140//5561 2859//6280
f  2139//5560 2857//6278 2858//6279
f  2858//6279 2140//5561 2139//5560
f  2136//5557 2135//5556 2857//6278
f  2857//6278 2139//5560 2136//5557
f  2244//5665 2703//6124 2258//5679
f  2703//6124 2860//6281 2258//5679
f  2860//6281 2257//5678 2258//5679
f  2697//6118 2860//6281 2703//6124
f  2861//6282 2256//5677 2257//5678
f  2257//5678 2860//6281 2861//6282
f  2860//6281 2697//6118 2862//6283
f  2862//6283 2861//6282 2860//6281
f  2697//6118 2685//6106 2862//6283
f  2861//6282 2863//6284 2256//5677
f  2254//5675 2256//5677 2863//6284
f  2863//6284 2255//5676 2254//5675
f  2863//6284 2861//6282 2864//6285
f  2862//6283 2864//6285 2861//6282
f  2255//5676 2863//6284 2865//6286
f  2864//6285 2865//6286 2863//6284
f  2594//6015 2255//5676 2865//6286
f  2864//6285 2862//6283 2866//6287
f  2685//6106 2866//6287 2862//6283
f  2865//6286 2864//6285 2867//6288
f  2866//6287 2867//6288 2864//6285
f  2868//6289 2594//6015 2865//6286
f  2867//6288 2868//6289 2865//6286
f  2591//6012 2594//6015 2868//6289
f  2866//6287 2685//6106 2869//6290
f  2684//6105 2869//6290 2685//6106
f  2869//6290 2684//6105 2870//6291
f  2869//6290 2871//6292 2866//6287
f  2867//6288 2866//6287 2871//6292
f  2870//6291 2872//6293 2869//6290
f  2871//6292 2869//6290 2872//6293
f  2872//6293 2870//6291 2873//6294
f  2871//6292 2874//6295 2867//6288
f  2868//6289 2867//6288 2874//6295
f  2875//6296 2871//6292 2872//6293
f  2874//6295 2871//6292 2875//6296
f  2876//6297 2872//6293 2873//6294
f  2876//6297 2875//6296 2872//6293
f  2816//6237 2876//6297 2873//6294
f  2877//6298 2591//6012 2868//6289
f  2874//6295 2877//6298 2868//6289
f  2877//6298 2588//6009 2591//6012
f  2875//6296 2878//6299 2874//6295
f  2877//6298 2874//6295 2878//6299
f  2588//6009 2877//6298 2879//6300
f  2878//6299 2879//6300 2877//6298
f  2879//6300 2589//6010 2588//6009
f  2878//6299 2875//6296 2818//6239
f  2818//6239 2875//6296 2876//6297
f  2879//6300 2878//6299 2817//6238
f  2818//6239 2817//6238 2878//6299
f  2589//6010 2879//6300 2826//6247
f  2817//6238 2826//6247 2879//6300
f  2590//6011 2589//6010 2826//6247
f  2815//6236 2876//6297 2816//6237
f  2815//6236 2818//6239 2876//6297
f  2443//5864 2880//6301 2441//5862
f  2880//6301 2444//5865 2441//5862
f  2442//5863 2881//6302 2443//5864
f  2881//6302 2880//6301 2443//5864
f  2882//6303 2442//5863 2439//5860
f  2435//5856 2882//6303 2439//5860
f  2806//6227 2881//6302 2442//5863
f  2808//6229 2880//6301 2881//6302
f  2806//6227 2808//6229 2881//6302
f  2882//6303 2803//6224 2442//5863
f  2803//6224 2806//6227 2442//5863
f  2882//6303 2435//5856 2883//6304
f  2802//6223 2803//6224 2882//6303
f  2883//6304 2802//6223 2882//6303
f  2884//6305 2883//6304 2435//5856
f  2435//5856 2430//5851 2884//6305
f  2426//5847 2884//6305 2430//5851
f  2884//6305 2426//5847 2885//6306
f  2885//6306 2426//5847 2417//5838
f  2415//5836 2885//6306 2417//5838
f  2885//6306 2886//6307 2884//6305
f  2883//6304 2884//6305 2886//6307
f  2415//5836 2887//6308 2885//6306
f  2886//6307 2885//6306 2887//6308
f  2887//6308 2415//5836 2412//5833
f  2886//6307 2888//6309 2883//6304
f  2802//6223 2883//6304 2888//6309
f  2887//6308 2889//6310 2886//6307
f  2888//6309 2886//6307 2889//6310
f  2412//5833 2890//6311 2887//6308
f  2889//6310 2887//6308 2890//6311
f  2890//6311 2412//5833 2413//5834
f  2889//6310 2891//6312 2888//6309
f  2802//6223 2888//6309 2798//6219
f  2891//6312 2798//6219 2888//6309
f  2891//6312 2889//6310 2892//6313
f  2890//6311 2892//6313 2889//6310
f  2892//6313 2330//5751 2891//6312
f  2330//5751 2798//6219 2891//6312
f  2892//6313 2890//6311 2893//6314
f  2890//6311 2413//5834 2893//6314
f  2893//6314 2329//5750 2892//6313
f  2330//5751 2892//6313 2329//5750
f  2894//6315 2893//6314 2413//5834
f  2413//5834 2411//5832 2894//6315
f  2329//5750 2893//6314 2895//6316
f  2893//6314 2894//6315 2895//6316
f  2896//6317 2894//6315 2411//5832
f  2410//5831 2896//6317 2411//5832
f  2897//6318 2895//6316 2894//6315
f  2894//6315 2896//6317 2897//6318
f  2326//5747 2329//5750 2895//6316
f  2895//6316 2897//6318 2325//5746
f  2325//5746 2326//5747 2895//6316
f  2898//6319 2897//6318 2896//6317
f  2899//6320 2325//5746 2897//6318
f  2897//6318 2898//6319 2899//6320
f  2900//6321 2898//6319 2896//6317
f  2896//6317 2410//5831 2900//6321
f  2898//6319 2901//6322 2899//6320
f  2898//6319 2900//6321 2901//6322
f  2325//5746 2899//6320 1723//5144
f  2899//6320 2901//6322 2902//6323
f  1723//5144 2899//6320 2902//6323
f  2901//6322 2900//6321 2903//6324
f  2902//6323 2901//6322 2903//6324
f  2410//5831 2904//6325 2900//6321
f  2903//6324 2900//6321 2904//6325
f  2904//6325 2410//5831 1663//5084
f  2410//5831 1664//5085 1663//5084
f  2903//6324 2904//6325 1674//5095
f  2902//6323 2903//6324 1714//5135
f  1714//5135 2903//6324 1674//5095
f  1717//5138 2902//6323 1714//5135
f  1723//5144 2902//6323 1717//5138
f  2904//6325 1663//5084 1665//5086
f  1665//5086 1674//5095 2904//6325
f  2905//6326 2330//5751 2332//5753
f  2905//6326 2332//5753 2334//5755
f  2330//5751 2905//6326 2794//6215
f  2798//6219 2330//5751 2794//6215
f  2333//5754 2322//5743 2906//6327
f  2318//5739 2906//6327 2322//5743
f  2334//5755 2333//5754 2907//6328
f  2906//6327 2907//6328 2333//5754
f  2906//6327 2318//5739 2908//6329
f  2317//5738 2908//6329 2318//5739
f  2907//6328 2906//6327 2909//6330
f  2908//6329 2909//6330 2906//6327
f  2907//6328 2910//6331 2334//5755
f  2334//5755 2910//6331 2905//6326
f  2909//6330 2911//6332 2907//6328
f  2910//6331 2907//6328 2911//6332
f  2791//6212 2905//6326 2910//6331
f  2791//6212 2794//6215 2905//6326
f  2911//6332 2912//6333 2910//6331
f  2910//6331 2912//6333 2791//6212
f  2911//6332 2909//6330 2913//6334
f  2912//6333 2911//6332 2914//6335
f  2913//6334 2914//6335 2911//6332
f  2786//6207 2791//6212 2912//6333
f  2914//6335 2786//6207 2912//6333
f  2913//6334 2909//6330 2915//6336
f  2909//6330 2908//6329 2915//6336
f  2914//6335 2913//6334 2776//6197
f  2786//6207 2914//6335 2780//6201
f  2776//6197 2780//6201 2914//6335
f  2776//6197 2913//6334 2775//6196
f  2775//6196 2913//6334 2915//6336
f  2916//6337 2915//6336 2908//6329
f  2908//6329 2317//5738 2916//6337
f  2314//5735 2916//6337 2317//5738
f  2915//6336 2916//6337 2917//6338
f  2775//6196 2915//6336 2917//6338
f  2916//6337 2314//5735 2918//6339
f  2918//6339 2917//6338 2916//6337
f  2919//6340 2918//6339 2314//5735
f  2314//5735 2310//5731 2919//6340
f  2917//6338 2918//6339 2769//6190
f  2770//6191 2775//6196 2917//6338
f  2769//6190 2770//6191 2917//6338
f  2920//6341 2769//6190 2918//6339
f  2918//6339 2919//6340 2920//6341
f  2919//6340 2310//5731 2921//6342
f  2921//6342 2310//5731 2308//5729
f  2922//6343 2920//6341 2919//6340
f  2921//6342 2922//6343 2919//6340
f  2769//6190 2920//6341 2763//6184
f  2921//6342 2308//5729 2923//6344
f  2308//5729 2306//5727 2923//6344
f  2922//6343 2921//6342 2924//6345
f  2923//6344 2924//6345 2921//6342
f  2920//6341 2922//6343 2760//6181
f  2760//6181 2763//6184 2920//6341
f  2924//6345 2757//6178 2922//6343
f  2757//6178 2760//6181 2922//6343
f  2925//6346 2923//6344 2306//5727
f  2306//5727 2298//5719 2925//6346
f  2926//6347 2924//6345 2923//6344
f  2923//6344 2925//6346 2926//6347
f  2754//6175 2757//6178 2924//6345
f  2924//6345 2926//6347 2754//6175
f  2925//6346 2298//5719 2927//6348
f  2298//5719 2297//5718 2927//6348
f  2928//6349 2926//6347 2925//6346
f  2925//6346 2927//6348 2928//6349
f  2753//6174 2754//6175 2926//6347
f  2926//6347 2928//6349 2753//6174
f  2927//6348 2297//5718 2929//6350
f  2297//5718 2295//5716 2929//6350
f  2928//6349 2927//6348 2930//6351
f  2927//6348 2929//6350 2930//6351
f  2753//6174 2928//6349 2739//6160
f  2930//6351 2739//6160 2928//6349
f  2930//6351 2929//6350 2732//6153
f  2732//6153 2739//6160 2930//6351
f  2929//6350 2295//5716 2730//6151
f  2929//6350 2730//6151 2732//6153
f  2813//6234 2931//6352 2810//6231
f  2810//6231 2931//6352 2812//6233
f  2800//6221 2932//6353 2813//6234
f  2931//6352 2813//6234 2932//6353
f  2932//6353 2800//6221 2933//6354
f  2931//6352 2934//6355 2812//6233
f  2932//6353 2935//6356 2931//6352
f  2931//6352 2935//6356 2934//6355
f  2935//6356 2932//6353 2936//6357
f  2933//6354 2936//6357 2932//6353
f  2800//6221 2937//6358 2933//6354
f  2937//6358 2800//6221 2795//6216
f  2795//6216 2792//6213 2937//6358
f  2812//6233 2934//6355 2938//6359
f  2812//6233 2938//6359 2811//6232
f  2934//6355 2828//6249 2938//6359
f  2811//6232 2938//6359 2939//6360
f  2811//6232 2939//6360 2808//6229
f  2938//6359 2824//6245 2939//6360
f  2828//6249 2824//6245 2938//6359
f  2808//6229 2939//6360 2940//6361
f  2880//6301 2808//6229 2940//6361
f  2939//6360 2824//6245 2822//6243
f  2939//6360 2822//6243 2940//6361
f  2940//6361 2941//6362 2880//6301
f  2444//5865 2880//6301 2941//6362
f  2822//6243 2821//6242 2940//6361
f  2941//6362 2940//6361 2821//6242
f  2941//6362 2942//6363 2444//5865
f  2440//5861 2444//5865 2942//6363
f  2821//6242 2943//6364 2941//6362
f  2942//6363 2941//6362 2943//6364
f  2440//5861 2942//6363 2944//6365
f  2440//5861 2944//6365 2289//5710
f  2289//5710 2944//6365 2288//5709
f  2942//6363 2945//6366 2944//6365
f  2943//6364 2945//6366 2942//6363
f  2946//6367 2288//5709 2944//6365
f  2944//6365 2945//6366 2946//6367
f  2946//6367 2285//5706 2288//5709
f  2285//5706 2946//6367 2947//6368
f  2947//6368 2281//5702 2285//5706
f  2945//6366 2948//6369 2946//6367
f  2948//6369 2947//6368 2946//6367
f  2945//6366 2943//6364 2949//6370
f  2949//6370 2948//6369 2945//6366
f  2814//6235 2949//6370 2943//6364
f  2943//6364 2821//6242 2814//6235
f  2281//5702 2947//6368 2950//6371
f  2281//5702 2950//6371 2275//5696
f  2947//6368 2948//6369 2951//6372
f  2951//6372 2950//6371 2947//6368
f  2948//6369 2949//6370 2952//6373
f  2952//6373 2951//6372 2948//6369
f  2816//6237 2952//6373 2949//6370
f  2949//6370 2814//6235 2816//6237
f  2951//6372 2952//6373 2953//6374
f  2950//6371 2951//6372 2954//6375
f  2953//6374 2954//6375 2951//6372
f  2275//5696 2950//6371 2955//6376
f  2950//6371 2954//6375 2955//6376
f  2275//5696 2955//6376 2269//5690
f  2952//6373 2816//6237 2873//6294
f  2873//6294 2953//6374 2952//6373
f  2269//5690 2955//6376 2956//6377
f  2956//6377 2265//5686 2269//5690
f  2955//6376 2954//6375 2957//6378
f  2955//6376 2957//6378 2956//6377
f  2954//6375 2953//6374 2958//6379
f  2958//6379 2957//6378 2954//6375
f  2870//6291 2958//6379 2953//6374
f  2953//6374 2873//6294 2870//6291
f  2265//5686 2956//6377 2959//6380
f  2959//6380 2263//5684 2265//5686
f  2956//6377 2957//6378 2960//6381
f  2960//6381 2959//6380 2956//6377
f  2957//6378 2958//6379 2961//6382
f  2961//6382 2960//6381 2957//6378
f  2684//6105 2961//6382 2958//6379
f  2958//6379 2870//6291 2684//6105
f  2263//5684 2959//6380 2962//6383
f  2959//6380 2960//6381 2963//6384
f  2963//6384 2962//6383 2959//6380
f  2266//5687 2263//5684 2962//6383
f  2960//6381 2964//6385 2963//6384
f  2960//6381 2961//6382 2964//6385
f  2962//6383 2963//6384 2681//6102
f  2266//5687 2962//6383 2687//6108
f  2687//6108 2962//6383 2681//6102
f  2963//6384 2682//6103 2681//6102
f  2963//6384 2964//6385 2682//6103
f  2686//6107 2964//6385 2961//6382
f  2961//6382 2684//6105 2686//6107
f  2964//6385 2690//6111 2682//6103
f  2964//6385 2686//6107 2690//6111
f  2965//6386 2391//5812 2390//5811
f  2965//6386 2390//5811 2394//5815
f  2966//6387 2392//5813 2391//5812
f  2966//6387 2391//5812 2965//6386
f  2967//6388 2393//5814 2392//5813
f  2392//5813 2966//6387 2967//6388
f  2393//5814 2967//6388 2751//6172
f  2758//6179 2751//6172 2967//6388
f  2968//6389 2965//6386 2394//5815
f  2394//5815 2386//5807 2968//6389
f  2969//6390 2966//6387 2965//6386
f  2965//6386 2968//6389 2969//6390
f  2970//6391 2967//6388 2966//6387
f  2967//6388 2970//6391 2758//6179
f  2966//6387 2969//6390 2971//6392
f  2971//6392 2970//6391 2966//6387
f  2972//6393 2969//6390 2968//6389
f  2973//6394 2758//6179 2970//6391
f  2765//6186 2758//6179 2973//6394
f  2970//6391 2971//6392 2974//6395
f  2974//6395 2973//6394 2970//6391
f  2975//6396 2971//6392 2969//6390
f  2969//6390 2972//6393 2975//6396
f  2976//6397 2974//6395 2971//6392
f  2971//6392 2975//6396 2976//6397
f  2973//6394 2977//6398 2765//6186
f  2771//6192 2765//6186 2977//6398
f  2973//6394 2974//6395 2978//6399
f  2977//6398 2973//6394 2978//6399
f  2977//6398 2979//6400 2771//6192
f  2771//6192 2979//6400 2778//6199
f  2978//6399 2980//6401 2977//6398
f  2979//6400 2977//6398 2980//6401
f  2981//6402 2978//6399 2974//6395
f  2974//6395 2976//6397 2981//6402
f  2980//6401 2978//6399 2982//6403
f  2978//6399 2981//6402 2982//6403
f  2980//6401 2983//6404 2979//6400
f  2979//6400 2984//6405 2778//6199
f  2984//6405 2979//6400 2983//6404
f  2985//6406 2778//6199 2984//6405
f  2778//6199 2985//6406 2777//6198
f  2982//6403 2986//6407 2980//6401
f  2983//6404 2980//6401 2986//6407
f  2987//6408 2777//6198 2985//6406
f  2777//6198 2987//6408 2772//6193
f  2783//6204 2772//6193 2987//6408
f  2987//6408 2988//6409 2783//6204
f  2788//6209 2783//6204 2988//6409
f  2985//6406 2989//6410 2987//6408
f  2988//6409 2987//6408 2989//6410
f  2990//6411 2788//6209 2988//6409
f  2990//6411 2789//6210 2788//6209
f  2989//6410 2991//6412 2988//6409
f  2991//6412 2990//6411 2988//6409
f  2989//6410 2985//6406 2992//6413
f  2984//6405 2992//6413 2985//6406
f  2991//6412 2989//6410 2993//6414
f  2992//6413 2993//6414 2989//6410
f  2992//6413 2984//6405 2994//6415
f  2983//6404 2994//6415 2984//6405
f  2993//6414 2992//6413 2995//6416
f  2995//6416 2992//6413 2994//6415
f  2994//6415 2983//6404 2996//6417
f  2986//6407 2996//6417 2983//6404
f  2997//6418 2995//6416 2994//6415
f  2997//6418 2994//6415 2996//6417
f  2995//6416 2998//6419 2993//6414
f  2999//6420 2995//6416 2997//6418
f  2998//6419 2995//6416 2999//6420
f  3000//6421 2993//6414 2998//6419
f  2993//6414 3000//6421 2991//6412
f  2999//6420 3001//6422 2998//6419
f  2998//6419 3002//6423 3000//6421
f  3002//6423 2998//6419 3001//6422
f  3000//6421 3003//6424 2991//6412
f  3003//6424 2990//6411 2991//6412
f  3004//6425 3000//6421 3002//6423
f  3000//6421 3004//6425 3003//6424
f  3003//6424 3005//6426 2990//6411
f  3005//6426 2789//6210 2990//6411
f  3006//6427 3003//6424 3004//6425
f  3003//6424 3006//6427 3005//6426
f  3007//6428 2789//6210 3005//6426
f  2789//6210 3007//6428 2787//6208
f  3007//6428 2792//6213 2787//6208
f  3005//6426 3008//6429 3007//6428
f  3008//6429 3005//6426 3006//6427
f  2792//6213 3007//6428 3009//6430
f  3008//6429 3009//6430 3007//6428
f  3009//6430 2937//6358 2792//6213
f  2937//6358 3009//6430 3010//6431
f  3010//6431 2933//6354 2937//6358
f  3009//6430 3008//6429 3011//6432
f  3011//6432 3010//6431 3009//6430
f  3006//6427 3012//6433 3008//6429
f  3012//6433 3011//6432 3008//6429
f  3012//6433 3006//6427 3013//6434
f  3004//6425 3013//6434 3006//6427
f  2933//6354 3010//6431 3014//6435
f  2936//6357 2933//6354 3014//6435
f  3015//6436 3010//6431 3011//6432
f  3015//6436 3014//6435 3010//6431
f  3011//6432 3012//6433 3016//6437
f  3016//6437 3015//6436 3011//6432
f  3017//6438 3016//6437 3012//6433
f  3013//6434 3017//6438 3012//6433
f  3018//6439 3015//6436 3016//6437
f  3019//6440 3014//6435 3015//6436
f  3018//6439 3019//6440 3015//6436
f  3014//6435 3019//6440 3020//6441
f  3014//6435 3020//6441 2936//6357
f  3016//6437 3017//6438 3021//6442
f  3021//6442 3018//6439 3016//6437
f  2936//6357 3020//6441 3022//6443
f  2936//6357 3022//6443 2935//6356
f  3023//6444 2935//6356 3022//6443
f  2935//6356 3023//6444 2934//6355
f  2828//6249 2934//6355 3023//6444
f  3022//6443 2831//6252 3023//6444
f  2831//6252 2828//6249 3023//6444
f  3020//6441 3024//6445 3022//6443
f  2831//6252 3022//6443 3024//6445
f  3020//6441 3025//6446 3024//6445
f  3019//6440 3025//6446 3020//6441
f  3024//6445 2832//6253 2831//6252
f  3019//6440 3026//6447 3025//6446
f  3026//6447 3019//6440 3018//6439
f  3025//6446 3027//6448 3024//6445
f  3024//6445 3027//6448 2832//6253
f  3026//6447 3028//6449 3025//6446
f  3027//6448 3025//6446 3028//6449
f  3029//6450 3026//6447 3018//6439
f  3018//6439 3021//6442 3029//6450
f  3028//6449 3026//6447 3030//6451
f  3026//6447 3029//6450 3030//6451
f  3028//6449 3031//6452 3027//6448
f  3027//6448 2834//6255 2832//6253
f  3027//6448 3031//6452 2834//6255
f  3031//6452 3028//6449 3032//6453
f  3030//6451 3032//6453 3028//6449
f  3033//6454 3031//6452 3032//6453
f  3032//6453 3030//6451 3034//6455
f  3035//6456 3032//6453 3034//6455
f  3032//6453 3035//6456 3033//6454
f  3030//6451 3036//6457 3034//6455
f  3036//6457 3030//6451 3029//6450
f  3035//6456 3034//6455 3037//6458
f  3037//6458 3034//6455 3036//6457
f  3038//6459 3033//6454 3035//6456
f  3037//6458 3038//6459 3035//6456
f  3031//6452 3033//6454 2837//6258
f  2837//6258 2834//6255 3031//6452
f  3033//6454 3038//6459 2839//6260
f  2839//6260 2837//6258 3033//6454
f  3038//6459 3037//6458 3039//6460
f  3038//6459 2843//6264 2839//6260
f  2843//6264 3038//6459 3039//6460
f  3040//6461 3039//6460 3037//6458
f  3037//6458 3036//6457 3040//6461
f  3039//6460 2189//5610 2843//6264
f  3029//6450 3041//6462 3036//6457
f  3040//6461 3036//6457 3041//6462
f  3041//6462 3029//6450 3021//6442
f  3039//6460 3040//6461 2192//5613
f  2189//5610 3039//6460 2192//5613
f  3041//6462 2194//5615 3040//6461
f  2194//5615 2192//5613 3040//6461
f  3021//6442 3042//6463 3041//6462
f  2194//5615 3041//6462 3042//6463
f  3042//6463 3021//6442 3017//6438
f  3043//6464 3042//6463 3017//6438
f  3017//6438 3013//6434 3043//6464
f  2198//5619 2194//5615 3042//6463
f  3042//6463 3043//6464 2198//5619
f  3043//6464 3013//6434 3044//6465
f  3013//6434 3004//6425 3044//6465
f  3002//6423 3044//6465 3004//6425
f  3045//6466 3043//6464 3044//6465
f  2198//5619 3043//6464 3045//6466
f  3044//6465 3002//6423 3046//6467
f  3045//6466 3044//6465 3046//6467
f  3001//6422 3046//6467 3002//6423
f  2199//5620 2198//5619 3045//6466
f  3047//6468 3045//6466 3046//6467
f  2199//5620 3045//6466 3047//6468
f  3046//6467 3001//6422 3048//6469
f  3048//6469 3047//6468 3046//6467
f  3049//6470 3048//6469 3001//6422
f  3001//6422 2999//6420 3049//6470
f  3047//6468 3048//6469 2207//5628
f  2202//5623 2199//5620 3047//6468
f  2207//5628 2202//5623 3047//6468
f  3050//6471 2207//5628 3048//6469
f  3048//6469 3049//6470 3050//6471
f  3051//6472 3049//6470 2999//6420
f  3051//6472 2999//6420 2997//6418
f  3052//6473 3050//6471 3049//6470
f  3049//6470 3051//6472 3052//6473
f  2207//5628 3050//6471 2208//5629
f  3051//6472 2997//6418 3053//6474
f  3053//6474 2997//6418 2996//6417
f  3054//6475 3052//6473 3051//6472
f  3054//6475 3051//6472 3053//6474
f  3050//6471 3052//6473 3055//6476
f  2208//5629 3050//6471 3055//6476
f  3052//6473 3054//6475 3056//6477
f  3056//6477 3055//6476 3052//6473
f  3057//6478 3053//6474 2996//6417
f  2996//6417 2986//6407 3057//6478
f  3058//6479 3054//6475 3053//6474
f  3053//6474 3057//6478 3058//6479
f  3059//6480 3056//6477 3054//6475
f  3054//6475 3058//6479 3059//6480
f  3060//6481 3057//6478 2986//6407
f  2986//6407 2982//6403 3060//6481
f  3061//6482 3058//6479 3057//6478
f  3057//6478 3060//6481 3061//6482
f  3062//6483 3059//6480 3058//6479
f  3058//6479 3061//6482 3062//6483
f  3060//6481 2982//6403 3063//6484
f  2981//6402 3063//6484 2982//6403
f  3061//6482 3060//6481 3064//6485
f  3063//6484 3064//6485 3060//6481
f  3061//6482 3065//6486 3062//6483
f  3065//6486 3061//6482 3064//6485
f  3063//6484 2981//6402 3066//6487
f  2976//6397 3066//6487 2981//6402
f  3064//6485 3063//6484 3067//6488
f  3066//6487 3067//6488 3063//6484
f  2976//6397 3068//6489 3066//6487
f  3068//6489 2976//6397 2975//6396
f  3066//6487 3069//6490 3067//6488
f  3069//6490 3066//6487 3068//6489
f  3070//6491 3064//6485 3067//6488
f  3064//6485 3070//6491 3065//6486
f  3071//6492 3067//6488 3069//6490
f  3067//6488 3071//6492 3070//6491
f  2975//6396 3072//6493 3068//6489
f  3072//6493 2975//6396 2972//6393
f  3068//6489 3073//6494 3069//6490
f  3073//6494 3068//6489 3072//6493
f  3069//6490 3074//6495 3071//6492
f  3074//6495 3069//6490 3073//6494
f  3075//6496 3070//6491 3071//6492
f  3076//6497 3071//6492 3074//6495
f  3071//6492 3076//6497 3075//6496
f  3070//6491 3075//6496 3077//6498
f  3077//6498 3065//6486 3070//6491
f  3078//6499 3075//6496 3076//6497
f  3065//6486 3077//6498 3079//6500
f  3079//6500 3062//6483 3065//6486
f  3080//6501 3077//6498 3075//6496
f  3075//6496 3078//6499 3080//6501
f  3077//6498 3081//6502 3079//6500
f  3077//6498 3080//6501 3081//6502
f  3062//6483 3079//6500 3082//6503
f  3059//6480 3062//6483 3082//6503
f  3083//6504 3079//6500 3081//6502
f  3079//6500 3083//6504 3082//6503
f  3082//6503 3084//6505 3059//6480
f  3056//6477 3059//6480 3084//6505
f  3085//6506 3082//6503 3083//6504
f  3084//6505 3082//6503 3085//6506
f  3084//6505 3086//6507 3056//6477
f  3055//6476 3056//6477 3086//6507
f  3085//6506 3087//6508 3084//6505
f  3086//6507 3084//6505 3087//6508
f  2210//5631 3055//6476 3086//6507
f  2210//5631 2208//5629 3055//6476
f  3087//6508 2001//5422 3086//6507
f  2001//5422 2210//5631 3086//6507
f  3087//6508 3085//6506 3088//6509
f  2001//5422 3087//6508 2002//5423
f  3088//6509 2002//5423 3087//6508
f  3088//6509 3085//6506 3089//6510
f  3083//6504 3089//6510 3085//6506
f  2002//5423 3088//6509 2005//5426
f  3089//6510 3083//6504 3090//6511
f  3081//6502 3090//6511 3083//6504
f  2007//5428 3088//6509 3089//6510
f  3088//6509 2007//5428 2005//5426
f  3091//6512 3089//6510 3090//6511
f  3089//6510 3091//6512 2007//5428
f  3081//6502 3092//6513 3090//6511
f  3092//6513 3081//6502 3080//6501
f  3090//6511 3093//6514 3091//6512
f  3093//6514 3090//6511 3092//6513
f  2008//5429 2007//5428 3091//6512
f  3093//6514 2014//5435 3091//6512
f  2008//5429 3091//6512 2014//5435
f  3092//6513 2125//5546 3093//6514
f  3080//6501 3094//6515 3092//6513
f  2125//5546 3092//6513 3094//6515
f  3094//6515 3080//6501 3078//6499
f  2133//5554 3094//6515 3078//6499
f  3078//6499 3076//6497 2133//5554
f  2014//5435 3093//6514 2019//5440
f  2125//5546 2019//5440 3093//6514
f  3094//6515 2126//5547 2125//5546
f  3094//6515 2133//5554 2126//5547
f  2019//5440 2125//5546 2022//5443
f  3076//6497 3095//6516 2133//5554
f  3074//6495 3095//6516 3076//6497
f  2134//5555 2133//5554 3095//6516
f  3095//6516 3074//6495 3096//6517
f  3095//6516 2511//5932 2134//5555
f  2511//5932 3095//6516 3096//6517
f  3073//6494 3096//6517 3074//6495
f  3096//6517 2512//5933 2511//5932
f  3096//6517 3073//6494 3097//6518
f  2512//5933 3096//6517 3097//6518
f  3073//6494 3072//6493 3097//6518
f  3072//6493 3098//6519 3097//6518
f  3097//6518 3098//6519 2512//5933
f  3072//6493 2972//6393 3098//6519
f  3098//6519 3099//6520 2512//5933
f  2512//5933 3099//6520 2513//5934
f  3099//6520 2517//5938 2513//5934
f  2972//6393 3100//6521 3098//6519
f  3098//6519 3100//6521 3099//6520
f  2968//6389 3100//6521 2972//6393
f  3100//6521 2968//6389 2386//5807
f  3100//6521 3101//6522 3099//6520
f  3099//6520 3101//6522 2517//5938
f  2386//5807 3101//6522 3100//6521
f  3101//6522 2386//5807 3102//6523
f  2386//5807 2382//5803 3102//6523
f  2381//5802 3102//6523 2382//5803
f  3103//6524 3101//6522 3102//6523
f  3102//6523 2381//5802 3103//6524
f  3101//6522 3103//6524 2517//5938
f  2377//5798 3103//6524 2381//5802
f  2520//5941 2517//5938 3103//6524
f  3103//6524 2377//5798 2520//5941
f  3104//6525 3105//6526 3106//6527
f  3106//6527 3107//6528 3104//6525
f  3105//6526 3104//6525 3108//6529
f  3109//6530 3108//6529 3104//6525
f  3110//6531 3108//6529 3109//6530
f  3111//6532 3104//6525 3107//6528
f  3104//6525 3111//6532 3109//6530
f  3112//6533 3110//6531 3109//6530
f  3113//6534 3110//6531 3112//6533
f  3114//6535 3109//6530 3111//6532
f  3109//6530 3114//6535 3112//6533
f  3107//6528 3115//6536 3111//6532
f  3116//6537 3115//6536 3107//6528
f  3111//6532 3117//6538 3114//6535
f  3117//6538 3111//6532 3115//6536
f  3118//6539 3112//6533 3114//6535
f  3112//6533 3119//6540 3113//6534
f  3112//6533 3118//6539 3119//6540
f  3113//6534 3119//6540 3120//6541
f  3121//6542 3120//6541 3119//6540
f  3119//6540 3122//6543 3121//6542
f  3118//6539 3122//6543 3119//6540
f  3123//6544 3121//6542 3122//6543
f  3118//6539 3123//6544 3122//6543
f  3123//6544 3124//6545 3121//6542
f  3124//6545 3125//6546 3121//6542
f  3124//6545 3126//6547 3125//6546
f  3127//6548 3124//6545 3123//6544
f  3128//6549 3123//6544 3118//6539
f  3128//6549 3127//6548 3123//6544
f  3114//6535 3129//6550 3118//6539
f  3129//6550 3128//6549 3118//6539
f  3129//6550 3114//6535 3117//6538
f  3130//6551 3126//6547 3124//6545
f  3127//6548 3130//6551 3124//6545
f  3130//6551 3131//6552 3126//6547
f  3131//6552 3132//6553 3126//6547
f  3126//6547 3132//6553 3133//6554
f  3134//6555 3131//6552 3130//6551
f  3131//6552 3134//6555 3132//6553
f  3132//6553 3135//6556 3133//6554
f  3132//6553 3136//6557 3135//6556
f  3134//6555 3136//6557 3132//6553
f  3130//6551 3137//6558 3134//6555
f  3137//6558 3130//6551 3127//6548
f  3138//6559 3136//6557 3134//6555
f  3139//6560 3134//6555 3137//6558
f  3134//6555 3139//6560 3138//6559
f  3137//6558 3140//6561 3139//6560
f  3127//6548 3141//6562 3137//6558
f  3140//6561 3137//6558 3141//6562
f  3142//6563 3141//6562 3127//6548
f  3141//6562 3143//6564 3140//6561
f  3144//6565 3143//6564 3141//6562
f  3141//6562 3142//6563 3144//6565
f  3145//6566 3140//6561 3143//6564
f  3144//6565 3145//6566 3143//6564
f  3146//6567 3142//6563 3127//6548
f  3146//6567 3127//6548 3128//6549
f  3147//6568 3146//6567 3128//6549
f  3147//6568 3128//6549 3129//6550
f  3148//6569 3142//6563 3146//6567
f  3149//6570 3146//6567 3147//6568
f  3149//6570 3148//6569 3146//6567
f  3150//6571 3149//6570 3147//6568
f  3148//6569 3149//6570 3150//6571
f  3147//6568 3129//6550 3151//6572
f  3117//6538 3151//6572 3129//6550
f  3150//6571 3147//6568 3152//6573
f  3151//6572 3152//6573 3147//6568
f  3151//6572 3117//6538 3153//6574
f  3115//6536 3153//6574 3117//6538
f  3152//6573 3151//6572 3154//6575
f  3153//6574 3154//6575 3151//6572
f  3153//6574 3115//6536 3155//6576
f  3155//6576 3115//6536 3116//6537
f  3116//6537 3156//6577 3155//6576
f  3155//6576 3157//6578 3153//6574
f  3154//6575 3153//6574 3157//6578
f  3158//6579 3155//6576 3156//6577
f  3157//6578 3155//6576 3158//6579
f  3159//6580 3158//6579 3156//6577
f  3158//6579 3160//6581 3157//6578
f  3160//6581 3158//6579 3159//6580
f  3157//6578 3161//6582 3154//6575
f  3161//6582 3157//6578 3160//6581
f  3154//6575 3161//6582 3162//6583
f  3154//6575 3162//6583 3152//6573
f  3160//6581 3163//6584 3161//6582
f  3159//6580 3164//6585 3160//6581
f  3163//6584 3160//6581 3164//6585
f  3164//6585 3159//6580 3165//6586
f  3161//6582 3163//6584 3166//6587
f  3166//6587 3162//6583 3161//6582
f  3167//6588 3152//6573 3162//6583
f  3162//6583 3166//6587 3167//6588
f  3167//6588 3150//6571 3152//6573
f  3165//6586 3168//6589 3164//6585
f  3164//6585 3169//6590 3163//6584
f  3169//6590 3164//6585 3168//6589
f  3170//6591 3166//6587 3163//6584
f  3170//6591 3163//6584 3169//6590
f  3166//6587 3170//6591 3171//6592
f  3171//6592 3167//6588 3166//6587
f  3169//6590 3172//6593 3170//6591
f  3173//6594 3171//6592 3170//6591
f  3173//6594 3170//6591 3172//6593
f  3167//6588 3171//6592 3174//6595
f  3174//6595 3171//6592 3173//6594
f  3175//6596 3150//6571 3167//6588
f  3150//6571 3175//6596 3148//6569
f  3174//6595 3176//6597 3167//6588
f  3167//6588 3176//6597 3175//6596
f  3173//6594 3177//6598 3174//6595
f  3178//6599 3176//6597 3174//6595
f  3178//6599 3174//6595 3177//6598
f  3175//6596 3176//6597 3179//6600
f  3178//6599 3179//6600 3176//6597
f  3148//6569 3175//6596 3180//6601
f  3179//6600 3180//6601 3175//6596
f  3179//6600 3178//6599 3181//6602
f  3180//6601 3182//6603 3148//6569
f  3148//6569 3182//6603 3142//6563
f  3182//6603 3144//6565 3142//6563
f  3183//6604 3180//6601 3179//6600
f  3181//6602 3183//6604 3179//6600
f  3184//6605 3182//6603 3180//6601
f  3183//6604 3184//6605 3180//6601
f  3144//6565 3182//6603 3185//6606
f  3184//6605 3185//6606 3182//6603
f  3186//6607 3187//6608 3188//6609
f  3188//6609 3187//6608 3189//6610
f  3190//6611 3191//6612 3192//6613
f  3190//6611 3193//6614 3191//6612
f  3189//6610 3194//6615 3192//6613
f  3192//6613 3195//6616 3190//6611
f  3195//6616 3192//6613 3194//6615
f  3193//6614 3190//6611 3196//6617
f  3196//6617 3197//6618 3193//6614
f  3198//6619 3190//6611 3195//6616
f  3198//6619 3196//6617 3190//6611
f  3189//6610 3199//6620 3194//6615
f  3199//6620 3189//6610 3187//6608
f  3194//6615 3200//6621 3195//6616
f  3201//6622 3194//6615 3199//6620
f  3200//6621 3194//6615 3201//6622
f  3202//6623 3195//6616 3200//6621
f  3202//6623 3198//6619 3195//6616
f  3201//6622 3203//6624 3200//6621
f  3200//6621 3204//6625 3202//6623
f  3204//6625 3200//6621 3203//6624
f  3204//6625 3205//6626 3202//6623
f  3203//6624 3206//6627 3204//6625
f  3206//6627 3205//6626 3204//6625
f  3207//6628 3198//6619 3202//6623
f  3205//6626 3207//6628 3202//6623
f  3207//6628 3208//6629 3198//6619
f  3196//6617 3198//6619 3208//6629
f  3209//6630 3207//6628 3205//6626
f  3208//6629 3210//6631 3196//6617
f  3197//6618 3196//6617 3210//6631
f  3211//6632 3208//6629 3207//6628
f  3209//6630 3211//6632 3207//6628
f  3212//6633 3210//6631 3208//6629
f  3211//6632 3212//6633 3208//6629
f  3213//6634 3197//6618 3210//6631
f  3197//6618 3213//6634 3214//6635
f  3215//6636 3210//6631 3212//6633
f  3210//6631 3215//6636 3213//6634
f  3214//6635 3213//6634 3216//6637
f  3216//6637 3217//6638 3214//6635
f  3213//6634 3215//6636 3218//6639
f  3218//6639 3216//6637 3213//6634
f  3212//6633 3219//6640 3215//6636
f  3220//6641 3218//6639 3215//6636
f  3215//6636 3219//6640 3220//6641
f  3221//6642 3219//6640 3212//6633
f  3212//6633 3211//6632 3221//6642
f  3222//6643 3220//6641 3219//6640
f  3219//6640 3221//6642 3222//6643
f  3218//6639 3220//6641 3223//6644
f  3224//6645 3221//6642 3211//6632
f  3211//6632 3209//6630 3224//6645
f  3225//6646 3222//6643 3221//6642
f  3221//6642 3224//6645 3225//6646
f  3226//6647 3220//6641 3222//6643
f  3226//6647 3223//6644 3220//6641
f  3227//6648 3222//6643 3225//6646
f  3227//6648 3226//6647 3222//6643
f  3228//6649 3225//6646 3224//6645
f  3133//6554 3227//6648 3225//6646
f  3225//6646 3228//6649 3133//6554
f  3135//6556 3226//6647 3227//6648
f  3133//6554 3135//6556 3227//6648
f  3229//6650 3223//6644 3226//6647
f  3135//6556 3229//6650 3226//6647
f  3126//6547 3133//6554 3228//6649
f  3230//6651 3228//6649 3224//6645
f  3230//6651 3224//6645 3209//6630
f  3125//6546 3228//6649 3230//6651
f  3228//6649 3125//6546 3126//6547
f  3231//6652 3230//6651 3209//6630
f  3231//6652 3209//6630 3205//6626
f  3232//6653 3125//6546 3230//6651
f  3232//6653 3230//6651 3231//6652
f  3121//6542 3125//6546 3232//6653
f  3205//6626 3233//6654 3231//6652
f  3205//6626 3206//6627 3233//6654
f  3234//6655 3232//6653 3231//6652
f  3234//6655 3231//6652 3233//6654
f  3120//6541 3232//6653 3234//6655
f  3232//6653 3120//6541 3121//6542
f  3233//6654 3235//6656 3234//6655
f  3236//6657 3233//6654 3206//6627
f  3233//6654 3236//6657 3235//6656
f  3237//6658 3234//6655 3235//6656
f  3234//6655 3237//6658 3120//6541
f  3238//6659 3239//6660 3240//6661
f  3241//6662 3242//6663 3243//6664
f  3243//6664 3242//6663 3239//6660
f  3244//6665 3240//6661 3239//6660
f  3239//6660 3242//6663 3244//6665
f  3240//6661 3244//6665 3245//6666
f  3241//6662 3246//6667 3242//6663
f  3247//6668 3246//6667 3241//6662
f  3248//6669 3244//6665 3242//6663
f  3242//6663 3246//6667 3248//6669
f  3249//6670 3245//6666 3244//6665
f  3244//6665 3248//6669 3249//6670
f  3245//6666 3249//6670 3250//6671
f  3247//6668 3251//6672 3246//6667
f  3251//6672 3247//6668 3252//6673
f  3253//6674 3248//6669 3246//6667
f  3246//6667 3251//6672 3253//6674
f  3254//6675 3249//6670 3248//6669
f  3248//6669 3253//6674 3254//6675
f  3255//6676 3250//6671 3249//6670
f  3249//6670 3254//6675 3255//6676
f  3253//6674 3251//6672 3256//6677
f  3252//6673 3256//6677 3251//6672
f  3254//6675 3253//6674 3257//6678
f  3253//6674 3256//6677 3257//6678
f  3255//6676 3254//6675 3258//6679
f  3254//6675 3257//6678 3258//6679
f  3250//6671 3255//6676 3259//6680
f  3259//6680 3260//6681 3250//6671
f  3260//6681 3259//6680 3261//6682
f  3259//6680 3255//6676 3262//6683
f  3258//6679 3262//6683 3255//6676
f  3261//6682 3259//6680 3263//6684
f  3262//6683 3263//6684 3259//6680
f  3261//6682 3263//6684 3264//6685
f  3265//6686 3261//6682 3264//6685
f  3265//6686 3264//6685 3266//6687
f  3266//6687 3264//6685 3267//6688
f  3266//6687 3267//6688 3268//6689
f  3264//6685 3263//6684 3269//6690
f  3264//6685 3269//6690 3267//6688
f  3263//6684 3262//6683 3270//6691
f  3270//6691 3269//6690 3263//6684
f  3271//6692 3270//6691 3262//6683
f  3262//6683 3258//6679 3271//6692
f  3268//6689 3267//6688 3272//6693
f  3272//6693 3273//6694 3268//6689
f  3273//6694 3272//6693 3274//6695
f  3275//6696 3272//6693 3267//6688
f  3267//6688 3269//6690 3275//6696
f  3276//6697 3274//6695 3272//6693
f  3272//6693 3275//6696 3276//6697
f  3274//6695 3276//6697 3277//6698
f  3275//6696 3269//6690 3278//6699
f  3269//6690 3270//6691 3278//6699
f  3276//6697 3275//6696 3279//6700
f  3275//6696 3278//6699 3279//6700
f  3280//6701 3277//6698 3276//6697
f  3276//6697 3279//6700 3280//6701
f  3277//6698 3280//6701 3281//6702
f  3282//6703 3281//6702 3280//6701
f  3280//6701 3283//6704 3282//6703
f  3283//6704 3280//6701 3279//6700
f  3283//6704 3284//6705 3282//6703
f  3283//6704 3285//6706 3284//6705
f  3279//6700 3286//6707 3283//6704
f  3286//6707 3285//6706 3283//6704
f  3279//6700 3278//6699 3286//6707
f  3286//6707 3287//6708 3285//6706
f  3278//6699 3288//6709 3286//6707
f  3287//6708 3286//6707 3288//6709
f  3278//6699 3270//6691 3288//6709
f  3270//6691 3271//6692 3288//6709
f  3288//6709 3289//6710 3287//6708
f  3289//6710 3288//6709 3271//6692
f  3290//6711 3287//6708 3289//6710
f  3271//6692 3291//6712 3289//6710
f  3258//6679 3291//6712 3271//6692
f  3258//6679 3257//6678 3291//6712
f  3289//6710 3292//6713 3290//6711
f  3292//6713 3289//6710 3291//6712
f  3290//6711 3292//6713 3293//6714
f  3257//6678 3294//6715 3291//6712
f  3291//6712 3294//6715 3292//6713
f  3257//6678 3256//6677 3294//6715
f  3294//6715 3256//6677 3252//6673
f  3292//6713 3294//6715 3295//6716
f  3252//6673 3295//6716 3294//6715
f  3295//6716 3293//6714 3292//6713
f  3296//6717 3295//6716 3252//6673
f  3293//6714 3295//6716 3296//6717
f  3297//6718 3298//6719 3299//6720
f  3297//6718 3299//6720 3300//6721
f  3301//6722 3298//6719 3297//6718
f  3298//6719 3302//6723 3299//6720
f  3300//6721 3303//6724 3297//6718
f  3304//6725 3301//6722 3297//6718
f  3297//6718 3303//6724 3304//6725
f  3301//6722 3284//6705 3298//6719
f  3305//6726 3300//6721 3299//6720
f  3301//6722 3304//6725 3306//6727
f  3299//6720 3307//6728 3305//6726
f  3307//6728 3299//6720 3302//6723
f  3285//6706 3302//6723 3298//6719
f  3285//6706 3298//6719 3284//6705
f  3302//6723 3290//6711 3307//6728
f  3287//6708 3302//6723 3285//6706
f  3287//6708 3290//6711 3302//6723
f  3284//6705 3301//6722 3308//6729
f  3306//6727 3308//6729 3301//6722
f  3308//6729 3306//6727 3309//6730
f  3309//6730 3310//6731 3308//6729
f  3309//6730 3306//6727 3311//6732
f  3282//6703 3308//6729 3310//6731
f  3308//6729 3282//6703 3284//6705
f  3310//6731 3281//6702 3282//6703
f  3311//6732 3306//6727 3312//6733
f  3311//6732 3312//6733 3313//6734
f  3312//6733 3306//6727 3304//6725
f  3313//6734 3312//6733 3314//6735
f  3304//6725 3315//6736 3312//6733
f  3314//6735 3312//6733 3315//6736
f  3315//6736 3304//6725 3303//6724
f  3315//6736 3316//6737 3314//6735
f  3316//6737 3315//6736 3317//6738
f  3303//6724 3317//6738 3315//6736
f  3317//6738 3318//6739 3316//6737
f  3319//6740 3318//6739 3317//6738
f  3320//6741 3317//6738 3303//6724
f  3317//6738 3320//6741 3319//6740
f  3303//6724 3300//6721 3320//6741
f  3321//6742 3319//6740 3320//6741
f  3322//6743 3320//6741 3300//6721
f  3320//6741 3322//6743 3321//6742
f  3300//6721 3305//6726 3322//6743
f  3321//6742 3322//6743 3323//6744
f  3323//6744 3322//6743 3324//6745
f  3322//6743 3305//6726 3324//6745
f  3323//6744 3324//6745 3325//6746
f  3324//6745 3305//6726 3326//6747
f  3326//6747 3305//6726 3307//6728
f  3325//6746 3324//6745 3327//6748
f  3324//6745 3326//6747 3327//6748
f  3307//6728 3293//6714 3326//6747
f  3293//6714 3307//6728 3290//6711
f  3327//6748 3326//6747 3296//6717
f  3296//6717 3326//6747 3293//6714
f  3325//6746 3327//6748 3328//6749
f  3327//6748 3296//6717 3329//6750
f  3327//6748 3329//6750 3328//6749
f  3330//6751 3325//6746 3328//6749
f  3325//6746 3330//6751 3331//6752
f  3331//6752 3330//6751 3332//6753
f  3330//6751 3328//6749 3333//6754
f  3332//6753 3330//6751 3333//6754
f  3328//6749 3329//6750 3334//6755
f  3328//6749 3334//6755 3333//6754
f  3332//6753 3333//6754 3335//6756
f  3335//6756 3336//6757 3332//6753
f  3333//6754 3334//6755 3337//6758
f  3337//6758 3335//6756 3333//6754
f  3247//6668 3334//6755 3329//6750
f  3334//6755 3241//6662 3337//6758
f  3334//6755 3247//6668 3241//6662
f  3329//6750 3252//6673 3247//6668
f  3252//6673 3329//6750 3296//6717
f  3336//6757 3335//6756 3338//6759
f  3338//6759 3339//6760 3336//6757
f  3339//6760 3338//6759 3340//6761
f  3341//6762 3338//6759 3335//6756
f  3335//6756 3337//6758 3341//6762
f  3338//6759 3342//6763 3340//6761
f  3338//6759 3341//6762 3342//6763
f  3340//6761 3342//6763 3343//6764
f  3344//6765 3343//6764 3342//6763
f  3342//6763 3345//6766 3344//6765
f  3345//6766 3342//6763 3341//6762
f  3238//6659 3344//6765 3345//6766
f  3337//6758 3243//6664 3341//6762
f  3341//6762 3243//6664 3345//6766
f  3337//6758 3241//6662 3243//6664
f  3345//6766 3239//6660 3238//6659
f  3239//6660 3345//6766 3243//6664
f  3346//6767 3347//6768 3348//6769
f  3347//6768 3346//6767 3349//6770
f  3348//6769 3350//6771 3351//6772
f  3347//6768 3349//6770 3352//6773
f  3353//6774 3352//6773 3349//6770
f  3354//6775 3348//6769 3347//6768
f  3350//6771 3348//6769 3354//6775
f  3352//6773 3355//6776 3347//6768
f  3354//6775 3347//6768 3355//6776
f  3352//6773 3353//6774 3356//6777
f  3357//6778 3356//6777 3353//6774
f  3355//6776 3352//6773 3358//6779
f  3356//6777 3358//6779 3352//6773
f  3356//6777 3357//6778 3359//6780
f  3359//6780 3357//6778 3360//6781
f  3358//6779 3356//6777 3361//6782
f  3359//6780 3361//6782 3356//6777
f  3360//6781 3362//6783 3359//6780
f  3362//6783 3360//6781 3363//6784
f  3361//6782 3359//6780 3364//6785
f  3364//6785 3359//6780 3362//6783
f  3362//6783 3363//6784 3365//6786
f  3363//6784 3366//6787 3365//6786
f  3362//6783 3367//6788 3364//6785
f  3362//6783 3365//6786 3367//6788
f  3364//6785 3368//6789 3361//6782
f  3365//6786 3366//6787 3369//6790
f  3366//6787 3370//6791 3369//6790
f  3371//6792 3369//6790 3370//6791
f  3365//6786 3369//6790 3372//6793
f  3367//6788 3365//6786 3372//6793
f  3369//6790 3371//6792 3373//6794
f  3373//6794 3372//6793 3369//6790
f  3374//6795 3373//6794 3371//6792
f  3373//6794 3374//6795 3375//6796
f  3376//6797 3375//6796 3374//6795
f  3372//6793 3373//6794 3377//6798
f  3373//6794 3375//6796 3377//6798
f  3375//6796 3376//6797 3378//6799
f  3379//6800 3378//6799 3376//6797
f  3378//6799 3379//6800 3380//6801
f  3378//6799 3381//6802 3375//6796
f  3377//6798 3375//6796 3381//6802
f  3382//6803 3378//6799 3380//6801
f  3381//6802 3378//6799 3382//6803
f  3382//6803 3380//6801 3265//6686
f  3261//6682 3265//6686 3380//6801
f  3383//6804 3381//6802 3382//6803
f  3384//6805 3382//6803 3265//6686
f  3383//6804 3382//6803 3384//6805
f  3377//6798 3381//6802 3385//6806
f  3385//6806 3381//6802 3383//6804
f  3372//6793 3377//6798 3386//6807
f  3386//6807 3377//6798 3385//6806
f  3367//6788 3372//6793 3386//6807
f  3386//6807 3387//6808 3367//6788
f  3364//6785 3367//6788 3387//6808
f  3387//6808 3368//6789 3364//6785
f  3387//6808 3386//6807 3388//6809
f  3386//6807 3385//6806 3388//6809
f  3368//6789 3387//6808 3389//6810
f  3388//6809 3389//6810 3387//6808
f  3388//6809 3385//6806 3390//6811
f  3383//6804 3390//6811 3385//6806
f  3389//6810 3388//6809 3391//6812
f  3390//6811 3391//6812 3388//6809
f  3390//6811 3383//6804 3392//6813
f  3392//6813 3383//6804 3384//6805
f  3391//6812 3390//6811 3393//6814
f  3392//6813 3393//6814 3390//6811
f  3389//6810 3391//6812 3394//6815
f  3392//6813 3384//6805 3395//6816
f  3389//6810 3396//6817 3368//6789
f  3396//6817 3389//6810 3394//6815
f  3368//6789 3396//6817 3397//6818
f  3397//6818 3361//6782 3368//6789
f  3361//6782 3397//6818 3358//6779
f  3358//6779 3397//6818 3398//6819
f  3358//6779 3398//6819 3355//6776
f  3397//6818 3396//6817 3399//6820
f  3399//6820 3398//6819 3397//6818
f  3400//6821 3399//6820 3396//6817
f  3396//6817 3394//6815 3400//6821
f  3401//6822 3355//6776 3398//6819
f  3355//6776 3401//6822 3354//6775
f  3398//6819 3399//6820 3402//6823
f  3398//6819 3402//6823 3401//6822
f  3399//6820 3400//6821 3403//6824
f  3403//6824 3402//6823 3399//6820
f  3404//6825 3354//6775 3401//6822
f  3354//6775 3404//6825 3350//6771
f  3405//6826 3401//6822 3402//6823
f  3401//6822 3405//6826 3404//6825
f  3406//6827 3402//6823 3403//6824
f  3402//6823 3406//6827 3405//6826
f  3407//6828 3403//6824 3400//6821
f  3400//6821 3394//6815 3408//6829
f  3400//6821 3408//6829 3407//6828
f  3394//6815 3409//6830 3408//6829
f  3394//6815 3391//6812 3409//6830
f  3393//6814 3409//6830 3391//6812
f  3408//6829 3409//6830 3410//6831
f  3407//6828 3408//6829 3410//6831
f  3411//6832 3409//6830 3393//6814
f  3411//6832 3410//6831 3409//6830
f  3393//6814 3412//6833 3411//6832
f  3412//6833 3393//6814 3392//6813
f  3392//6813 3395//6816 3412//6833
f  3410//6831 3411//6832 3413//6834
f  3410//6831 3414//6835 3407//6828
f  3414//6835 3410//6831 3413//6834
f  3407//6828 3414//6835 3415//6836
f  3415//6836 3403//6824 3407//6828
f  3403//6824 3415//6836 3406//6827
f  3415//6836 3414//6835 3416//6837
f  3413//6834 3416//6837 3414//6835
f  3406//6827 3415//6836 3417//6838
f  3416//6837 3417//6838 3415//6836
f  3418//6839 3416//6837 3413//6834
f  3417//6838 3416//6837 3418//6839
f  3419//6840 3413//6834 3411//6832
f  3419//6840 3411//6832 3412//6833
f  3413//6834 3420//6841 3418//6839
f  3420//6841 3413//6834 3419//6840
f  3417//6838 3421//6842 3406//6827
f  3405//6826 3406//6827 3421//6842
f  3418//6839 3422//6843 3417//6838
f  3421//6842 3417//6838 3422//6843
f  3421//6842 3423//6844 3405//6826
f  3404//6825 3405//6826 3423//6844
f  3422//6843 3424//6845 3421//6842
f  3424//6845 3423//6844 3421//6842
f  3422//6843 3418//6839 3425//6846
f  3425//6846 3418//6839 3420//6841
f  3424//6845 3422//6843 3426//6847
f  3425//6846 3426//6847 3422//6843
f  3423//6844 3427//6848 3404//6825
f  3350//6771 3404//6825 3427//6848
f  3423//6844 3424//6845 3428//6849
f  3428//6849 3427//6848 3423//6844
f  3427//6848 3429//6850 3350//6771
f  3351//6772 3350//6771 3429//6850
f  3427//6848 3428//6849 3430//6851
f  3429//6850 3427//6848 3430//6851
f  3431//6852 3428//6849 3424//6845
f  3426//6847 3431//6852 3424//6845
f  3432//6853 3430//6851 3428//6849
f  3428//6849 3431//6852 3432//6853
f  3429//6850 3433//6854 3351//6772
f  3351//6772 3433//6854 3434//6855
f  3430//6851 3435//6856 3429//6850
f  3433//6854 3429//6850 3435//6856
f  3436//6857 3434//6855 3433//6854
f  3435//6856 3430//6851 3437//6858
f  3430//6851 3432//6853 3437//6858
f  3434//6855 3436//6857 3438//6859
f  3435//6856 3439//6860 3433//6854
f  3433//6854 3439//6860 3436//6857
f  3437//6858 3440//6861 3435//6856
f  3439//6860 3435//6856 3440//6861
f  3441//6862 3436//6857 3439//6860
f  3440//6861 3441//6862 3439//6860
f  3442//6863 3438//6859 3436//6857
f  3442//6863 3443//6864 3438//6859
f  3444//6865 3443//6864 3442//6863
f  3436//6857 3445//6866 3442//6863
f  3441//6862 3445//6866 3436//6857
f  3442//6863 3446//6867 3444//6865
f  3446//6867 3442//6863 3445//6866
f  3447//6868 3444//6865 3446//6867
f  3446//6867 3448//6869 3447//6868
f  3448//6869 3449//6870 3447//6868
f  3448//6869 3450//6871 3449//6870
f  3448//6869 3446//6867 3451//6872
f  3445//6866 3451//6872 3446//6867
f  3450//6871 3448//6869 3452//6873
f  3451//6872 3452//6873 3448//6869
f  3453//6874 3451//6872 3445//6866
f  3445//6866 3441//6862 3453//6874
f  3454//6875 3452//6873 3451//6872
f  3451//6872 3453//6874 3454//6875
f  3452//6873 3455//6876 3450//6871
f  3455//6876 3452//6873 3454//6875
f  3456//6877 3450//6871 3455//6876
f  3457//6878 3453//6874 3441//6862
f  3441//6862 3440//6861 3457//6878
f  3458//6879 3454//6875 3453//6874
f  3453//6874 3457//6878 3458//6879
f  3454//6875 3459//6880 3455//6876
f  3458//6879 3459//6880 3454//6875
f  3455//6876 3460//6881 3456//6877
f  3460//6881 3455//6876 3459//6880
f  3460//6881 3461//6882 3456//6877
f  3460//6881 3462//6883 3461//6882
f  3459//6880 3463//6884 3460//6881
f  3463//6884 3462//6883 3460//6881
f  3462//6883 3464//6885 3461//6882
f  3465//6886 3463//6884 3459//6880
f  3458//6879 3465//6886 3459//6880
f  3463//6884 3466//6887 3462//6883
f  3467//6888 3465//6886 3458//6879
f  3467//6888 3458//6879 3457//6878
f  3465//6886 3468//6889 3463//6884
f  3466//6887 3463//6884 3468//6889
f  3467//6888 3469//6890 3465//6886
f  3469//6890 3468//6889 3465//6886
f  3457//6878 3470//6891 3467//6888
f  3470//6891 3457//6878 3440//6861
f  3440//6861 3437//6858 3470//6891
f  3471//6892 3467//6888 3470//6891
f  3469//6890 3467//6888 3471//6892
f  3472//6893 3470//6891 3437//6858
f  3470//6891 3472//6893 3471//6892
f  3437//6858 3432//6853 3472//6893
f  3473//6894 3472//6893 3432//6853
f  3432//6853 3431//6852 3473//6894
f  3474//6895 3471//6892 3472//6893
f  3472//6893 3473//6894 3474//6895
f  3471//6892 3475//6896 3469//6890
f  3475//6896 3471//6892 3474//6895
f  3476//6897 3469//6890 3475//6896
f  3469//6890 3476//6897 3468//6889
f  3474//6895 3477//6898 3475//6896
f  3478//6899 3474//6895 3473//6894
f  3474//6895 3478//6899 3477//6898
f  3479//6900 3473//6894 3431//6852
f  3473//6894 3479//6900 3478//6899
f  3431//6852 3426//6847 3479//6900
f  3480//6901 3475//6896 3477//6898
f  3475//6896 3480//6901 3476//6897
f  3478//6899 3481//6902 3477//6898
f  3482//6903 3479//6900 3426//6847
f  3483//6904 3478//6899 3479//6900
f  3482//6903 3483//6904 3479//6900
f  3478//6899 3483//6904 3481//6902
f  3426//6847 3425//6846 3482//6903
f  3477//6898 3481//6902 3484//6905
f  3477//6898 3484//6905 3480//6901
f  3483//6904 3485//6906 3481//6902
f  3425//6846 3486//6907 3482//6903
f  3482//6903 3487//6908 3483//6904
f  3487//6908 3482//6903 3486//6907
f  3483//6904 3487//6908 3485//6906
f  3420//6841 3486//6907 3425//6846
f  3486//6907 3420//6841 3488//6909
f  3419//6840 3488//6909 3420//6841
f  3486//6907 3489//6910 3487//6908
f  3488//6909 3489//6910 3486//6907
f  3488//6909 3419//6840 3490//6911
f  3412//6833 3490//6911 3419//6840
f  3490//6911 3412//6833 3395//6816
f  3490//6911 3491//6912 3488//6909
f  3489//6910 3488//6909 3491//6912
f  3395//6816 3492//6913 3490//6911
f  3491//6912 3490//6911 3492//6913
f  3395//6816 3493//6914 3492//6913
f  3395//6816 3384//6805 3493//6914
f  3266//6687 3493//6914 3384//6805
f  3384//6805 3265//6686 3266//6687
f  3492//6913 3493//6914 3494//6915
f  3493//6914 3266//6687 3494//6915
f  3492//6913 3495//6916 3491//6912
f  3495//6916 3492//6913 3494//6915
f  3496//6917 3491//6912 3495//6916
f  3491//6912 3496//6917 3489//6910
f  3494//6915 3497//6918 3495//6916
f  3494//6915 3266//6687 3268//6689
f  3497//6918 3494//6915 3268//6689
f  3498//6919 3495//6916 3497//6918
f  3495//6916 3498//6919 3496//6917
f  3499//6920 3489//6910 3496//6917
f  3487//6908 3489//6910 3499//6920
f  3499//6920 3485//6906 3487//6908
f  3496//6917 3500//6921 3499//6920
f  3500//6921 3496//6917 3498//6919
f  3485//6906 3499//6920 3501//6922
f  3501//6922 3499//6920 3500//6921
f  3485//6906 3501//6922 3502//6923
f  3481//6902 3485//6906 3502//6923
f  3481//6902 3502//6923 3484//6905
f  3503//6924 3502//6923 3501//6922
f  3504//6925 3484//6905 3502//6923
f  3502//6923 3503//6924 3504//6925
f  3500//6921 3505//6926 3501//6922
f  3501//6922 3505//6926 3503//6924
f  3505//6926 3500//6921 3506//6927
f  3498//6919 3506//6927 3500//6921
f  3484//6905 3504//6925 3507//6928
f  3484//6905 3507//6928 3480//6901
f  3508//6929 3506//6927 3498//6919
f  3497//6918 3508//6929 3498//6919
f  3480//6901 3507//6928 3509//6930
f  3480//6901 3509//6930 3476//6897
f  3508//6929 3497//6918 3273//6694
f  3268//6689 3273//6694 3497//6918
f  3476//6897 3509//6930 3510//6931
f  3510//6931 3468//6889 3476//6897
f  3468//6889 3510//6931 3466//6887
f  3511//6932 3510//6931 3509//6930
f  3512//6933 3466//6887 3510//6931
f  3510//6931 3511//6932 3512//6933
f  3466//6887 3512//6933 3513//6934
f  3466//6887 3513//6934 3462//6883
f  3462//6883 3513//6934 3464//6885
f  3514//6935 3513//6934 3512//6933
f  3509//6930 3515//6936 3511//6932
f  3507//6928 3515//6936 3509//6930
f  3512//6933 3511//6932 3516//6937
f  3512//6933 3516//6937 3514//6935
f  3511//6932 3515//6936 3517//6938
f  3511//6932 3517//6938 3516//6937
f  3507//6928 3518//6939 3515//6936
f  3507//6928 3504//6925 3518//6939
f  3515//6936 3519//6940 3517//6938
f  3519//6940 3515//6936 3518//6939
f  3516//6937 3517//6938 3520//6941
f  3504//6925 3521//6942 3518//6939
f  3521//6942 3504//6925 3503//6924
f  3518//6939 3522//6943 3519//6940
f  3522//6943 3518//6939 3521//6942
f  3517//6938 3519//6940 3523//6944
f  3523//6944 3520//6941 3517//6938
f  3522//6943 3524//6945 3519//6940
f  3519//6940 3524//6945 3523//6944
f  3521//6942 3525//6946 3522//6943
f  3524//6945 3522//6943 3525//6946
f  3503//6924 3526//6947 3521//6942
f  3521//6942 3526//6947 3525//6946
f  3526//6947 3503//6924 3505//6926
f  3505//6926 3527//6948 3526//6947
f  3506//6927 3527//6948 3505//6926
f  3526//6947 3528//6949 3525//6946
f  3528//6949 3526//6947 3527//6948
f  3529//6950 3527//6948 3506//6927
f  3506//6927 3508//6929 3529//6950
f  3527//6948 3530//6951 3528//6949
f  3527//6948 3529//6950 3530//6951
f  3531//6952 3525//6946 3528//6949
f  3525//6946 3531//6952 3524//6945
f  3532//6953 3528//6949 3530//6951
f  3528//6949 3532//6953 3531//6952
f  3533//6954 3530//6951 3529//6950
f  3534//6955 3529//6950 3508//6929
f  3529//6950 3534//6955 3533//6954
f  3273//6694 3534//6955 3508//6929
f  3530//6951 3533//6954 3535//6956
f  3530//6951 3535//6956 3532//6953
f  3533//6954 3534//6955 3536//6957
f  3535//6956 3533//6954 3536//6957
f  3274//6695 3534//6955 3273//6694
f  3534//6955 3274//6695 3536//6957
f  3537//6958 3532//6953 3535//6956
f  3531//6952 3532//6953 3537//6958
f  3536//6957 3538//6959 3535//6956
f  3535//6956 3538//6959 3537//6958
f  3537//6958 3539//6960 3531//6952
f  3524//6945 3531//6952 3539//6960
f  3540//6961 3537//6958 3538//6959
f  3539//6960 3537//6958 3540//6961
f  3538//6959 3536//6957 3541//6962
f  3538//6959 3541//6962 3540//6961
f  3536//6957 3277//6698 3541//6962
f  3536//6957 3274//6695 3277//6698
f  3540//6961 3541//6962 3281//6702
f  3281//6702 3541//6962 3277//6698
f  3539//6960 3542//6963 3524//6945
f  3523//6944 3524//6945 3542//6963
f  3540//6961 3543//6964 3539//6960
f  3542//6963 3539//6960 3543//6964
f  3542//6963 3544//6965 3523//6944
f  3543//6964 3540//6961 3310//6731
f  3281//6702 3310//6731 3540//6961
f  3543//6964 3545//6966 3542//6963
f  3544//6965 3542//6963 3545//6966
f  3520//6941 3523//6944 3544//6965
f  3543//6964 3309//6730 3545//6966
f  3310//6731 3309//6730 3543//6964
f  3545//6966 3546//6967 3544//6965
f  3544//6965 3547//6968 3520//6941
f  3547//6968 3544//6965 3546//6967
f  3548//6969 3520//6941 3547//6968
f  3520//6941 3548//6969 3516//6937
f  3516//6937 3548//6969 3514//6935
f  3545//6966 3309//6730 3311//6732
f  3545//6966 3311//6732 3546//6967
f  3547//6968 3549//6970 3548//6969
f  3546//6967 3550//6971 3547//6968
f  3549//6970 3547//6968 3550//6971
f  3546//6967 3311//6732 3313//6734
f  3550//6971 3546//6967 3313//6734
f  3551//6972 3548//6969 3549//6970
f  3514//6935 3548//6969 3551//6972
f  3550//6971 3552//6973 3549//6970
f  3313//6734 3553//6974 3550//6971
f  3552//6973 3550//6971 3553//6974
f  3554//6975 3549//6970 3552//6973
f  3549//6970 3554//6975 3551//6972
f  3553//6974 3555//6976 3552//6973
f  3552//6973 3555//6976 3556//6977
f  3552//6973 3556//6977 3554//6975
f  3555//6976 3553//6974 3557//6978
f  3554//6975 3556//6977 3558//6979
f  3314//6735 3557//6978 3553//6974
f  3553//6974 3313//6734 3314//6735
f  3557//6978 3314//6735 3316//6737
f  3554//6975 3558//6979 3559//6980
f  3551//6972 3554//6975 3559//6980
f  3559//6980 3558//6979 3560//6981
f  3551//6972 3559//6980 3561//6982
f  3514//6935 3551//6972 3561//6982
f  3560//6981 3562//6983 3559//6980
f  3561//6982 3559//6980 3562//6983
f  3562//6983 3560//6981 3563//6984
f  3561//6982 3564//6985 3514//6935
f  3513//6934 3514//6935 3564//6985
f  3564//6985 3464//6885 3513//6934
f  3564//6985 3561//6982 3565//6986
f  3562//6983 3565//6986 3561//6982
f  3464//6885 3564//6985 3566//6987
f  3566//6987 3564//6985 3565//6986
f  3567//6988 3464//6885 3566//6987
f  3567//6988 3566//6987 3568//6989
f  3563//6984 3569//6990 3562//6983
f  3565//6986 3562//6983 3569//6990
f  3569//6990 3563//6984 3570//6991
f  3569//6990 3570//6991 3571//6992
f  3569//6990 3572//6993 3565//6986
f  3566//6987 3565//6986 3572//6993
f  3572//6993 3569//6990 3571//6992
f  3568//6989 3566//6987 3572//6993
f  3572//6993 3571//6992 3573//6994
f  3568//6989 3572//6993 3573//6994
f  3573//6994 3571//6992 3574//6995
f  3573//6994 3575//6996 3568//6989
f  3573//6994 3574//6995 3576//6997
f  3575//6996 3573//6994 3576//6997
f  3577//6998 3578//6999 3579//7000
f  3580//7001 3581//7002 3582//7003
f  3581//7002 3583//7004 3584//7005
f  3583//7004 3581//7002 3580//7001
f  3585//7006 3584//7005 3583//7004
f  3584//7005 3585//7006 3586//7007
f  3587//7008 3582//7003 3579//7000
f  3582//7003 3587//7008 3580//7001
f  3579//7000 3588//7009 3587//7008
f  3588//7009 3579//7000 3578//6999
f  3578//6999 3589//7010 3588//7009
f  3589//7010 3578//6999 3590//7011
f  3587//7008 3588//7009 3591//7012
f  3590//7011 3592//7013 3589//7010
f  3592//7013 3590//7011 3593//7014
f  3588//7009 3589//7010 3594//7015
f  3591//7012 3588//7009 3594//7015
f  3595//7016 3589//7010 3592//7013
f  3594//7015 3589//7010 3595//7016
f  3593//7014 3238//6659 3592//7013
f  3344//6765 3238//6659 3593//7014
f  3592//7013 3240//6661 3595//7016
f  3240//6661 3592//7013 3238//6659
f  3594//7015 3595//7016 3596//7017
f  3245//6666 3595//7016 3240//6661
f  3596//7017 3595//7016 3245//6666
f  3597//7018 3594//7015 3596//7017
f  3591//7012 3594//7015 3597//7018
f  3250//6671 3596//7017 3245//6666
f  3260//6681 3597//7018 3596//7017
f  3596//7017 3250//6671 3260//6681
f  3597//7018 3260//6681 3598//7019
f  3591//7012 3597//7018 3599//7020
f  3598//7019 3599//7020 3597//7018
f  3599//7020 3600//7021 3591//7012
f  3587//7008 3591//7012 3600//7021
f  3600//7021 3580//7001 3587//7008
f  3599//7020 3598//7019 3380//6801
f  3261//6682 3598//7019 3260//6681
f  3380//6801 3598//7019 3261//6682
f  3600//7021 3599//7020 3379//6800
f  3380//6801 3379//6800 3599//7020
f  3580//7001 3600//7021 3601//7022
f  3379//6800 3601//7022 3600//7021
f  3601//7022 3602//7023 3580//7001
f  3580//7001 3602//7023 3583//7004
f  3376//6797 3601//7022 3379//6800
f  3603//7024 3583//7004 3602//7023
f  3603//7024 3585//7006 3583//7004
f  3604//7025 3602//7023 3601//7022
f  3604//7025 3603//7024 3602//7023
f  3601//7022 3376//6797 3604//7025
f  3605//7026 3585//7006 3603//7024
f  3605//7026 3586//7007 3585//7006
f  3606//7027 3603//7024 3604//7025
f  3606//7027 3605//7026 3603//7024
f  3374//6795 3604//7025 3376//6797
f  3374//6795 3606//7027 3604//7025
f  3586//7007 3605//7026 3607//7028
f  3607//7028 3608//7029 3586//7007
f  3608//7029 3607//7028 3609//7030
f  3607//7028 3605//7026 3610//7031
f  3610//7031 3605//7026 3606//7027
f  3609//7030 3607//7028 3611//7032
f  3610//7031 3611//7032 3607//7028
f  3611//7032 3612//7033 3609//7030
f  3613//7034 3609//7030 3612//7033
f  3612//7033 3614//7035 3613//7034
f  3606//7027 3371//6792 3610//7031
f  3371//6792 3606//7027 3374//6795
f  3611//7032 3610//7031 3370//6791
f  3370//6791 3610//7031 3371//6792
f  3612//7033 3611//7032 3615//7036
f  3370//6791 3615//7036 3611//7032
f  3614//7035 3612//7033 3616//7037
f  3615//7036 3616//7037 3612//7033
f  3616//7037 3617//7038 3614//7035
f  3366//6787 3615//7036 3370//6791
f  3618//7039 3616//7037 3615//7036
f  3615//7036 3366//6787 3618//7039
f  3617//7038 3616//7037 3619//7040
f  3616//7037 3618//7039 3619//7040
f  3619//7040 3620//7041 3617//7038
f  3621//7042 3617//7038 3620//7041
f  3620//7041 3622//7043 3621//7042
f  3622//7043 3620//7041 3623//7044
f  3623//7044 3624//7045 3622//7043
f  3620//7041 3619//7040 3625//7046
f  3625//7046 3623//7044 3620//7041
f  3626//7047 3619//7040 3618//7039
f  3625//7046 3619//7040 3626//7047
f  3618//7039 3363//6784 3626//7047
f  3363//6784 3618//7039 3366//6787
f  3626//7047 3627//7048 3625//7046
f  3363//6784 3360//6781 3626//7047
f  3360//6781 3627//7048 3626//7047
f  3625//7046 3627//7048 3628//7049
f  3628//7049 3623//7044 3625//7046
f  3627//7048 3360//6781 3357//6778
f  3629//7050 3628//7049 3627//7048
f  3627//7048 3357//6778 3629//7050
f  3623//7044 3628//7049 3630//7051
f  3630//7051 3624//7045 3623//7044
f  3631//7052 3624//7045 3630//7051
f  3632//7053 3630//7051 3628//7049
f  3628//7049 3629//7050 3632//7053
f  3630//7051 3633//7054 3631//7052
f  3632//7053 3633//7054 3630//7051
f  3633//7054 3634//7055 3631//7052
f  3635//7056 3634//7055 3633//7054
f  3634//7055 3635//7056 3636//7057
f  3637//7058 3633//7054 3632//7053
f  3633//7054 3637//7058 3635//7056
f  3638//7059 3632//7053 3629//7050
f  3632//7053 3638//7059 3637//7058
f  3629//7050 3353//6774 3638//7059
f  3353//6774 3629//7050 3357//6778
f  3639//7060 3636//7057 3635//7056
f  3636//7057 3639//7060 3640//7061
f  3641//7062 3640//7061 3639//7060
f  3635//7056 3642//7063 3639//7060
f  3642//7063 3635//7056 3637//7058
f  3639//7060 3643//7064 3641//7062
f  3643//7064 3639//7060 3642//7063
f  3644//7065 3641//7062 3643//7064
f  3637//7058 3645//7066 3642//7063
f  3645//7066 3637//7058 3638//7059
f  3642//7063 3646//7067 3643//7064
f  3645//7066 3646//7067 3642//7063
f  3643//7064 3647//7068 3644//7065
f  3647//7068 3643//7064 3646//7067
f  3648//7069 3644//7065 3647//7068
f  3644//7065 3648//7069 3649//7070
f  3650//7071 3649//7070 3648//7069
f  3638//7059 3349//6770 3645//7066
f  3349//6770 3638//7059 3353//6774
f  3346//6767 3646//7067 3645//7066
f  3645//7066 3349//6770 3346//6767
f  3648//7069 3651//7072 3650//7071
f  3651//7072 3652//7073 3650//7071
f  3651//7072 3648//7069 3653//7074
f  3647//7068 3653//7074 3648//7069
f  3646//7067 3654//7075 3647//7068
f  3346//6767 3654//7075 3646//7067
f  3653//7074 3647//7068 3654//7075
f  3438//6859 3652//7073 3651//7072
f  3438//6859 3443//6864 3652//7073
f  3653//7074 3434//6855 3651//7072
f  3438//6859 3651//7072 3434//6855
f  3654//7075 3351//6772 3653//7074
f  3434//6855 3653//7074 3351//6772
f  3348//6769 3654//7075 3346//6767
f  3351//6772 3654//7075 3348//6769
f  3578//6999 3577//6998 3655//7076
f  3590//7011 3655//7076 3656//7077
f  3655//7076 3590//7011 3578//6999
f  3657//7078 3656//7077 3658//7079
f  3590//7011 3656//7077 3593//7014
f  3657//7078 3593//7014 3656//7077
f  3659//7080 3657//7078 3658//7079
f  3659//7080 3658//7079 3660//7081
f  3661//7082 3659//7080 3660//7081
f  3660//7081 3662//7083 3661//7082
f  3343//6764 3657//7078 3659//7080
f  3344//6765 3593//7014 3657//7078
f  3343//6764 3344//6765 3657//7078
f  3663//7084 3661//7082 3662//7083
f  3662//7083 3664//7085 3663//7084
f  3659//7080 3661//7082 3665//7086
f  3665//7086 3343//6764 3659//7080
f  3661//7082 3663//7084 3666//7087
f  3666//7087 3665//7086 3661//7082
f  3666//7087 3667//7088 3665//7086
f  3668//7089 3667//7088 3666//7087
f  3667//7088 3340//6761 3665//7086
f  3665//7086 3340//6761 3343//6764
f  3667//7088 3339//6760 3340//6761
f  3666//7087 3669//7090 3668//7089
f  3669//7090 3666//7087 3663//7084
f  3670//7091 3668//7089 3669//7090
f  3669//7090 3663//7084 3671//7092
f  3671//7092 3663//7084 3664//7085
f  3669//7090 3672//7093 3670//7091
f  3672//7093 3669//7090 3671//7092
f  3673//7094 3670//7091 3672//7093
f  3674//7095 3671//7092 3664//7085
f  3675//7096 3674//7095 3664//7085
f  3672//7093 3671//7092 3676//7097
f  3676//7097 3671//7092 3674//7095
f  3677//7098 3673//7094 3672//7093
f  3677//7098 3672//7093 3676//7097
f  3678//7099 3673//7094 3677//7098
f  3679//7100 3676//7097 3674//7095
f  3680//7101 3674//7095 3675//7096
f  3680//7101 3679//7100 3674//7095
f  3681//7102 3680//7101 3675//7096
f  3682//7103 3678//7099 3677//7098
f  3683//7104 3678//7099 3682//7103
f  3676//7097 3684//7105 3677//7098
f  3682//7103 3677//7098 3684//7105
f  3684//7105 3676//7097 3679//7100
f  3682//7103 3685//7106 3683//7104
f  3686//7107 3683//7104 3685//7106
f  3684//7105 3687//7108 3682//7103
f  3685//7106 3682//7103 3687//7108
f  3679//7100 3688//7109 3684//7105
f  3687//7108 3684//7105 3688//7109
f  3688//7109 3679//7100 3680//7101
f  3689//7110 3680//7101 3681//7102
f  3680//7101 3689//7110 3688//7109
f  3681//7102 3690//7111 3689//7110
f  3688//7109 3691//7112 3687//7108
f  3691//7112 3688//7109 3689//7110
f  3692//7113 3689//7110 3690//7111
f  3689//7110 3692//7113 3691//7112
f  3690//7111 3693//7114 3692//7113
f  3694//7115 3687//7108 3691//7112
f  3685//7106 3687//7108 3694//7115
f  3695//7116 3691//7112 3692//7113
f  3695//7116 3694//7115 3691//7112
f  3696//7117 3692//7113 3693//7114
f  3692//7113 3696//7117 3695//7116
f  3693//7114 3697//7118 3696//7117
f  3694//7115 3695//7116 3698//7119
f  3698//7119 3695//7116 3696//7117
f  3685//7106 3694//7115 3699//7120
f  3698//7119 3699//7120 3694//7115
f  3699//7120 3700//7121 3685//7106
f  3685//7106 3700//7121 3686//7107
f  3701//7122 3702//7123 3703//7124
f  3703//7124 3704//7125 3701//7122
f  3705//7126 3703//7124 3702//7123
f  3702//7123 3701//7122 3706//7127
f  3703//7124 3705//7126 3707//7128
f  3702//7123 3708//7129 3705//7126
f  3704//7125 3703//7124 3709//7130
f  3709//7130 3703//7124 3707//7128
f  3710//7131 3701//7122 3704//7125
f  3709//7130 3707//7128 3711//7132
f  3712//7133 3701//7122 3710//7131
f  3712//7133 3706//7127 3701//7122
f  3710//7131 3704//7125 3217//6638
f  3713//7134 3704//7125 3709//7130
f  3217//6638 3704//7125 3713//7134
f  3713//7134 3709//7130 3714//7135
f  3714//7135 3709//7130 3711//7132
f  3713//7134 3214//6635 3217//6638
f  3715//7136 3713//7134 3714//7135
f  3214//6635 3713//7134 3715//7136
f  3714//7135 3716//7137 3715//7136
f  3714//7135 3711//7132 3717//7138
f  3715//7136 3718//7139 3214//6635
f  3719//7140 3718//7139 3715//7136
f  3715//7136 3716//7137 3719//7140
f  3214//6635 3718//7139 3197//6618
f  3718//7139 3719//7140 3193//6614
f  3193//6614 3197//6618 3718//7139
f  3716//7137 3714//7135 3720//7141
f  3717//7138 3720//7141 3714//7135
f  3721//7142 3719//7140 3716//7137
f  3191//6612 3193//6614 3719//7140
f  3719//7140 3721//7142 3191//6612
f  3720//7141 3722//7143 3716//7137
f  3716//7137 3722//7143 3721//7142
f  3720//7141 3717//7138 3723//7144
f  3722//7143 3720//7141 3724//7145
f  3723//7144 3724//7145 3720//7141
f  3721//7142 3722//7143 3725//7146
f  3722//7143 3724//7145 3726//7147
f  3726//7147 3725//7146 3722//7143
f  3727//7148 3726//7147 3724//7145
f  3724//7145 3723//7144 3727//7148
f  3725//7146 3728//7149 3721//7142
f  3191//6612 3721//7142 3728//7149
f  3725//7146 3726//7147 3729//7150
f  3726//7147 3727//7148 3730//7151
f  3730//7151 3729//7150 3726//7147
f  3729//7150 3188//6609 3725//7146
f  3728//7149 3725//7146 3188//6609
f  3729//7150 3730//7151 3731//7152
f  3728//7149 3192//6613 3191//6612
f  3188//6609 3729//7150 3186//6607
f  3731//7152 3186//6607 3729//7150
f  3188//6609 3189//6610 3728//7149
f  3192//6613 3728//7149 3189//6610
f  3185//6606 3732//7153 3144//6565
f  3732//7153 3145//6566 3144//6565
f  3733//7154 3185//6606 3184//6605
f  3732//7153 3185//6606 3734//7155
f  3733//7154 3734//7155 3185//6606
f  3735//7156 3184//6605 3183//6604
f  3735//7156 3733//7154 3184//6605
f  3736//7157 3735//7156 3183//6604
f  3183//6604 3181//6602 3736//7157
f  3733//7154 3735//7156 3737//7158
f  3734//7155 3733//7154 3738//7159
f  3737//7158 3738//7159 3733//7154
f  3736//7157 3739//7160 3735//7156
f  3739//7160 3737//7158 3735//7156
f  3740//7161 3739//7160 3736//7157
f  3741//7162 3736//7157 3181//6602
f  3740//7161 3736//7157 3741//7162
f  3181//6602 3742//7163 3741//7162
f  3742//7163 3181//6602 3743//7164
f  3178//6599 3743//7164 3181//6602
f  3177//6598 3743//7164 3178//6599
f  3742//7163 3743//7164 3744//7165
f  3743//7164 3177//6598 3745//7166
f  3745//7166 3744//7165 3743//7164
f  3746//7167 3745//7166 3177//6598
f  3177//6598 3173//6594 3746//7167
f  3172//6593 3746//7167 3173//6594
f  3741//7162 3742//7163 3747//7168
f  3744//7165 3747//7168 3742//7163
f  3747//7168 3748//7169 3741//7162
f  3740//7161 3741//7162 3748//7169
f  3747//7168 3744//7165 3749//7170
f  3748//7169 3747//7168 3750//7171
f  3749//7170 3750//7171 3747//7168
f  3751//7172 3749//7170 3744//7165
f  3744//7165 3745//7166 3751//7172
f  3752//7173 3750//7171 3749//7170
f  3749//7170 3751//7172 3753//7174
f  3753//7174 3752//7173 3749//7170
f  3754//7175 3751//7172 3745//7166
f  3745//7166 3746//7167 3754//7175
f  3755//7176 3753//7174 3751//7172
f  3751//7172 3754//7175 3755//7176
f  3752//7173 3753//7174 3756//7177
f  3757//7178 3754//7175 3746//7167
f  3746//7167 3172//6593 3757//7178
f  3755//7176 3754//7175 3758//7179
f  3758//7179 3754//7175 3757//7178
f  3753//7174 3755//7176 3759//7180
f  3759//7180 3756//7177 3753//7174
f  3760//7181 3755//7176 3758//7179
f  3759//7180 3755//7176 3760//7181
f  3761//7182 3757//7178 3172//6593
f  3172//6593 3169//6590 3761//7182
f  3168//6589 3761//7182 3169//6590
f  3762//7183 3757//7178 3761//7182
f  3758//7179 3757//7178 3762//7183
f  3761//7182 3168//6589 3763//7184
f  3763//7184 3762//7183 3761//7182
f  3764//7185 3758//7179 3762//7183
f  3760//7181 3758//7179 3764//7185
f  3762//7183 3763//7184 3765//7186
f  3765//7186 3764//7185 3762//7183
f  3766//7187 3763//7184 3168//6589
f  3168//6589 3165//6586 3766//7187
f  3165//6586 3767//7188 3766//7187
f  3768//7189 3766//7187 3767//7188
f  3763//7184 3766//7187 3769//7190
f  3766//7187 3768//7189 3769//7190
f  3769//7190 3765//7186 3763//7184
f  3769//7190 3768//7189 3770//7191
f  3771//7192 3770//7191 3768//7189
f  3770//7191 3771//7192 3772//7193
f  3770//7191 3773//7194 3769//7190
f  3765//7186 3769//7190 3773//7194
f  3772//7193 3774//7195 3770//7191
f  3773//7194 3770//7191 3774//7195
f  3773//7194 3775//7196 3765//7186
f  3764//7185 3765//7186 3775//7196
f  3774//7195 3776//7197 3773//7194
f  3775//7196 3773//7194 3776//7197
f  3777//7198 3778//7199 3779//7200
f  3779//7200 3778//7199 3780//7201
f  3777//7198 3781//7202 3778//7199
f  3782//7203 3781//7202 3777//7198
f  3783//7204 3781//7202 3782//7203
f  3778//7199 3784//7205 3780//7201
f  3780//7201 3784//7205 3785//7206
f  3781//7202 3786//7207 3778//7199
f  3784//7205 3778//7199 3786//7207
f  3783//7204 3787//7208 3781//7202
f  3787//7208 3786//7207 3781//7202
f  3787//7208 3783//7204 3788//7209
f  3789//7210 3788//7209 3783//7204
f  3787//7208 3790//7211 3786//7207
f  3786//7207 3791//7212 3784//7205
f  3791//7212 3786//7207 3790//7211
f  3792//7213 3784//7205 3791//7212
f  3784//7205 3792//7213 3785//7206
f  3790//7211 3793//7214 3791//7212
f  3790//7211 3787//7208 3794//7215
f  3788//7209 3794//7215 3787//7208
f  3785//7206 3792//7213 3795//7216
f  3795//7216 3796//7217 3785//7206
f  3791//7212 3797//7218 3792//7213
f  3797//7218 3795//7216 3792//7213
f  3797//7218 3791//7212 3793//7214
f  3796//7217 3795//7216 3798//7219
f  3798//7219 3799//7220 3796//7217
f  3797//7218 3800//7221 3795//7216
f  3800//7221 3798//7219 3795//7216
f  3793//7214 3801//7222 3797//7218
f  3801//7222 3800//7221 3797//7218
f  3799//7220 3798//7219 3802//7223
f  3799//7220 3802//7223 3803//7224
f  3803//7224 3802//7223 3804//7225
f  3802//7223 3805//7226 3804//7225
f  3798//7219 3806//7227 3802//7223
f  3802//7223 3806//7227 3805//7226
f  3800//7221 3806//7227 3798//7219
f  3806//7227 3807//7228 3805//7226
f  3808//7229 3806//7227 3800//7221
f  3808//7229 3807//7228 3806//7227
f  3801//7222 3808//7229 3800//7221
f  3807//7228 3808//7229 3809//7230
f  3810//7231 3809//7230 3808//7229
f  3808//7229 3801//7222 3810//7231
f  3809//7230 3810//7231 3811//7232
f  3812//7233 3810//7231 3801//7222
f  3812//7233 3801//7222 3793//7214
f  3813//7234 3811//7232 3810//7231
f  3813//7234 3810//7231 3812//7233
f  3811//7232 3813//7234 3814//7235
f  3815//7236 3812//7233 3793//7214
f  3790//7211 3815//7236 3793//7214
f  3794//7215 3815//7236 3790//7211
f  3816//7237 3812//7233 3815//7236
f  3816//7237 3813//7234 3812//7233
f  3815//7236 3794//7215 3817//7238
f  3817//7238 3816//7237 3815//7236
f  3818//7239 3814//7235 3813//7234
f  3813//7234 3816//7237 3818//7239
f  3814//7235 3818//7239 3819//7240
f  3820//7241 3816//7237 3817//7238
f  3820//7241 3818//7239 3816//7237
f  3821//7242 3817//7238 3794//7215
f  3794//7215 3788//7209 3821//7242
f  3822//7243 3820//7241 3817//7238
f  3822//7243 3817//7238 3821//7242
f  3823//7244 3818//7239 3820//7241
f  3823//7244 3819//7240 3818//7239
f  3824//7245 3820//7241 3822//7243
f  3824//7245 3823//7244 3820//7241
f  3825//7246 3821//7242 3788//7209
f  3789//7210 3825//7246 3788//7209
f  3826//7247 3822//7243 3821//7242
f  3821//7242 3825//7246 3826//7247
f  3827//7248 3824//7245 3822//7243
f  3822//7243 3826//7247 3827//7248
f  3824//7245 3827//7248 3828//7249
f  3829//7250 3825//7246 3789//7210
f  3830//7251 3829//7250 3789//7210
f  3831//7252 3829//7250 3830//7251
f  3825//7246 3829//7250 3832//7253
f  3832//7253 3826//7247 3825//7246
f  3833//7254 3829//7250 3831//7252
f  3833//7254 3832//7253 3829//7250
f  3834//7255 3833//7254 3831//7252
f  3834//7255 3831//7252 3835//7256
f  3836//7257 3827//7248 3826//7247
f  3826//7247 3832//7253 3836//7257
f  3828//7249 3827//7248 3836//7257
f  3837//7258 3236//6657 3206//6627
f  3206//6627 3203//6624 3837//7258
f  3235//6656 3236//6657 3838//7259
f  3839//7260 3237//6658 3235//6656
f  3838//7259 3839//7260 3235//6656
f  3120//6541 3237//6658 3113//6534
f  3113//6534 3237//6658 3839//7260
f  3840//7261 3838//7259 3236//6657
f  3236//6657 3837//7258 3840//7261
f  3839//7260 3838//7259 3841//7262
f  3838//7259 3840//7261 3842//7263
f  3842//7263 3841//7262 3838//7259
f  3841//7262 3843//7264 3839//7260
f  3843//7264 3113//6534 3839//7260
f  3841//7262 3842//7263 3844//7265
f  3845//7266 3843//7264 3841//7262
f  3844//7265 3845//7266 3841//7262
f  3843//7264 3845//7266 3846//7267
f  3846//7267 3113//6534 3843//7264
f  3845//7266 3844//7265 3847//7268
f  3848//7269 3846//7267 3845//7266
f  3847//7268 3848//7269 3845//7266
f  3113//6534 3846//7267 3110//6531
f  3849//7270 3847//7268 3844//7265
f  3846//7267 3848//7269 3108//6529
f  3108//6529 3110//6531 3846//7267
f  3848//7269 3847//7268 3850//7271
f  3108//6529 3848//7269 3105//6526
f  3850//7271 3105//6526 3848//7269
f  3851//7272 3850//7271 3847//7268
f  3847//7268 3849//7270 3851//7272
f  3105//6526 3850//7271 3852//7273
f  3850//7271 3851//7272 3853//7274
f  3853//7274 3852//7273 3850//7271
f  3854//7275 3851//7272 3849//7270
f  3855//7276 3853//7274 3851//7272
f  3851//7272 3854//7275 3855//7276
f  3844//7265 3856//7277 3849//7270
f  3856//7277 3844//7265 3842//7263
f  3849//7270 3857//7278 3854//7275
f  3849//7270 3856//7277 3857//7278
f  3842//7263 3858//7279 3856//7277
f  3858//7279 3842//7263 3840//7261
f  3857//7278 3856//7277 3859//7280
f  3856//7277 3858//7279 3859//7280
f  3840//7261 3860//7281 3858//7279
f  3860//7281 3840//7261 3837//7258
f  3859//7280 3858//7279 3861//7282
f  3861//7282 3858//7279 3860//7281
f  3837//7258 3862//7283 3860//7281
f  3862//7283 3837//7258 3203//6624
f  3203//6624 3201//6622 3862//7283
f  3863//7284 3860//7281 3862//7283
f  3860//7281 3863//7284 3861//7282
f  3862//7283 3201//6622 3864//7285
f  3862//7283 3864//7285 3863//7284
f  3199//6620 3864//7285 3201//6622
f  3864//7285 3199//6620 3865//7286
f  3187//6608 3865//7286 3199//6620
f  3866//7287 3863//7284 3864//7285
f  3864//7285 3865//7286 3866//7287
f  3867//7288 3861//7282 3863//7284
f  3863//7284 3866//7287 3867//7288
f  3868//7289 3861//7282 3867//7288
f  3859//7280 3861//7282 3868//7289
f  3869//7290 3865//7286 3187//6608
f  3187//6608 3186//6607 3869//7290
f  3870//7291 3866//7287 3865//7286
f  3865//7286 3869//7290 3870//7291
f  3871//7292 3867//7288 3866//7287
f  3866//7287 3870//7291 3871//7292
f  3872//7293 3868//7289 3867//7288
f  3867//7288 3871//7292 3872//7293
f  3873//7294 3869//7290 3186//6607
f  3186//6607 3731//7152 3873//7294
f  3874//7295 3870//7291 3869//7290
f  3869//7290 3873//7294 3874//7295
f  3875//7296 3871//7292 3870//7291
f  3870//7291 3874//7295 3875//7296
f  3876//7297 3872//7293 3871//7292
f  3871//7292 3875//7296 3876//7297
f  3872//7293 3876//7297 3877//7298
f  3878//7299 3874//7295 3873//7294
f  3879//7300 3875//7296 3874//7295
f  3874//7295 3878//7299 3879//7300
f  3876//7297 3875//7296 3880//7301
f  3880//7301 3875//7296 3879//7300
f  3881//7302 3876//7297 3880//7301
f  3877//7298 3876//7297 3881//7302
f  3873//7294 3882//7303 3878//7299
f  3873//7294 3731//7152 3882//7303
f  3883//7304 3879//7300 3878//7299
f  3881//7302 3880//7301 3884//7305
f  3880//7301 3879//7300 3885//7306
f  3885//7306 3879//7300 3883//7304
f  3884//7305 3880//7301 3885//7306
f  3878//7299 3886//7307 3883//7304
f  3886//7307 3878//7299 3882//7303
f  3667//7088 3668//7089 3887//7308
f  3888//7309 3339//6760 3887//7308
f  3887//7308 3339//6760 3667//7088
f  3889//7310 3890//7311 3888//7309
f  3888//7309 3336//6757 3339//6760
f  3890//7311 3336//6757 3888//7309
f  3890//7311 3889//7310 3891//7312
f  3892//7313 3891//7312 3889//7310
f  3890//7311 3332//6753 3336//6757
f  3891//7312 3331//6752 3890//7311
f  3332//6753 3890//7311 3331//6752
f  3893//7314 3891//7312 3892//7313
f  3894//7315 3331//6752 3891//7312
f  3891//7312 3893//7314 3894//7315
f  3892//7313 3895//7316 3893//7314
f  3896//7317 3895//7316 3892//7313
f  3897//7318 3894//7315 3893//7314
f  3331//6752 3894//7315 3325//6746
f  3895//7316 3898//7319 3893//7314
f  3893//7314 3898//7319 3897//7318
f  3896//7317 3899//7320 3895//7316
f  3899//7320 3898//7319 3895//7316
f  3900//7321 3899//7320 3896//7317
f  3901//7322 3900//7321 3896//7317
f  3894//7315 3897//7318 3323//6744
f  3323//6744 3325//6746 3894//7315
f  3902//7323 3900//7321 3901//7322
f  3903//7324 3902//7323 3901//7322
f  3900//7321 3904//7325 3899//7320
f  3902//7323 3903//7324 3905//7326
f  3906//7327 3905//7326 3903//7324
f  3905//7326 3906//7327 3907//7328
f  3902//7323 3908//7329 3900//7321
f  3908//7329 3904//7325 3900//7321
f  3905//7326 3909//7330 3902//7323
f  3908//7329 3902//7323 3909//7330
f  3907//7328 3910//7331 3905//7326
f  3909//7330 3905//7326 3910//7331
f  3911//7332 3910//7331 3907//7328
f  3911//7332 3907//7328 3912//7333
f  3913//7334 3911//7332 3912//7333
f  3910//7331 3911//7332 3914//7335
f  3911//7332 3913//7334 3915//7336
f  3915//7336 3914//7335 3911//7332
f  3910//7331 3916//7337 3909//7330
f  3914//7335 3916//7337 3910//7331
f  3917//7338 3909//7330 3916//7337
f  3909//7330 3917//7338 3908//7329
f  3916//7337 3918//7339 3917//7338
f  3916//7337 3914//7335 3919//7340
f  3919//7340 3918//7339 3916//7337
f  3917//7338 3918//7339 3920//7341
f  3920//7341 3918//7339 3919//7340
f  3908//7329 3917//7338 3921//7342
f  3920//7341 3921//7342 3917//7338
f  3921//7342 3904//7325 3908//7329
f  3922//7343 3919//7340 3914//7335
f  3914//7335 3915//7336 3922//7343
f  3919//7340 3923//7344 3920//7341
f  3923//7344 3919//7340 3922//7343
f  3921//7342 3920//7341 3924//7345
f  3924//7345 3920//7341 3923//7344
f  3904//7325 3921//7342 3925//7346
f  3924//7345 3925//7346 3921//7342
f  3925//7346 3926//7347 3904//7325
f  3904//7325 3926//7347 3899//7320
f  3899//7320 3926//7347 3898//7319
f  3898//7319 3926//7347 3927//7348
f  3927//7348 3897//7318 3898//7319
f  3926//7347 3925//7346 3928//7349
f  3928//7349 3927//7348 3926//7347
f  3925//7346 3924//7345 3929//7350
f  3929//7350 3928//7349 3925//7346
f  3929//7350 3924//7345 3930//7351
f  3923//7344 3930//7351 3924//7345
f  3897//7318 3927//7348 3321//6742
f  3321//6742 3323//6744 3897//7318
f  3927//7348 3928//7349 3319//6740
f  3319//6740 3321//6742 3927//7348
f  3928//7349 3929//7350 3318//6739
f  3318//6739 3319//6740 3928//7349
f  3318//6739 3929//7350 3931//7352
f  3930//7351 3931//7352 3929//7350
f  3930//7351 3923//7344 3932//7353
f  3922//7343 3932//7353 3923//7344
f  3931//7352 3930//7351 3933//7354
f  3932//7353 3933//7354 3930//7351
f  3934//7355 3932//7353 3922//7343
f  3934//7355 3922//7343 3915//7336
f  3935//7356 3933//7354 3932//7353
f  3935//7356 3932//7353 3934//7355
f  3933//7354 3557//6978 3931//7352
f  3555//6976 3933//7354 3935//7356
f  3557//6978 3933//7354 3555//6976
f  3316//6737 3931//7352 3557//6978
f  3931//7352 3316//6737 3318//6739
f  3556//6977 3935//7356 3934//7355
f  3556//6977 3555//6976 3935//7356
f  3936//7357 3934//7355 3915//7336
f  3936//7357 3915//7336 3913//7334
f  3934//7355 3558//6979 3556//6977
f  3558//6979 3934//7355 3936//7357
f  3937//7358 3936//7357 3913//7334
f  3937//7358 3913//7334 3938//7359
f  3560//6981 3558//6979 3936//7357
f  3560//6981 3936//7357 3937//7358
f  3938//7359 3939//7360 3937//7358
f  3939//7360 3938//7359 3940//7361
f  3563//6984 3560//6981 3937//7358
f  3563//6984 3937//7358 3939//7360
f  3940//7361 3941//7362 3939//7360
f  3941//7362 3940//7361 3942//7363
f  3943//7364 3941//7362 3942//7363
f  3570//6991 3939//7360 3941//7362
f  3939//7360 3570//6991 3563//6984
f  3944//7365 3941//7362 3943//7364
f  3941//7362 3944//7365 3570//6991
f  3945//7366 3944//7365 3943//7364
f  3945//7366 3943//7364 3946//7367
f  3571//6992 3570//6991 3944//7365
f  3947//7368 3945//7366 3946//7367
f  3947//7368 3946//7367 3948//7369
f  3574//6995 3944//7365 3945//7366
f  3571//6992 3944//7365 3574//6995
f  3949//7370 3945//7366 3947//7368
f  3945//7366 3949//7370 3574//6995
f  3948//7369 3950//7371 3947//7368
f  3950//7371 3948//7369 3951//7372
f  3947//7368 3952//7373 3949//7370
f  3952//7373 3947//7368 3950//7371
f  3576//6997 3574//6995 3949//7370
f  3953//7374 3949//7370 3952//7373
f  3949//7370 3953//7374 3576//6997
f  3952//7373 3954//7375 3953//7374
f  3952//7373 3950//7371 3955//7376
f  3954//7375 3952//7373 3955//7376
f  3951//7372 3956//7377 3950//7371
f  3955//7376 3950//7371 3956//7377
f  3956//7377 3951//7372 3957//7378
f  3958//7379 3957//7378 3951//7372
f  3955//7376 3956//7377 3959//7380
f  3957//7378 3958//7379 3960//7381
f  3961//7382 3960//7381 3958//7379
f  3957//7378 3962//7383 3956//7377
f  3959//7380 3956//7377 3962//7383
f  3957//7378 3960//7381 3963//7384
f  3962//7383 3957//7378 3963//7384
f  3960//7381 3961//7382 3964//7385
f  3961//7382 3965//7386 3964//7385
f  3963//7384 3960//7381 3966//7387
f  3960//7381 3964//7385 3966//7387
f  3819//7240 3962//7383 3963//7384
f  3964//7385 3965//7386 3967//7388
f  3967//7388 3965//7386 3968//7389
f  3966//7387 3964//7385 3969//7390
f  3964//7385 3967//7388 3969//7390
f  3966//7387 3814//7235 3963//7384
f  3819//7240 3963//7384 3814//7235
f  3966//7387 3969//7390 3811//7232
f  3814//7235 3966//7387 3811//7232
f  3970//7391 3967//7388 3968//7389
f  3970//7391 3968//7389 3971//7392
f  3972//7393 3970//7391 3971//7392
f  3973//7394 3967//7388 3970//7391
f  3969//7390 3967//7388 3973//7394
f  3974//7395 3970//7391 3972//7393
f  3970//7391 3974//7395 3973//7394
f  3973//7394 3809//7230 3969//7390
f  3811//7232 3969//7390 3809//7230
f  3807//7228 3973//7394 3974//7395
f  3809//7230 3973//7394 3807//7228
f  3972//7393 3975//7396 3974//7395
f  3976//7397 3975//7396 3972//7393
f  3974//7395 3805//7226 3807//7228
f  3805//7226 3974//7395 3975//7396
f  3977//7398 3975//7396 3976//7397
f  3977//7398 3976//7397 3978//7399
f  3979//7400 3977//7398 3978//7399
f  3977//7398 3804//7225 3975//7396
f  3975//7396 3804//7225 3805//7226
f  3980//7401 3977//7398 3979//7400
f  3980//7401 3804//7225 3977//7398
f  3980//7401 3979//7400 3981//7402
f  3981//7402 3979//7400 3982//7403
f  3803//7224 3804//7225 3980//7401
f  3982//7403 3983//7404 3981//7402
f  3983//7404 3982//7403 3712//7133
f  3984//7405 3980//7401 3981//7402
f  3980//7401 3984//7405 3803//7224
f  3985//7406 3981//7402 3983//7404
f  3981//7402 3985//7406 3984//7405
f  3712//7133 3986//7407 3983//7404
f  3986//7407 3712//7133 3710//7131
f  3987//7408 3985//7406 3983//7404
f  3987//7408 3983//7404 3986//7407
f  3986//7407 3710//7131 3988//7409
f  3988//7409 3710//7131 3217//6638
f  3988//7409 3217//6638 3216//6637
f  3989//7410 3986//7407 3988//7409
f  3989//7410 3987//7408 3986//7407
f  3990//7411 3988//7409 3216//6637
f  3988//7409 3990//7411 3989//7410
f  3216//6637 3218//6639 3990//7411
f  3223//6644 3990//7411 3218//6639
f  3990//7411 3223//6644 3991//7412
f  3991//7412 3989//7410 3990//7411
f  3229//6650 3991//7412 3223//6644
f  3992//7413 3987//7408 3989//7410
f  3992//7413 3989//7410 3991//7412
f  3991//7412 3229//6650 3993//7414
f  3993//7414 3992//7413 3991//7412
f  3993//7414 3229//6650 3135//6556
f  3135//6556 3994//7415 3993//7414
f  3136//6557 3994//7415 3135//6556
f  3992//7413 3993//7414 3995//7416
f  3995//7416 3993//7414 3994//7415
f  3996//7417 3987//7408 3992//7413
f  3995//7416 3996//7417 3992//7413
f  3996//7417 3985//7406 3987//7408
f  3997//7418 3994//7415 3136//6557
f  3994//7415 3997//7418 3995//7416
f  3136//6557 3138//6559 3997//7418
f  3998//7419 3996//7417 3995//7416
f  3998//7419 3995//7416 3997//7418
f  3985//7406 3996//7417 3999//7420
f  3998//7419 3999//7420 3996//7417
f  3999//7420 3984//7405 3985//7406
f  3997//7418 4000//7421 3998//7419
f  3138//6559 4000//7421 3997//7418
f  4001//7422 3999//7420 3998//7419
f  4001//7422 3998//7419 4000//7421
f  3984//7405 3999//7420 4002//7423
f  4001//7422 4002//7423 3999//7420
f  4002//7423 3803//7224 3984//7405
f  3799//7220 4002//7423 4001//7422
f  4002//7423 3799//7220 3803//7224
f  4003//7424 4000//7421 3138//6559
f  3139//6560 4003//7424 3138//6559
f  4000//7421 4004//7425 4001//7422
f  4003//7424 4004//7425 4000//7421
f  4005//7426 4003//7424 3139//6560
f  4005//7426 3139//6560 3140//6561
f  4006//7427 4004//7425 4003//7424
f  4005//7426 4006//7427 4003//7424
f  3796//7217 4001//7422 4004//7425
f  4001//7422 3796//7217 3799//7220
f  3785//7206 4004//7425 4006//7427
f  4004//7425 3785//7206 3796//7217
f  3140//6561 4007//7428 4005//7426
f  3145//6566 4007//7428 3140//6561
f  4008//7429 4007//7428 3145//6566
f  4009//7430 4005//7426 4007//7428
f  4009//7430 4006//7427 4005//7426
f  4008//7429 4010//7431 4007//7428
f  4007//7428 4010//7431 4009//7430
f  4011//7432 4010//7431 4008//7429
f  4010//7431 4011//7432 3779//7200
f  3779//7200 4009//7430 4010//7431
f  3779//7200 4011//7432 3777//7198
f  3780//7201 4006//7427 4009//7430
f  4009//7430 3779//7200 3780//7201
f  4006//7427 3780//7201 3785//7206
f  4012//7433 4013//7434 4014//7435
f  4015//7436 4012//7433 4014//7435
f  4015//7436 4014//7435 4016//7437
f  4017//7438 4012//7433 4015//7436
f  4018//7439 4017//7438 4015//7436
f  4017//7438 4019//7440 4012//7433
f  4015//7436 4020//7441 4018//7439
f  4020//7441 4015//7436 4016//7437
f  4017//7438 4018//7439 4021//7442
f  4019//7440 4022//7443 4012//7433
f  4012//7433 4022//7443 4013//7434
f  4019//7440 4017//7438 4023//7444
f  4021//7442 4023//7444 4017//7438
f  4019//7440 4024//7445 4022//7443
f  4025//7446 4021//7442 4018//7439
f  4023//7444 4026//7447 4019//7440
f  4024//7445 4019//7440 4026//7447
f  4027//7448 4023//7444 4021//7442
f  4028//7449 4026//7447 4023//7444
f  4023//7444 4027//7448 4028//7449
f  4021//7442 4029//7450 4027//7448
f  4029//7450 4021//7442 4025//7446
f  4030//7451 4028//7449 4027//7448
f  4029//7450 4031//7452 4027//7448
f  4027//7448 4031//7452 4030//7451
f  4032//7453 4031//7452 4029//7450
f  4028//7449 4030//7451 4033//7454
f  4026//7447 4028//7449 4034//7455
f  4033//7454 4034//7455 4028//7449
f  4034//7455 4035//7456 4026//7447
f  4026//7447 4035//7456 4024//7445
f  4033//7454 4036//7457 4034//7455
f  4035//7456 4034//7455 4037//7458
f  4034//7455 4036//7457 4037//7458
f  4024//7445 4035//7456 4038//7459
f  4037//7458 4038//7459 4035//7456
f  4038//7459 4039//7460 4024//7445
f  4038//7459 4037//7458 3693//7114
f  4036//7457 3697//7118 4037//7458
f  4037//7458 3697//7118 3693//7114
f  3693//7114 3690//7111 4038//7459
f  4039//7460 4038//7459 3690//7111
f  4024//7445 4039//7460 4040//7461
f  4040//7461 4022//7443 4024//7445
f  3690//7111 3681//7102 4039//7460
f  4041//7462 4040//7461 4039//7460
f  4039//7460 3681//7102 4041//7462
f  4022//7443 4040//7461 4042//7463
f  4042//7463 4013//7434 4022//7443
f  4040//7461 4041//7462 4043//7464
f  4043//7464 4042//7463 4040//7461
f  3681//7102 3675//7096 4041//7462
f  4041//7462 4044//7465 4043//7464
f  4041//7462 3675//7096 4044//7465
f  4042//7463 4043//7464 4045//7466
f  4013//7434 4042//7463 4046//7467
f  4046//7467 4042//7463 4045//7466
f  4047//7468 4013//7434 4046//7467
f  4014//7435 4013//7434 4047//7468
f  4043//7464 4044//7465 4048//7469
f  4048//7469 4045//7466 4043//7464
f  4047//7468 4049//7470 4014//7435
f  3662//7083 4048//7469 4044//7465
f  4016//7437 4014//7435 4049//7470
f  4044//7465 3664//7085 3662//7083
f  3675//7096 3664//7085 4044//7465
f  4048//7469 3662//7083 3660//7081
f  4045//7466 4048//7469 4050//7471
f  3660//7081 4050//7471 4048//7469
f  4050//7471 4051//7472 4045//7466
f  4046//7467 4045//7466 4051//7472
f  4050//7471 3660//7081 3658//7079
f  4052//7473 4046//7467 4051//7472
f  4047//7468 4046//7467 4052//7473
f  4051//7472 4050//7471 4053//7474
f  4050//7471 3658//7079 4053//7474
f  4052//7473 4051//7472 4054//7475
f  4051//7472 4053//7474 4054//7475
f  4055//7476 4047//7468 4052//7473
f  4049//7470 4047//7468 4055//7476
f  4054//7475 4056//7477 4052//7473
f  4055//7476 4052//7473 4056//7477
f  4054//7475 4053//7474 3655//7076
f  4056//7477 4054//7475 3577//6998
f  3577//6998 4054//7475 3655//7076
f  4053//7474 3656//7077 3655//7076
f  4053//7474 3658//7079 3656//7077
f  4057//7478 4058//7479 4059//7480
f  4058//7479 4057//7478 4060//7481
f  4061//7482 4062//7483 4059//7480
f  4059//7480 4062//7483 4057//7478
f  4063//7484 4060//7481 4057//7478
f  4060//7481 4063//7484 4064//7485
f  4065//7486 4057//7478 4062//7483
f  4057//7478 4065//7486 4063//7484
f  4066//7487 4064//7485 4063//7484
f  4064//7485 4066//7487 4067//7488
f  4063//7484 4065//7486 4068//7489
f  4063//7484 4068//7489 4066//7487
f  4069//7490 4067//7488 4066//7487
f  4067//7488 4069//7490 3686//7107
f  4070//7491 4066//7487 4068//7489
f  4066//7487 4070//7491 4069//7490
f  4065//7486 4071//7492 4068//7489
f  4068//7489 4072//7493 4070//7491
f  4068//7489 4071//7492 4072//7493
f  4071//7492 4065//7486 4073//7494
f  4062//7483 4073//7494 4065//7486
f  4074//7495 4073//7494 4062//7483
f  4061//7482 4074//7495 4062//7483
f  4073//7494 4075//7496 4071//7492
f  4076//7497 4074//7495 4061//7482
f  4077//7498 4076//7497 4061//7482
f  4074//7495 4078//7499 4073//7494
f  4075//7496 4073//7494 4078//7499
f  4076//7497 4079//7500 4074//7495
f  4079//7500 4078//7499 4074//7495
f  4076//7497 4077//7498 4080//7501
f  4079//7500 4076//7497 4081//7502
f  4080//7501 4081//7502 4076//7497
f  4082//7503 4080//7501 4077//7498
f  4081//7502 4083//7504 4079//7500
f  4084//7505 4081//7502 4080//7501
f  4083//7504 4081//7502 4084//7505
f  4085//7506 4079//7500 4083//7504
f  4079//7500 4085//7506 4078//7499
f  4086//7507 4080//7501 4082//7503
f  4080//7501 4086//7507 4084//7505
f  4082//7503 4087//7508 4086//7507
f  4088//7509 4078//7499 4085//7506
f  4078//7499 4088//7509 4075//7496
f  4089//7510 4087//7508 4082//7503
f  4082//7503 4090//7511 4089//7510
f  4091//7512 4086//7507 4087//7508
f  4092//7513 4087//7508 4089//7510
f  4091//7512 4087//7508 4092//7513
f  4093//7514 4089//7510 4090//7511
f  4090//7511 4094//7515 4093//7514
f  4089//7510 4095//7516 4092//7513
f  4095//7516 4089//7510 4093//7514
f  3965//7386 4093//7514 4094//7515
f  4094//7515 3968//7389 3965//7386
f  4093//7514 3961//7382 4095//7516
f  3961//7382 4093//7514 3965//7386
f  4096//7517 4092//7513 4095//7516
f  3958//7379 4095//7516 3961//7382
f  4095//7516 3958//7379 4096//7517
f  4097//7518 4092//7513 4096//7517
f  4097//7518 4091//7512 4092//7513
f  3951//7372 4096//7517 3958//7379
f  3948//7369 4097//7518 4096//7517
f  4096//7517 3951//7372 3948//7369
f  4098//7519 4091//7512 4097//7518
f  4097//7518 3948//7369 3946//7367
f  3946//7367 4098//7519 4097//7518
f  4098//7519 4099//7520 4091//7512
f  4099//7520 4086//7507 4091//7512
f  4099//7520 4084//7505 4086//7507
f  4099//7520 4098//7519 3942//7363
f  4084//7505 4099//7520 4100//7521
f  3942//7363 4100//7521 4099//7520
f  4100//7521 4101//7522 4084//7505
f  4084//7505 4101//7522 4083//7504
f  4100//7521 3942//7363 3940//7361
f  3943//7364 3942//7363 4098//7519
f  3946//7367 3943//7364 4098//7519
f  4102//7523 4083//7504 4101//7522
f  4083//7504 4102//7523 4085//7506
f  4101//7522 4100//7521 4103//7524
f  3940//7361 4103//7524 4100//7521
f  4101//7522 4104//7525 4102//7523
f  4103//7524 4104//7525 4101//7522
f  4085//7506 4102//7523 4105//7526
f  4085//7506 4105//7526 4088//7509
f  3906//7327 4102//7523 4104//7525
f  4102//7523 3906//7327 4105//7526
f  3912//7333 4104//7525 4103//7524
f  3938//7359 4103//7524 3940//7361
f  3938//7359 3912//7333 4103//7524
f  4104//7525 3907//7328 3906//7327
f  3912//7333 3907//7328 4104//7525
f  4105//7526 3906//7327 3903//7324
f  3913//7334 3912//7333 3938//7359
f  4106//7527 4088//7509 4105//7526
f  4105//7526 3903//7324 4106//7527
f  4088//7509 4106//7527 4107//7528
f  4107//7528 4075//7496 4088//7509
f  4075//7496 4107//7528 4108//7529
f  4071//7492 4075//7496 4108//7529
f  4071//7492 4108//7529 4072//7493
f  4109//7530 4108//7529 4107//7528
f  4106//7527 4110//7531 4107//7528
f  4107//7528 4110//7531 4109//7530
f  4106//7527 3901//7322 4110//7531
f  3903//7324 3901//7322 4106//7527
f  4111//7532 4072//7493 4108//7529
f  4108//7529 4109//7530 4111//7532
f  4072//7493 4111//7532 4112//7533
f  4072//7493 4112//7533 4070//7491
f  4113//7534 4111//7532 4109//7530
f  4114//7535 4109//7530 4110//7531
f  4109//7530 4114//7535 4113//7534
f  4110//7531 3896//7317 4114//7535
f  3901//7322 3896//7317 4110//7531
f  4111//7532 4115//7536 4112//7533
f  4111//7532 4113//7534 4115//7536
f  4070//7491 4112//7533 4116//7537
f  4070//7491 4116//7537 4069//7490
f  4112//7533 4115//7536 4117//7538
f  4112//7533 4117//7538 4116//7537
f  4069//7490 4116//7537 3683//7104
f  3683//7104 3686//7107 4069//7490
f  4116//7537 4117//7538 3678//7099
f  3678//7099 3683//7104 4116//7537
f  4118//7539 4117//7538 4115//7536
f  3678//7099 4117//7538 3673//7094
f  4117//7538 4118//7539 3673//7094
f  4115//7536 4119//7540 4118//7539
f  4119//7540 4115//7536 4113//7534
f  4113//7534 4120//7541 4119//7540
f  4113//7534 4114//7535 4120//7541
f  4114//7535 3892//7313 4120//7541
f  4114//7535 3896//7317 3892//7313
f  4121//7542 4119//7540 4120//7541
f  4122//7543 4118//7539 4119//7540
f  4119//7540 4121//7542 4122//7543
f  4118//7539 4122//7543 3670//7091
f  3673//7094 4118//7539 3670//7091
f  4120//7541 3889//7310 4121//7542
f  4120//7541 3892//7313 3889//7310
f  4121//7542 3887//7308 4122//7543
f  3668//7089 3670//7091 4122//7543
f  4122//7543 3887//7308 3668//7089
f  4121//7542 3888//7309 3887//7308
f  3889//7310 3888//7309 4121//7542
f  4123//7544 4124//7545 4125//7546
f  4126//7547 4127//7548 4128//7549
f  4129//7550 4130//7551 4123//7544
f  4124//7545 4123//7544 4130//7551
f  4125//7546 4124//7545 4131//7552
f  4125//7546 4131//7552 4132//7553
f  4130//7551 4133//7554 4124//7545
f  4132//7553 4134//7555 4127//7548
f  4127//7548 4134//7555 4128//7549
f  4135//7556 4132//7553 4131//7552
f  4132//7553 4135//7556 4134//7555
f  4124//7545 4136//7557 4131//7552
f  4136//7557 4124//7545 4133//7554
f  4131//7552 4137//7558 4135//7556
f  4137//7558 4131//7552 4136//7557
f  4134//7555 4135//7556 4138//7559
f  4138//7559 4135//7556 4137//7558
f  4138//7559 4139//7560 4134//7555
f  4128//7549 4134//7555 4139//7560
f  4137//7558 4140//7561 4138//7559
f  4136//7557 4141//7562 4137//7558
f  4140//7561 4137//7558 4141//7562
f  4142//7563 4141//7562 4136//7557
f  4133//7554 4142//7563 4136//7557
f  4141//7562 4143//7564 4140//7561
f  4138//7559 4140//7561 4144//7565
f  4140//7561 4143//7564 4144//7565
f  4144//7565 4145//7566 4138//7559
f  4138//7559 4145//7566 4139//7560
f  4145//7566 4144//7565 3686//7107
f  4146//7567 4143//7564 4141//7562
f  4142//7563 4146//7567 4141//7562
f  4143//7564 4067//7488 4144//7565
f  4144//7565 4067//7488 3686//7107
f  4146//7567 4064//7485 4143//7564
f  4067//7488 4143//7564 4064//7485
f  4147//7568 4146//7567 4142//7563
f  4060//7481 4064//7485 4146//7567
f  4147//7568 4060//7481 4146//7567
f  4148//7569 4147//7568 4142//7563
f  4142//7563 4133//7554 4148//7569
f  4060//7481 4147//7568 4058//7479
f  4149//7570 4148//7569 4133//7554
f  4133//7554 4130//7551 4149//7570
f  4147//7568 4148//7569 4150//7571
f  4150//7571 4058//7479 4147//7568
f  4148//7569 4149//7570 4151//7572
f  4151//7572 4150//7571 4148//7569
f  4152//7573 4149//7570 4130//7551
f  4152//7573 4130//7551 4129//7550
f  4153//7574 4151//7572 4149//7570
f  4149//7570 4152//7573 4153//7574
f  4154//7575 4152//7573 4129//7550
f  4154//7575 4129//7550 3708//7129
f  4155//7576 4153//7574 4152//7573
f  4152//7573 4154//7575 4155//7576
f  4156//7577 4154//7575 3708//7129
f  3708//7129 3702//7123 4156//7577
f  3706//7127 4156//7577 3702//7123
f  4156//7577 4157//7578 4154//7575
f  4157//7578 4155//7576 4154//7575
f  3706//7127 4158//7579 4156//7577
f  4158//7579 4157//7578 4156//7577
f  3982//7403 4158//7579 3706//7127
f  3706//7127 3712//7133 3982//7403
f  4158//7579 3978//7399 4157//7578
f  4157//7578 4159//7580 4155//7576
f  3978//7399 4159//7580 4157//7578
f  3979//7400 3978//7399 4158//7579
f  4158//7579 3982//7403 3979//7400
f  4159//7580 4160//7581 4155//7576
f  4153//7574 4155//7576 4160//7581
f  4159//7580 3978//7399 3976//7397
f  4160//7581 4161//7582 4153//7574
f  4151//7572 4153//7574 4161//7582
f  4160//7581 4159//7580 4162//7583
f  3976//7397 4162//7583 4159//7580
f  4163//7584 4161//7582 4160//7581
f  4162//7583 4163//7584 4160//7581
f  4161//7582 4164//7585 4151//7572
f  4150//7571 4151//7572 4164//7585
f  4163//7584 4165//7586 4161//7582
f  4165//7586 4164//7585 4161//7582
f  4164//7585 4166//7587 4150//7571
f  4058//7479 4150//7571 4166//7587
f  4165//7586 4167//7588 4164//7585
f  4166//7587 4164//7585 4167//7588
f  4163//7584 4168//7589 4165//7586
f  4163//7584 4162//7583 3971//7392
f  3971//7392 4168//7589 4163//7584
f  3972//7393 3971//7392 4162//7583
f  4162//7583 3976//7397 3972//7393
f  4165//7586 4169//7590 4167//7588
f  4168//7589 4169//7590 4165//7586
f  4167//7588 4170//7591 4166//7587
f  3971//7392 3968//7389 4168//7589
f  4169//7590 4171//7592 4167//7588
f  4170//7591 4167//7588 4171//7592
f  4169//7590 4168//7589 4094//7515
f  3968//7389 4094//7515 4168//7589
f  4171//7592 4169//7590 4090//7511
f  4094//7515 4090//7511 4169//7590
f  4090//7511 4082//7503 4171//7592
f  4059//7480 4166//7587 4170//7591
f  4166//7587 4059//7480 4058//7479
f  4171//7592 4077//7498 4170//7591
f  4077//7498 4171//7592 4082//7503
f  4170//7591 4061//7482 4059//7480
f  4061//7482 4170//7591 4077//7498
f  3738//7159 3737//7158 4172//7593
f  4172//7593 4173//7594 3738//7159
f  4174//7595 4173//7594 4172//7593
f  4175//7596 3738//7159 4173//7594
f  3738//7159 4175//7596 3734//7155
f  4174//7595 4176//7597 4173//7594
f  3734//7155 4175//7596 4177//7598
f  3734//7155 4177//7598 3732//7153
f  4173//7594 4178//7599 4175//7596
f  4173//7594 4176//7597 4178//7599
f  4175//7596 4179//7600 4177//7598
f  4175//7596 4178//7599 4179//7600
f  4177//7598 4008//7429 3732//7153
f  4177//7598 4179//7600 4008//7429
f  3732//7153 4008//7429 3145//6566
f  4180//7601 4176//7597 4174//7595
f  4181//7602 4180//7601 4174//7595
f  4176//7597 4182//7603 4178//7599
f  4178//7599 4183//7604 4179//7600
f  4183//7604 4178//7599 4182//7603
f  4179//7600 4183//7604 4184//7605
f  4179//7600 4184//7605 4008//7429
f  4182//7603 4185//7606 4183//7604
f  4186//7607 4182//7603 4176//7597
f  4180//7601 4186//7607 4176//7597
f  4183//7604 4187//7608 4184//7605
f  4187//7608 4183//7604 4185//7606
f  4011//7432 4184//7605 4187//7608
f  4008//7429 4184//7605 4011//7432
f  4185//7606 3782//7203 4187//7608
f  4185//7606 4182//7603 4188//7609
f  4186//7607 4188//7609 4182//7603
f  4188//7609 4189//7610 4185//7606
f  3782//7203 4185//7606 4189//7610
f  4188//7609 4186//7607 4190//7611
f  4187//7608 3782//7203 3777//7198
f  4187//7608 3777//7198 4011//7432
f  4188//7609 3830//7251 4189//7610
f  4190//7611 3830//7251 4188//7609
f  4189//7610 3783//7204 3782//7203
f  4191//7612 4190//7611 4186//7607
f  4186//7607 4180//7601 4191//7612
f  3830//7251 3789//7210 4189//7610
f  4189//7610 3789//7210 3783//7204
f  3830//7251 4190//7611 3831//7252
f  4192//7613 4191//7612 4180//7601
f  4192//7613 4180//7601 4181//7602
f  4190//7611 4191//7612 3835//7256
f  3835//7256 3831//7252 4190//7611
f  4193//7614 4191//7612 4192//7613
f  4193//7614 3835//7256 4191//7612
f  4194//7615 4192//7613 4181//7602
f  4194//7615 4181//7602 4195//7616
f  4196//7617 4194//7615 4195//7616
f  4197//7618 4192//7613 4194//7615
f  4197//7618 4193//7614 4192//7613
f  4194//7615 4196//7617 4198//7619
f  4198//7619 4197//7618 4194//7615
f  4199//7620 4198//7619 4196//7617
f  4193//7614 4197//7618 4200//7621
f  4198//7619 4199//7620 4201//7622
f  4202//7623 4201//7622 4199//7620
f  4197//7618 4198//7619 4203//7624
f  4201//7622 4203//7624 4198//7619
f  4203//7624 4200//7621 4197//7618
f  4201//7622 4202//7623 4204//7625
f  4205//7626 4204//7625 4202//7623
f  4203//7624 4201//7622 4206//7627
f  4204//7625 4206//7627 4201//7622
f  4206//7627 4207//7628 4203//7624
f  4200//7621 4203//7624 4207//7628
f  4208//7629 4206//7627 4204//7625
f  4209//7630 4204//7625 4205//7626
f  4208//7629 4204//7625 4209//7630
f  4210//7631 4209//7630 4205//7626
f  4205//7626 4211//7632 4210//7631
f  4212//7633 4210//7631 4211//7632
f  4207//7628 4206//7627 4213//7634
f  4206//7627 4208//7629 4213//7634
f  4209//7630 4210//7631 4214//7635
f  4210//7631 4212//7633 4215//7636
f  4215//7636 4214//7635 4210//7631
f  4215//7636 4212//7633 4216//7637
f  4216//7637 4212//7633 4217//7638
f  4216//7637 4217//7638 4218//7639
f  4219//7640 4208//7629 4209//7630
f  4214//7635 4219//7640 4209//7630
f  4220//7641 4208//7629 4219//7640
f  4220//7641 4213//7634 4208//7629
f  4216//7637 4218//7639 4221//7642
f  4222//7643 4221//7642 4218//7639
f  4221//7642 4223//7644 4216//7637
f  4215//7636 4216//7637 4223//7644
f  4221//7642 4222//7643 4224//7645
f  4223//7644 4225//7646 4215//7636
f  4214//7635 4215//7636 4225//7646
f  4223//7644 4221//7642 4226//7647
f  4224//7645 4226//7647 4221//7642
f  4227//7648 4224//7645 4222//7643
f  4222//7643 4228//7649 4227//7648
f  4226//7647 4224//7645 4229//7650
f  4229//7650 4224//7645 4227//7648
f  4226//7647 4230//7651 4223//7644
f  4225//7646 4223//7644 4230//7651
f  4229//7650 4231//7652 4226//7647
f  4231//7652 4230//7651 4226//7647
f  4227//7648 4228//7649 4232//7653
f  4232//7653 4228//7649 4233//7654
f  4227//7648 4234//7655 4229//7650
f  4232//7653 4233//7654 4235//7656
f  4236//7657 4235//7656 4233//7654
f  4237//7658 4227//7648 4232//7653
f  4234//7655 4227//7648 4237//7658
f  4238//7659 4232//7653 4235//7656
f  4237//7658 4232//7653 4238//7659
f  4239//7660 4235//7656 4236//7657
f  4236//7657 4240//7661 4239//7660
f  4235//7656 4241//7662 4238//7659
f  4235//7656 4239//7660 4241//7662
f  4242//7663 4237//7658 4238//7659
f  4243//7664 4239//7660 4240//7661
f  4240//7661 4244//7665 4243//7664
f  4244//7665 4245//7666 4243//7664
f  4239//7660 4243//7664 4246//7667
f  4239//7660 4246//7667 4241//7662
f  4243//7664 4245//7666 4247//7668
f  4247//7668 4246//7667 4243//7664
f  4248//7669 4247//7668 4245//7666
f  4247//7668 4248//7669 4249//7670
f  4249//7670 4248//7669 4250//7671
f  4246//7667 4247//7668 4251//7672
f  4249//7670 4251//7672 4247//7668
f  4241//7662 4246//7667 4252//7673
f  4251//7672 4252//7673 4246//7667
f  4251//7672 4249//7670 4253//7674
f  4249//7670 4250//7671 4253//7674
f  4252//7673 4251//7672 4254//7675
f  4251//7672 4253//7674 4254//7675
f  4241//7662 4252//7673 4255//7676
f  4238//7659 4241//7662 4255//7676
f  4238//7659 4255//7676 4242//7663
f  4256//7677 4257//7678 4258//7679
f  4259//7680 4260//7681 4261//7682
f  4258//7679 4261//7682 4260//7681
f  4256//7677 4258//7679 4262//7683
f  4260//7681 4262//7683 4258//7679
f  4262//7683 4263//7684 4256//7677
f  4263//7684 4262//7683 4264//7685
f  4265//7686 4264//7685 4262//7683
f  4262//7683 4260//7681 4265//7686
f  4266//7687 4264//7685 4265//7686
f  4260//7681 4259//7680 4267//7688
f  4267//7688 4265//7686 4260//7681
f  4268//7689 4267//7688 4259//7680
f  4269//7690 4266//7687 4265//7686
f  4265//7686 4267//7688 4269//7690
f  4266//7687 4269//7690 4270//7691
f  4267//7688 4268//7689 4271//7692
f  4271//7692 4269//7690 4267//7688
f  4271//7692 4268//7689 4032//7453
f  4272//7693 4270//7691 4269//7690
f  4269//7690 4271//7692 4272//7693
f  4270//7691 4272//7693 4273//7694
f  4274//7695 4273//7694 4272//7693
f  4272//7693 4271//7692 4275//7696
f  4272//7693 4275//7696 4274//7695
f  4275//7696 4271//7692 4032//7453
f  4276//7697 4274//7695 4275//7696
f  4275//7696 4032//7453 4277//7698
f  4275//7696 4277//7698 4276//7697
f  4277//7698 4032//7453 4029//7450
f  4025//7446 4277//7698 4029//7450
f  4278//7699 4276//7697 4277//7698
f  4277//7698 4025//7446 4278//7699
f  4276//7697 4278//7699 4279//7700
f  4280//7701 4279//7700 4278//7699
f  4279//7700 4280//7701 4281//7702
f  4282//7703 4278//7699 4025//7446
f  4278//7699 4282//7703 4280//7701
f  4025//7446 4283//7704 4282//7703
f  4018//7439 4283//7704 4025//7446
f  4281//7702 4280//7701 4284//7705
f  4284//7705 4285//7706 4281//7702
f  4286//7707 4280//7701 4282//7703
f  4284//7705 4280//7701 4286//7707
f  4287//7708 4282//7703 4283//7704
f  4282//7703 4287//7708 4286//7707
f  4283//7704 4018//7439 4288//7709
f  4283//7704 4288//7709 4287//7708
f  4288//7709 4018//7439 4020//7441
f  4285//7706 4284//7705 3624//7045
f  3624//7045 3631//7052 4285//7706
f  4284//7705 4286//7707 3622//7043
f  3622//7043 3624//7045 4284//7705
f  3622//7043 4286//7707 3621//7042
f  3621//7042 4286//7707 4287//7708
f  4289//7710 4287//7708 4288//7709
f  4287//7708 4289//7710 3621//7042
f  4288//7709 4290//7711 4289//7710
f  4288//7709 4020//7441 4290//7711
f  4290//7711 4020//7441 4291//7712
f  4016//7437 4291//7712 4020//7441
f  3614//7035 4289//7710 4290//7711
f  3617//7038 3621//7042 4289//7710
f  4289//7710 3614//7035 3617//7038
f  3613//7034 4290//7711 4291//7712
f  4290//7711 3613//7034 3614//7035
f  4292//7713 4291//7712 4016//7437
f  4291//7712 4292//7713 3613//7034
f  4016//7437 4293//7714 4292//7713
f  4049//7470 4293//7714 4016//7437
f  3609//7030 3613//7034 4292//7713
f  4293//7714 4049//7470 4294//7715
f  4055//7476 4294//7715 4049//7470
f  3608//7029 4292//7713 4293//7714
f  4292//7713 3608//7029 3609//7030
f  4294//7715 4295//7716 4293//7714
f  4293//7714 4295//7716 3608//7029
f  4294//7715 4055//7476 4296//7717
f  4056//7477 4296//7717 4055//7476
f  4295//7716 4294//7715 4297//7718
f  4297//7718 4294//7715 4296//7717
f  4295//7716 3586//7007 3608//7029
f  4298//7719 4295//7716 4297//7718
f  3586//7007 4295//7716 4298//7719
f  4296//7717 4056//7477 4299//7720
f  3577//6998 4299//7720 4056//7477
f  4297//7718 4296//7717 4300//7721
f  4299//7720 4300//7721 4296//7717
f  4298//7719 4297//7718 4301//7722
f  4301//7722 4297//7718 4300//7721
f  3584//7005 4298//7719 4301//7722
f  3586//7007 4298//7719 3584//7005
f  3581//7002 4301//7722 4300//7721
f  3584//7005 4301//7722 3581//7002
f  3582//7003 4300//7721 4299//7720
f  4300//7721 3582//7003 3581//7002
f  3579//7000 4299//7720 3577//6998
f  4299//7720 3579//7000 3582//7003
f  3686//7107 3700//7121 4145//7566
f  4145//7566 3700//7121 4302//7723
f  4302//7723 3700//7121 3699//7120
f  4139//7560 4145//7566 4302//7723
f  4303//7724 3699//7120 3698//7119
f  3699//7120 4303//7724 4302//7723
f  4302//7723 4304//7725 4139//7560
f  4304//7725 4302//7723 4303//7724
f  4139//7560 4304//7725 4128//7549
f  4303//7724 3698//7119 4305//7726
f  3696//7117 4305//7726 3698//7119
f  4305//7726 3696//7117 3697//7118
f  4305//7726 4306//7727 4303//7724
f  4304//7725 4303//7724 4306//7727
f  3697//7118 4307//7728 4305//7726
f  4306//7727 4305//7726 4307//7728
f  4036//7457 4307//7728 3697//7118
f  4306//7727 4308//7729 4304//7725
f  4128//7549 4304//7725 4308//7729
f  4307//7728 4309//7730 4306//7727
f  4308//7729 4306//7727 4309//7730
f  4310//7731 4307//7728 4036//7457
f  4309//7730 4307//7728 4310//7731
f  4033//7454 4310//7731 4036//7457
f  4308//7729 4311//7732 4128//7549
f  4126//7547 4128//7549 4311//7732
f  4311//7732 4312//7733 4126//7547
f  4311//7732 4308//7729 4313//7734
f  4309//7730 4313//7734 4308//7729
f  4312//7733 4311//7732 4314//7735
f  4313//7734 4314//7735 4311//7732
f  4314//7735 4315//7736 4312//7733
f  4313//7734 4309//7730 4316//7737
f  4310//7731 4316//7737 4309//7730
f  4317//7738 4314//7735 4313//7734
f  4316//7737 4317//7738 4313//7734
f  4318//7739 4315//7736 4314//7735
f  4318//7739 4314//7735 4317//7738
f  4257//7678 4315//7736 4318//7739
f  4319//7740 4310//7731 4033//7454
f  4316//7737 4310//7731 4319//7740
f  4319//7740 4033//7454 4030//7451
f  4317//7738 4316//7737 4320//7741
f  4319//7740 4320//7741 4316//7737
f  4030//7451 4321//7742 4319//7740
f  4320//7741 4319//7740 4321//7742
f  4321//7742 4030//7451 4031//7452
f  4320//7741 4261//7682 4317//7738
f  4261//7682 4318//7739 4317//7738
f  4321//7742 4259//7680 4320//7741
f  4261//7682 4320//7741 4259//7680
f  4031//7452 4268//7689 4321//7742
f  4259//7680 4321//7742 4268//7689
f  4032//7453 4268//7689 4031//7452
f  4258//7679 4257//7678 4318//7739
f  4258//7679 4318//7739 4261//7682
f  3885//7306 3883//7304 4322//7743
f  4322//7743 3883//7304 3886//7307
f  3884//7305 3885//7306 4323//7744
f  4323//7744 3885//7306 4322//7743
f  4324//7745 3881//7302 3884//7305
f  3877//7298 3881//7302 4324//7745
f  4248//7669 3884//7305 4323//7744
f  4250//7671 4323//7744 4322//7743
f  4248//7669 4323//7744 4250//7671
f  4324//7745 3884//7305 4245//7666
f  4245//7666 3884//7305 4248//7669
f  4324//7745 4325//7746 3877//7298
f  4244//7665 4324//7745 4245//7666
f  4325//7746 4324//7745 4244//7665
f  4326//7747 3877//7298 4325//7746
f  3877//7298 4326//7747 3872//7293
f  3868//7289 3872//7293 4326//7747
f  4326//7747 4327//7748 3868//7289
f  4327//7748 3859//7280 3868//7289
f  3857//7278 3859//7280 4327//7748
f  4327//7748 4326//7747 4328//7749
f  4325//7746 4328//7749 4326//7747
f  3857//7278 4327//7748 4329//7750
f  4328//7749 4329//7750 4327//7748
f  4329//7750 3854//7275 3857//7278
f  4328//7749 4325//7746 4330//7751
f  4244//7665 4330//7751 4325//7746
f  4329//7750 4328//7749 4331//7752
f  4330//7751 4331//7752 4328//7749
f  3854//7275 4329//7750 4332//7753
f  4331//7752 4332//7753 4329//7750
f  4332//7753 3855//7276 3854//7275
f  4331//7752 4330//7751 4333//7754
f  4244//7665 4240//7661 4330//7751
f  4333//7754 4330//7751 4240//7661
f  4333//7754 4334//7755 4331//7752
f  4332//7753 4331//7752 4334//7755
f  4334//7755 4333//7754 3772//7193
f  3772//7193 4333//7754 4240//7661
f  4334//7755 4335//7756 4332//7753
f  4332//7753 4335//7756 3855//7276
f  4335//7756 4334//7755 3771//7192
f  3772//7193 3771//7192 4334//7755
f  4336//7757 3855//7276 4335//7756
f  3855//7276 4336//7757 3853//7274
f  3771//7192 4337//7758 4335//7756
f  4335//7756 4337//7758 4336//7757
f  4338//7759 3853//7274 4336//7757
f  3852//7273 3853//7274 4338//7759
f  4339//7760 4336//7757 4337//7758
f  4336//7757 4339//7760 4338//7759
f  3768//7189 4337//7758 3771//7192
f  4337//7758 3767//7188 4339//7760
f  3767//7188 4337//7758 3768//7189
f  4340//7761 4338//7759 4339//7760
f  4341//7762 4339//7760 3767//7188
f  4339//7760 4341//7762 4340//7761
f  4342//7763 4338//7759 4340//7761
f  4338//7759 4342//7763 3852//7273
f  4340//7761 4341//7762 4343//7764
f  4340//7761 4343//7764 4342//7763
f  3767//7188 3165//6586 4341//7762
f  4341//7762 4344//7765 4343//7764
f  3165//6586 4344//7765 4341//7762
f  4343//7764 4345//7766 4342//7763
f  4344//7765 4345//7766 4343//7764
f  3852//7273 4342//7763 4346//7767
f  4345//7766 4346//7767 4342//7763
f  4346//7767 3106//6527 3852//7273
f  3852//7273 3106//6527 3105//6526
f  4345//7766 3116//6537 4346//7767
f  4344//7765 3156//6577 4345//7766
f  3156//6577 3116//6537 4345//7766
f  3159//6580 3156//6577 4344//7765
f  3165//6586 3159//6580 4344//7765
f  4346//7767 3107//6528 3106//6527
f  3107//6528 4346//7767 3116//6537
f  4347//7768 3774//7195 3772//7193
f  4347//7768 3776//7197 3774//7195
f  3772//7193 4236//7657 4347//7768
f  4240//7661 4236//7657 3772//7193
f  3775//7196 4348//7769 3764//7185
f  3760//7181 3764//7185 4348//7769
f  3776//7197 4349//7770 3775//7196
f  4348//7769 3775//7196 4349//7770
f  4348//7769 4350//7771 3760//7181
f  3759//7180 3760//7181 4350//7771
f  4349//7770 4351//7772 4348//7769
f  4350//7771 4348//7769 4351//7772
f  4349//7770 3776//7197 4352//7773
f  3776//7197 4347//7768 4352//7773
f  4351//7772 4349//7770 4353//7774
f  4352//7773 4353//7774 4349//7770
f  4233//7654 4352//7773 4347//7768
f  4233//7654 4347//7768 4236//7657
f  4353//7774 4352//7773 4354//7775
f  4352//7773 4233//7654 4354//7775
f  4353//7774 4355//7776 4351//7772
f  4354//7775 4356//7777 4353//7774
f  4355//7776 4353//7774 4356//7777
f  4228//7649 4354//7775 4233//7654
f  4356//7777 4354//7775 4228//7649
f  4355//7776 4357//7778 4351//7772
f  4351//7772 4357//7778 4350//7771
f  4356//7777 4218//7639 4355//7776
f  4228//7649 4222//7643 4356//7777
f  4218//7639 4356//7777 4222//7643
f  4218//7639 4217//7638 4355//7776
f  4217//7638 4357//7778 4355//7776
f  4358//7779 4350//7771 4357//7778
f  4350//7771 4358//7779 3759//7180
f  3756//7177 3759//7180 4358//7779
f  4357//7778 4359//7780 4358//7779
f  4217//7638 4359//7780 4357//7778
f  4358//7779 4360//7781 3756//7177
f  4360//7781 4358//7779 4359//7780
f  4361//7782 3756//7177 4360//7781
f  3756//7177 4361//7782 3752//7173
f  4359//7780 4211//7632 4360//7781
f  4212//7633 4359//7780 4217//7638
f  4211//7632 4359//7780 4212//7633
f  4362//7783 4360//7781 4211//7632
f  4360//7781 4362//7783 4361//7782
f  4361//7782 4363//7784 3752//7173
f  4363//7784 3750//7171 3752//7173
f  4364//7785 4361//7782 4362//7783
f  4363//7784 4361//7782 4364//7785
f  4211//7632 4205//7626 4362//7783
f  4363//7784 4365//7786 3750//7171
f  3750//7171 4365//7786 3748//7169
f  4364//7785 4366//7787 4363//7784
f  4365//7786 4363//7784 4366//7787
f  4362//7783 4202//7623 4364//7785
f  4202//7623 4362//7783 4205//7626
f  4366//7787 4364//7785 4199//7620
f  4199//7620 4364//7785 4202//7623
f  4367//7788 3748//7169 4365//7786
f  3748//7169 4367//7788 3740//7161
f  4368//7789 4365//7786 4366//7787
f  4365//7786 4368//7789 4367//7788
f  4196//7617 4366//7787 4199//7620
f  4366//7787 4196//7617 4368//7789
f  4367//7788 4369//7790 3740//7161
f  3740//7161 4369//7790 3739//7160
f  4370//7791 4367//7788 4368//7789
f  4367//7788 4370//7791 4369//7790
f  4195//7616 4368//7789 4196//7617
f  4368//7789 4195//7616 4370//7791
f  4369//7790 4371//7792 3739//7160
f  3739//7160 4371//7792 3737//7158
f  4370//7791 4372//7793 4369//7790
f  4369//7790 4372//7793 4371//7792
f  4195//7616 4181//7602 4370//7791
f  4372//7793 4370//7791 4181//7602
f  4372//7793 4174//7595 4371//7792
f  4174//7595 4372//7793 4181//7602
f  4371//7792 4172//7593 3737//7158
f  4371//7792 4174//7595 4172//7593
f  4255//7676 4252//7673 4373//7794
f  4252//7673 4254//7675 4373//7794
f  4242//7663 4255//7676 4374//7795
f  4373//7794 4374//7795 4255//7676
f  4374//7795 4375//7796 4242//7663
f  4373//7794 4254//7675 4376//7797
f  4374//7795 4373//7794 4377//7798
f  4373//7794 4376//7797 4377//7798
f  4377//7798 4378//7799 4374//7795
f  4375//7796 4374//7795 4378//7799
f  4242//7663 4375//7796 4379//7800
f  4379//7800 4237//7658 4242//7663
f  4237//7658 4379//7800 4234//7655
f  4254//7675 4380//7801 4376//7797
f  4254//7675 4253//7674 4380//7801
f  4376//7797 4380//7801 4270//7691
f  4253//7674 4381//7802 4380//7801
f  4253//7674 4250//7671 4381//7802
f  4380//7801 4381//7802 4266//7687
f  4270//7691 4380//7801 4266//7687
f  4250//7671 4382//7803 4381//7802
f  4322//7743 4382//7803 4250//7671
f  4381//7802 4264//7685 4266//7687
f  4381//7802 4382//7803 4264//7685
f  4382//7803 4322//7743 4383//7804
f  3886//7307 4383//7804 4322//7743
f  4264//7685 4382//7803 4263//7684
f  4383//7804 4263//7684 4382//7803
f  4383//7804 3886//7307 4384//7805
f  3882//7303 4384//7805 3886//7307
f  4263//7684 4383//7804 4385//7806
f  4384//7805 4385//7806 4383//7804
f  3882//7303 4386//7807 4384//7805
f  3882//7303 3731//7152 4386//7807
f  3731//7152 3730//7151 4386//7807
f  4384//7805 4386//7807 4387//7808
f  4385//7806 4384//7805 4387//7808
f  4388//7809 4386//7807 3730//7151
f  4386//7807 4388//7809 4387//7808
f  4388//7809 3730//7151 3727//7148
f  3727//7148 4389//7810 4388//7809
f  4389//7810 3727//7148 3723//7144
f  4387//7808 4388//7809 4390//7811
f  4390//7811 4388//7809 4389//7810
f  4387//7808 4391//7812 4385//7806
f  4391//7812 4387//7808 4390//7811
f  4256//7677 4385//7806 4391//7812
f  4385//7806 4256//7677 4263//7684
f  3723//7144 4392//7813 4389//7810
f  3723//7144 3717//7138 4392//7813
f  4389//7810 4393//7814 4390//7811
f  4393//7814 4389//7810 4392//7813
f  4390//7811 4394//7815 4391//7812
f  4394//7815 4390//7811 4393//7814
f  4257//7678 4391//7812 4394//7815
f  4391//7812 4257//7678 4256//7677
f  4393//7814 4395//7816 4394//7815
f  4392//7813 4396//7817 4393//7814
f  4395//7816 4393//7814 4396//7817
f  3717//7138 4397//7818 4392//7813
f  4392//7813 4397//7818 4396//7817
f  3717//7138 3711//7132 4397//7818
f  4394//7815 4315//7736 4257//7678
f  4315//7736 4394//7815 4395//7816
f  3711//7132 4398//7819 4397//7818
f  4398//7819 3711//7132 3707//7128
f  4397//7818 4399//7820 4396//7817
f  4397//7818 4398//7819 4399//7820
f  4396//7817 4400//7821 4395//7816
f  4400//7821 4396//7817 4399//7820
f  4312//7733 4395//7816 4400//7821
f  4395//7816 4312//7733 4315//7736
f  3707//7128 4401//7822 4398//7819
f  4401//7822 3707//7128 3705//7126
f  4398//7819 4402//7823 4399//7820
f  4402//7823 4398//7819 4401//7822
f  4399//7820 4403//7824 4400//7821
f  4403//7824 4399//7820 4402//7823
f  4126//7547 4400//7821 4403//7824
f  4400//7821 4126//7547 4312//7733
f  3705//7126 4404//7825 4401//7822
f  4401//7822 4405//7826 4402//7823
f  4405//7826 4401//7822 4404//7825
f  3708//7129 4404//7825 3705//7126
f  4402//7823 4405//7826 4406//7827
f  4402//7823 4406//7827 4403//7824
f  4404//7825 4123//7544 4405//7826
f  3708//7129 4129//7550 4404//7825
f  4129//7550 4123//7544 4404//7825
f  4405//7826 4123//7544 4125//7546
f  4405//7826 4125//7546 4406//7827
f  4127//7548 4403//7824 4406//7827
f  4403//7824 4127//7548 4126//7547
f  4406//7827 4125//7546 4132//7553
f  4406//7827 4132//7553 4127//7548
f  4407//7828 3832//7253 3833//7254
f  4407//7828 3836//7257 3832//7253
f  4408//7829 3833//7254 3834//7255
f  4408//7829 4407//7828 3833//7254
f  4409//7830 3834//7255 3835//7256
f  3834//7255 4409//7830 4408//7829
f  3835//7256 4193//7614 4409//7830
f  4200//7621 4409//7830 4193//7614
f  4410//7831 3836//7257 4407//7828
f  3836//7257 4410//7831 3828//7249
f  4411//7832 4407//7828 4408//7829
f  4407//7828 4411//7832 4410//7831
f  4412//7833 4408//7829 4409//7830
f  4409//7830 4200//7621 4412//7833
f  4408//7829 4413//7834 4411//7832
f  4413//7834 4408//7829 4412//7833
f  4414//7835 4410//7831 4411//7832
f  4415//7836 4412//7833 4200//7621
f  4207//7628 4415//7836 4200//7621
f  4412//7833 4416//7837 4413//7834
f  4416//7837 4412//7833 4415//7836
f  4417//7838 4411//7832 4413//7834
f  4411//7832 4417//7838 4414//7835
f  4418//7839 4413//7834 4416//7837
f  4413//7834 4418//7839 4417//7838
f  4415//7836 4207//7628 4419//7840
f  4213//7634 4419//7840 4207//7628
f  4415//7836 4420//7841 4416//7837
f  4419//7840 4420//7841 4415//7836
f  4419//7840 4213//7634 4421//7842
f  4213//7634 4220//7641 4421//7842
f  4420//7841 4419//7840 4422//7843
f  4421//7842 4422//7843 4419//7840
f  4423//7844 4416//7837 4420//7841
f  4416//7837 4423//7844 4418//7839
f  4422//7843 4424//7845 4420//7841
f  4420//7841 4424//7845 4423//7844
f  4422//7843 4421//7842 4425//7846
f  4421//7842 4220//7641 4426//7847
f  4426//7847 4425//7846 4421//7842
f  4427//7848 4426//7847 4220//7641
f  4220//7641 4219//7640 4427//7848
f  4424//7845 4422//7843 4428//7849
f  4425//7846 4428//7849 4422//7843
f  4429//7850 4427//7848 4219//7640
f  4219//7640 4214//7635 4429//7850
f  4225//7646 4429//7850 4214//7635
f  4429//7850 4225//7646 4430//7851
f  4230//7651 4430//7851 4225//7646
f  4427//7848 4429//7850 4431//7852
f  4430//7851 4431//7852 4429//7850
f  4432//7853 4430//7851 4230//7651
f  4432//7853 4230//7651 4231//7652
f  4431//7852 4430//7851 4433//7854
f  4433//7854 4430//7851 4432//7853
f  4431//7852 4434//7855 4427//7848
f  4426//7847 4427//7848 4434//7855
f  4433//7854 4435//7856 4431//7852
f  4434//7855 4431//7852 4435//7856
f  4434//7855 4436//7857 4426//7847
f  4425//7846 4426//7847 4436//7857
f  4435//7856 4437//7858 4434//7855
f  4437//7858 4436//7857 4434//7855
f  4436//7857 4438//7859 4425//7846
f  4428//7849 4425//7846 4438//7859
f  4439//7860 4436//7857 4437//7858
f  4439//7860 4438//7859 4436//7857
f  4437//7858 4435//7856 4440//7861
f  4441//7862 4439//7860 4437//7858
f  4440//7861 4441//7862 4437//7858
f  4442//7863 4440//7861 4435//7856
f  4435//7856 4433//7854 4442//7863
f  4441//7862 4440//7861 4443//7864
f  4440//7861 4442//7863 4444//7865
f  4444//7865 4443//7864 4440//7861
f  4442//7863 4433//7854 4445//7866
f  4445//7866 4433//7854 4432//7853
f  4446//7867 4444//7865 4442//7863
f  4442//7863 4445//7866 4446//7867
f  4445//7866 4432//7853 4447//7868
f  4447//7868 4432//7853 4231//7652
f  4448//7869 4446//7867 4445//7866
f  4445//7866 4447//7868 4448//7869
f  4449//7870 4447//7868 4231//7652
f  4231//7652 4229//7650 4449//7870
f  4449//7870 4229//7650 4234//7655
f  4447//7868 4449//7870 4450//7871
f  4450//7871 4448//7869 4447//7868
f  4234//7655 4451//7872 4449//7870
f  4450//7871 4449//7870 4451//7872
f  4451//7872 4234//7655 4379//7800
f  4379//7800 4452//7873 4451//7872
f  4452//7873 4379//7800 4375//7796
f  4451//7872 4453//7874 4450//7871
f  4453//7874 4451//7872 4452//7873
f  4448//7869 4450//7871 4454//7875
f  4454//7875 4450//7871 4453//7874
f  4454//7875 4455//7876 4448//7869
f  4446//7867 4448//7869 4455//7876
f  4375//7796 4456//7877 4452//7873
f  4378//7799 4456//7877 4375//7796
f  4457//7878 4453//7874 4452//7873
f  4457//7878 4452//7873 4456//7877
f  4453//7874 4458//7879 4454//7875
f  4458//7879 4453//7874 4457//7878
f  4459//7880 4454//7875 4458//7879
f  4455//7876 4454//7875 4459//7880
f  4460//7881 4458//7879 4457//7878
f  4461//7882 4457//7878 4456//7877
f  4460//7881 4457//7878 4461//7882
f  4456//7877 4462//7883 4461//7882
f  4456//7877 4378//7799 4462//7883
f  4458//7879 4463//7884 4459//7880
f  4463//7884 4458//7879 4460//7881
f  4378//7799 4464//7885 4462//7883
f  4378//7799 4377//7798 4464//7885
f  4465//7886 4464//7885 4377//7798
f  4377//7798 4376//7797 4465//7886
f  4270//7691 4465//7886 4376//7797
f  4464//7885 4465//7886 4273//7694
f  4273//7694 4465//7886 4270//7691
f  4462//7883 4464//7885 4466//7887
f  4273//7694 4466//7887 4464//7885
f  4462//7883 4466//7887 4467//7888
f  4461//7882 4462//7883 4467//7888
f  4466//7887 4273//7694 4274//7695
f  4461//7882 4467//7888 4468//7889
f  4468//7889 4460//7881 4461//7882
f  4467//7888 4466//7887 4469//7890
f  4466//7887 4274//7695 4469//7890
f  4468//7889 4467//7888 4470//7891
f  4469//7890 4470//7891 4467//7888
f  4471//7892 4460//7881 4468//7889
f  4460//7881 4471//7892 4463//7884
f  4470//7891 4472//7893 4468//7889
f  4468//7889 4472//7893 4471//7892
f  4470//7891 4469//7890 4473//7894
f  4469//7890 4274//7695 4276//7697
f  4469//7890 4276//7697 4473//7894
f  4473//7894 4474//7895 4470//7891
f  4472//7893 4470//7891 4474//7895
f  4475//7896 4474//7895 4473//7894
f  4474//7895 4476//7897 4472//7893
f  4477//7898 4476//7897 4474//7895
f  4474//7895 4475//7896 4477//7898
f  4472//7893 4476//7897 4478//7899
f  4478//7899 4471//7892 4472//7893
f  4477//7898 4479//7900 4476//7897
f  4479//7900 4478//7899 4476//7897
f  4480//7901 4477//7898 4475//7896
f  4479//7900 4477//7898 4480//7901
f  4473//7894 4279//7700 4475//7896
f  4279//7700 4473//7894 4276//7697
f  4475//7896 4281//7702 4480//7901
f  4281//7702 4475//7896 4279//7700
f  4480//7901 4481//7902 4479//7900
f  4480//7901 4281//7702 4285//7706
f  4285//7706 4481//7902 4480//7901
f  4482//7903 4479//7900 4481//7902
f  4479//7900 4482//7903 4478//7899
f  4481//7902 4285//7706 3631//7052
f  4471//7892 4478//7899 4483//7904
f  4482//7903 4483//7904 4478//7899
f  4483//7904 4463//7884 4471//7892
f  4481//7902 3634//7055 4482//7903
f  3631//7052 3634//7055 4481//7902
f  4483//7904 4482//7903 3636//7057
f  3636//7057 4482//7903 3634//7055
f  4463//7884 4483//7904 4484//7905
f  3636//7057 4484//7905 4483//7904
f  4484//7905 4459//7880 4463//7884
f  4485//7906 4459//7880 4484//7905
f  4459//7880 4485//7906 4455//7876
f  3640//7061 4484//7905 3636//7057
f  4484//7905 3640//7061 4485//7906
f  4485//7906 4486//7907 4455//7876
f  4455//7876 4486//7907 4446//7867
f  4444//7865 4446//7867 4486//7907
f  4487//7908 4486//7907 4485//7906
f  3640//7061 4487//7908 4485//7906
f  4486//7907 4488//7909 4444//7865
f  4487//7908 4488//7909 4486//7907
f  4443//7864 4444//7865 4488//7909
f  3641//7062 4487//7908 3640//7061
f  4489//7910 4488//7909 4487//7908
f  3641//7062 4489//7910 4487//7908
f  4488//7909 4490//7911 4443//7864
f  4490//7911 4488//7909 4489//7910
f  4491//7912 4443//7864 4490//7911
f  4443//7864 4491//7912 4441//7862
f  4489//7910 3649//7070 4490//7911
f  3644//7065 4489//7910 3641//7062
f  3649//7070 4489//7910 3644//7065
f  4492//7913 4490//7911 3649//7070
f  4490//7911 4492//7913 4491//7912
f  4493//7914 4441//7862 4491//7912
f  4493//7914 4439//7860 4441//7862
f  4494//7915 4491//7912 4492//7913
f  4491//7912 4494//7915 4493//7914
f  3649//7070 3650//7071 4492//7913
f  4493//7914 4495//7916 4439//7860
f  4495//7916 4438//7859 4439//7860
f  4496//7917 4493//7914 4494//7915
f  4496//7917 4495//7916 4493//7914
f  4492//7913 4497//7918 4494//7915
f  3650//7071 4497//7918 4492//7913
f  4494//7915 4498//7919 4496//7917
f  4498//7919 4494//7915 4497//7918
f  4499//7920 4438//7859 4495//7916
f  4438//7859 4499//7920 4428//7849
f  4500//7921 4495//7916 4496//7917
f  4495//7916 4500//7921 4499//7920
f  4501//7922 4496//7917 4498//7919
f  4496//7917 4501//7922 4500//7921
f  4502//7923 4428//7849 4499//7920
f  4428//7849 4502//7923 4424//7845
f  4503//7924 4499//7920 4500//7921
f  4499//7920 4503//7924 4502//7923
f  4504//7925 4500//7921 4501//7922
f  4500//7921 4504//7925 4503//7924
f  4502//7923 4505//7926 4424//7845
f  4423//7844 4424//7845 4505//7926
f  4503//7924 4506//7927 4502//7923
f  4505//7926 4502//7923 4506//7927
f  4503//7924 4504//7925 4507//7928
f  4507//7928 4506//7927 4503//7924
f  4505//7926 4508//7929 4423//7844
f  4418//7839 4423//7844 4508//7929
f  4506//7927 4509//7930 4505//7926
f  4508//7929 4505//7926 4509//7930
f  4418//7839 4508//7929 4510//7931
f  4510//7931 4417//7838 4418//7839
f  4508//7929 4509//7930 4511//7932
f  4511//7932 4510//7931 4508//7929
f  4512//7933 4509//7930 4506//7927
f  4506//7927 4507//7928 4512//7933
f  4513//7934 4511//7932 4509//7930
f  4509//7930 4512//7933 4513//7934
f  4417//7838 4510//7931 4514//7935
f  4514//7935 4414//7835 4417//7838
f  4510//7931 4511//7932 4515//7936
f  4515//7936 4514//7935 4510//7931
f  4511//7932 4513//7934 4516//7937
f  4516//7937 4515//7936 4511//7932
f  4517//7938 4513//7934 4512//7933
f  4518//7939 4516//7937 4513//7934
f  4513//7934 4517//7938 4518//7939
f  4512//7933 4519//7940 4517//7938
f  4519//7940 4512//7933 4507//7928
f  4520//7941 4518//7939 4517//7938
f  4507//7928 4521//7942 4519//7940
f  4521//7942 4507//7928 4504//7925
f  4522//7943 4517//7938 4519//7940
f  4517//7938 4522//7943 4520//7941
f  4519//7940 4521//7942 4523//7944
f  4519//7940 4523//7944 4522//7943
f  4504//7925 4524//7945 4521//7942
f  4501//7922 4524//7945 4504//7925
f  4525//7946 4523//7944 4521//7942
f  4521//7942 4524//7945 4525//7946
f  4524//7945 4501//7922 4526//7947
f  4498//7919 4526//7947 4501//7922
f  4527//7948 4525//7946 4524//7945
f  4526//7947 4527//7948 4524//7945
f  4526//7947 4498//7919 4528//7949
f  4497//7918 4528//7949 4498//7919
f  4527//7948 4526//7947 4529//7950
f  4528//7949 4529//7950 4526//7947
f  3652//7073 4528//7949 4497//7918
f  3652//7073 4497//7918 3650//7071
f  4529//7950 4528//7949 3443//6864
f  3443//6864 4528//7949 3652//7073
f  4529//7950 4530//7951 4527//7948
f  3443//6864 3444//6865 4529//7950
f  4530//7951 4529//7950 3444//6865
f  4530//7951 4531//7952 4527//7948
f  4525//7946 4527//7948 4531//7952
f  3444//6865 3447//6868 4530//7951
f  4531//7952 4532//7953 4525//7946
f  4523//7944 4525//7946 4532//7953
f  3449//6870 4531//7952 4530//7951
f  4530//7951 3447//6868 3449//6870
f  4533//7954 4532//7953 4531//7952
f  4531//7952 3449//6870 4533//7954
f  4523//7944 4532//7953 4534//7955
f  4534//7955 4522//7943 4523//7944
f  4532//7953 4533//7954 4535//7956
f  4535//7956 4534//7955 4532//7953
f  3450//6871 4533//7954 3449//6870
f  4535//7956 4533//7954 3456//6877
f  3450//6871 3456//6877 4533//7954
f  4534//7955 4535//7956 3567//6988
f  4522//7943 4534//7955 4536//7957
f  3567//6988 4536//7957 4534//7955
f  4536//7957 4520//7941 4522//7943
f  3575//6996 4520//7941 4536//7957
f  4520//7941 3575//6996 4518//7939
f  3456//6877 3461//6882 4535//7956
f  3567//6988 4535//7956 3461//6882
f  4536//7957 3567//6988 3568//6989
f  4536//7957 3568//6989 3575//6996
f  3461//6882 3464//6885 3567//6988
f  4518//7939 3575//6996 4537//7958
f  4516//7937 4518//7939 4537//7958
f  3576//6997 4537//7958 3575//6996
f  4537//7958 4538//7959 4516//7937
f  4537//7958 3576//6997 3953//7374
f  3953//7374 4538//7959 4537//7958
f  4515//7936 4516//7937 4538//7959
f  4538//7959 3953//7374 3954//7375
f  4538//7959 4539//7960 4515//7936
f  3954//7375 4539//7960 4538//7959
f  4515//7936 4539//7960 4514//7935
f  4514//7935 4539//7960 4540//7961
f  4539//7960 3954//7375 4540//7961
f  4514//7935 4540//7961 4414//7835
f  4540//7961 3954//7375 4541//7962
f  3954//7375 3955//7376 4541//7962
f  4541//7962 3955//7376 3959//7380
f  4414//7835 4540//7961 4542//7963
f  4540//7961 4541//7962 4542//7963
f  4410//7831 4414//7835 4542//7963
f  4542//7963 3828//7249 4410//7831
f  4542//7963 4541//7962 4543//7964
f  4541//7962 3959//7380 4543//7964
f  3828//7249 4542//7963 4543//7964
f  4543//7964 4544//7965 3828//7249
f  3828//7249 4544//7965 3824//7245
f  3823//7244 3824//7245 4544//7965
f  4545//7966 4544//7965 4543//7964
f  4544//7965 4545//7966 3823//7244
f  4543//7964 3959//7380 4545//7966
f  3819//7240 3823//7244 4545//7966
f  3962//7383 4545//7966 3959//7380
f  4545//7966 3962//7383 3819//7240

# Mesh 'Mesh' with 592 faces
g Mesh
usemtl Chest
f  4546//7967 4547//7968 4548//7969 4549//7970
f  4547//7968 4550//7971 4551//7972 4548//7969
f  4548//7969 4551//7972 4552//7973 4553//7974
f  4549//7970 4548//7969 4553//7974 4554//7975
f  4550//7971 4555//7976 4556//7977 4551//7972
f  4555//7976 4557//7978 4558//7979 4556//7977
f  4556//7977 4558//7979 4559//7980 4560//7981
f  4551//7972 4556//7977 4560//7981 4552//7973
f  4554//7975 4553//7974 4561//7982 4562//7983
f  4553//7974 4552//7973 4563//7984 4561//7982
f  4561//7982 4563//7984 4564//7985 4565//7986
f  4562//7983 4561//7982 4565//7986 4566//7987
f  4552//7973 4560//7981 4567//7988 4563//7984
f  4560//7981 4559//7980 4568//7989 4567//7988
f  4567//7988 4568//7989 4569//7990 4570//7991
f  4563//7984 4567//7988 4570//7991 4564//7985
f  4571//7992 4572//7993 4573//7994 4574//7995
f  4572//7993 4575//7996 4576//7997 4573//7994
f  4573//7994 4576//7997 4577//7998 4578//7999
f  4574//7995 4573//7994 4578//7999 4579//8000
f  4580//8001 4581//8002 4582//8003 4583//8004
f  4581//8002 4584//8005 4585//8006 4582//8003
f  4582//8003 4585//8006 4550//7971 4547//7968
f  4583//8004 4582//8003 4547//7968 4546//7967
f  4584//8005 4586//8007 4587//8008 4585//8006
f  4586//8007 4588//8009 4589//8010 4587//8008
f  4587//8008 4589//8010 4557//7978 4555//7976
f  4585//8006 4587//8008 4555//7976 4550//7971
f  4588//8009 4590//8011 4591//8012 4589//8010
f  4590//8011 4592//8013 4593//8014 4591//8012
f  4591//8012 4593//8014 4594//8015 4595//8016
f  4589//8010 4591//8012 4595//8016 4557//7978
f  4557//7978 4595//8016 4596//8017 4558//7979
f  4595//8016 4594//8015 4597//8018 4596//8017
f  4596//8017 4597//8018 4598//8019 4599//8020
f  4558//7979 4596//8017 4599//8020 4559//7980
f  4559//7980 4599//8020 4600//8021 4568//7989
f  4599//8020 4598//8019 4601//8022 4600//8021
f  4600//8021 4601//8022 4602//8023 4603//8024
f  4568//7989 4600//8021 4603//8024 4569//7990
f  4569//7990 4603//8024 4604//8025 4605//8026
f  4603//8024 4602//8023 4606//8027 4604//8025
f  4604//8025 4606//8027 4607//8028 4608//8029
f  4605//8026 4604//8025 4608//8029 4609//8030
f  4564//7985 4570//7991 4610//8031 4611//8032
f  4570//7991 4569//7990 4605//8026 4610//8031
f  4610//8031 4605//8026 4609//8030 4612//8033
f  4611//8032 4610//8031 4612//8033 4613//8034
f  4566//7987 4565//7986 4614//8035 4615//8036
f  4565//7986 4564//7985 4611//8032 4614//8035
f  4614//8035 4611//8032 4613//8034 4616//8037
f  4615//8036 4614//8035 4616//8037 4617//8038
f  4618//8039 4619//8040 4620//8041 4621//8042
f  4619//8040 4622//8043 4623//8044 4620//8041
f  4620//8041 4623//8044 4624//8045 4625//8046
f  4621//8042 4620//8041 4625//8046 4626//8047
f  4627//8048 4628//8049 4629//8050 4630//8051
f  4628//8049 4631//8052 4632//8053 4629//8050
f  4629//8050 4632//8053 4622//8043 4619//8040
f  4630//8051 4629//8050 4619//8040 4618//8039
f  4579//8000 4578//7999 4633//8054 4634//8055
f  4578//7999 4577//7998 4635//8056 4633//8054
f  4633//8054 4635//8056 4631//8052 4628//8049
f  4634//8055 4633//8054 4628//8049 4627//8048
f  4636//8057 4637//8058 4638//8059 4639//8060
f  4637//8058 4640//8061 4641//8062 4638//8059
f  4638//8059 4641//8062 4642//8063 4643//8064
f  4639//8060 4638//8059 4643//8064 4644//8065
f  4640//8061 4645//8066 4646//8067 4641//8062
f  4645//8066 4647//8068 4648//8069 4646//8067
f  4646//8067 4648//8069 4649//8070 4650//8071
f  4641//8062 4646//8067 4650//8071 4642//8063
f  4651//8072 4652//8073 4653//8074 4654//8075
f  4652//8073 4655//8076 4656//8077 4653//8074
f  4653//8074 4656//8077 4657//8078 4658//8079
f  4654//8075 4653//8074 4658//8079 4659//8080
f  4660//8081 4661//8082 4662//8083 4663//8084
f  4661//8082 4664//8085 4665//8086 4662//8083
f  4662//8083 4665//8086 4640//8061 4637//8058
f  4663//8084 4662//8083 4637//8058 4636//8057
f  4664//8085 4666//8087 4667//8088 4665//8086
f  4666//8087 4668//8089 4669//8090 4667//8088
f  4667//8088 4669//8090 4647//8068 4645//8066
f  4665//8086 4667//8088 4645//8066 4640//8061
f  4609//8030 4608//8029 4670//8091 4671//8092
f  4608//8029 4607//8028 4672//8093 4670//8091
f  4670//8091 4672//8093 4647//8068 4669//8090
f  4671//8092 4670//8091 4669//8090 4668//8089
f  4647//8068 4672//8093 4673//8094 4648//8069
f  4672//8093 4607//8028 4674//8095 4673//8094
f  4673//8094 4674//8095 4675//8096 4676//8097
f  4648//8069 4673//8094 4676//8097 4649//8070
f  4659//8080 4658//8079 4677//8098 4678//8099
f  4658//8079 4657//8078 4679//8100 4677//8098
f  4677//8098 4679//8100 4680//8101 4681//8102
f  4678//8099 4677//8098 4681//8102 4682//8103
f  4683//8104 4684//8105 4685//8106 4686//8107
f  4684//8105 4687//8108 4688//8109 4685//8106
f  4685//8106 4688//8109 4689//8110 4690//8111
f  4686//8107 4685//8106 4690//8111 4691//8112
f  4691//8112 4690//8111 4692//8113 4693//8114
f  4690//8111 4689//8110 4694//8115 4692//8113
f  4692//8113 4694//8115 4695//8116 4696//8117
f  4693//8114 4692//8113 4696//8117 4697//8118
f  4698//8119 4699//8120 4700//8121 4701//8122
f  4699//8120 4702//8123 4703//8124 4700//8121
f  4700//8121 4703//8124 4687//8108 4684//8105
f  4701//8122 4700//8121 4684//8105 4683//8104
f  4704//8125 4705//8126 4706//8127 4707//8128
f  4705//8126 4571//7992 4574//7995 4706//8127
f  4706//8127 4574//7995 4579//8000 4708//8129
f  4707//8128 4706//8127 4708//8129 4709//8130
f  4709//8130 4708//8129 4710//8131 4711//8132
f  4708//8129 4579//8000 4634//8055 4710//8131
f  4710//8131 4634//8055 4627//8048 4712//8133
f  4711//8132 4710//8131 4712//8133 4713//8134
f  4713//8134 4712//8133 4714//8135 4715//8136
f  4712//8133 4627//8048 4630//8051 4714//8135
f  4714//8135 4630//8051 4618//8039 4716//8137
f  4715//8136 4714//8135 4716//8137 4717//8138
f  4717//8138 4716//8137 4718//8139 4719//8140
f  4716//8137 4618//8039 4621//8042 4718//8139
f  4718//8139 4621//8042 4626//8047 4720//8141
f  4719//8140 4718//8139 4720//8141 4651//8072
f  4697//8118 4696//8117 4721//8142 4722//8143
f  4696//8117 4695//8116 4723//8144 4721//8142
f  4721//8142 4723//8144 4659//8080 4678//8099
f  4722//8143 4721//8142 4678//8099 4682//8103
f  4724//8145 4725//8146 4726//8147 4727//8148
f  4725//8146 4728//8149 4729//8150 4726//8147
f  4726//8147 4729//8150 4730//8151 4731//8152
f  4727//8148 4726//8147 4731//8152 4732//8153
f  4732//8153 4731//8152 4733//8154 4734//8155
f  4731//8152 4730//8151 4735//8156 4733//8154
f  4733//8154 4735//8156 4736//8157 4737//8158
f  4734//8155 4733//8154 4737//8158 4738//8159
f  4739//8160 4740//8161 4741//8162 4742//8163
f  4740//8161 4743//8164 4744//8165 4741//8162
f  4741//8162 4744//8165 4724//8145 4745//8166
f  4742//8163 4741//8162 4745//8166 4746//8167
f  4743//8164 4747//8168 4748//8169 4744//8165
f  4747//8168 4749//8170 4750//8171 4748//8169
f  4748//8169 4750//8171 4728//8149 4725//8146
f  4744//8165 4748//8169 4725//8146 4724//8145
f  4738//8159 4737//8158 4751//8172 4752//8173
f  4737//8158 4736//8157 4753//8174 4751//8172
f  4751//8172 4753//8174 4675//8096 4674//8095
f  4752//8173 4751//8172 4674//8095 4607//8028
f  4602//8023 4754//8175 4755//8176 4606//8027
f  4754//8175 4756//8177 4757//8178 4755//8176
f  4755//8176 4757//8178 4738//8159 4752//8173
f  4606//8027 4755//8176 4752//8173 4607//8028
f  4758//8179 4759//8180 4760//8181 4761//8182
f  4759//8180 4732//8153 4734//8155 4760//8181
f  4760//8181 4734//8155 4738//8159 4757//8178
f  4761//8182 4760//8181 4757//8178 4756//8177
f  4746//8167 4745//8166 4762//8183 4763//8184
f  4745//8166 4724//8145 4727//8148 4762//8183
f  4762//8183 4727//8148 4732//8153 4759//8180
f  4763//8184 4762//8183 4759//8180 4758//8179
f  4655//8076 4764//8185 4765//8186 4656//8077
f  4764//8185 4766//8187 4767//8188 4765//8186
f  4765//8186 4767//8188 4768//8189 4769//8190
f  4656//8077 4765//8186 4769//8190 4657//8078
f  4657//8078 4769//8190 4770//8191 4679//8100
f  4769//8190 4768//8189 4771//8192 4770//8191
f  4770//8191 4771//8192 4772//8193 4773//8194
f  4679//8100 4770//8191 4773//8194 4680//8101
f  4622//8043 4774//8195 4775//8196 4623//8044
f  4774//8195 4776//8197 4777//8198 4775//8196
f  4775//8196 4777//8198 4778//8199 4779//8200
f  4623//8044 4775//8196 4779//8200 4624//8045
f  4575//7996 4780//8201 4781//8202 4576//7997
f  4780//8201 4782//8203 4783//8204 4781//8202
f  4781//8202 4783//8204 4784//8205 4785//8206
f  4576//7997 4781//8202 4785//8206 4577//7998
f  4631//8052 4786//8207 4787//8208 4632//8053
f  4786//8207 4788//8209 4789//8210 4787//8208
f  4787//8208 4789//8210 4776//8197 4774//8195
f  4632//8053 4787//8208 4774//8195 4622//8043
f  4577//7998 4785//8206 4790//8211 4635//8056
f  4785//8206 4784//8205 4791//8212 4790//8211
f  4790//8211 4791//8212 4788//8209 4786//8207
f  4635//8056 4790//8211 4786//8207 4631//8052
f  4792//8213 4793//8214 4794//8215 4795//8216
f  4793//8214 4580//8001 4796//8217 4794//8215
f  4794//8215 4796//8217 4782//8203 4780//8201
f  4795//8216 4794//8215 4780//8201 4575//7996
f  4797//8218 4798//8219 4799//8220 4800//8221
f  4798//8219 4792//8213 4795//8216 4799//8220
f  4799//8220 4795//8216 4575//7996 4572//7993
f  4800//8221 4799//8220 4572//7993 4571//7992
f  4801//8222 4802//8223 4803//8224 4804//8225
f  4802//8223 4805//8226 4806//8227 4803//8224
f  4803//8224 4806//8227 4743//8164 4740//8161
f  4804//8225 4803//8224 4740//8161 4739//8160
f  4805//8226 4807//8228 4808//8229 4806//8227
f  4807//8228 4809//8230 4810//8231 4808//8229
f  4808//8229 4810//8231 4749//8170 4747//8168
f  4806//8227 4808//8229 4747//8168 4743//8164
f  4702//8123 4699//8120 4811//8232 4812//8233
f  4699//8120 4698//8119 4813//8234 4811//8232
f  4811//8232 4813//8234 4809//8230 4807//8228
f  4812//8233 4811//8232 4807//8228 4805//8226
f  4704//8125 4814//8235 4815//8236 4816//8237
f  4814//8235 4702//8123 4812//8233 4815//8236
f  4815//8236 4812//8233 4805//8226 4802//8223
f  4816//8237 4815//8236 4802//8223 4801//8222
f  4592//8013 4590//8011 4817//8238 4818//8239
f  4590//8011 4588//8009 4819//8240 4817//8238
f  4817//8238 4819//8240 4792//8213 4798//8219
f  4818//8239 4817//8238 4798//8219 4797//8218
f  4588//8009 4586//8007 4820//8241 4819//8240
f  4586//8007 4584//8005 4581//8002 4820//8241
f  4820//8241 4581//8002 4580//8001 4793//8214
f  4819//8240 4820//8241 4793//8214 4792//8213
f  4766//8187 4821//8242 4822//8243 4767//8188
f  4821//8242 4660//8081 4663//8084 4822//8243
f  4822//8243 4663//8084 4636//8057 4823//8244
f  4767//8188 4822//8243 4823//8244 4768//8189
f  4768//8189 4823//8244 4824//8245 4771//8192
f  4823//8244 4636//8057 4639//8060 4824//8245
f  4824//8245 4639//8060 4644//8065 4825//8246
f  4771//8192 4824//8245 4825//8246 4772//8193
f  4776//8197 4826//8247 4827//8248 4777//8198
f  4826//8247 4566//7987 4615//8036 4827//8248
f  4827//8248 4615//8036 4617//8038 4828//8249
f  4777//8198 4827//8248 4828//8249 4778//8199
f  4782//8203 4796//8217 4829//8250 4783//8204
f  4796//8217 4580//8001 4583//8004 4829//8250
f  4829//8250 4583//8004 4546//7967 4830//8251
f  4783//8204 4829//8250 4830//8251 4784//8205
f  4788//8209 4831//8252 4832//8253 4789//8210
f  4831//8252 4554//7975 4562//7983 4832//8253
f  4832//8253 4562//7983 4566//7987 4826//8247
f  4789//8210 4832//8253 4826//8247 4776//8197
f  4784//8205 4830//8251 4833//8254 4791//8212
f  4830//8251 4546//7967 4549//7970 4833//8254
f  4833//8254 4549//7970 4554//7975 4831//8252
f  4791//8212 4833//8254 4831//8252 4788//8209
f  4778//8199 4828//8249 4834//8255 4835//8256
f  4828//8249 4617//8038 4836//8257 4834//8255
f  4834//8255 4836//8257 4660//8081 4821//8242
f  4835//8256 4834//8255 4821//8242 4766//8187
f  4571//7992 4705//8126 4837//8258 4800//8221
f  4705//8126 4704//8125 4816//8237 4837//8258
f  4837//8258 4816//8237 4801//8222 4838//8259
f  4800//8221 4837//8258 4838//8259 4797//8218
f  4797//8218 4838//8259 4839//8260 4818//8239
f  4838//8259 4801//8222 4804//8225 4839//8260
f  4839//8260 4804//8225 4739//8160 4840//8261
f  4818//8239 4839//8260 4840//8261 4592//8013
f  4624//8045 4779//8200 4841//8262 4842//8263
f  4779//8200 4778//8199 4835//8256 4841//8262
f  4841//8262 4835//8256 4766//8187 4764//8185
f  4842//8263 4841//8262 4764//8185 4655//8076
f  4594//8015 4843//8264 4844//8265 4597//8018
f  4843//8264 4746//8167 4763//8184 4844//8265
f  4844//8265 4763//8184 4758//8179 4845//8266
f  4597//8018 4844//8265 4845//8266 4598//8019
f  4598//8019 4845//8266 4846//8267 4601//8022
f  4845//8266 4758//8179 4761//8182 4846//8267
f  4846//8267 4761//8182 4756//8177 4754//8175
f  4601//8022 4846//8267 4754//8175 4602//8023
f  4592//8013 4840//8261 4847//8268 4593//8014
f  4840//8261 4739//8160 4742//8163 4847//8268
f  4847//8268 4742//8163 4746//8167 4843//8264
f  4593//8014 4847//8268 4843//8264 4594//8015
f  4695//8116 4848//8269 4849//8270 4723//8144
f  4848//8269 4717//8138 4719//8140 4849//8270
f  4849//8270 4719//8140 4651//8072 4654//8075
f  4723//8144 4849//8270 4654//8075 4659//8080
f  4689//8110 4850//8271 4851//8272 4694//8115
f  4850//8271 4713//8134 4715//8136 4851//8272
f  4851//8272 4715//8136 4717//8138 4848//8269
f  4694//8115 4851//8272 4848//8269 4695//8116
f  4687//8108 4852//8273 4853//8274 4688//8109
f  4852//8273 4709//8130 4711//8132 4853//8274
f  4853//8274 4711//8132 4713//8134 4850//8271
f  4688//8109 4853//8274 4850//8271 4689//8110
f  4702//8123 4814//8235 4854//8275 4703//8124
f  4814//8235 4704//8125 4707//8128 4854//8275
f  4854//8275 4707//8128 4709//8130 4852//8273
f  4703//8124 4854//8275 4852//8273 4687//8108
f  4613//8034 4612//8033 4855//8276 4856//8277
f  4612//8033 4609//8030 4671//8092 4855//8276
f  4855//8276 4671//8092 4668//8089 4666//8087
f  4856//8277 4855//8276 4666//8087 4664//8085
f  4617//8038 4616//8037 4857//8278 4836//8257
f  4616//8037 4613//8034 4856//8277 4857//8278
f  4857//8278 4856//8277 4664//8085 4661//8082
f  4836//8257 4857//8278 4661//8082 4660//8081
f  4626//8047 4625//8046 4858//8279 4720//8141
f  4625//8046 4624//8045 4842//8263 4858//8279
f  4858//8279 4842//8263 4655//8076 4652//8073
f  4720//8141 4858//8279 4652//8073 4651//8072
f  4859//8280 4860//8281 4861//8282 4862//8283
f  4860//8281 4863//8284 4864//8285 4861//8282
f  4861//8282 4864//8285 4865//8286 4866//8287
f  4862//8283 4861//8282 4866//8287 4867//8288
f  4867//8288 4866//8287 4868//8289 4869//8290
f  4866//8287 4865//8286 4870//8291 4868//8289
f  4868//8289 4870//8291 4871//8292 4872//8293
f  4869//8290 4868//8289 4872//8293 4873//8294
f  4863//8284 4874//8295 4875//8296 4864//8285
f  4874//8295 4876//8297 4877//8298 4875//8296
f  4875//8296 4877//8298 4878//8299 4879//8300
f  4864//8285 4875//8296 4879//8300 4865//8286
f  4865//8286 4879//8300 4880//8301 4870//8291
f  4879//8300 4878//8299 4881//8302 4880//8301
f  4880//8301 4881//8302 4882//8303 4883//8304
f  4870//8291 4880//8301 4883//8304 4871//8292
f  4884//8305 4885//8306 4886//8307 4887//8308
f  4885//8306 4888//8309 4889//8310 4886//8307
f  4886//8307 4889//8310 4890//8311 4891//8312
f  4887//8308 4886//8307 4891//8312 4892//8313
f  4893//8314 4894//8315 4895//8316 4896//8317
f  4894//8315 4859//8280 4862//8283 4895//8316
f  4895//8316 4862//8283 4867//8288 4897//8318
f  4896//8317 4895//8316 4897//8318 4898//8319
f  4898//8319 4897//8318 4899//8320 4900//8321
f  4897//8318 4867//8288 4869//8290 4899//8320
f  4899//8320 4869//8290 4873//8294 4901//8322
f  4900//8321 4899//8320 4901//8322 4902//8323
f  4902//8323 4901//8322 4903//8324 4904//8325
f  4901//8322 4873//8294 4905//8326 4903//8324
f  4903//8324 4905//8326 4906//8327 4907//8328
f  4904//8325 4903//8324 4907//8328 4908//8329
f  4873//8294 4872//8293 4909//8330 4905//8326
f  4872//8293 4871//8292 4910//8331 4909//8330
f  4909//8330 4910//8331 4911//8332 4912//8333
f  4905//8326 4909//8330 4912//8333 4906//8327
f  4871//8292 4883//8304 4913//8334 4910//8331
f  4883//8304 4882//8303 4914//8335 4913//8334
f  4913//8334 4914//8335 4915//8336 4916//8337
f  4910//8331 4913//8334 4916//8337 4911//8332
f  4882//8303 4917//8338 4918//8339 4914//8335
f  4917//8338 4919//8340 4920//8341 4918//8339
f  4918//8339 4920//8341 4921//8342 4922//8343
f  4914//8335 4918//8339 4922//8343 4915//8336
f  4878//8299 4923//8344 4924//8345 4881//8302
f  4923//8344 4925//8346 4926//8347 4924//8345
f  4924//8345 4926//8347 4919//8340 4917//8338
f  4881//8302 4924//8345 4917//8338 4882//8303
f  4876//8297 4927//8348 4928//8349 4877//8298
f  4927//8348 4929//8350 4930//8351 4928//8349
f  4928//8349 4930//8351 4925//8346 4923//8344
f  4877//8298 4928//8349 4923//8344 4878//8299
f  4931//8352 4932//8353 4933//8354 4934//8355
f  4932//8353 4935//8356 4936//8357 4933//8354
f  4933//8354 4936//8357 4937//8358 4938//8359
f  4934//8355 4933//8354 4938//8359 4939//8360
f  4940//8361 4941//8362 4942//8363 4943//8364
f  4941//8362 4931//8352 4934//8355 4942//8363
f  4942//8363 4934//8355 4939//8360 4944//8365
f  4943//8364 4942//8363 4944//8365 4945//8366
f  4888//8309 4946//8367 4947//8368 4889//8310
f  4946//8367 4940//8361 4943//8364 4947//8368
f  4947//8368 4943//8364 4945//8366 4948//8369
f  4889//8310 4947//8368 4948//8369 4890//8311
f  4949//8370 4950//8371 4951//8372 4952//8373
f  4950//8371 4644//8065 4643//8064 4951//8372
f  4951//8372 4643//8064 4642//8063 4953//8374
f  4952//8373 4951//8372 4953//8374 4954//8375
f  4954//8375 4953//8374 4955//8376 4956//8377
f  4953//8374 4642//8063 4650//8071 4955//8376
f  4955//8376 4650//8071 4649//8070 4957//8378
f  4956//8377 4955//8376 4957//8378 4958//8379
f  4959//8380 4960//8381 4961//8382 4962//8383
f  4960//8381 4963//8384 4964//8385 4961//8382
f  4961//8382 4964//8385 4965//8386 4966//8387
f  4962//8383 4961//8382 4966//8387 4967//8388
f  4968//8389 4969//8390 4970//8391 4971//8392
f  4969//8390 4949//8370 4952//8373 4970//8391
f  4970//8391 4952//8373 4954//8375 4972//8393
f  4971//8392 4970//8391 4972//8393 4973//8394
f  4973//8394 4972//8393 4974//8395 4975//8396
f  4972//8393 4954//8375 4956//8377 4974//8395
f  4974//8395 4956//8377 4958//8379 4976//8397
f  4975//8396 4974//8395 4976//8397 4977//8398
f  4919//8340 4978//8399 4979//8400 4920//8341
f  4978//8399 4977//8398 4976//8397 4979//8400
f  4979//8400 4976//8397 4958//8379 4980//8401
f  4920//8341 4979//8400 4980//8401 4921//8342
f  4958//8379 4957//8378 4981//8402 4980//8401
f  4957//8378 4649//8070 4676//8097 4981//8402
f  4981//8402 4676//8097 4675//8096 4982//8403
f  4980//8401 4981//8402 4982//8403 4921//8342
f  4963//8384 4983//8404 4984//8405 4964//8385
f  4983//8404 4682//8103 4681//8102 4984//8405
f  4984//8405 4681//8102 4680//8101 4985//8406
f  4964//8385 4984//8405 4985//8406 4965//8386
f  4683//8104 4686//8107 4986//8407 4987//8408
f  4686//8107 4691//8112 4988//8409 4986//8407
f  4986//8407 4988//8409 4989//8410 4990//8411
f  4987//8408 4986//8407 4990//8411 4991//8412
f  4691//8112 4693//8114 4992//8413 4988//8409
f  4693//8114 4697//8118 4993//8414 4992//8413
f  4992//8413 4993//8414 4994//8415 4995//8416
f  4988//8409 4992//8413 4995//8416 4989//8410
f  4698//8119 4701//8122 4996//8417 4997//8418
f  4701//8122 4683//8104 4987//8408 4996//8417
f  4996//8417 4987//8408 4991//8412 4998//8419
f  4997//8418 4996//8417 4998//8419 4999//8420
f  5000//8421 5001//8422 5002//8423 5003//8424
f  5001//8422 5004//8425 5005//8426 5002//8423
f  5002//8423 5005//8426 4888//8309 4885//8306
f  5003//8424 5002//8423 4885//8306 4884//8305
f  5004//8425 5006//8427 5007//8428 5005//8426
f  5006//8427 5008//8429 5009//8430 5007//8428
f  5007//8428 5009//8430 4940//8361 4946//8367
f  5005//8426 5007//8428 4946//8367 4888//8309
f  5008//8429 5010//8431 5011//8432 5009//8430
f  5010//8431 5012//8433 5013//8434 5011//8432
f  5011//8432 5013//8434 4931//8352 4941//8362
f  5009//8430 5011//8432 4941//8362 4940//8361
f  5012//8433 5014//8435 5015//8436 5013//8434
f  5014//8435 4959//8380 5016//8437 5015//8436
f  5015//8436 5016//8437 4935//8356 4932//8353
f  5013//8434 5015//8436 4932//8353 4931//8352
f  4697//8118 4722//8143 5017//8438 4993//8414
f  4722//8143 4682//8103 4983//8404 5017//8438
f  5017//8438 4983//8404 4963//8384 5018//8439
f  4993//8414 5017//8438 5018//8439 4994//8415
f  5019//8440 5020//8441 5021//8442 5022//8443
f  5020//8441 5023//8444 5024//8445 5021//8442
f  5021//8442 5024//8445 4730//8151 4729//8150
f  5022//8443 5021//8442 4729//8150 4728//8149
f  5023//8444 5025//8446 5026//8447 5024//8445
f  5025//8446 5027//8448 5028//8449 5026//8447
f  5026//8447 5028//8449 4736//8157 4735//8156
f  5024//8445 5026//8447 4735//8156 4730//8151
f  5029//8450 5030//8451 5031//8452 5032//8453
f  5030//8451 5033//8454 5034//8455 5031//8452
f  5031//8452 5034//8455 5019//8440 5035//8456
f  5032//8453 5031//8452 5035//8456 5036//8457
f  5036//8457 5035//8456 5037//8458 5038//8459
f  5035//8456 5019//8440 5022//8443 5037//8458
f  5037//8458 5022//8443 4728//8149 4750//8171
f  5038//8459 5037//8458 4750//8171 4749//8170
f  5027//8448 5039//8460 5040//8461 5028//8449
f  5039//8460 4921//8342 4982//8403 5040//8461
f  5040//8461 4982//8403 4675//8096 4753//8174
f  5028//8449 5040//8461 4753//8174 4736//8157
f  4915//8336 4922//8343 5041//8462 5042//8463
f  4922//8343 4921//8342 5039//8460 5041//8462
f  5041//8462 5039//8460 5027//8448 5043//8464
f  5042//8463 5041//8462 5043//8464 5044//8465
f  5045//8466 5046//8467 5047//8468 5048//8469
f  5046//8467 5044//8465 5043//8464 5047//8468
f  5047//8468 5043//8464 5027//8448 5025//8446
f  5048//8469 5047//8468 5025//8446 5023//8444
f  5033//8454 5049//8470 5050//8471 5034//8455
f  5049//8470 5045//8466 5048//8469 5050//8471
f  5050//8471 5048//8469 5023//8444 5020//8441
f  5034//8455 5050//8471 5020//8441 5019//8440
f  4967//8388 4966//8387 5051//8472 5052//8473
f  4966//8387 4965//8386 5053//8474 5051//8472
f  5051//8472 5053//8474 5054//8475 5055//8476
f  5052//8473 5051//8472 5055//8476 5056//8477
f  4965//8386 4985//8406 5057//8478 5053//8474
f  4985//8406 4680//8101 4773//8194 5057//8478
f  5057//8478 4773//8194 4772//8193 5058//8479
f  5053//8474 5057//8478 5058//8479 5054//8475
f  4939//8360 4938//8359 5059//8480 5060//8481
f  4938//8359 4937//8358 5061//8482 5059//8480
f  5059//8480 5061//8482 5062//8483 5063//8484
f  5060//8481 5059//8480 5063//8484 5064//8485
f  4892//8313 4891//8312 5065//8486 5066//8487
f  4891//8312 4890//8311 5067//8488 5065//8486
f  5065//8486 5067//8488 5068//8489 5069//8490
f  5066//8487 5065//8486 5069//8490 5070//8491
f  4945//8366 4944//8365 5071//8492 5072//8493
f  4944//8365 4939//8360 5060//8481 5071//8492
f  5071//8492 5060//8481 5064//8485 5073//8494
f  5072//8493 5071//8492 5073//8494 5074//8495
f  4890//8311 4948//8369 5075//8496 5067//8488
f  4948//8369 4945//8366 5072//8493 5075//8496
f  5075//8496 5072//8493 5074//8495 5076//8497
f  5067//8488 5075//8496 5076//8497 5068//8489
f  5077//8498 5078//8499 5079//8500 5080//8501
f  5078//8499 4892//8313 5066//8487 5079//8500
f  5079//8500 5066//8487 5070//8491 5081//8502
f  5080//8501 5079//8500 5081//8502 4893//8314
f  5082//8503 5083//8504 5084//8505 5085//8506
f  5083//8504 4884//8305 4887//8308 5084//8505
f  5084//8505 4887//8308 4892//8313 5078//8499
f  5085//8506 5084//8505 5078//8499 5077//8498
f  5086//8507 5087//8508 5088//8509 5089//8510
f  5087//8508 5029//8450 5032//8453 5088//8509
f  5088//8509 5032//8453 5036//8457 5090//8511
f  5089//8510 5088//8509 5090//8511 5091//8512
f  5091//8512 5090//8511 5092//8513 5093//8514
f  5090//8511 5036//8457 5038//8459 5092//8513
f  5092//8513 5038//8459 4749//8170 4810//8231
f  5093//8514 5092//8513 4810//8231 4809//8230
f  4999//8420 5094//8515 5095//8516 4997//8418
f  5094//8515 5091//8512 5093//8514 5095//8516
f  5095//8516 5093//8514 4809//8230 4813//8234
f  4997//8418 5095//8516 4813//8234 4698//8119
f  5000//8421 5096//8517 5097//8518 5098//8519
f  5096//8517 5086//8507 5089//8510 5097//8518
f  5097//8518 5089//8510 5091//8512 5094//8515
f  5098//8519 5097//8518 5094//8515 4999//8420
f  4908//8329 5099//8520 5100//8521 4904//8325
f  5099//8520 5082//8503 5085//8506 5100//8521
f  5100//8521 5085//8506 5077//8498 5101//8522
f  4904//8325 5100//8521 5101//8522 4902//8323
f  4902//8323 5101//8522 5102//8523 4900//8321
f  5101//8522 5077//8498 5080//8501 5102//8523
f  5102//8523 5080//8501 4893//8314 4896//8317
f  4900//8321 5102//8523 4896//8317 4898//8319
f  5056//8477 5055//8476 5103//8524 5104//8525
f  5055//8476 5054//8475 5105//8526 5103//8524
f  5103//8524 5105//8526 4949//8370 4969//8390
f  5104//8525 5103//8524 4969//8390 4968//8389
f  5054//8475 5058//8479 5106//8527 5105//8526
f  5058//8479 4772//8193 4825//8246 5106//8527
f  5106//8527 4825//8246 4644//8065 4950//8371
f  5105//8526 5106//8527 4950//8371 4949//8370
f  5064//8485 5063//8484 5107//8528 5108//8529
f  5063//8484 5062//8483 5109//8530 5107//8528
f  5107//8528 5109//8530 4929//8350 4927//8348
f  5108//8529 5107//8528 4927//8348 4876//8297
f  5070//8491 5069//8490 5110//8531 5081//8502
f  5069//8490 5068//8489 5111//8532 5110//8531
f  5110//8531 5111//8532 4859//8280 4894//8315
f  5081//8502 5110//8531 4894//8315 4893//8314
f  5074//8495 5073//8494 5112//8533 5113//8534
f  5073//8494 5064//8485 5108//8529 5112//8533
f  5112//8533 5108//8529 4876//8297 4874//8295
f  5113//8534 5112//8533 4874//8295 4863//8284
f  5068//8489 5076//8497 5114//8535 5111//8532
f  5076//8497 5074//8495 5113//8534 5114//8535
f  5114//8535 5113//8534 4863//8284 4860//8281
f  5111//8532 5114//8535 4860//8281 4859//8280
f  5062//8483 5115//8536 5116//8537 5109//8530
f  5115//8536 5056//8477 5104//8525 5116//8537
f  5116//8537 5104//8525 4968//8389 5117//8538
f  5109//8530 5116//8537 5117//8538 4929//8350
f  4884//8305 5083//8504 5118//8539 5003//8424
f  5083//8504 5082//8503 5119//8540 5118//8539
f  5118//8539 5119//8540 5086//8507 5096//8517
f  5003//8424 5118//8539 5096//8517 5000//8421
f  5082//8503 5099//8520 5120//8541 5119//8540
f  5099//8520 4908//8329 5121//8542 5120//8541
f  5120//8541 5121//8542 5029//8450 5087//8508
f  5119//8540 5120//8541 5087//8508 5086//8507
f  4937//8358 5122//8543 5123//8544 5061//8482
f  5122//8543 4967//8388 5052//8473 5123//8544
f  5123//8544 5052//8473 5056//8477 5115//8536
f  5061//8482 5123//8544 5115//8536 5062//8483
f  4906//8327 4912//8333 5124//8545 5125//8546
f  4912//8333 4911//8332 5126//8547 5124//8545
f  5124//8545 5126//8547 5045//8466 5049//8470
f  5125//8546 5124//8545 5049//8470 5033//8454
f  4911//8332 4916//8337 5127//8548 5126//8547
f  4916//8337 4915//8336 5042//8463 5127//8548
f  5127//8548 5042//8463 5044//8465 5046//8467
f  5126//8547 5127//8548 5046//8467 5045//8466
f  4908//8329 4907//8328 5128//8549 5121//8542
f  4907//8328 4906//8327 5125//8546 5128//8549
f  5128//8549 5125//8546 5033//8454 5030//8451
f  5121//8542 5128//8549 5030//8451 5029//8450
f  4994//8415 5018//8439 5129//8550 5130//8551
f  5018//8439 4963//8384 4960//8381 5129//8550
f  5129//8550 4960//8381 4959//8380 5014//8435
f  5130//8551 5129//8550 5014//8435 5012//8433
f  4989//8410 4995//8416 5131//8552 5132//8553
f  4995//8416 4994//8415 5130//8551 5131//8552
f  5131//8552 5130//8551 5012//8433 5010//8431
f  5132//8553 5131//8552 5010//8431 5008//8429
f  4991//8412 4990//8411 5133//8554 5134//8555
f  4990//8411 4989//8410 5132//8553 5133//8554
f  5133//8554 5132//8553 5008//8429 5006//8427
f  5134//8555 5133//8554 5006//8427 5004//8425
f  4999//8420 4998//8419 5135//8556 5098//8519
f  4998//8419 4991//8412 5134//8555 5135//8556
f  5135//8556 5134//8555 5004//8425 5001//8422
f  5098//8519 5135//8556 5001//8422 5000//8421
f  4925//8346 5136//8557 5137//8558 4926//8347
f  5136//8557 4973//8394 4975//8396 5137//8558
f  5137//8558 4975//8396 4977//8398 4978//8399
f  4926//8347 5137//8558 4978//8399 4919//8340
f  4929//8350 5117//8538 5138//8559 4930//8351
f  5117//8538 4968//8389 4971//8392 5138//8559
f  5138//8559 4971//8392 4973//8394 5136//8557
f  4930//8351 5138//8559 5136//8557 4925//8346
f  4935//8356 5016//8437 5139//8560 4936//8357
f  5016//8437 4959//8380 4962//8383 5139//8560
f  5139//8560 4962//8383 4967//8388 5122//8543
f  4936//8357 5139//8560 5122//8543 4937//8358

# Mesh 'NoobGirl.002' with 650 faces
g NoobGirl.002
usemtl Body
f  5140//8561 5141//8562 5142//8563
f  5141//8562 5143//8564 5142//8563
f  5143//8564 5144//8565 5142//8563
f  5144//8565 5145//8566 5142//8563
f  5146//8567 5147//8568 5142//8563
f  5147//8568 5148//8569 5142//8563
f  5148//8569 5149//8570 5142//8563
f  5149//8570 5150//8571 5142//8563
f  5150//8571 5151//8572 5142//8563
f  5151//8572 5140//8561 5142//8563
f  5152//8573 5150//8571 5149//8570
f  5149//8570 5153//8574 5152//8573
f  5153//8574 5149//8570 5148//8569
f  5148//8569 5154//8575 5153//8574
f  5154//8575 5148//8569 5147//8568
f  5147//8568 5155//8576 5154//8575
f  5155//8576 5147//8568 5146//8567
f  5146//8567 5156//8577 5155//8576
f  5157//8578 5145//8566 5144//8565
f  5144//8565 5158//8579 5157//8578
f  5158//8579 5144//8565 5143//8564
f  5143//8564 5159//8580 5158//8579
f  5159//8580 5143//8564 5141//8562
f  5141//8562 5160//8581 5159//8580
f  5160//8581 5141//8562 5140//8561
f  5140//8561 5161//8582 5160//8581
f  5161//8582 5140//8561 5151//8572
f  5151//8572 5162//8583 5161//8582
f  5162//8583 5151//8572 5150//8571
f  5150//8571 5152//8573 5162//8583
f  5163//8584 5164//8585 5165//8586
f  5165//8586 5166//8587 5163//8584
f  5166//8587 5165//8586 5167//8588
f  5167//8588 5168//8589 5166//8587
f  5168//8589 5167//8588 5169//8590
f  5169//8590 5170//8591 5168//8589
f  5170//8591 5169//8590 5171//8592
f  5171//8592 5172//8593 5170//8591
f  5173//8594 5174//8595 5175//8596
f  5175//8596 5176//8597 5173//8594
f  5176//8597 5175//8596 5177//8598
f  5177//8598 5178//8599 5176//8597
f  5178//8599 5177//8598 5179//8600
f  5179//8600 5180//8601 5178//8599
f  5180//8601 5179//8600 5181//8602
f  5181//8602 5182//8603 5180//8601
f  5182//8603 5181//8602 5183//8604
f  5183//8604 5184//8605 5182//8603
f  5184//8605 5183//8604 5164//8585
f  5164//8585 5163//8584 5184//8605
f  5169//8590 5185//8606 5186//8607
f  5186//8607 5171//8592 5169//8590
f  5167//8588 5187//8608 5185//8606
f  5185//8606 5169//8590 5167//8588
f  5165//8586 5188//8609 5187//8608
f  5187//8608 5167//8588 5165//8586
f  5164//8585 5189//8610 5188//8609
f  5188//8609 5165//8586 5164//8585
f  5183//8604 5190//8611 5189//8610
f  5189//8610 5164//8585 5183//8604
f  5181//8602 5191//8612 5190//8611
f  5190//8611 5183//8604 5181//8602
f  5179//8600 5192//8613 5191//8612
f  5191//8612 5181//8602 5179//8600
f  5177//8598 5193//8614 5192//8613
f  5192//8613 5179//8600 5177//8598
f  5175//8596 5194//8615 5193//8614
f  5193//8614 5177//8598 5175//8596
f  5174//8595 5195//8616 5194//8615
f  5194//8615 5175//8596 5174//8595
f  5196//8617 5197//8618 5198//8619
f  5198//8619 5199//8620 5196//8617
f  5200//8621 5201//8622 5197//8618
f  5197//8618 5196//8617 5200//8621
f  5202//8623 5203//8624 5201//8622
f  5201//8622 5200//8621 5202//8623
f  5204//8625 5205//8626 5203//8624
f  5203//8624 5202//8623 5204//8625
f  5206//8627 5207//8628 5205//8626
f  5205//8626 5204//8625 5206//8627
f  5208//8629 5209//8630 5207//8628
f  5207//8628 5206//8627 5208//8629
f  5210//8631 5211//8632 5212//8633
f  5212//8633 5213//8634 5210//8631
f  5214//8635 5215//8636 5211//8632
f  5211//8632 5210//8631 5214//8635
f  5216//8637 5217//8638 5215//8636
f  5215//8636 5214//8635 5216//8637
f  5199//8620 5198//8619 5217//8638
f  5217//8638 5216//8637 5199//8620
f  5196//8617 5199//8620 5218//8639
f  5218//8639 5219//8640 5196//8617
f  5200//8621 5196//8617 5219//8640
f  5219//8640 5220//8641 5200//8621
f  5199//8620 5216//8637 5221//8642
f  5221//8642 5218//8639 5199//8620
f  5222//8643 5223//8644 5224//8645
f  5224//8645 5225//8646 5222//8643
f  5202//8623 5200//8621 5220//8641
f  5220//8641 5226//8647 5202//8623
f  5204//8625 5202//8623 5226//8647
f  5226//8647 5227//8648 5204//8625
f  5206//8627 5204//8625 5227//8648
f  5227//8648 5228//8649 5206//8627
f  5206//8627 5228//8649 5229//8650
f  5229//8650 5208//8629 5206//8627
f  5230//8651 5231//8652 5232//8653
f  5232//8653 5233//8654 5230//8651
f  5233//8654 5232//8653 5223//8644
f  5223//8644 5222//8643 5233//8654
f  5234//8655 5170//8591 5172//8593
f  5172//8593 5235//8656 5234//8655
f  5236//8657 5168//8589 5170//8591
f  5170//8591 5234//8655 5236//8657
f  5237//8658 5166//8587 5168//8589
f  5168//8589 5236//8657 5237//8658
f  5238//8659 5163//8584 5166//8587
f  5166//8587 5237//8658 5238//8659
f  5239//8660 5184//8605 5163//8584
f  5163//8584 5238//8659 5239//8660
f  5240//8661 5182//8603 5184//8605
f  5184//8605 5239//8660 5240//8661
f  5241//8662 5180//8601 5182//8603
f  5182//8603 5240//8661 5241//8662
f  5242//8663 5178//8599 5180//8601
f  5180//8601 5241//8662 5242//8663
f  5243//8664 5176//8597 5178//8599
f  5178//8599 5242//8663 5243//8664
f  5244//8665 5173//8594 5176//8597
f  5176//8597 5243//8664 5244//8665
f  5214//8666 5245//8667 5246//8668
f  5246//8668 5216//8669 5214//8666
f  5247//8670 5248//8671 5249//8672
f  5249//8672 5250//8673 5247//8670
f  5221//8674 5216//8669 5246//8668
f  5246//8668 5251//8675 5221//8674
f  5213//8676 5252//8677 5253//8678
f  5253//8678 5210//8679 5213//8676
f  5254//8680 5255//8681 5256//8682
f  5256//8682 5257//8683 5254//8680
f  5210//8679 5253//8678 5245//8667
f  5245//8667 5214//8666 5210//8679
f  5255//8681 5247//8670 5250//8673
f  5250//8673 5256//8682 5255//8681
f  5256//8682 5250//8673 5258//8684
f  5258//8684 5259//8685 5256//8682
f  5257//8683 5256//8682 5259//8685
f  5259//8685 5260//8686 5257//8683
f  5252//8677 5230//8651 5233//8654
f  5233//8654 5253//8678 5252//8677
f  5253//8678 5233//8654 5222//8643
f  5222//8643 5245//8667 5253//8678
f  5245//8667 5222//8643 5225//8646
f  5225//8646 5246//8668 5245//8667
f  5251//8675 5246//8668 5225//8646
f  5225//8646 5224//8645 5251//8675
f  5250//8673 5249//8672 5261//8687
f  5261//8687 5258//8684 5250//8673
f  5262//8688 5251//8689 5224//8690
f  5224//8690 5263//8691 5262//8688
f  5264//8692 5221//8693 5251//8689
f  5251//8689 5262//8688 5264//8692
f  5221//8642 5264//8694 5265//8695
f  5265//8695 5218//8639 5221//8642
f  5218//8639 5265//8695 5266//8696
f  5266//8696 5219//8640 5218//8639
f  5219//8640 5266//8696 5267//8697
f  5267//8697 5220//8641 5219//8640
f  5220//8641 5267//8697 5268//8698
f  5268//8698 5226//8647 5220//8641
f  5226//8647 5268//8698 5269//8699
f  5269//8699 5227//8648 5226//8647
f  5227//8648 5269//8699 5270//8700
f  5270//8700 5228//8649 5227//8648
f  5228//8649 5270//8700 5271//8701
f  5271//8701 5229//8650 5228//8649
f  5232//8702 5231//8703 5272//8704
f  5272//8704 5273//8705 5232//8702
f  5223//8706 5232//8702 5273//8705
f  5273//8705 5274//8707 5223//8706
f  5224//8690 5223//8706 5274//8707
f  5274//8707 5263//8691 5224//8690
f  5262//8708 5263//8709 5261//8687
f  5261//8687 5249//8672 5262//8708
f  5264//8710 5262//8708 5249//8672
f  5249//8672 5248//8671 5264//8710
f  5264//8694 5248//8711 5275//8712
f  5275//8712 5265//8695 5264//8694
f  5265//8695 5275//8712 5276//8713
f  5276//8713 5266//8696 5265//8695
f  5266//8696 5276//8713 5277//8714
f  5277//8714 5267//8697 5266//8696
f  5267//8697 5277//8714 5278//8715
f  5278//8715 5268//8698 5267//8697
f  5268//8698 5278//8715 5279//8716
f  5279//8716 5269//8699 5268//8698
f  5269//8699 5279//8716 5280//8717
f  5280//8717 5270//8700 5269//8699
f  5270//8700 5280//8717 5281//8718
f  5281//8718 5271//8701 5270//8700
f  5273//8719 5272//8720 5260//8686
f  5260//8686 5259//8685 5273//8719
f  5274//8721 5273//8719 5259//8685
f  5259//8685 5258//8684 5274//8721
f  5263//8709 5274//8721 5258//8684
f  5258//8684 5261//8687 5263//8709
f  5217//8638 5237//8658 5236//8657
f  5236//8657 5215//8636 5217//8638
f  5215//8636 5236//8657 5234//8655
f  5234//8655 5211//8632 5215//8636
f  5211//8632 5234//8655 5235//8656
f  5235//8656 5212//8633 5211//8632
f  5209//8630 5244//8665 5243//8664
f  5243//8664 5207//8628 5209//8630
f  5207//8628 5243//8664 5242//8663
f  5242//8663 5205//8626 5207//8628
f  5205//8626 5242//8663 5241//8662
f  5241//8662 5203//8624 5205//8626
f  5203//8624 5241//8662 5240//8661
f  5240//8661 5201//8622 5203//8624
f  5201//8622 5240//8661 5239//8660
f  5239//8660 5197//8618 5201//8622
f  5197//8618 5239//8660 5238//8659
f  5238//8659 5198//8619 5197//8618
f  5198//8619 5238//8659 5237//8658
f  5237//8658 5217//8638 5198//8619
f  5185//8722 5155//8576 5156//8577
f  5156//8577 5186//8723 5185//8722
f  5187//8724 5154//8575 5155//8576
f  5155//8576 5185//8722 5187//8724
f  5188//8725 5153//8574 5154//8575
f  5154//8575 5187//8724 5188//8725
f  5189//8726 5152//8573 5153//8574
f  5153//8574 5188//8725 5189//8726
f  5190//8727 5162//8583 5152//8573
f  5152//8573 5189//8726 5190//8727
f  5191//8728 5161//8582 5162//8583
f  5162//8583 5190//8727 5191//8728
f  5192//8729 5160//8581 5161//8582
f  5161//8582 5191//8728 5192//8729
f  5193//8730 5159//8580 5160//8581
f  5160//8581 5192//8729 5193//8730
f  5194//8731 5158//8579 5159//8580
f  5159//8580 5193//8730 5194//8731
f  5195//8732 5157//8578 5158//8579
f  5158//8579 5194//8731 5195//8732
f  5282//8733 5142//8563 5283//8734
f  5283//8734 5142//8563 5284//8735
f  5284//8735 5142//8563 5285//8736
f  5285//8736 5142//8563 5145//8566
f  5146//8567 5142//8563 5286//8737
f  5286//8737 5142//8563 5287//8738
f  5287//8738 5142//8563 5288//8739
f  5288//8739 5142//8563 5289//8740
f  5289//8740 5142//8563 5290//8741
f  5290//8741 5142//8563 5282//8733
f  5288//8739 5289//8740 5291//8742
f  5291//8742 5292//8743 5288//8739
f  5287//8738 5288//8739 5292//8743
f  5292//8743 5293//8744 5287//8738
f  5286//8737 5287//8738 5293//8744
f  5293//8744 5294//8745 5286//8737
f  5146//8567 5286//8737 5294//8745
f  5294//8745 5156//8577 5146//8567
f  5285//8736 5145//8566 5157//8578
f  5157//8578 5295//8746 5285//8736
f  5284//8735 5285//8736 5295//8746
f  5295//8746 5296//8747 5284//8735
f  5283//8734 5284//8735 5296//8747
f  5296//8747 5297//8748 5283//8734
f  5282//8733 5283//8734 5297//8748
f  5297//8748 5298//8749 5282//8733
f  5290//8741 5282//8733 5298//8749
f  5298//8749 5299//8750 5290//8741
f  5289//8740 5290//8741 5299//8750
f  5299//8750 5291//8742 5289//8740
f  5300//8751 5301//8752 5302//8753
f  5302//8753 5303//8754 5300//8751
f  5304//8755 5300//8751 5303//8754
f  5303//8754 5305//8756 5304//8755
f  5306//8757 5304//8755 5305//8756
f  5305//8756 5307//8758 5306//8757
f  5171//8592 5306//8757 5307//8758
f  5307//8758 5172//8593 5171//8592
f  5308//8759 5174//8595 5173//8594
f  5173//8594 5309//8760 5308//8759
f  5310//8761 5308//8759 5309//8760
f  5309//8760 5311//8762 5310//8761
f  5312//8763 5310//8761 5311//8762
f  5311//8762 5313//8764 5312//8763
f  5314//8765 5312//8763 5313//8764
f  5313//8764 5315//8766 5314//8765
f  5316//8767 5314//8765 5315//8766
f  5315//8766 5317//8768 5316//8767
f  5301//8752 5316//8767 5317//8768
f  5317//8768 5302//8753 5301//8752
f  5186//8607 5318//8769 5306//8757
f  5306//8757 5171//8592 5186//8607
f  5318//8769 5319//8770 5304//8755
f  5304//8755 5306//8757 5318//8769
f  5319//8770 5320//8771 5300//8751
f  5300//8751 5304//8755 5319//8770
f  5320//8771 5321//8772 5301//8752
f  5301//8752 5300//8751 5320//8771
f  5321//8772 5322//8773 5316//8767
f  5316//8767 5301//8752 5321//8772
f  5322//8773 5323//8774 5314//8765
f  5314//8765 5316//8767 5322//8773
f  5323//8774 5324//8775 5312//8763
f  5312//8763 5314//8765 5323//8774
f  5324//8775 5325//8776 5310//8761
f  5310//8761 5312//8763 5324//8775
f  5325//8776 5326//8777 5308//8759
f  5308//8759 5310//8761 5325//8776
f  5326//8777 5195//8616 5174//8595
f  5174//8595 5308//8759 5326//8777
f  5327//8778 5328//8779 5329//8780
f  5329//8780 5330//8781 5327//8778
f  5328//8779 5331//8782 5332//8783
f  5332//8783 5329//8780 5328//8779
f  5331//8782 5333//8784 5334//8785
f  5334//8785 5332//8783 5331//8782
f  5333//8784 5335//8786 5336//8787
f  5336//8787 5334//8785 5333//8784
f  5335//8786 5337//8788 5338//8789
f  5338//8789 5336//8787 5335//8786
f  5337//8788 5209//8630 5208//8629
f  5208//8629 5338//8789 5337//8788
f  5212//8633 5339//8790 5340//8791
f  5340//8791 5213//8634 5212//8633
f  5339//8790 5341//8792 5342//8793
f  5342//8793 5340//8791 5339//8790
f  5341//8792 5343//8794 5344//8795
f  5344//8795 5342//8793 5341//8792
f  5343//8794 5327//8778 5330//8781
f  5330//8781 5344//8795 5343//8794
f  5329//8780 5345//8796 5346//8797
f  5346//8797 5330//8781 5329//8780
f  5332//8783 5347//8798 5345//8796
f  5345//8796 5329//8780 5332//8783
f  5330//8781 5346//8797 5348//8799
f  5348//8799 5344//8795 5330//8781
f  5349//8800 5350//8801 5351//8802
f  5351//8802 5352//8803 5349//8800
f  5334//8785 5353//8804 5347//8798
f  5347//8798 5332//8783 5334//8785
f  5336//8787 5354//8805 5353//8804
f  5353//8804 5334//8785 5336//8787
f  5338//8789 5355//8806 5354//8805
f  5354//8805 5336//8787 5338//8789
f  5229//8650 5355//8806 5338//8789
f  5338//8789 5208//8629 5229//8650
f  5356//8807 5231//8652 5230//8651
f  5230//8651 5357//8808 5356//8807
f  5350//8801 5356//8807 5357//8808
f  5357//8808 5351//8802 5350//8801
f  5172//8593 5307//8758 5358//8809
f  5358//8809 5235//8656 5172//8593
f  5307//8758 5305//8756 5359//8810
f  5359//8810 5358//8809 5307//8758
f  5305//8756 5303//8754 5360//8811
f  5360//8811 5359//8810 5305//8756
f  5303//8754 5302//8753 5361//8812
f  5361//8812 5360//8811 5303//8754
f  5302//8753 5317//8768 5362//8813
f  5362//8813 5361//8812 5302//8753
f  5317//8768 5315//8766 5363//8814
f  5363//8814 5362//8813 5317//8768
f  5315//8766 5313//8764 5364//8815
f  5364//8815 5363//8814 5315//8766
f  5313//8764 5311//8762 5365//8816
f  5365//8816 5364//8815 5313//8764
f  5311//8762 5309//8760 5366//8817
f  5366//8817 5365//8816 5311//8762
f  5309//8760 5173//8594 5244//8665
f  5244//8665 5366//8817 5309//8760
f  5367//8818 5368//8819 5342//8820
f  5342//8820 5344//8821 5367//8818
f  5369//8822 5370//8823 5371//8824
f  5371//8824 5372//8825 5369//8822
f  5348//8826 5373//8827 5367//8818
f  5367//8818 5344//8821 5348//8826
f  5374//8828 5252//8677 5213//8676
f  5213//8676 5340//8829 5374//8828
f  5254//8680 5257//8683 5375//8830
f  5375//8830 5376//8831 5254//8680
f  5368//8819 5374//8828 5340//8829
f  5340//8829 5342//8820 5368//8819
f  5376//8831 5375//8830 5370//8823
f  5370//8823 5369//8822 5376//8831
f  5375//8830 5377//8832 5378//8833
f  5378//8833 5370//8823 5375//8830
f  5257//8683 5260//8686 5377//8832
f  5377//8832 5375//8830 5257//8683
f  5357//8808 5230//8651 5252//8677
f  5252//8677 5374//8828 5357//8808
f  5351//8802 5357//8808 5374//8828
f  5374//8828 5368//8819 5351//8802
f  5352//8803 5351//8802 5368//8819
f  5368//8819 5367//8818 5352//8803
f  5373//8827 5349//8800 5352//8803
f  5352//8803 5367//8818 5373//8827
f  5370//8823 5378//8833 5379//8834
f  5379//8834 5371//8824 5370//8823
f  5380//8835 5381//8836 5349//8837
f  5349//8837 5373//8838 5380//8835
f  5382//8839 5380//8835 5373//8838
f  5373//8838 5348//8840 5382//8839
f  5383//8841 5382//8842 5348//8799
f  5348//8799 5346//8797 5383//8841
f  5384//8843 5383//8841 5346//8797
f  5346//8797 5345//8796 5384//8843
f  5385//8844 5384//8843 5345//8796
f  5345//8796 5347//8798 5385//8844
f  5386//8845 5385//8844 5347//8798
f  5347//8798 5353//8804 5386//8845
f  5387//8846 5386//8845 5353//8804
f  5353//8804 5354//8805 5387//8846
f  5388//8847 5387//8846 5354//8805
f  5354//8805 5355//8806 5388//8847
f  5271//8701 5388//8847 5355//8806
f  5355//8806 5229//8650 5271//8701
f  5356//8848 5389//8849 5272//8704
f  5272//8704 5231//8703 5356//8848
f  5350//8850 5390//8851 5389//8849
f  5389//8849 5356//8848 5350//8850
f  5349//8837 5381//8836 5390//8851
f  5390//8851 5350//8850 5349//8837
f  5379//8834 5381//8852 5380//8853
f  5380//8853 5371//8824 5379//8834
f  5371//8824 5380//8853 5382//8854
f  5382//8854 5372//8825 5371//8824
f  5391//8855 5372//8856 5382//8842
f  5382//8842 5383//8841 5391//8855
f  5392//8857 5391//8855 5383//8841
f  5383//8841 5384//8843 5392//8857
f  5393//8858 5392//8857 5384//8843
f  5384//8843 5385//8844 5393//8858
f  5394//8859 5393//8858 5385//8844
f  5385//8844 5386//8845 5394//8859
f  5395//8860 5394//8859 5386//8845
f  5386//8845 5387//8846 5395//8860
f  5396//8861 5395//8860 5387//8846
f  5387//8846 5388//8847 5396//8861
f  5281//8718 5396//8861 5388//8847
f  5388//8847 5271//8701 5281//8718
f  5389//8862 5377//8832 5260//8686
f  5260//8686 5272//8720 5389//8862
f  5390//8863 5378//8833 5377//8832
f  5377//8832 5389//8862 5390//8863
f  5381//8852 5379//8834 5378//8833
f  5378//8833 5390//8863 5381//8852
f  5359//8810 5360//8811 5343//8794
f  5343//8794 5341//8792 5359//8810
f  5358//8809 5359//8810 5341//8792
f  5341//8792 5339//8790 5358//8809
f  5235//8656 5358//8809 5339//8790
f  5339//8790 5212//8633 5235//8656
f  5366//8817 5244//8665 5209//8630
f  5209//8630 5337//8788 5366//8817
f  5365//8816 5366//8817 5337//8788
f  5337//8788 5335//8786 5365//8816
f  5364//8815 5365//8816 5335//8786
f  5335//8786 5333//8784 5364//8815
f  5363//8814 5364//8815 5333//8784
f  5333//8784 5331//8782 5363//8814
f  5362//8813 5363//8814 5331//8782
f  5331//8782 5328//8779 5362//8813
f  5361//8812 5362//8813 5328//8779
f  5328//8779 5327//8778 5361//8812
f  5360//8811 5361//8812 5327//8778
f  5327//8778 5343//8794 5360//8811
f  5156//8577 5294//8745 5318//8864
f  5318//8864 5186//8723 5156//8577
f  5294//8745 5293//8744 5319//8865
f  5319//8865 5318//8864 5294//8745
f  5293//8744 5292//8743 5320//8866
f  5320//8866 5319//8865 5293//8744
f  5292//8743 5291//8742 5321//8867
f  5321//8867 5320//8866 5292//8743
f  5291//8742 5299//8750 5322//8868
f  5322//8868 5321//8867 5291//8742
f  5299//8750 5298//8749 5323//8869
f  5323//8869 5322//8868 5299//8750
f  5298//8749 5297//8748 5324//8870
f  5324//8870 5323//8869 5298//8749
f  5297//8748 5296//8747 5325//8871
f  5325//8871 5324//8870 5297//8748
f  5296//8747 5295//8746 5326//8872
f  5326//8872 5325//8871 5296//8747
f  5295//8746 5157//8578 5195//8732
f  5195//8732 5326//8872 5295//8746
f  5397//8873 5398//8874 5399//8875
f  5399//8875 5400//8876 5397//8873
f  5400//8876 5399//8875 5401//8877
f  5401//8877 5402//8878 5400//8876
f  5403//8879 5402//8878 5401//8877
f  5404//8880 5405//8881 5406//8882
f  5407//8883 5408//8884 5406//8882
f  5406//8882 5405//8881 5407//8883
f  5409//8885 5410//8886 5408//8884
f  5408//8884 5407//8883 5409//8885
f  5411//8887 5412//8888 5410//8886
f  5410//8886 5409//8885 5411//8887
f  5413//8889 5414//8890 5412//8888
f  5412//8888 5411//8887 5413//8889
f  5415//8891 5416//8892 5414//8890
f  5414//8890 5413//8889 5415//8891
f  5417//8893 5402//8878 5403//8879
f  5403//8879 5418//8894 5417//8893
f  5419//8895 5400//8876 5402//8878
f  5402//8878 5417//8893 5419//8895
f  5420//8896 5397//8873 5400//8876
f  5400//8876 5419//8895 5420//8896
f  5421//8897 5418//8894 5403//8879
f  5416//8892 5420//8896 5419//8895
f  5419//8895 5414//8890 5416//8892
f  5414//8890 5419//8895 5417//8893
f  5417//8893 5412//8888 5414//8890
f  5412//8888 5417//8893 5418//8894
f  5418//8894 5410//8886 5412//8888
f  5408//8884 5410//8886 5418//8894
f  5418//8894 5421//8897 5408//8884
f  5406//8882 5408//8884 5421//8897
f  5397//8873 5422//8898 5423//8899
f  5423//8899 5398//8874 5397//8873
f  5398//8874 5423//8900 5424//8901
f  5424//8901 5399//8875 5398//8874
f  5424//8901 5425//8902 5401//8877
f  5401//8877 5399//8875 5424//8901
f  5401//8877 5425//8902 5426//8903
f  5426//8903 5403//8879 5401//8877
f  5404//8880 5427//8904 5428//8905
f  5428//8905 5405//8881 5404//8880
f  5429//8906 5427//8907 5404//8880
f  5404//8880 5406//8882 5429//8906
f  5428//8905 5430//8908 5407//8883
f  5407//8883 5405//8881 5428//8905
f  5430//8908 5431//8909 5409//8885
f  5409//8885 5407//8883 5430//8908
f  5431//8909 5432//8910 5411//8887
f  5411//8887 5409//8885 5431//8909
f  5432//8910 5433//8911 5413//8889
f  5413//8889 5411//8887 5432//8910
f  5433//8911 5434//8912 5415//8891
f  5415//8891 5413//8889 5433//8911
f  5434//8913 5435//8914 5416//8892
f  5416//8892 5415//8891 5434//8913
f  5436//8915 5422//8898 5397//8873
f  5397//8873 5420//8896 5436//8915
f  5426//8903 5437//8916 5421//8897
f  5421//8897 5403//8879 5426//8903
f  5435//8914 5436//8915 5420//8896
f  5420//8896 5416//8892 5435//8914
f  5437//8916 5429//8906 5406//8882
f  5406//8882 5421//8897 5437//8916
f  5422//8898 5438//8917 5439//8918
f  5439//8918 5423//8899 5422//8898
f  5424//8901 5423//8900 5439//8919
f  5439//8919 5440//8920 5424//8901
f  5424//8901 5440//8920 5441//8921
f  5441//8921 5425//8902 5424//8901
f  5425//8902 5441//8921 5442//8922
f  5442//8922 5426//8903 5425//8902
f  5426//8903 5442//8922 5443//8923
f  5443//8923 5437//8916 5426//8903
f  5437//8916 5443//8923 5444//8924
f  5444//8924 5429//8906 5437//8916
f  5427//8907 5429//8906 5444//8924
f  5444//8924 5445//8925 5427//8907
f  5427//8904 5445//8926 5446//8927
f  5446//8927 5428//8905 5427//8904
f  5428//8905 5446//8927 5447//8928
f  5447//8928 5430//8908 5428//8905
f  5430//8908 5447//8928 5448//8929
f  5448//8929 5431//8909 5430//8908
f  5432//8910 5431//8909 5448//8929
f  5448//8929 5449//8930 5432//8910
f  5432//8910 5449//8930 5450//8931
f  5450//8931 5433//8911 5432//8910
f  5433//8911 5450//8931 5451//8932
f  5451//8932 5434//8912 5433//8911
f  5434//8913 5451//8933 5452//8934
f  5452//8934 5435//8914 5434//8913
f  5435//8914 5452//8934 5453//8935
f  5453//8935 5436//8915 5435//8914
f  5436//8915 5453//8935 5438//8917
f  5438//8917 5422//8898 5436//8915
f  5278//8936 5277//8937 5454//8938
f  5279//8939 5278//8936 5454//8938
f  5280//8940 5279//8939 5454//8938
f  5281//8941 5280//8940 5454//8938
f  5255//8942 5254//8943 5454//8938
f  5247//8944 5255//8942 5454//8938
f  5248//8945 5247//8944 5454//8938
f  5275//8946 5248//8945 5454//8938
f  5276//8947 5275//8946 5454//8938
f  5277//8937 5276//8947 5454//8938
f  5394//8948 5454//8938 5393//8949
f  5395//8950 5454//8938 5394//8948
f  5396//8951 5454//8938 5395//8950
f  5281//8941 5454//8938 5396//8951
f  5376//8952 5454//8938 5254//8943
f  5369//8953 5454//8938 5376//8952
f  5372//8954 5454//8938 5369//8953
f  5391//8955 5454//8938 5372//8954
f  5392//8956 5454//8938 5391//8955
f  5393//8949 5454//8938 5392//8956
f  5455//8957 5456//8958 5457//8959
f  5457//8959 5458//8960 5455//8957
f  5459//8961 5460//8962 5461//8963
f  5461//8963 5462//8964 5459//8961
f  5463//8965 5464//8966 5465//8967
f  5465//8967 5466//8968 5463//8965
f  5467//8969 5468//8970 5458//8960
f  5458//8960 5457//8959 5467//8969
f  5458//8960 5468//8971 5469//8972
f  5469//8972 5455//8957 5458//8960
f  5470//8973 5460//8974 5459//8961
f  5459//8961 5471//8975 5470//8973
f  5462//8964 5472//8976 5471//8975
f  5471//8975 5459//8961 5462//8964
f  5473//8977 5474//8978 5475//8979
f  5475//8979 5476//8980 5473//8977
f  5455//8957 5469//8972 5470//8973
f  5470//8973 5471//8975 5455//8957
f  5472//8976 5456//8958 5455//8957
f  5455//8957 5471//8975 5472//8976
f  5474//8978 5463//8965 5466//8968
f  5466//8968 5475//8979 5474//8978
f  5462//8964 5461//8963 5477//8981
f  5477//8981 5478//8982 5462//8964
f  5472//8976 5462//8964 5478//8982
f  5478//8982 5479//8983 5472//8976
f  5456//8958 5472//8976 5479//8983
f  5479//8983 5480//8984 5456//8958
f  5456//8958 5480//8984 5481//8985
f  5481//8985 5457//8959 5456//8958
f  5482//8986 5467//8969 5457//8959
f  5457//8959 5481//8985 5482//8986
f  5477//8981 5473//8987 5476//8980
f  5476//8980 5478//8982 5477//8981
f  5478//8982 5476//8980 5475//8979
f  5475//8979 5479//8983 5478//8982
f  5480//8984 5479//8983 5475//8979
f  5475//8979 5466//8968 5480//8984
f  5481//8985 5480//8984 5466//8968
f  5466//8968 5465//8967 5481//8985
f  5465//8967 5464//8988 5482//8986
f  5482//8986 5481//8985 5465//8967

# Mesh 'R63 Template.004' with 864 faces
g R63 Template.004
usemtl Body
f  5483//8989 5484//8990 5485//8991
f  5485//8991 5484//8990 5486//8992
f  5484//8990 5487//8993 5486//8992
f  5486//8992 5487//8993 5488//8994
f  5487//8993 5489//8995 5488//8994
f  5488//8994 5489//8995 5490//8996
f  5489//8995 5491//8997 5490//8996
f  5490//8996 5491//8997 5492//8998
f  5491//8997 5493//8999 5492//8998
f  5492//8998 5493//8999 5494//9000
f  5493//8999 5495//9001 5494//9000
f  5494//9000 5495//9001 5496//9002
f  5485//8991 5486//8992 5497//9003
f  5497//9003 5486//8992 5498//9004
f  5486//8992 5488//8994 5498//9004
f  5498//9004 5488//8994 5499//9005
f  5488//8994 5490//8996 5499//9005
f  5499//9005 5490//8996 5500//9006
f  5490//8996 5492//8998 5500//9006
f  5500//9006 5492//8998 5501//9007
f  5492//8998 5494//9000 5501//9007
f  5501//9007 5494//9000 5502//9008
f  5494//9000 5496//9002 5502//9008
f  5502//9008 5496//9002 5503//9009
f  5497//9003 5498//9004 5504//9010
f  5504//9010 5498//9004 5505//9011
f  5498//9004 5499//9005 5505//9011
f  5505//9011 5499//9005 5506//9012
f  5499//9005 5500//9006 5506//9012
f  5506//9012 5500//9006 5507//9013
f  5500//9006 5501//9007 5507//9013
f  5507//9013 5501//9007 5508//9014
f  5501//9007 5502//9008 5508//9014
f  5508//9014 5502//9008 5509//9015
f  5502//9008 5503//9009 5509//9015
f  5509//9015 5503//9009 5510//9016
f  5504//9010 5505//9011 5511//9017
f  5511//9017 5505//9011 5512//9018
f  5505//9011 5506//9012 5512//9018
f  5512//9018 5506//9012 5513//9019
f  5506//9012 5507//9013 5513//9019
f  5513//9019 5507//9013 5514//9020
f  5507//9013 5508//9014 5514//9020
f  5514//9020 5508//9014 5515//9021
f  5508//9014 5509//9015 5515//9021
f  5515//9021 5509//9015 5516//9022
f  5509//9015 5510//9016 5516//9022
f  5516//9022 5510//9016 5517//9023
f  5511//9017 5512//9018 5518//9024
f  5518//9024 5512//9018 5519//9025
f  5512//9018 5513//9019 5519//9025
f  5519//9025 5513//9019 5520//9026
f  5513//9019 5514//9020 5520//9026
f  5520//9026 5514//9020 5521//9027
f  5514//9020 5515//9021 5521//9027
f  5521//9027 5515//9021 5522//9028
f  5515//9021 5516//9022 5522//9028
f  5522//9028 5516//9022 5523//9029
f  5516//9022 5517//9023 5523//9029
f  5523//9029 5517//9023 5524//9030
f  5518//9024 5519//9025 5525//9031
f  5525//9031 5519//9025 5526//9032
f  5519//9025 5520//9026 5526//9032
f  5526//9032 5520//9026 5527//9033
f  5520//9026 5521//9027 5527//9033
f  5527//9033 5521//9027 5528//9034
f  5521//9027 5522//9028 5528//9034
f  5528//9034 5522//9028 5529//9035
f  5522//9028 5523//9029 5529//9035
f  5529//9035 5523//9029 5530//9036
f  5523//9029 5524//9030 5530//9036
f  5530//9036 5524//9030 5531//9037
f  5532//9038 5533//9039 5534//9040
f  5534//9040 5533//9039 5535//9041
f  5533//9039 5536//9042 5535//9041
f  5535//9041 5536//9042 5537//9043
f  5536//9042 5538//9044 5537//9043
f  5537//9043 5538//9044 5539//9045
f  5538//9044 5540//9046 5539//9045
f  5539//9045 5540//9046 5541//9047
f  5540//9046 5542//9048 5541//9047
f  5541//9047 5542//9048 5543//9049
f  5542//9048 5495//9001 5543//9049
f  5543//9049 5495//9001 5493//8999
f  5534//9040 5535//9041 5544//9050
f  5544//9050 5535//9041 5545//9051
f  5535//9041 5537//9043 5545//9051
f  5545//9051 5537//9043 5546//9052
f  5537//9043 5539//9045 5546//9052
f  5546//9052 5539//9045 5547//9053
f  5539//9045 5541//9047 5547//9053
f  5547//9053 5541//9047 5548//9054
f  5541//9047 5543//9049 5548//9054
f  5548//9054 5543//9049 5549//9055
f  5543//9049 5493//8999 5549//9055
f  5549//9055 5493//8999 5491//8997
f  5544//9050 5545//9051 5550//9056
f  5550//9056 5545//9051 5551//9057
f  5545//9051 5546//9052 5551//9057
f  5551//9057 5546//9052 5552//9058
f  5546//9052 5547//9053 5552//9058
f  5552//9058 5547//9053 5553//9059
f  5547//9053 5548//9054 5553//9059
f  5553//9059 5548//9054 5554//9060
f  5548//9054 5549//9055 5554//9060
f  5554//9060 5549//9055 5555//9061
f  5549//9055 5491//8997 5555//9061
f  5555//9061 5491//8997 5489//8995
f  5550//9056 5551//9057 5556//9062
f  5556//9062 5551//9057 5557//9063
f  5551//9057 5552//9058 5557//9063
f  5557//9063 5552//9058 5558//9064
f  5552//9058 5553//9059 5558//9064
f  5558//9064 5553//9059 5559//9065
f  5553//9059 5554//9060 5559//9065
f  5559//9065 5554//9060 5560//9066
f  5554//9060 5555//9061 5560//9066
f  5560//9066 5555//9061 5561//9067
f  5555//9061 5489//8995 5561//9067
f  5561//9067 5489//8995 5487//8993
f  5556//9062 5557//9063 5562//9068
f  5562//9068 5557//9063 5563//9069
f  5557//9063 5558//9064 5563//9069
f  5563//9069 5558//9064 5564//9070
f  5558//9064 5559//9065 5564//9070
f  5564//9070 5559//9065 5565//9071
f  5559//9065 5560//9066 5565//9071
f  5565//9071 5560//9066 5566//9072
f  5560//9066 5561//9067 5566//9072
f  5566//9072 5561//9067 5567//9073
f  5561//9067 5487//8993 5567//9073
f  5567//9073 5487//8993 5484//8990
f  5562//9068 5563//9069 5568//9074
f  5568//9074 5563//9069 5569//9075
f  5563//9069 5564//9070 5569//9075
f  5569//9075 5564//9070 5570//9076
f  5564//9070 5565//9071 5570//9076
f  5570//9076 5565//9071 5571//9077
f  5565//9071 5566//9072 5571//9077
f  5571//9077 5566//9072 5572//9078
f  5566//9072 5567//9073 5572//9078
f  5572//9078 5567//9073 5573//9079
f  5567//9073 5484//8990 5573//9079
f  5573//9079 5484//8990 5483//8989
f  5495//9001 5542//9048 5496//9002
f  5496//9002 5542//9048 5574//9080
f  5542//9048 5540//9046 5574//9080
f  5574//9080 5540//9046 5575//9081
f  5540//9046 5538//9044 5575//9081
f  5575//9081 5538//9044 5576//9082
f  5538//9044 5536//9042 5576//9082
f  5576//9082 5536//9042 5577//9083
f  5536//9042 5533//9039 5577//9083
f  5577//9083 5533//9039 5578//9084
f  5533//9039 5532//9038 5578//9084
f  5578//9084 5532//9038 5579//9085
f  5496//9002 5574//9080 5503//9009
f  5503//9009 5574//9080 5580//9086
f  5574//9080 5575//9081 5580//9086
f  5580//9086 5575//9081 5581//9087
f  5575//9081 5576//9082 5581//9087
f  5581//9087 5576//9082 5582//9088
f  5576//9082 5577//9083 5582//9088
f  5582//9088 5577//9083 5583//9089
f  5577//9083 5578//9084 5583//9089
f  5583//9089 5578//9084 5584//9090
f  5578//9084 5579//9085 5584//9090
f  5584//9090 5579//9085 5585//9091
f  5503//9009 5580//9086 5510//9016
f  5510//9016 5580//9086 5586//9092
f  5580//9086 5581//9087 5586//9092
f  5586//9092 5581//9087 5587//9093
f  5581//9087 5582//9088 5587//9093
f  5587//9093 5582//9088 5588//9094
f  5582//9088 5583//9089 5588//9094
f  5588//9094 5583//9089 5589//9095
f  5583//9089 5584//9090 5589//9095
f  5589//9095 5584//9090 5590//9096
f  5584//9090 5585//9091 5590//9096
f  5590//9096 5585//9091 5591//9097
f  5510//9016 5586//9092 5517//9023
f  5517//9023 5586//9092 5592//9098
f  5586//9092 5587//9093 5592//9098
f  5592//9098 5587//9093 5593//9099
f  5587//9093 5588//9094 5593//9099
f  5593//9099 5588//9094 5594//9100
f  5588//9094 5589//9095 5594//9100
f  5594//9100 5589//9095 5595//9101
f  5589//9095 5590//9096 5595//9101
f  5595//9101 5590//9096 5596//9102
f  5590//9096 5591//9097 5596//9102
f  5596//9102 5591//9097 5597//9103
f  5517//9023 5592//9098 5524//9030
f  5524//9030 5592//9098 5598//9104
f  5592//9098 5593//9099 5598//9104
f  5598//9104 5593//9099 5599//9105
f  5593//9099 5594//9100 5599//9105
f  5599//9105 5594//9100 5600//9106
f  5594//9100 5595//9101 5600//9106
f  5600//9106 5595//9101 5601//9107
f  5595//9101 5596//9102 5601//9107
f  5601//9107 5596//9102 5602//9108
f  5596//9102 5597//9103 5602//9108
f  5602//9108 5597//9103 5603//9109
f  5524//9030 5598//9104 5531//9037
f  5531//9037 5598//9104 5604//9110
f  5598//9104 5599//9105 5604//9110
f  5604//9110 5599//9105 5605//9111
f  5599//9105 5600//9106 5605//9111
f  5605//9111 5600//9106 5606//9112
f  5600//9106 5601//9107 5606//9112
f  5606//9112 5601//9107 5607//9113
f  5601//9107 5602//9108 5607//9113
f  5607//9113 5602//9108 5608//9114
f  5602//9108 5603//9109 5608//9114
f  5608//9114 5603//9109 5609//9115
f  5532//9038 5534//9040 5579//9085
f  5579//9085 5534//9040 5610//9116
f  5534//9040 5544//9050 5610//9116
f  5610//9116 5544//9050 5611//9117
f  5544//9050 5550//9056 5611//9117
f  5611//9117 5550//9056 5612//9118
f  5550//9056 5556//9062 5612//9118
f  5612//9118 5556//9062 5613//9119
f  5556//9062 5562//9068 5613//9119
f  5613//9119 5562//9068 5614//9120
f  5562//9068 5568//9074 5614//9120
f  5614//9120 5568//9074 5615//9121
f  5579//9085 5610//9116 5585//9091
f  5585//9091 5610//9116 5616//9122
f  5610//9116 5611//9117 5616//9122
f  5616//9122 5611//9117 5617//9123
f  5611//9117 5612//9118 5617//9123
f  5617//9123 5612//9118 5618//9124
f  5612//9118 5613//9119 5618//9124
f  5618//9124 5613//9119 5619//9125
f  5613//9119 5614//9120 5619//9125
f  5619//9125 5614//9120 5620//9126
f  5614//9120 5615//9121 5620//9126
f  5620//9126 5615//9121 5621//9127
f  5585//9091 5616//9122 5591//9097
f  5591//9097 5616//9122 5622//9128
f  5616//9122 5617//9123 5622//9128
f  5622//9128 5617//9123 5623//9129
f  5617//9123 5618//9124 5623//9129
f  5623//9129 5618//9124 5624//9130
f  5618//9124 5619//9125 5624//9130
f  5624//9130 5619//9125 5625//9131
f  5619//9125 5620//9126 5625//9131
f  5625//9131 5620//9126 5626//9132
f  5620//9126 5621//9127 5626//9132
f  5626//9132 5621//9127 5627//9133
f  5591//9097 5622//9128 5597//9103
f  5597//9103 5622//9128 5628//9134
f  5622//9128 5623//9129 5628//9134
f  5628//9134 5623//9129 5629//9135
f  5623//9129 5624//9130 5629//9135
f  5629//9135 5624//9130 5630//9136
f  5624//9130 5625//9131 5630//9136
f  5630//9136 5625//9131 5631//9137
f  5625//9131 5626//9132 5631//9137
f  5631//9137 5626//9132 5632//9138
f  5626//9132 5627//9133 5632//9138
f  5632//9138 5627//9133 5633//9139
f  5597//9103 5628//9134 5603//9109
f  5603//9109 5628//9134 5634//9140
f  5628//9134 5629//9135 5634//9140
f  5634//9140 5629//9135 5635//9141
f  5629//9135 5630//9136 5635//9141
f  5635//9141 5630//9136 5636//9142
f  5630//9136 5631//9137 5636//9142
f  5636//9142 5631//9137 5637//9143
f  5631//9137 5632//9138 5637//9143
f  5637//9143 5632//9138 5638//9144
f  5632//9138 5633//9139 5638//9144
f  5638//9144 5633//9139 5639//9145
f  5603//9109 5634//9140 5609//9115
f  5609//9115 5634//9140 5640//9146
f  5634//9140 5635//9141 5640//9146
f  5640//9146 5635//9141 5641//9147
f  5635//9141 5636//9142 5641//9147
f  5641//9147 5636//9142 5642//9148
f  5636//9142 5637//9143 5642//9148
f  5642//9148 5637//9143 5643//9149
f  5637//9143 5638//9144 5643//9149
f  5643//9149 5638//9144 5644//9150
f  5638//9144 5639//9145 5644//9150
f  5644//9150 5639//9145 5645//9151
f  5645//9151 5646//9152 5644//9150
f  5644//9150 5646//9152 5647//9153
f  5646//9152 5648//9154 5647//9153
f  5647//9153 5648//9154 5649//9155
f  5648//9154 5650//9156 5649//9155
f  5649//9155 5650//9156 5651//9157
f  5650//9156 5652//9158 5651//9157
f  5651//9157 5652//9158 5653//9159
f  5652//9158 5654//9160 5653//9159
f  5653//9159 5654//9160 5655//9161
f  5654//9160 5525//9031 5655//9161
f  5655//9161 5525//9031 5526//9032
f  5644//9150 5647//9153 5643//9149
f  5643//9149 5647//9153 5656//9162
f  5647//9153 5649//9155 5656//9162
f  5656//9162 5649//9155 5657//9163
f  5649//9155 5651//9157 5657//9163
f  5657//9163 5651//9157 5658//9164
f  5651//9157 5653//9159 5658//9164
f  5658//9164 5653//9159 5659//9165
f  5653//9159 5655//9161 5659//9165
f  5659//9165 5655//9161 5660//9166
f  5655//9161 5526//9032 5660//9166
f  5660//9166 5526//9032 5527//9033
f  5643//9149 5656//9162 5642//9148
f  5642//9148 5656//9162 5661//9167
f  5656//9162 5657//9163 5661//9167
f  5661//9167 5657//9163 5662//9168
f  5657//9163 5658//9164 5662//9168
f  5662//9168 5658//9164 5663//9169
f  5658//9164 5659//9165 5663//9169
f  5663//9169 5659//9165 5664//9170
f  5659//9165 5660//9166 5664//9170
f  5664//9170 5660//9166 5665//9171
f  5660//9166 5527//9033 5665//9171
f  5665//9171 5527//9033 5528//9034
f  5642//9148 5661//9167 5641//9147
f  5641//9147 5661//9167 5666//9172
f  5661//9167 5662//9168 5666//9172
f  5666//9172 5662//9168 5667//9173
f  5662//9168 5663//9169 5667//9173
f  5667//9173 5663//9169 5668//9174
f  5663//9169 5664//9170 5668//9174
f  5668//9174 5664//9170 5669//9175
f  5664//9170 5665//9171 5669//9175
f  5669//9175 5665//9171 5670//9176
f  5665//9171 5528//9034 5670//9176
f  5670//9176 5528//9034 5529//9035
f  5641//9147 5666//9172 5640//9146
f  5640//9146 5666//9172 5671//9177
f  5666//9172 5667//9173 5671//9177
f  5671//9177 5667//9173 5672//9178
f  5667//9173 5668//9174 5672//9178
f  5672//9178 5668//9174 5673//9179
f  5668//9174 5669//9175 5673//9179
f  5673//9179 5669//9175 5674//9180
f  5669//9175 5670//9176 5674//9180
f  5674//9180 5670//9176 5675//9181
f  5670//9176 5529//9035 5675//9181
f  5675//9181 5529//9035 5530//9036
f  5640//9146 5671//9177 5609//9115
f  5609//9115 5671//9177 5608//9114
f  5671//9177 5672//9178 5608//9114
f  5608//9114 5672//9178 5607//9113
f  5672//9178 5673//9179 5607//9113
f  5607//9113 5673//9179 5606//9112
f  5673//9179 5674//9180 5606//9112
f  5606//9112 5674//9180 5605//9111
f  5674//9180 5675//9181 5605//9111
f  5605//9111 5675//9181 5604//9110
f  5675//9181 5530//9036 5604//9110
f  5604//9110 5530//9036 5531//9037
f  5568//9074 5569//9075 5615//9121
f  5615//9121 5569//9075 5676//9182
f  5569//9075 5570//9076 5676//9182
f  5676//9182 5570//9076 5677//9183
f  5570//9076 5571//9077 5677//9183
f  5677//9183 5571//9077 5678//9184
f  5571//9077 5572//9078 5678//9184
f  5678//9184 5572//9078 5679//9185
f  5572//9078 5573//9079 5679//9185
f  5679//9185 5573//9079 5680//9186
f  5573//9079 5483//8989 5680//9186
f  5680//9186 5483//8989 5485//8991
f  5615//9121 5676//9182 5621//9127
f  5621//9127 5676//9182 5681//9187
f  5676//9182 5677//9183 5681//9187
f  5681//9187 5677//9183 5682//9188
f  5677//9183 5678//9184 5682//9188
f  5682//9188 5678//9184 5683//9189
f  5678//9184 5679//9185 5683//9189
f  5683//9189 5679//9185 5684//9190
f  5679//9185 5680//9186 5684//9190
f  5684//9190 5680//9186 5685//9191
f  5680//9186 5485//8991 5685//9191
f  5685//9191 5485//8991 5497//9003
f  5621//9127 5681//9187 5627//9133
f  5627//9133 5681//9187 5686//9192
f  5681//9187 5682//9188 5686//9192
f  5686//9192 5682//9188 5687//9193
f  5682//9188 5683//9189 5687//9193
f  5687//9193 5683//9189 5688//9194
f  5683//9189 5684//9190 5688//9194
f  5688//9194 5684//9190 5689//9195
f  5684//9190 5685//9191 5689//9195
f  5689//9195 5685//9191 5690//9196
f  5685//9191 5497//9003 5690//9196
f  5690//9196 5497//9003 5504//9010
f  5627//9133 5686//9192 5633//9139
f  5633//9139 5686//9192 5691//9197
f  5686//9192 5687//9193 5691//9197
f  5691//9197 5687//9193 5692//9198
f  5687//9193 5688//9194 5692//9198
f  5692//9198 5688//9194 5693//9199
f  5688//9194 5689//9195 5693//9199
f  5693//9199 5689//9195 5694//9200
f  5689//9195 5690//9196 5694//9200
f  5694//9200 5690//9196 5695//9201
f  5690//9196 5504//9010 5695//9201
f  5695//9201 5504//9010 5511//9017
f  5633//9139 5691//9197 5639//9145
f  5639//9145 5691//9197 5696//9202
f  5691//9197 5692//9198 5696//9202
f  5696//9202 5692//9198 5697//9203
f  5692//9198 5693//9199 5697//9203
f  5697//9203 5693//9199 5698//9204
f  5693//9199 5694//9200 5698//9204
f  5698//9204 5694//9200 5699//9205
f  5694//9200 5695//9201 5699//9205
f  5699//9205 5695//9201 5700//9206
f  5695//9201 5511//9017 5700//9206
f  5700//9206 5511//9017 5518//9024
f  5639//9145 5696//9202 5645//9151
f  5645//9151 5696//9202 5646//9152
f  5696//9202 5697//9203 5646//9152
f  5646//9152 5697//9203 5648//9154
f  5697//9203 5698//9204 5648//9154
f  5648//9154 5698//9204 5650//9156
f  5698//9204 5699//9205 5650//9156
f  5650//9156 5699//9205 5652//9158
f  5699//9205 5700//9206 5652//9158
f  5652//9158 5700//9206 5654//9160
f  5700//9206 5518//9024 5654//9160
f  5654//9160 5518//9024 5525//9031
f  5701//9207 5702//9208 5703//9209
f  5702//9208 5704//9210 5703//9209
f  5703//9209 5704//9210 5705//9211
f  5704//9210 5706//9212 5705//9211
f  5705//9211 5706//9212 5707//9213
f  5706//9212 5708//9214 5707//9213
f  5707//9213 5708//9214 5709//9215
f  5708//9214 5710//9216 5709//9215
f  5709//9215 5710//9216 5711//9217
f  5710//9216 5712//9218 5711//9217
f  5711//9217 5712//9218 5713//9219
f  5712//9218 5714//9220 5713//9219
f  5702//9208 5715//9221 5704//9210
f  5715//9221 5716//9222 5704//9210
f  5704//9210 5716//9222 5706//9212
f  5716//9222 5717//9223 5706//9212
f  5706//9212 5717//9223 5708//9214
f  5717//9223 5718//9224 5708//9214
f  5708//9214 5718//9224 5710//9216
f  5718//9224 5719//9225 5710//9216
f  5710//9216 5719//9225 5712//9218
f  5719//9225 5720//9226 5712//9218
f  5712//9218 5720//9226 5714//9220
f  5720//9226 5721//9227 5714//9220
f  5715//9221 5722//9228 5716//9222
f  5722//9228 5723//9229 5716//9222
f  5716//9222 5723//9229 5717//9223
f  5723//9229 5724//9230 5717//9223
f  5717//9223 5724//9230 5718//9224
f  5724//9230 5725//9231 5718//9224
f  5718//9224 5725//9231 5719//9225
f  5725//9231 5726//9232 5719//9225
f  5719//9225 5726//9232 5720//9226
f  5726//9232 5727//9233 5720//9226
f  5720//9226 5727//9233 5721//9227
f  5727//9233 5728//9234 5721//9227
f  5722//9228 5729//9235 5723//9229
f  5729//9235 5730//9236 5723//9229
f  5723//9229 5730//9236 5724//9230
f  5730//9236 5731//9237 5724//9230
f  5724//9230 5731//9237 5725//9231
f  5731//9237 5732//9238 5725//9231
f  5725//9231 5732//9238 5726//9232
f  5732//9238 5733//9239 5726//9232
f  5726//9232 5733//9239 5727//9233
f  5733//9239 5734//9240 5727//9233
f  5727//9233 5734//9240 5728//9234
f  5734//9240 5735//9241 5728//9234
f  5729//9235 5736//9242 5730//9236
f  5736//9242 5737//9243 5730//9236
f  5730//9236 5737//9243 5731//9237
f  5737//9243 5738//9244 5731//9237
f  5731//9237 5738//9244 5732//9238
f  5738//9244 5739//9245 5732//9238
f  5732//9238 5739//9245 5733//9239
f  5739//9245 5740//9246 5733//9239
f  5733//9239 5740//9246 5734//9240
f  5740//9246 5741//9247 5734//9240
f  5734//9240 5741//9247 5735//9241
f  5741//9247 5742//9248 5735//9241
f  5736//9242 5743//9249 5737//9243
f  5743//9249 5744//9250 5737//9243
f  5737//9243 5744//9250 5738//9244
f  5744//9250 5745//9251 5738//9244
f  5738//9244 5745//9251 5739//9245
f  5745//9251 5746//9252 5739//9245
f  5739//9245 5746//9252 5740//9246
f  5746//9252 5747//9253 5740//9246
f  5740//9246 5747//9253 5741//9247
f  5747//9253 5748//9254 5741//9247
f  5741//9247 5748//9254 5742//9248
f  5748//9254 5749//9255 5742//9248
f  5750//9256 5751//9257 5752//9258
f  5751//9257 5753//9259 5752//9258
f  5752//9258 5753//9259 5754//9260
f  5753//9259 5755//9261 5754//9260
f  5754//9260 5755//9261 5756//9262
f  5755//9261 5757//9263 5756//9262
f  5756//9262 5757//9263 5758//9264
f  5757//9263 5759//9265 5758//9264
f  5758//9264 5759//9265 5760//9266
f  5759//9265 5761//9267 5760//9266
f  5760//9266 5761//9267 5713//9219
f  5761//9267 5711//9217 5713//9219
f  5751//9257 5762//9268 5753//9259
f  5762//9268 5763//9269 5753//9259
f  5753//9259 5763//9269 5755//9261
f  5763//9269 5764//9270 5755//9261
f  5755//9261 5764//9270 5757//9263
f  5764//9270 5765//9271 5757//9263
f  5757//9263 5765//9271 5759//9265
f  5765//9271 5766//9272 5759//9265
f  5759//9265 5766//9272 5761//9267
f  5766//9272 5767//9273 5761//9267
f  5761//9267 5767//9273 5711//9217
f  5767//9273 5709//9215 5711//9217
f  5762//9268 5768//9274 5763//9269
f  5768//9274 5769//9275 5763//9269
f  5763//9269 5769//9275 5764//9270
f  5769//9275 5770//9276 5764//9270
f  5764//9270 5770//9276 5765//9271
f  5770//9276 5771//9277 5765//9271
f  5765//9271 5771//9277 5766//9272
f  5771//9277 5772//9278 5766//9272
f  5766//9272 5772//9278 5767//9273
f  5772//9278 5773//9279 5767//9273
f  5767//9273 5773//9279 5709//9215
f  5773//9279 5707//9213 5709//9215
f  5768//9274 5774//9280 5769//9275
f  5774//9280 5775//9281 5769//9275
f  5769//9275 5775//9281 5770//9276
f  5775//9281 5776//9282 5770//9276
f  5770//9276 5776//9282 5771//9277
f  5776//9282 5777//9283 5771//9277
f  5771//9277 5777//9283 5772//9278
f  5777//9283 5778//9284 5772//9278
f  5772//9278 5778//9284 5773//9279
f  5778//9284 5779//9285 5773//9279
f  5773//9279 5779//9285 5707//9213
f  5779//9285 5705//9211 5707//9213
f  5774//9280 5780//9286 5775//9281
f  5780//9286 5781//9287 5775//9281
f  5775//9281 5781//9287 5776//9282
f  5781//9287 5782//9288 5776//9282
f  5776//9282 5782//9288 5777//9283
f  5782//9288 5783//9289 5777//9283
f  5777//9283 5783//9289 5778//9284
f  5783//9289 5784//9290 5778//9284
f  5778//9284 5784//9290 5779//9285
f  5784//9290 5785//9291 5779//9285
f  5779//9285 5785//9291 5705//9211
f  5785//9291 5703//9209 5705//9211
f  5780//9286 5786//9292 5781//9287
f  5786//9292 5787//9293 5781//9287
f  5781//9287 5787//9293 5782//9288
f  5787//9293 5788//9294 5782//9288
f  5782//9288 5788//9294 5783//9289
f  5788//9294 5789//9295 5783//9289
f  5783//9289 5789//9295 5784//9290
f  5789//9295 5790//9296 5784//9290
f  5784//9290 5790//9296 5785//9291
f  5790//9296 5791//9297 5785//9291
f  5785//9291 5791//9297 5703//9209
f  5791//9297 5701//9207 5703//9209
f  5713//9219 5714//9220 5760//9266
f  5714//9220 5792//9298 5760//9266
f  5760//9266 5792//9298 5758//9264
f  5792//9298 5793//9299 5758//9264
f  5758//9264 5793//9299 5756//9262
f  5793//9299 5794//9300 5756//9262
f  5756//9262 5794//9300 5754//9260
f  5794//9300 5795//9301 5754//9260
f  5754//9260 5795//9301 5752//9258
f  5795//9301 5796//9302 5752//9258
f  5752//9258 5796//9302 5750//9256
f  5796//9302 5797//9303 5750//9256
f  5714//9220 5721//9227 5792//9298
f  5721//9227 5798//9304 5792//9298
f  5792//9298 5798//9304 5793//9299
f  5798//9304 5799//9305 5793//9299
f  5793//9299 5799//9305 5794//9300
f  5799//9305 5800//9306 5794//9300
f  5794//9300 5800//9306 5795//9301
f  5800//9306 5801//9307 5795//9301
f  5795//9301 5801//9307 5796//9302
f  5801//9307 5802//9308 5796//9302
f  5796//9302 5802//9308 5797//9303
f  5802//9308 5803//9309 5797//9303
f  5721//9227 5728//9234 5798//9304
f  5728//9234 5804//9310 5798//9304
f  5798//9304 5804//9310 5799//9305
f  5804//9310 5805//9311 5799//9305
f  5799//9305 5805//9311 5800//9306
f  5805//9311 5806//9312 5800//9306
f  5800//9306 5806//9312 5801//9307
f  5806//9312 5807//9313 5801//9307
f  5801//9307 5807//9313 5802//9308
f  5807//9313 5808//9314 5802//9308
f  5802//9308 5808//9314 5803//9309
f  5808//9314 5809//9315 5803//9309
f  5728//9234 5735//9241 5804//9310
f  5735//9241 5810//9316 5804//9310
f  5804//9310 5810//9316 5805//9311
f  5810//9316 5811//9317 5805//9311
f  5805//9311 5811//9317 5806//9312
f  5811//9317 5812//9318 5806//9312
f  5806//9312 5812//9318 5807//9313
f  5812//9318 5813//9319 5807//9313
f  5807//9313 5813//9319 5808//9314
f  5813//9319 5814//9320 5808//9314
f  5808//9314 5814//9320 5809//9315
f  5814//9320 5815//9321 5809//9315
f  5735//9241 5742//9248 5810//9316
f  5742//9248 5816//9322 5810//9316
f  5810//9316 5816//9322 5811//9317
f  5816//9322 5817//9323 5811//9317
f  5811//9317 5817//9323 5812//9318
f  5817//9323 5818//9324 5812//9318
f  5812//9318 5818//9324 5813//9319
f  5818//9324 5819//9325 5813//9319
f  5813//9319 5819//9325 5814//9320
f  5819//9325 5820//9326 5814//9320
f  5814//9320 5820//9326 5815//9321
f  5820//9326 5821//9327 5815//9321
f  5742//9248 5749//9255 5816//9322
f  5749//9255 5822//9328 5816//9322
f  5816//9322 5822//9328 5817//9323
f  5822//9328 5823//9329 5817//9323
f  5817//9323 5823//9329 5818//9324
f  5823//9329 5824//9330 5818//9324
f  5818//9324 5824//9330 5819//9325
f  5824//9330 5825//9331 5819//9325
f  5819//9325 5825//9331 5820//9326
f  5825//9331 5826//9332 5820//9326
f  5820//9326 5826//9332 5821//9327
f  5826//9332 5827//9333 5821//9327
f  5750//9256 5797//9303 5751//9257
f  5797//9303 5828//9334 5751//9257
f  5751//9257 5828//9334 5762//9268
f  5828//9334 5829//9335 5762//9268
f  5762//9268 5829//9335 5768//9274
f  5829//9335 5830//9336 5768//9274
f  5768//9274 5830//9336 5774//9280
f  5830//9336 5831//9337 5774//9280
f  5774//9280 5831//9337 5780//9286
f  5831//9337 5832//9338 5780//9286
f  5780//9286 5832//9338 5786//9292
f  5832//9338 5833//9339 5786//9292
f  5797//9303 5803//9309 5828//9334
f  5803//9309 5834//9340 5828//9334
f  5828//9334 5834//9340 5829//9335
f  5834//9340 5835//9341 5829//9335
f  5829//9335 5835//9341 5830//9336
f  5835//9341 5836//9342 5830//9336
f  5830//9336 5836//9342 5831//9337
f  5836//9342 5837//9343 5831//9337
f  5831//9337 5837//9343 5832//9338
f  5837//9343 5838//9344 5832//9338
f  5832//9338 5838//9344 5833//9339
f  5838//9344 5839//9345 5833//9339
f  5803//9309 5809//9315 5834//9340
f  5809//9315 5840//9346 5834//9340
f  5834//9340 5840//9346 5835//9341
f  5840//9346 5841//9347 5835//9341
f  5835//9341 5841//9347 5836//9342
f  5841//9347 5842//9348 5836//9342
f  5836//9342 5842//9348 5837//9343
f  5842//9348 5843//9349 5837//9343
f  5837//9343 5843//9349 5838//9344
f  5843//9349 5844//9350 5838//9344
f  5838//9344 5844//9350 5839//9345
f  5844//9350 5845//9351 5839//9345
f  5809//9315 5815//9321 5840//9346
f  5815//9321 5846//9352 5840//9346
f  5840//9346 5846//9352 5841//9347
f  5846//9352 5847//9353 5841//9347
f  5841//9347 5847//9353 5842//9348
f  5847//9353 5848//9354 5842//9348
f  5842//9348 5848//9354 5843//9349
f  5848//9354 5849//9355 5843//9349
f  5843//9349 5849//9355 5844//9350
f  5849//9355 5850//9356 5844//9350
f  5844//9350 5850//9356 5845//9351
f  5850//9356 5851//9357 5845//9351
f  5815//9321 5821//9327 5846//9352
f  5821//9327 5852//9358 5846//9352
f  5846//9352 5852//9358 5847//9353
f  5852//9358 5853//9359 5847//9353
f  5847//9353 5853//9359 5848//9354
f  5853//9359 5854//9360 5848//9354
f  5848//9354 5854//9360 5849//9355
f  5854//9360 5855//9361 5849//9355
f  5849//9355 5855//9361 5850//9356
f  5855//9361 5856//9362 5850//9356
f  5850//9356 5856//9362 5851//9357
f  5856//9362 5857//9363 5851//9357
f  5821//9327 5827//9333 5852//9358
f  5827//9333 5858//9364 5852//9358
f  5852//9358 5858//9364 5853//9359
f  5858//9364 5859//9365 5853//9359
f  5853//9359 5859//9365 5854//9360
f  5859//9365 5860//9366 5854//9360
f  5854//9360 5860//9366 5855//9361
f  5860//9366 5861//9367 5855//9361
f  5855//9361 5861//9367 5856//9362
f  5861//9367 5862//9368 5856//9362
f  5856//9362 5862//9368 5857//9363
f  5862//9368 5863//9369 5857//9363
f  5863//9369 5862//9368 5864//9370
f  5862//9368 5865//9371 5864//9370
f  5864//9370 5865//9371 5866//9372
f  5865//9371 5867//9373 5866//9372
f  5866//9372 5867//9373 5868//9374
f  5867//9373 5869//9375 5868//9374
f  5868//9374 5869//9375 5870//9376
f  5869//9375 5871//9377 5870//9376
f  5870//9376 5871//9377 5872//9378
f  5871//9377 5873//9379 5872//9378
f  5872//9378 5873//9379 5743//9249
f  5873//9379 5744//9250 5743//9249
f  5862//9368 5861//9367 5865//9371
f  5861//9367 5874//9380 5865//9371
f  5865//9371 5874//9380 5867//9373
f  5874//9380 5875//9381 5867//9373
f  5867//9373 5875//9381 5869//9375
f  5875//9381 5876//9382 5869//9375
f  5869//9375 5876//9382 5871//9377
f  5876//9382 5877//9383 5871//9377
f  5871//9377 5877//9383 5873//9379
f  5877//9383 5878//9384 5873//9379
f  5873//9379 5878//9384 5744//9250
f  5878//9384 5745//9251 5744//9250
f  5861//9367 5860//9366 5874//9380
f  5860//9366 5879//9385 5874//9380
f  5874//9380 5879//9385 5875//9381
f  5879//9385 5880//9386 5875//9381
f  5875//9381 5880//9386 5876//9382
f  5880//9386 5881//9387 5876//9382
f  5876//9382 5881//9387 5877//9383
f  5881//9387 5882//9388 5877//9383
f  5877//9383 5882//9388 5878//9384
f  5882//9388 5883//9389 5878//9384
f  5878//9384 5883//9389 5745//9251
f  5883//9389 5746//9252 5745//9251
f  5860//9366 5859//9365 5879//9385
f  5859//9365 5884//9390 5879//9385
f  5879//9385 5884//9390 5880//9386
f  5884//9390 5885//9391 5880//9386
f  5880//9386 5885//9391 5881//9387
f  5885//9391 5886//9392 5881//9387
f  5881//9387 5886//9392 5882//9388
f  5886//9392 5887//9393 5882//9388
f  5882//9388 5887//9393 5883//9389
f  5887//9393 5888//9394 5883//9389
f  5883//9389 5888//9394 5746//9252
f  5888//9394 5747//9253 5746//9252
f  5859//9365 5858//9364 5884//9390
f  5858//9364 5889//9395 5884//9390
f  5884//9390 5889//9395 5885//9391
f  5889//9395 5890//9396 5885//9391
f  5885//9391 5890//9396 5886//9392
f  5890//9396 5891//9397 5886//9392
f  5886//9392 5891//9397 5887//9393
f  5891//9397 5892//9398 5887//9393
f  5887//9393 5892//9398 5888//9394
f  5892//9398 5893//9399 5888//9394
f  5888//9394 5893//9399 5747//9253
f  5893//9399 5748//9254 5747//9253
f  5858//9364 5827//9333 5889//9395
f  5827//9333 5826//9332 5889//9395
f  5889//9395 5826//9332 5890//9396
f  5826//9332 5825//9331 5890//9396
f  5890//9396 5825//9331 5891//9397
f  5825//9331 5824//9330 5891//9397
f  5891//9397 5824//9330 5892//9398
f  5824//9330 5823//9329 5892//9398
f  5892//9398 5823//9329 5893//9399
f  5823//9329 5822//9328 5893//9399
f  5893//9399 5822//9328 5748//9254
f  5822//9328 5749//9255 5748//9254
f  5786//9292 5833//9339 5787//9293
f  5833//9339 5894//9400 5787//9293
f  5787//9293 5894//9400 5788//9294
f  5894//9400 5895//9401 5788//9294
f  5788//9294 5895//9401 5789//9295
f  5895//9401 5896//9402 5789//9295
f  5789//9295 5896//9402 5790//9296
f  5896//9402 5897//9403 5790//9296
f  5790//9296 5897//9403 5791//9297
f  5897//9403 5898//9404 5791//9297
f  5791//9297 5898//9404 5701//9207
f  5898//9404 5702//9208 5701//9207
f  5833//9339 5839//9345 5894//9400
f  5839//9345 5899//9405 5894//9400
f  5894//9400 5899//9405 5895//9401
f  5899//9405 5900//9406 5895//9401
f  5895//9401 5900//9406 5896//9402
f  5900//9406 5901//9407 5896//9402
f  5896//9402 5901//9407 5897//9403
f  5901//9407 5902//9408 5897//9403
f  5897//9403 5902//9408 5898//9404
f  5902//9408 5903//9409 5898//9404
f  5898//9404 5903//9409 5702//9208
f  5903//9409 5715//9221 5702//9208
f  5839//9345 5845//9351 5899//9405
f  5845//9351 5904//9410 5899//9405
f  5899//9405 5904//9410 5900//9406
f  5904//9410 5905//9411 5900//9406
f  5900//9406 5905//9411 5901//9407
f  5905//9411 5906//9412 5901//9407
f  5901//9407 5906//9412 5902//9408
f  5906//9412 5907//9413 5902//9408
f  5902//9408 5907//9413 5903//9409
f  5907//9413 5908//9414 5903//9409
f  5903//9409 5908//9414 5715//9221
f  5908//9414 5722//9228 5715//9221
f  5845//9351 5851//9357 5904//9410
f  5851//9357 5909//9415 5904//9410
f  5904//9410 5909//9415 5905//9411
f  5909//9415 5910//9416 5905//9411
f  5905//9411 5910//9416 5906//9412
f  5910//9416 5911//9417 5906//9412
f  5906//9412 5911//9417 5907//9413
f  5911//9417 5912//9418 5907//9413
f  5907//9413 5912//9418 5908//9414
f  5912//9418 5913//9419 5908//9414
f  5908//9414 5913//9419 5722//9228
f  5913//9419 5729//9235 5722//9228
f  5851//9357 5857//9363 5909//9415
f  5857//9363 5914//9420 5909//9415
f  5909//9415 5914//9420 5910//9416
f  5914//9420 5915//9421 5910//9416
f  5910//9416 5915//9421 5911//9417
f  5915//9421 5916//9422 5911//9417
f  5911//9417 5916//9422 5912//9418
f  5916//9422 5917//9423 5912//9418
f  5912//9418 5917//9423 5913//9419
f  5917//9423 5918//9424 5913//9419
f  5913//9419 5918//9424 5729//9235
f  5918//9424 5736//9242 5729//9235
f  5857//9363 5863//9369 5914//9420
f  5863//9369 5864//9370 5914//9420
f  5914//9420 5864//9370 5915//9421
f  5864//9370 5866//9372 5915//9421
f  5915//9421 5866//9372 5916//9422
f  5866//9372 5868//9374 5916//9422
f  5916//9422 5868//9374 5917//9423
f  5868//9374 5870//9376 5917//9423
f  5917//9423 5870//9376 5918//9424
f  5870//9376 5872//9378 5918//9424
f  5918//9424 5872//9378 5736//9242
f  5872//9378 5743//9249 5736//9242

